Data File    , C:\Program Files\Biolog\OL_DC_23\PMX\Data_2012\10\PMX_443_121018_A_27.OKA,,,,,,,,,,,,,,,,,,,,,,,,,,,,,,,,,,,,,,,,,,,,,,,,,,,,,,,,,,,,,,,,,,,,,,,,,,,,,,,,,,,,,,,,,,,,,,,
Set up Time  ,Oct 18 2012 2:52 PM,,,,,,,,,,,,,,,,,,,,,,,,,,,,,,,,,,,,,,,,,,,,,,,,,,,,,,,,,,,,,,,,,,,,,,,,,,,,,,,,,,,,,,,,,,,,,,,
Position     ,14-A,,,,,,,,,,,,,,,,,,,,,,,,,,,,,,,,,,,,,,,,,,,,,,,,,,,,,,,,,,,,,,,,,,,,,,,,,,,,,,,,,,,,,,,,,,,,,,,
Plate Type   ,PM12-B,,,,,,,,,,,,,,,,,,,,,,,,,,,,,,,,,,,,,,,,,,,,,,,,,,,,,,,,,,,,,,,,,,,,,,,,,,,,,,,,,,,,,,,,,,,,,,,
Strain Type  ,---,,,,,,,,,,,,,,,,,,,,,,,,,,,,,,,,,,,,,,,,,,,,,,,,,,,,,,,,,,,,,,,,,,,,,,,,,,,,,,,,,,,,,,,,,,,,,,,
Sample Number,,,,,,,,,,,,,,,,,,,,,,,,,,,,,,,,,,,,,,,,,,,,,,,,,,,,,,,,,,,,,,,,,,,,,,,,,,,,,,,,,,,,,,,,,,,,,,,,
Strain Name  ,E.coli,,,,,,,,,,,,,,,,,,,,,,,,,,,,,,,,,,,,,,,,,,,,,,,,,,,,,,,,,,,,,,,,,,,,,,,,,,,,,,,,,,,,,,,,,,,,,,,
Strain Number,ECI-2578,,,,,,,,,,,,,,,,,,,,,,,,,,,,,,,,,,,,,,,,,,,,,,,,,,,,,,,,,,,,,,,,,,,,,,,,,,,,,,,,,,,,,,,,,,,,,,,
Other        ,PM12 Replicate 3,,,,,,,,,,,,,,,,,,,,,,,,,,,,,,,,,,,,,,,,,,,,,,,,,,,,,,,,,,,,,,,,,,,,,,,,,,,,,,,,,,,,,,,,,,,,,,,
,,,,,,,,,,,,,,,,,,,,,,,,,,,,,,,,,,,,,,,,,,,,,,,,,,,,,,,,,,,,,,,,,,,,,,,,,,,,,,,,,,,,,,,,,,,,,,,,
Hour,  A01,  A02,  A03,  A04,  A05,  A06,  A07,  A08,  A09,  A10,  A11,  A12,  B01,  B02,  B03,  B04,  B05,  B06,  B07,  B08,  B09,  B10,  B11,  B12,  C01,  C02,  C03,  C04,  C05,  C06,  C07,  C08,  C09,  C10,  C11,  C12,  D01,  D02,  D03,  D04,  D05,  D06,  D07,  D08,  D09,  D10,  D11,  D12,  E01,  E02,  E03,  E04,  E05,  E06,  E07,  E08,  E09,  E10,  E11,  E12,  F01,  F02,  F03,  F04,  F05,  F06,  F07,  F08,  F09,  F10,  F11,  F12,  G01,  G02,  G03,  G04,  G05,  G06,  G07,  G08,  G09,  G10,  G11,  G12,  H01,  H02,  H03,  H04,  H05,  H06,  H07,  H08,  H09,  H10,  H11,  H12
0,27,11,11,11,11,11,11,11,11,11,11,14,17,12,11,11,11,11,11,11,11,11,11,15,11,11,11,11,11,11,11,11,11,11,11,12,14,11,11,11,11,11,11,11,11,11,11,29,18,11,11,11,11,11,11,11,11,11,11,11,38,18,21,11,11,11,11,11,11,11,11,11,40,19,18,11,11,11,11,11,11,11,11,18,46,24,29,14,15,11,17,36,15,11,13,22
0.25,27,11,11,11,11,11,11,11,11,11,11,14,17,12,11,11,11,11,11,11,11,11,11,15,11,11,11,11,11,11,11,11,11,11,11,13,14,11,11,11,11,11,11,11,11,11,11,29,18,11,11,11,11,11,11,11,11,11,11,11,38,18,21,11,11,11,11,11,11,11,11,11,40,19,18,11,11,11,11,11,11,11,11,18,46,24,29,14,15,11,17,36,15,11,13,22
0.5,27,17,11,11,11,11,11,11,11,11,11,14,28,16,11,11,11,11,11,11,11,11,11,15,18,15,11,11,11,11,11,11,11,11,11,14,20,15,17,11,11,11,11,11,11,11,11,32,31,13,14,11,11,11,11,11,11,11,11,11,42,26,28,11,17,11,11,11,11,11,11,12,51,32,29,22,21,11,11,11,11,11,14,21,61,41,43,25,28,13,23,36,15,11,17,23
0.75,27,17,11,11,11,11,11,11,11,11,12,16,28,16,11,11,11,11,11,11,11,11,11,15,18,15,11,11,11,11,11,11,11,11,14,19,20,15,17,11,11,11,11,11,11,11,11,32,31,13,14,11,11,11,11,11,11,11,11,13,42,26,28,11,17,11,11,11,11,11,11,12,51,32,29,22,21,11,11,11,11,11,14,21,61,41,43,25,28,13,23,36,15,11,17,23
1,27,17,11,11,11,11,11,11,11,11,12,16,28,16,11,11,11,11,11,11,11,11,11,15,18,15,11,11,11,11,11,11,11,11,14,19,20,15,17,11,11,11,11,11,11,11,11,32,31,13,14,11,11,11,11,11,11,11,11,13,42,26,28,11,17,11,11,11,11,11,11,12,51,32,29,22,21,11,11,11,11,11,14,21,61,41,43,25,28,13,23,36,15,12,17,23
1.25,27,17,11,11,11,11,11,11,11,11,12,16,28,16,11,11,11,11,11,11,11,11,11,15,18,15,11,11,11,11,11,11,11,11,14,19,20,15,17,11,11,11,11,11,11,11,11,32,31,13,14,11,11,11,11,11,11,11,11,13,42,26,28,11,17,11,11,11,11,11,11,12,51,32,29,22,21,11,11,11,11,11,14,21,61,41,43,25,28,13,23,36,15,12,17,23
1.5,27,17,11,11,11,11,11,11,11,11,12,16,28,16,11,11,11,11,11,11,11,11,11,15,18,15,11,11,11,11,11,11,11,11,14,19,20,15,17,11,11,11,11,11,11,11,11,32,31,13,14,11,11,11,11,11,11,11,11,13,42,26,28,11,17,11,11,11,11,11,11,12,51,32,29,22,21,11,11,11,11,11,14,21,61,41,43,25,28,13,23,36,15,13,17,25
1.75,29,22,11,11,13,11,11,11,11,11,12,16,28,19,11,11,12,11,11,11,11,11,11,15,19,16,11,11,11,11,11,11,11,11,14,19,21,15,17,11,11,11,11,11,11,11,11,32,36,13,17,11,11,11,11,11,11,11,11,13,42,28,28,11,17,11,11,11,11,11,11,12,51,32,33,22,21,11,11,11,11,11,14,21,61,41,43,25,28,13,23,36,15,13,17,25
2,29,22,11,11,13,11,11,11,11,11,12,16,28,19,11,11,12,11,11,11,11,11,11,15,19,16,11,11,11,11,11,11,11,11,14,19,21,17,17,11,11,11,11,11,11,11,11,32,36,13,17,11,11,11,11,11,11,11,11,13,42,28,28,11,17,11,11,11,11,11,11,12,51,32,33,22,21,11,11,11,11,11,14,21,61,41,43,25,28,13,23,36,15,13,17,25
2.25,32,23,11,11,15,11,11,11,11,11,12,16,28,22,11,12,14,11,11,11,11,11,11,15,21,20,11,11,11,11,11,11,11,11,14,19,25,21,24,11,11,11,11,11,11,11,11,34,39,18,23,11,14,11,11,11,11,11,11,13,46,34,38,18,23,11,11,11,11,11,11,12,51,38,41,28,27,11,15,11,13,11,16,21,66,50,51,36,37,18,28,36,22,15,24,25
2.5,32,23,11,11,15,11,11,11,11,11,12,16,28,22,11,12,14,11,11,11,11,11,11,15,21,20,11,11,11,11,11,11,11,11,14,19,25,21,24,11,11,11,11,11,11,11,11,34,39,18,23,11,14,11,11,11,11,11,11,13,46,34,38,18,23,11,11,11,11,11,11,12,51,38,41,28,27,11,15,11,13,11,16,21,66,50,51,36,37,18,28,36,22,15,24,25
2.75,32,23,11,11,15,11,11,11,11,11,12,16,28,22,11,12,14,11,11,11,11,11,11,15,21,20,11,11,11,11,11,11,11,11,14,19,25,21,24,11,11,11,11,11,11,11,11,34,39,18,23,11,14,11,11,11,11,11,11,13,46,34,38,18,23,11,11,11,11,11,11,12,51,38,41,28,27,11,15,11,13,11,16,21,66,50,51,36,37,18,28,36,22,15,24,25
3,32,23,11,11,15,11,11,11,11,11,12,16,28,22,11,12,14,11,11,11,11,11,11,15,21,20,11,11,11,11,11,11,11,11,14,19,25,21,24,11,11,11,11,11,11,11,11,34,39,18,23,11,14,11,11,11,11,11,11,13,46,34,38,18,23,11,11,11,11,11,11,12,51,38,41,28,27,11,15,11,13,11,16,21,66,50,51,36,37,18,28,36,22,15,24,25
3.25,32,23,11,11,15,11,11,11,11,11,12,16,28,22,11,12,14,11,11,11,11,11,11,15,21,20,11,11,11,11,11,11,11,11,14,21,25,21,24,11,11,11,11,11,11,11,11,35,39,18,23,11,14,11,11,11,11,11,11,13,46,34,38,18,23,11,11,11,11,11,11,13,51,38,41,28,27,11,15,11,13,11,17,27,66,50,51,36,37,18,28,36,22,15,24,28
3.5,32,23,11,11,15,11,11,11,11,11,12,16,28,22,11,12,14,11,11,11,11,11,11,15,21,20,11,11,11,11,11,11,11,11,14,21,25,21,24,11,11,11,11,11,11,11,11,35,39,18,23,11,14,11,11,11,11,11,11,16,46,34,38,18,23,11,11,11,11,11,11,13,51,38,41,28,27,11,15,11,13,11,17,27,66,50,51,36,37,18,28,36,22,15,24,28
3.75,32,23,11,11,15,11,11,11,11,11,12,16,28,22,11,12,14,11,11,11,11,11,11,15,21,20,11,11,11,11,11,11,11,11,14,21,25,21,24,11,11,11,11,11,11,11,11,35,39,18,23,11,14,11,11,11,11,11,11,20,46,34,38,18,23,11,11,11,11,11,11,13,51,38,41,28,27,11,15,11,13,11,17,27,66,50,51,36,37,18,28,36,22,15,24,28
4,32,23,11,11,15,11,11,11,11,11,12,16,28,22,11,12,14,11,11,11,11,11,11,15,21,20,11,11,11,11,11,11,11,11,14,23,25,21,24,11,11,11,11,11,11,11,11,38,39,18,23,11,14,11,11,11,11,11,11,31,46,34,38,18,23,11,11,11,11,11,11,14,51,38,41,28,27,11,15,11,13,11,17,29,66,50,51,36,37,18,28,36,22,15,24,31
4.25,32,23,11,11,15,11,11,11,11,11,12,16,28,22,11,12,14,11,11,11,11,11,11,15,21,20,11,11,11,11,11,11,11,11,14,23,25,21,24,11,11,11,11,11,11,11,11,38,39,18,23,11,14,11,11,11,11,11,11,31,46,34,38,18,23,11,11,11,11,11,11,14,51,38,41,28,27,11,15,11,13,11,17,29,66,50,51,36,37,18,28,36,22,15,24,31
4.5,32,23,11,11,15,11,11,11,11,11,12,16,28,22,11,12,14,11,11,11,11,11,11,15,21,20,11,11,11,11,11,11,11,11,14,23,25,21,24,11,11,11,11,11,11,11,11,38,39,18,23,11,14,11,11,11,11,11,11,31,46,34,38,18,23,11,11,11,11,11,11,14,51,38,41,28,27,11,15,11,13,11,17,29,66,50,51,36,37,18,28,36,22,15,24,31
4.75,32,23,11,11,15,11,11,11,11,11,12,16,28,22,11,12,14,11,11,11,11,11,11,15,21,20,11,11,11,11,11,11,11,11,14,23,25,21,24,11,11,11,11,11,11,11,11,38,39,18,23,11,14,11,11,11,11,11,11,31,46,34,38,18,23,11,11,11,11,11,11,14,51,38,45,28,27,11,15,11,13,11,17,29,66,50,51,36,37,18,28,36,22,15,24,31
5,32,23,11,11,15,11,11,11,11,11,12,16,28,22,11,12,14,11,11,11,11,11,11,15,21,20,11,11,11,11,11,11,11,11,14,23,25,21,24,11,11,11,11,11,11,11,11,38,39,18,23,11,14,11,11,11,11,11,11,31,46,34,38,18,23,11,11,11,11,11,11,14,51,38,45,28,27,11,15,11,13,11,17,29,66,50,51,36,37,18,28,36,22,15,24,31
5.25,32,23,11,11,15,11,11,11,11,11,12,16,28,22,11,12,14,11,11,11,11,11,11,15,21,20,11,11,11,11,11,11,11,11,14,23,25,21,24,11,11,11,11,11,11,11,11,38,39,18,23,11,14,11,11,11,11,11,11,31,46,34,38,18,23,11,11,11,11,11,13,15,51,38,45,28,27,11,15,11,13,11,17,29,66,50,51,36,37,18,28,36,22,16,24,31
5.5,32,23,11,11,15,11,11,11,11,11,13,16,28,22,11,12,14,11,11,11,11,11,11,15,21,20,11,11,11,11,11,11,11,11,14,23,25,21,24,11,11,11,11,11,11,11,11,38,39,18,23,11,14,11,11,11,11,11,11,31,46,34,38,18,23,11,11,11,13,11,13,17,51,38,45,28,27,11,15,11,13,11,17,29,66,50,51,36,37,18,28,36,22,17,24,31
5.75,33,23,11,11,15,11,11,11,12,11,16,16,28,22,11,12,14,11,11,11,11,11,11,15,25,20,11,11,11,11,11,11,11,11,14,23,27,21,24,11,11,11,11,11,11,11,11,38,39,18,23,11,14,11,11,11,11,11,11,31,46,34,38,18,23,11,11,11,14,16,15,17,51,38,45,28,27,11,15,11,13,11,17,29,66,50,51,36,37,18,28,36,23,18,24,31
6,41,29,11,11,21,11,11,11,19,17,23,16,37,22,11,12,14,11,11,11,15,11,11,15,33,26,14,11,19,12,11,11,12,11,14,23,37,26,26,11,18,11,11,11,11,11,11,38,45,18,23,11,16,11,11,11,19,13,11,31,50,41,38,18,25,11,11,11,23,20,21,26,57,45,49,31,30,12,15,11,18,12,17,29,74,56,51,36,46,23,28,36,35,28,24,31
6.25,41,30,11,11,21,11,11,11,23,17,26,16,37,22,11,12,14,11,11,11,16,11,11,15,33,26,14,11,19,13,11,11,14,11,14,23,37,26,26,11,18,11,11,11,11,11,11,38,45,18,23,11,16,11,11,11,19,14,11,31,50,41,38,18,25,11,11,11,23,21,22,27,57,45,49,31,30,12,15,11,18,12,17,29,74,56,51,36,46,23,28,36,35,30,24,31
6.5,50,40,11,11,25,11,11,11,34,29,35,16,46,22,11,12,14,11,11,11,26,16,11,15,39,33,20,11,28,20,11,11,19,15,14,23,43,32,29,11,21,15,11,11,11,11,11,38,45,18,23,11,16,11,11,11,25,18,11,31,52,42,38,18,25,11,11,11,30,29,29,32,58,45,49,31,30,12,15,11,18,12,17,29,74,56,51,36,49,25,28,36,39,36,24,31
6.75,58,51,11,11,30,11,11,11,48,46,50,18,59,22,11,12,14,11,11,11,38,20,11,16,49,43,25,11,39,28,11,11,22,18,15,26,56,43,40,11,32,20,11,11,11,11,14,39,48,18,23,11,18,11,11,11,30,25,11,31,62,52,40,18,28,11,11,11,37,38,37,43,69,56,57,38,37,15,15,11,24,16,17,29,82,59,51,36,62,33,28,36,48,45,24,31
7,88,84,11,11,47,11,11,11,77,75,73,18,92,22,11,12,15,11,11,11,69,27,11,16,76,67,41,11,77,44,11,11,32,19,15,26,84,68,59,11,55,24,13,11,11,11,14,39,54,18,23,11,22,11,11,11,37,27,11,31,86,73,51,18,34,12,11,11,57,65,45,52,97,83,86,49,41,16,15,11,24,16,17,29,105,69,51,36,85,36,28,36,57,48,24,31
7.25,122,112,11,11,83,11,11,11,113,111,112,18,119,22,11,12,21,11,11,11,105,44,11,16,113,104,73,11,113,83,11,11,49,24,17,26,117,107,90,11,81,38,15,11,11,11,14,39,63,18,23,11,29,11,11,11,60,33,11,31,117,108,67,18,45,16,11,11,92,101,77,72,125,119,119,78,55,19,15,11,29,18,17,29,136,91,51,36,117,47,28,36,94,55,24,31
7.5,154,143,11,11,121,17,11,11,136,138,133,18,145,22,11,12,24,11,11,11,131,82,11,16,142,133,106,11,139,121,11,11,78,26,17,26,143,137,122,11,112,57,19,11,11,11,14,39,83,20,23,11,42,11,11,11,82,37,11,31,140,133,92,18,64,19,11,11,115,125,108,105,145,142,143,111,70,20,15,11,29,18,17,29,158,136,51,36,138,55,28,36,127,63,24,31
7.75,178,169,11,11,151,21,11,11,163,165,161,19,170,22,11,12,33,11,11,11,157,116,11,18,166,161,135,13,166,151,11,11,116,33,22,26,168,160,149,14,139,90,27,11,11,11,15,40,118,27,27,11,64,18,11,11,109,50,11,31,163,158,121,18,90,23,11,11,142,147,129,139,169,168,167,144,102,28,17,11,42,27,19,30,182,171,51,36,164,74,28,36,159,94,24,32
8,196,188,11,11,172,31,11,11,186,183,182,20,186,22,11,12,40,11,11,11,181,143,11,20,188,181,157,13,185,174,11,11,143,36,26,29,190,182,166,14,158,117,36,11,14,11,18,44,139,29,27,11,85,19,11,11,132,66,12,32,182,174,144,18,116,28,11,11,162,163,146,160,183,185,186,164,128,34,17,11,52,30,21,32,198,191,51,36,181,88,28,36,181,123,24,32
8.25,222,211,12,17,200,51,13,11,207,204,199,20,211,30,11,15,59,11,11,11,201,167,11,20,210,204,181,20,207,195,11,11,168,43,26,29,212,201,187,21,181,140,52,11,14,11,18,44,164,41,35,11,108,24,11,11,153,90,12,32,201,193,168,24,140,35,12,11,180,179,160,173,200,204,203,188,145,43,19,11,75,30,21,32,215,209,53,36,200,108,28,36,203,151,24,32
8.5,234,226,12,17,216,78,13,11,221,218,214,20,225,30,11,15,76,11,11,11,215,186,11,20,224,219,199,20,220,209,11,11,186,43,26,29,226,216,203,21,195,158,65,11,14,11,18,44,175,43,35,11,125,24,11,11,173,111,12,32,215,207,180,24,152,40,12,11,192,190,170,184,211,216,214,201,161,55,19,11,102,30,21,32,227,221,53,36,214,131,28,36,217,170,24,32
8.75,251,244,22,27,237,126,23,13,238,234,231,23,242,38,23,23,124,11,18,11,235,205,11,24,242,236,219,28,239,227,15,11,203,51,30,29,245,235,218,24,212,180,89,14,19,11,18,47,194,59,41,18,149,37,16,11,197,132,14,32,230,223,199,30,175,62,21,11,209,201,185,194,226,232,229,219,182,76,27,15,129,38,25,32,243,238,62,42,232,158,33,38,236,193,27,32
9,258,253,22,27,247,156,23,13,247,242,241,23,252,38,23,23,155,11,18,11,242,219,11,24,252,245,230,28,248,233,15,11,215,54,30,29,253,244,231,24,222,190,102,14,19,11,18,47,203,65,42,18,157,37,16,11,211,146,14,32,242,234,208,30,184,72,21,11,220,209,191,202,237,242,241,231,192,88,27,15,145,40,25,32,250,248,62,42,241,172,33,39,244,209,27,32
9.25,266,260,22,27,255,185,23,13,257,251,251,23,259,38,23,23,180,11,18,11,252,233,11,24,260,255,239,28,257,244,15,11,229,58,34,29,262,252,241,24,231,200,117,14,19,11,18,47,212,86,42,18,166,40,16,11,224,161,14,32,250,242,219,30,192,82,21,11,230,219,197,208,246,249,248,242,203,101,27,15,161,43,25,32,260,257,62,42,249,183,33,39,253,221,27,32
9.5,274,265,22,27,264,203,23,13,264,257,257,23,267,38,23,23,197,11,18,11,259,241,11,24,265,259,249,28,261,250,15,11,237,65,34,29,266,258,247,24,237,207,126,14,19,11,18,47,214,95,42,18,172,44,16,11,235,174,14,33,258,248,225,30,198,93,21,11,239,225,200,216,254,255,255,249,208,113,27,15,169,44,25,32,266,265,62,42,258,193,33,39,260,235,27,32
9.75,278,269,22,27,269,218,23,13,271,261,264,25,272,38,23,23,217,11,18,11,265,252,13,24,271,264,256,28,268,257,15,11,247,73,42,34,273,262,253,24,244,215,140,15,19,13,21,48,223,110,42,18,182,50,16,11,242,185,15,37,262,256,234,30,206,104,21,11,246,231,208,222,261,261,259,256,217,129,27,16,182,65,28,34,269,270,62,42,265,204,33,39,266,246,27,32
10,285,277,22,27,277,234,23,13,277,269,267,25,280,38,23,23,231,11,18,11,268,256,13,24,279,273,263,28,273,262,15,11,252,82,42,34,280,268,260,24,253,225,150,16,19,13,21,48,230,127,42,18,192,61,16,11,253,196,15,37,268,260,244,30,216,116,21,11,253,237,213,224,264,266,264,262,224,139,27,16,189,90,28,34,277,276,62,42,270,212,33,39,271,255,27,32
10.25,291,280,22,27,282,240,23,13,281,272,273,25,283,38,23,23,239,11,18,11,271,261,13,24,282,274,265,28,277,266,15,11,259,88,42,34,282,271,263,24,258,230,158,18,19,13,21,48,235,133,42,18,198,70,16,11,257,206,15,37,273,264,246,30,222,126,21,11,258,241,217,232,268,270,268,265,228,150,27,16,201,115,31,35,282,280,63,42,274,224,33,39,277,261,27,34
10.5,294,286,22,27,284,250,23,13,282,274,275,25,287,47,23,23,248,11,18,11,274,264,13,24,286,277,269,28,280,269,15,11,261,96,42,34,287,275,269,24,263,236,167,18,19,13,21,48,242,146,45,18,206,82,16,11,262,215,15,37,275,267,254,30,225,139,21,11,260,243,221,233,272,272,272,269,233,158,27,16,206,135,31,35,284,284,68,42,279,229,33,39,277,269,27,34
10.75,296,290,22,27,290,258,24,13,285,278,277,25,291,55,23,23,255,11,18,11,278,269,13,24,289,279,274,29,282,273,15,11,266,105,42,34,290,279,272,24,266,244,176,19,20,13,21,49,247,157,47,19,213,92,18,11,266,224,15,37,276,271,258,33,233,148,21,11,264,248,225,238,272,278,273,275,239,166,34,17,215,151,31,35,287,288,75,43,284,238,33,41,281,275,28,34
11,299,291,22,27,292,260,24,13,289,280,281,25,294,59,23,23,259,11,18,11,281,272,13,24,292,283,277,29,286,274,15,11,267,110,42,34,292,280,274,24,269,246,181,19,20,13,21,49,249,159,47,19,217,96,18,11,269,230,15,37,281,271,260,33,235,151,21,11,267,251,226,240,276,280,278,275,242,170,34,17,215,163,31,35,290,290,75,43,286,241,33,41,282,279,28,34
11.25,303,294,23,27,296,265,34,13,291,282,284,25,297,75,24,25,266,12,21,12,286,275,13,25,294,286,280,37,288,279,17,11,272,122,44,34,295,284,277,25,274,253,190,23,25,13,21,51,255,171,53,24,227,112,23,12,273,236,16,37,281,274,264,38,244,167,27,13,271,256,232,248,276,282,278,280,250,181,41,21,228,179,36,35,291,291,83,51,289,250,41,45,285,283,32,37
11.5,303,294,23,27,297,267,34,13,293,285,285,25,298,75,24,25,266,12,21,12,286,279,13,25,296,288,281,37,289,279,17,11,272,126,44,34,297,285,279,25,274,253,190,23,25,13,21,51,255,171,53,24,227,112,23,12,275,244,16,37,285,275,265,38,244,167,27,13,271,256,232,248,283,284,284,281,250,182,41,21,228,181,36,35,296,295,83,51,292,252,41,45,285,286,32,37
11.75,305,296,23,27,300,270,39,13,293,285,288,25,299,95,24,25,268,12,21,12,287,279,13,25,296,289,283,37,291,279,17,11,275,132,45,34,297,287,279,25,276,256,195,23,25,13,21,51,259,173,53,24,230,119,23,12,276,248,16,37,287,276,268,38,246,170,27,13,273,258,234,250,283,286,284,284,251,187,41,21,232,192,36,35,296,297,83,51,294,257,41,45,288,289,32,37
12,308,298,23,27,302,274,49,14,299,288,290,25,301,113,24,25,273,12,21,12,290,282,17,25,297,291,285,38,292,283,17,11,280,144,49,34,300,288,284,25,280,259,200,23,25,13,23,51,261,178,53,24,235,125,23,12,281,254,17,38,289,280,272,38,250,177,27,13,276,262,239,254,285,290,287,288,255,195,41,21,240,199,38,36,299,299,90,51,297,262,41,45,290,291,32,37
12.25,308,300,23,27,304,277,62,14,299,288,291,25,304,139,24,25,274,13,21,12,290,282,18,25,300,293,287,52,294,285,17,11,283,151,49,34,301,290,286,25,284,263,207,23,25,13,23,51,266,188,61,24,240,133,23,12,282,257,17,38,289,281,274,38,255,183,27,13,278,262,240,257,286,290,287,289,259,197,41,21,241,207,39,36,299,301,101,51,298,265,41,45,292,293,32,37
12.5,309,300,23,27,305,277,62,14,300,291,291,25,304,147,24,25,274,13,21,12,292,285,23,25,301,293,287,52,295,286,17,11,283,158,50,34,302,290,286,25,284,263,210,23,25,13,23,51,267,188,61,24,240,133,23,12,285,264,17,38,291,282,276,38,256,183,27,13,279,263,242,257,287,290,291,289,260,201,41,21,243,211,39,36,302,302,101,51,298,269,41,45,292,297,32,37
12.75,310,300,23,27,305,280,71,14,302,293,294,26,306,162,24,25,276,13,21,12,293,286,30,25,301,294,289,53,297,287,17,11,284,168,56,35,302,292,286,25,284,266,216,24,26,15,26,53,268,189,61,24,245,138,23,12,287,265,18,41,293,282,278,38,259,188,27,13,281,265,242,262,287,291,291,291,263,207,41,21,251,216,46,40,303,303,105,51,300,271,41,45,294,298,32,37
13,310,304,23,27,308,282,83,14,302,293,294,26,306,184,24,25,278,13,21,12,294,287,32,25,303,295,290,67,297,288,17,11,284,173,56,35,303,292,289,25,287,269,223,24,27,15,26,53,272,198,78,24,249,146,23,12,287,267,18,41,293,283,279,38,264,194,27,13,281,265,245,262,287,292,291,292,265,211,47,21,253,221,46,40,303,303,121,51,301,274,41,45,294,298,32,37
13.25,311,304,23,27,308,282,83,14,302,293,294,26,306,193,24,25,278,13,21,12,294,287,34,25,303,295,290,67,297,288,17,11,284,178,56,35,303,292,289,25,287,269,223,24,27,15,26,53,272,198,78,24,249,146,23,12,287,271,18,41,293,283,279,38,264,194,27,13,281,265,245,263,288,293,292,292,265,211,47,21,253,221,46,40,303,303,121,51,301,274,41,45,294,299,32,37
13.5,313,305,23,27,308,283,103,14,302,293,294,26,309,214,24,25,280,14,21,12,295,289,43,25,305,297,291,79,298,288,17,11,284,186,56,35,305,292,289,25,290,272,228,25,27,15,26,53,275,205,92,24,253,156,23,13,287,271,18,41,294,284,279,38,265,201,27,13,283,267,246,265,289,294,292,293,268,216,47,21,257,226,47,40,303,305,128,51,301,275,41,45,294,299,32,37
13.75,313,305,23,27,310,285,104,14,302,294,295,26,309,223,24,25,281,14,21,12,296,290,55,25,305,297,293,79,300,289,17,11,287,194,56,35,306,294,290,25,290,272,228,25,27,15,26,53,276,205,95,24,253,156,23,13,287,276,18,41,296,285,281,38,265,201,27,13,285,269,247,266,292,295,294,295,268,218,47,21,257,230,47,40,305,306,128,51,304,279,41,45,295,302,32,37
14,315,305,25,31,311,286,127,15,302,294,296,26,310,240,27,28,284,22,22,14,296,290,80,26,306,298,293,95,300,292,19,11,287,202,56,35,307,295,290,31,292,276,238,26,30,15,26,53,276,214,117,28,261,166,26,13,288,276,18,41,296,285,282,40,271,212,33,15,285,269,249,270,292,296,294,296,272,226,57,22,263,232,58,40,305,306,139,52,304,281,42,46,295,303,33,37
14.25,316,305,25,31,311,287,131,15,303,296,296,26,311,242,27,28,284,22,22,14,297,290,121,29,308,298,295,95,302,292,19,11,290,207,64,42,307,295,292,31,292,278,243,28,33,22,29,58,278,218,119,28,262,168,26,14,289,278,21,41,296,287,282,40,272,216,33,15,286,270,250,272,292,296,294,296,276,230,60,24,266,235,67,47,305,308,140,52,304,282,42,46,295,303,34,46
14.5,316,307,25,31,314,287,136,15,306,298,297,29,311,251,27,28,285,23,22,14,299,291,149,29,308,299,296,97,302,292,19,11,290,213,69,42,308,296,292,31,293,279,245,30,33,22,29,58,281,222,129,28,262,172,26,15,291,280,21,42,297,289,284,40,273,216,33,15,288,270,251,274,292,297,296,299,277,232,60,24,267,241,74,47,306,310,143,52,306,285,42,46,295,304,34,46
14.75,316,307,25,31,314,288,136,15,306,298,297,29,311,254,27,28,285,26,22,14,299,291,164,29,308,299,296,97,302,292,19,11,290,215,69,42,308,296,293,31,293,279,245,30,33,22,29,58,282,222,129,28,262,172,26,15,291,282,21,42,297,289,284,40,273,216,33,15,288,270,252,274,292,298,296,299,277,232,60,24,267,241,74,47,308,310,143,52,306,285,42,46,295,304,34,46
15,316,307,25,31,314,289,141,15,306,298,297,29,311,259,27,28,285,31,22,14,299,291,180,29,308,299,296,100,302,292,19,11,290,219,69,42,309,296,293,31,294,279,245,30,33,22,29,58,282,222,137,28,262,175,26,15,291,282,21,42,297,289,284,40,273,217,33,15,288,270,252,274,293,298,297,299,277,232,60,24,267,241,77,47,308,311,143,52,308,285,42,46,295,304,34,46
15.25,316,307,25,31,314,290,141,15,307,298,297,29,311,262,27,28,285,40,22,14,299,292,196,29,308,299,296,101,302,292,19,11,291,224,69,42,309,296,293,31,294,279,245,30,33,22,29,58,282,222,138,28,262,178,26,15,291,284,21,42,297,289,284,40,273,219,33,15,288,271,252,274,293,298,297,299,277,234,60,24,267,243,83,47,308,311,143,52,308,286,42,46,296,304,34,46
15.5,316,308,25,31,314,290,149,15,307,298,297,29,311,267,27,28,285,48,22,14,299,292,212,29,308,300,296,107,302,292,19,11,291,228,72,42,309,296,293,31,294,279,245,30,33,22,29,58,284,222,145,28,264,182,26,15,291,284,21,42,298,289,286,40,274,223,33,15,288,272,253,275,294,299,298,299,277,234,65,24,267,246,90,47,309,311,143,52,308,286,42,46,296,306,34,46
15.75,317,308,25,31,315,292,163,15,307,298,297,29,312,271,27,28,289,56,22,14,299,292,226,29,308,300,296,118,302,292,19,11,291,232,76,42,310,298,294,31,295,280,252,33,33,22,29,58,286,230,154,28,268,188,26,15,291,284,21,42,298,289,286,40,275,229,33,15,289,273,255,276,294,299,298,300,279,238,71,24,270,248,99,47,309,311,146,52,308,289,42,46,296,306,34,46
16,318,308,25,31,316,293,174,15,307,298,299,29,313,274,27,31,289,68,22,14,299,294,239,29,308,301,296,126,303,293,19,11,291,238,78,42,310,298,294,31,297,284,256,38,36,22,29,58,286,234,159,28,270,197,28,15,291,284,21,42,298,289,286,40,280,236,39,15,289,274,255,278,294,299,298,300,282,244,82,24,274,251,111,47,309,311,152,52,309,290,42,46,296,306,34,46
16.25,318,308,26,31,316,293,178,15,307,298,299,29,313,276,27,31,290,70,22,14,299,294,246,29,308,301,296,127,303,293,19,11,291,239,82,42,310,298,294,31,297,284,256,39,36,22,29,58,286,234,160,28,270,199,28,15,291,284,21,42,298,289,287,40,280,239,42,15,289,274,256,279,294,299,298,300,282,244,84,24,274,251,117,47,309,311,153,52,309,290,42,46,296,306,34,46
16.5,319,308,26,31,318,293,178,15,307,298,299,29,313,279,27,31,290,74,22,14,300,294,255,29,310,301,298,129,305,294,19,11,292,241,87,42,311,300,295,31,297,284,259,41,36,22,29,58,288,236,162,28,271,201,28,15,291,285,21,42,298,291,289,40,280,239,42,15,290,275,257,280,294,299,298,301,283,245,87,24,274,253,118,47,310,312,153,52,311,291,42,46,297,306,34,46
16.75,319,308,26,31,318,293,178,15,307,298,299,29,313,279,27,31,290,74,22,14,300,294,258,29,310,301,298,129,305,294,19,11,293,243,88,42,311,300,295,31,297,284,259,41,36,22,29,58,290,236,162,28,271,201,28,15,291,285,21,42,298,291,289,40,280,239,42,15,290,275,257,280,294,299,298,301,283,245,87,24,274,253,119,47,310,312,153,52,311,291,42,46,297,306,34,46
17,319,308,26,31,318,294,178,15,307,298,299,29,313,280,27,31,290,77,22,14,300,294,261,29,310,301,298,134,305,294,19,11,293,245,93,42,311,300,295,31,297,284,259,45,36,22,29,58,290,236,165,28,271,206,28,15,291,285,21,42,298,291,289,40,280,239,42,15,290,275,257,280,294,299,298,301,283,245,89,24,274,253,128,47,310,312,153,52,311,292,42,46,297,306,34,46
17.25,319,309,26,31,318,294,188,16,308,298,299,29,313,281,27,31,290,87,22,14,301,294,267,29,310,301,298,141,305,294,19,11,293,248,103,42,311,300,296,31,298,284,262,50,40,26,29,58,290,242,169,28,274,212,28,15,292,285,21,42,298,291,289,40,280,243,44,15,291,275,258,282,294,299,298,301,283,249,100,25,279,258,137,47,310,312,153,52,311,292,42,46,297,306,34,46
17.5,319,309,26,31,318,296,188,16,308,298,299,29,313,281,27,31,290,87,22,14,301,295,270,29,310,303,299,143,305,295,19,11,295,250,108,42,311,300,296,31,298,285,262,53,40,29,29,58,290,242,169,28,274,212,28,15,292,288,21,42,299,291,289,40,281,244,44,15,292,275,259,282,294,300,300,301,285,250,100,25,279,258,140,47,312,314,153,52,312,293,42,46,299,306,34,46
17.75,319,309,26,31,318,296,188,16,308,299,300,29,313,283,27,31,290,91,22,14,301,295,274,29,310,303,299,148,305,295,19,11,295,253,114,42,311,300,296,31,298,287,262,55,40,36,29,58,292,242,173,28,274,216,28,15,292,288,21,42,299,292,290,40,281,247,44,15,292,277,260,283,294,300,300,302,287,251,105,25,279,259,144,47,312,314,153,52,312,295,42,46,299,307,34,46
18,319,309,28,31,318,296,197,16,308,299,300,29,314,285,27,31,292,97,22,14,301,295,275,29,310,303,299,157,305,295,19,11,295,253,114,42,311,300,296,31,298,287,263,57,40,43,29,58,292,244,177,28,274,220,28,15,292,288,21,42,299,292,290,40,281,247,49,15,292,277,260,283,294,300,300,302,287,252,105,25,279,260,149,47,312,314,153,52,312,295,42,46,299,307,34,46
18.25,319,310,31,31,318,298,203,16,309,301,300,29,314,287,27,31,292,105,24,14,302,295,279,29,310,303,300,163,306,295,19,11,295,255,119,42,311,301,296,31,299,287,266,63,41,55,29,58,292,246,183,28,276,226,28,15,293,288,21,42,299,292,290,40,283,251,56,15,292,277,261,283,294,302,300,302,288,254,113,25,281,261,156,47,312,314,159,52,312,295,42,46,299,307,34,46
18.5,319,310,31,31,318,298,203,16,309,301,300,29,314,287,27,31,292,105,24,14,302,295,279,29,311,303,300,165,306,295,19,11,295,256,124,42,312,301,297,31,299,287,266,66,41,61,29,58,292,246,183,28,276,227,28,15,293,288,21,42,299,292,290,40,283,251,56,15,292,277,262,284,294,302,300,302,288,254,113,25,281,262,158,47,312,314,159,52,313,295,42,46,299,308,34,46
18.75,319,310,31,31,318,298,203,16,309,301,300,29,314,287,27,31,292,105,24,14,302,296,282,30,311,304,300,167,306,296,19,11,295,258,136,44,312,301,297,31,299,287,266,71,47,72,32,58,293,246,183,28,276,230,28,15,294,289,24,43,300,292,290,40,283,251,60,15,293,277,262,287,294,302,300,302,289,256,119,28,281,263,165,54,312,314,162,52,313,295,42,46,299,308,34,46
19,319,310,31,31,318,298,203,16,309,301,300,29,314,287,27,31,292,105,24,14,302,296,282,30,311,304,300,168,306,296,19,11,295,258,136,44,312,301,297,31,299,287,266,71,47,77,32,58,293,246,183,28,276,231,28,15,294,289,24,43,300,292,290,40,283,251,60,15,293,277,262,287,295,302,300,302,289,256,119,28,281,264,165,54,312,314,162,52,313,295,42,46,299,308,34,46
19.25,319,310,31,31,318,298,203,16,309,301,300,29,314,288,27,31,292,108,24,14,302,296,282,30,311,304,300,174,306,296,19,11,295,258,141,44,312,301,297,31,300,288,266,80,47,86,32,58,293,248,186,28,276,236,28,15,294,290,24,43,300,292,290,40,283,252,65,15,293,277,262,287,295,302,300,302,289,256,125,28,281,264,168,54,312,314,163,52,313,295,42,46,299,308,34,46
19.5,319,310,33,31,318,298,203,17,309,301,300,29,314,288,27,31,292,109,24,14,303,296,284,30,311,304,300,178,306,296,19,12,296,260,149,44,312,301,297,31,300,289,266,83,48,96,32,58,293,249,189,28,276,239,28,15,294,290,24,45,300,294,290,40,283,254,69,15,293,278,264,287,295,302,301,302,290,257,131,28,281,265,174,56,313,314,163,52,313,296,42,46,299,309,34,46
19.75,319,310,37,31,318,298,203,17,311,301,300,29,314,288,27,31,292,112,24,14,303,296,285,30,312,304,300,181,306,296,19,12,296,260,149,44,312,301,297,31,300,289,266,83,48,100,32,58,293,249,191,28,276,239,28,15,294,290,24,45,301,294,290,40,283,254,69,15,294,278,264,287,295,302,301,302,290,257,131,28,281,265,174,56,314,314,163,52,313,296,42,46,299,309,34,46
20,319,310,52,32,319,298,217,17,311,301,300,29,314,288,29,34,295,125,26,15,303,296,286,30,312,304,300,190,306,296,23,12,296,261,150,44,312,301,297,33,301,289,271,93,52,114,32,58,293,253,198,32,279,245,35,15,294,290,24,45,301,294,290,40,284,258,83,16,294,278,264,288,295,302,301,302,290,260,144,29,284,266,187,56,314,314,169,54,313,296,45,50,299,309,36,46
20.25,319,310,52,32,319,298,217,17,311,301,300,29,314,288,29,34,295,125,26,15,303,296,287,30,312,305,300,190,306,298,23,12,296,262,162,44,312,301,297,33,301,290,271,93,56,124,32,58,293,253,198,32,279,246,35,15,294,290,24,45,301,294,290,40,284,258,83,16,294,279,264,288,295,302,301,302,291,260,144,29,284,267,187,58,314,314,169,54,313,296,45,50,299,309,36,46
20.5,319,310,61,32,319,298,217,17,311,301,300,29,314,288,29,34,295,125,26,15,303,297,287,30,312,305,300,190,306,298,23,12,296,262,162,44,312,301,297,33,301,290,271,93,56,131,32,58,293,253,198,32,279,246,35,15,294,290,24,45,301,294,290,40,284,258,83,16,294,279,264,288,295,302,301,302,291,260,144,29,284,267,187,58,314,314,169,54,313,296,45,50,299,309,36,46
20.75,319,310,72,32,319,298,217,17,311,301,300,29,314,288,29,34,295,125,26,15,303,297,287,30,312,305,300,194,306,298,23,12,297,262,165,44,312,301,298,33,301,290,271,95,56,145,32,58,294,253,198,32,279,248,35,15,294,290,24,45,301,294,291,40,284,258,86,16,294,279,264,288,295,302,301,302,291,260,147,29,284,267,187,58,314,314,169,54,314,296,45,50,299,309,36,46
21,319,311,76,32,319,298,217,17,311,302,301,30,315,288,29,34,295,127,26,15,304,297,289,30,312,305,301,198,306,298,23,12,298,266,174,45,314,301,298,33,301,291,272,103,67,156,32,58,295,254,204,32,279,252,35,15,294,290,24,45,301,294,291,40,284,258,91,16,294,281,264,288,295,302,301,303,293,264,157,29,284,269,193,63,314,314,170,54,314,296,45,50,299,309,36,46
21.25,320,311,95,32,320,300,222,19,311,302,301,30,316,290,30,34,296,139,26,17,304,297,289,30,312,307,301,208,307,299,23,13,298,267,174,45,314,301,298,33,303,291,273,107,67,163,32,58,295,257,210,32,281,254,40,17,294,290,24,45,301,294,291,40,286,258,99,18,294,281,265,290,295,302,301,303,294,264,164,30,286,270,201,63,314,314,175,54,314,297,45,50,299,309,36,46
21.5,320,311,95,32,320,300,222,19,311,303,301,30,316,290,30,34,296,139,26,17,305,298,289,30,312,307,301,208,307,299,23,13,298,267,179,45,314,301,298,33,303,291,273,107,67,169,32,58,295,257,210,32,281,254,40,17,295,292,24,45,301,294,291,40,286,258,99,18,294,281,265,290,295,303,302,303,294,264,164,30,286,270,201,64,314,315,175,54,314,297,45,50,299,309,36,46
21.75,320,311,104,32,320,301,222,19,311,303,301,30,316,291,30,34,296,139,26,17,305,298,290,30,312,307,301,209,307,299,23,13,298,267,179,45,314,301,298,33,303,291,273,108,67,172,32,58,295,257,212,32,281,256,40,17,295,292,24,45,301,294,291,40,286,258,100,18,294,281,265,290,295,303,302,303,294,264,165,30,286,270,202,64,314,315,175,54,314,297,45,50,299,309,36,46
22,320,311,110,32,320,301,222,19,311,303,301,30,316,291,30,34,296,139,26,17,305,298,290,30,312,307,301,210,307,299,23,13,298,267,179,45,314,302,298,33,303,291,273,111,69,180,32,58,295,257,212,32,281,256,42,17,295,292,24,45,301,294,291,40,286,258,103,18,294,281,265,290,295,303,304,303,294,264,166,30,286,270,203,64,314,315,175,54,314,297,45,50,299,309,36,46
22.25,320,311,110,32,320,301,222,19,311,303,301,30,316,291,30,34,296,139,26,17,305,298,291,30,312,307,301,210,307,299,23,13,298,267,185,51,314,302,298,33,303,291,273,113,70,183,32,58,295,257,212,32,281,256,42,17,295,292,24,45,301,294,292,40,286,258,103,18,294,281,265,290,296,303,304,303,294,264,168,30,286,270,204,66,314,315,175,54,314,297,45,50,299,309,36,46
22.5,320,312,116,32,320,301,222,19,312,303,302,30,316,291,30,34,296,139,26,17,305,298,291,30,312,307,302,212,307,299,23,13,298,267,189,57,314,303,299,33,303,292,273,116,73,187,32,58,295,257,214,32,281,257,44,17,295,293,24,45,301,294,293,40,286,258,106,18,295,281,265,290,296,303,304,303,294,264,171,30,286,271,205,70,314,315,175,54,314,297,45,50,300,309,36,46
22.75,320,312,121,32,320,301,222,19,312,303,302,30,316,291,30,34,296,139,26,17,305,298,291,30,312,307,302,214,307,299,23,13,298,267,190,62,314,303,299,33,303,292,273,116,76,189,32,58,295,257,214,32,281,258,44,17,295,293,24,45,301,294,293,40,286,258,107,18,295,281,266,290,296,303,304,303,294,264,172,30,286,271,208,77,314,315,175,54,314,297,45,50,300,309,36,46
23,320,312,121,32,320,301,222,19,312,303,302,30,316,291,30,34,296,139,26,17,305,298,291,30,312,307,302,214,307,299,23,13,298,267,193,70,314,303,299,33,303,292,273,119,77,192,32,58,295,257,214,32,281,259,45,17,295,293,24,45,301,294,293,40,286,258,108,18,295,281,266,290,296,304,304,303,294,264,175,30,286,271,209,79,314,315,175,54,314,298,45,50,300,309,36,46
23.25,320,312,126,32,320,301,222,19,312,303,302,30,316,291,30,34,296,145,26,17,305,298,292,30,312,307,302,219,307,299,23,13,299,268,197,79,314,303,299,33,303,292,273,124,84,195,32,58,295,257,221,32,281,259,50,17,295,293,24,45,301,294,293,40,287,258,114,18,295,281,266,290,296,304,304,303,294,264,182,31,287,271,216,89,314,315,175,54,314,298,45,50,300,309,36,46
23.5,320,312,126,32,320,301,222,19,312,303,302,30,316,291,30,34,296,145,26,17,305,298,292,30,312,307,302,219,307,299,23,13,299,268,197,85,314,303,299,33,303,292,273,124,84,198,32,58,295,257,221,32,281,259,51,17,295,293,24,45,301,294,293,40,287,258,117,18,295,281,266,290,296,304,304,303,294,265,182,33,287,271,216,92,314,315,175,54,314,298,45,50,300,309,36,46
23.75,320,312,129,32,320,301,223,19,312,303,302,30,316,292,30,34,296,151,26,17,305,298,292,30,312,307,302,223,309,300,23,13,299,270,200,91,314,303,299,33,303,292,273,127,89,199,32,58,295,258,223,32,281,260,55,17,295,293,24,45,301,294,293,40,287,258,120,18,295,281,266,290,296,304,304,303,294,267,183,33,288,273,219,97,314,315,175,54,315,298,45,50,300,309,36,46
24,320,312,129,32,321,301,224,19,312,303,302,30,316,292,30,34,297,155,26,17,305,298,292,30,312,307,302,224,309,300,23,13,299,270,202,99,314,303,299,33,303,293,274,133,96,203,32,58,295,259,226,32,281,261,59,17,295,293,24,45,301,294,293,40,287,259,124,18,295,281,267,290,296,304,304,304,295,269,191,36,290,273,222,100,314,315,175,54,315,298,45,50,300,309,36,46
24.25,320,312,129,32,321,301,224,19,312,303,302,30,316,292,30,34,297,155,26,17,305,298,292,30,312,307,304,225,309,300,23,13,299,270,205,106,314,303,299,33,303,293,274,136,97,204,32,58,295,259,226,32,282,261,61,17,295,293,24,45,301,295,293,40,288,259,124,18,296,282,268,290,296,304,304,304,295,269,192,38,290,273,223,108,314,316,175,54,315,298,45,50,300,310,36,46
24.5,320,312,136,38,321,302,237,22,312,303,302,33,317,292,37,39,298,171,31,19,305,298,292,34,312,308,304,234,309,300,30,16,299,270,207,117,314,303,299,39,303,294,277,141,107,209,32,61,295,264,228,39,286,267,73,21,295,293,25,45,301,295,293,44,289,262,136,21,296,282,268,290,296,304,304,304,295,270,202,44,290,275,230,116,314,316,178,58,315,298,50,52,300,310,39,46
24.75,320,312,136,38,321,302,237,22,312,303,302,33,317,292,37,39,298,171,31,19,305,298,292,34,312,308,304,234,309,300,30,16,299,270,208,117,314,303,299,39,303,294,277,141,107,209,32,61,295,264,228,39,286,267,73,21,295,293,25,45,301,295,293,44,289,262,136,21,296,282,268,290,296,304,304,304,295,270,202,44,290,275,230,116,314,316,178,58,315,298,50,52,300,310,39,46
25,320,312,136,38,321,302,237,22,312,303,302,33,317,292,37,39,298,171,31,19,305,298,292,34,312,308,304,234,309,300,30,16,299,270,210,120,314,303,299,39,303,294,277,141,107,212,32,61,295,264,228,39,286,267,73,21,295,293,25,45,301,295,293,44,289,262,136,21,296,282,268,290,296,304,304,304,295,270,202,44,290,275,230,116,314,316,178,58,315,298,50,52,300,310,39,46
25.25,320,312,136,38,321,302,237,22,312,303,302,33,317,292,37,39,298,171,31,19,305,298,292,34,312,308,304,234,309,300,30,16,299,271,212,124,314,303,299,39,303,294,277,145,108,213,32,61,295,264,229,39,286,267,73,21,295,293,25,45,301,295,293,44,289,262,136,21,296,282,268,290,296,304,304,304,295,270,202,44,290,275,230,118,314,316,178,58,315,298,50,52,300,310,39,46
25.5,320,312,140,38,321,303,237,22,312,303,302,33,317,293,37,39,299,176,31,19,305,298,293,34,312,309,304,239,309,300,30,16,300,272,215,135,314,303,299,39,305,296,278,154,122,218,32,61,295,265,233,39,286,268,83,21,295,293,25,45,301,295,293,45,290,264,147,21,296,282,268,290,296,304,304,304,295,271,209,53,292,275,235,129,314,316,179,58,315,298,50,53,300,310,40,46
25.75,320,312,140,38,321,303,237,22,312,303,302,33,317,293,37,39,299,176,31,19,305,298,293,34,312,309,304,239,309,300,30,16,300,272,217,135,314,303,299,39,305,296,278,154,122,218,32,61,295,265,233,39,286,268,83,21,295,293,25,45,301,295,293,45,290,264,147,21,296,282,268,290,296,304,304,304,295,271,209,53,292,275,235,129,314,316,179,58,315,298,50,53,300,310,40,46
26,320,312,140,38,321,303,237,22,312,303,302,33,317,293,37,39,299,176,31,19,305,298,293,34,312,309,304,239,309,300,30,16,300,272,223,138,314,303,299,39,305,296,278,158,131,221,34,61,295,265,233,39,286,268,83,21,297,293,25,45,301,295,293,45,290,264,147,21,296,282,268,291,296,304,304,304,296,275,212,57,292,275,235,129,314,316,179,58,315,298,50,53,300,310,40,46
26.25,320,312,140,38,321,303,237,22,312,303,302,33,317,293,37,39,299,176,31,19,305,298,293,34,312,309,304,239,309,300,30,16,300,272,223,140,314,303,299,39,305,296,278,158,131,221,34,61,295,265,233,39,286,268,83,21,297,293,25,45,301,295,293,45,290,264,147,21,296,282,268,291,296,304,304,304,296,275,212,57,292,275,235,129,314,316,179,58,315,298,50,53,300,310,40,46
26.5,320,313,142,38,321,303,237,22,312,303,302,35,317,293,37,39,299,180,31,19,305,298,293,35,313,309,304,241,309,300,30,16,300,272,227,149,314,303,299,39,305,296,279,166,140,226,37,67,295,267,235,39,286,268,92,21,297,293,26,45,301,295,293,45,290,267,155,22,296,282,268,291,296,304,304,304,297,275,220,69,293,276,236,137,314,316,180,58,315,300,50,54,300,310,43,52
26.75,320,313,142,38,321,303,237,22,312,303,302,35,317,293,37,39,299,180,31,19,305,298,293,35,313,309,304,241,309,300,30,16,300,272,229,149,314,303,299,39,305,296,279,166,140,227,37,67,295,267,235,39,286,268,92,21,297,293,26,45,301,295,293,45,290,267,155,22,296,282,269,291,296,304,304,304,297,275,220,69,293,276,236,137,314,316,180,58,315,300,50,54,300,310,43,52
27,320,314,147,38,321,303,241,22,312,303,302,35,317,293,37,39,299,186,31,19,305,298,293,35,313,309,304,247,309,301,30,16,300,273,229,149,314,303,300,39,305,296,279,167,140,229,37,67,295,268,236,39,286,270,95,21,297,293,26,45,301,295,293,45,291,267,157,22,296,282,269,291,296,304,304,304,297,275,221,69,293,276,237,137,314,316,180,58,315,300,50,54,300,310,43,52
27.25,320,314,148,38,321,303,241,22,312,303,302,35,317,293,37,39,299,186,31,19,305,298,293,35,313,309,304,247,309,301,30,16,300,273,229,149,314,303,300,39,305,296,279,167,140,229,37,67,295,268,236,39,286,270,95,21,297,294,26,45,301,295,293,45,291,267,157,22,296,282,269,291,296,304,304,304,297,275,221,69,293,276,237,137,314,316,180,58,315,300,50,54,300,310,43,52
27.5,320,314,153,38,321,303,241,22,312,303,302,35,317,293,37,39,299,186,31,19,305,298,293,35,313,309,304,247,309,301,30,16,300,273,229,149,314,303,300,39,305,296,279,167,140,230,37,67,295,268,236,39,286,270,95,21,297,294,26,45,301,296,293,45,291,267,157,22,296,282,269,291,296,304,304,304,297,275,221,69,293,276,237,137,314,316,180,58,315,300,50,54,300,310,43,52
27.75,320,314,157,38,321,303,241,22,312,303,302,35,317,293,37,39,299,186,31,19,305,298,293,35,313,309,304,247,309,301,30,16,300,273,230,149,314,303,300,39,305,296,279,167,140,232,37,67,295,268,236,39,286,270,95,21,297,294,26,45,301,296,293,45,291,267,157,22,296,282,269,291,296,304,304,304,297,275,221,69,293,276,237,137,314,316,180,58,315,300,50,54,300,310,43,52
28,320,314,161,38,321,303,241,22,312,303,302,35,317,293,37,39,299,186,31,19,305,298,293,35,313,309,304,247,309,301,30,16,301,273,230,149,314,303,300,39,305,296,279,169,151,232,37,67,295,268,239,39,286,271,97,21,297,294,26,45,301,296,293,45,291,267,161,22,296,282,269,291,296,304,304,304,297,275,224,73,293,276,237,137,314,316,180,58,315,300,50,54,300,310,43,52
28.25,320,314,166,38,321,303,241,22,312,303,302,35,317,293,37,39,299,186,31,19,305,298,294,35,313,309,304,247,309,301,30,16,301,273,238,150,314,303,300,39,305,296,279,174,155,238,37,67,295,268,239,39,286,271,97,21,297,295,26,45,301,296,293,45,291,267,163,22,296,282,269,291,296,304,304,304,297,275,225,79,293,276,237,137,314,316,180,58,315,300,50,54,300,310,43,52
28.5,320,314,173,38,321,303,241,22,312,303,302,35,317,293,37,39,299,186,31,19,305,298,294,35,313,309,304,247,309,301,30,16,301,273,238,150,314,303,300,39,306,296,279,174,155,238,37,67,295,268,239,39,286,271,99,21,297,295,26,45,301,296,293,45,291,267,164,22,296,282,269,291,296,304,304,304,297,275,225,79,293,276,237,137,314,316,180,58,315,300,50,54,300,310,43,52
28.75,320,314,175,38,321,303,241,22,312,303,302,35,317,293,37,39,299,186,31,19,305,298,294,35,313,309,304,247,309,301,30,16,301,273,238,150,314,303,300,39,306,296,279,174,155,238,37,67,295,268,239,39,286,271,99,21,297,295,26,45,301,296,293,45,291,267,164,22,296,282,269,291,296,304,304,304,297,275,225,79,293,276,237,137,314,316,180,58,315,300,50,54,300,310,43,52
29,320,314,177,38,321,303,241,22,312,303,302,35,317,293,37,39,299,189,31,19,305,298,294,35,313,309,304,248,309,301,30,16,302,273,238,150,314,303,300,39,306,296,279,177,165,241,37,67,295,268,239,39,286,272,104,21,297,295,26,45,301,296,293,45,291,267,169,22,296,282,269,291,296,304,304,304,297,275,229,83,293,276,237,137,314,316,180,58,315,300,50,54,300,310,43,52
29.25,320,314,184,38,321,303,241,22,312,303,302,35,317,293,37,39,299,189,31,19,305,298,294,35,313,309,304,248,309,301,30,16,302,273,239,150,314,303,300,39,306,296,279,177,165,243,37,67,295,268,239,39,286,272,106,21,297,295,26,45,301,296,293,45,291,267,169,22,296,282,269,291,296,304,305,304,297,275,229,88,293,276,237,137,314,316,180,58,315,300,50,54,300,310,43,52
29.5,320,314,188,38,321,303,241,22,312,303,302,35,317,293,37,39,299,189,31,19,305,298,294,35,313,309,304,248,309,301,30,16,302,273,244,152,314,303,300,39,306,296,279,182,172,246,37,67,295,268,239,39,286,272,107,21,297,296,26,45,301,296,293,45,291,267,171,22,296,282,269,291,296,304,305,305,297,276,235,93,293,277,239,137,314,316,180,58,315,300,50,54,300,310,43,52
29.75,320,314,191,38,321,303,241,22,312,303,302,35,317,293,37,39,299,189,31,19,305,298,294,35,313,309,304,249,309,301,30,16,302,273,244,152,314,303,301,39,306,296,279,183,175,246,37,67,295,269,239,39,286,272,110,21,297,296,26,45,301,296,293,45,291,267,174,22,296,282,269,291,296,304,305,305,297,276,235,93,293,277,239,137,314,316,180,58,315,300,50,54,300,310,43,52
30,320,314,195,38,321,303,243,22,312,303,302,35,317,293,37,39,300,200,31,19,305,298,294,35,313,309,304,255,309,301,30,16,302,273,244,155,314,303,301,39,307,298,283,187,183,248,37,67,295,272,242,39,287,275,117,21,297,296,26,45,301,296,293,45,292,269,179,22,296,282,269,291,296,304,305,305,297,276,240,99,294,278,242,137,314,316,180,58,315,300,50,54,300,310,43,52
30.25,320,314,199,38,321,303,243,22,312,303,302,35,317,293,37,39,300,200,31,19,305,298,294,35,313,309,304,255,309,301,30,16,302,274,244,155,314,303,301,39,307,298,283,187,184,249,37,67,295,272,243,39,287,275,117,21,297,296,26,45,301,296,293,45,292,269,179,22,296,282,269,291,296,304,305,305,297,276,240,100,295,278,242,137,314,316,180,58,315,300,50,54,300,310,43,52
30.5,320,314,200,38,321,303,243,22,312,303,302,35,317,293,37,39,300,200,31,19,305,298,294,35,313,309,304,255,309,302,30,16,302,274,249,155,314,303,301,39,307,298,283,191,189,252,37,67,295,272,243,39,287,275,120,21,298,296,26,45,301,296,293,45,292,269,181,22,296,282,270,291,296,304,305,305,299,278,242,105,295,278,242,137,314,316,180,58,315,300,50,54,300,310,43,52
30.75,320,314,205,38,321,303,243,22,312,303,302,35,317,293,37,39,300,200,31,19,305,298,295,36,313,309,304,255,309,302,30,17,302,275,249,157,314,303,301,39,307,298,284,195,197,253,40,71,295,273,243,39,288,275,128,21,298,296,27,45,301,296,293,46,293,271,188,24,296,282,270,293,296,304,305,305,299,278,249,114,296,280,247,143,314,316,180,62,315,300,53,58,300,310,48,56
31,320,314,211,38,321,303,243,22,312,303,302,35,317,293,37,39,300,200,31,19,305,298,295,36,313,309,304,255,309,302,30,17,302,275,249,157,314,303,301,39,307,298,284,195,197,253,40,71,295,273,243,39,288,275,128,21,298,296,27,45,301,296,293,46,293,271,188,24,296,282,270,293,296,304,305,305,299,278,249,114,296,280,247,143,314,316,180,62,315,300,53,58,300,310,48,56
31.25,320,314,214,38,321,303,243,22,312,303,302,35,317,293,37,39,300,200,31,19,305,298,295,36,313,309,304,255,309,302,30,17,302,275,250,157,314,303,301,39,307,298,284,195,197,254,40,71,295,273,243,39,288,275,128,21,298,296,27,45,301,296,293,46,293,271,188,24,297,282,270,293,296,304,305,305,299,278,249,114,296,280,247,143,314,316,180,62,315,300,53,58,300,310,48,56
31.5,320,314,216,38,321,303,243,22,312,303,302,35,317,293,37,39,300,200,31,19,305,298,295,36,313,309,304,255,309,302,30,17,302,275,250,157,314,303,301,39,307,298,284,195,197,255,40,71,295,273,243,39,288,275,128,21,298,297,27,45,301,296,293,46,293,271,188,24,297,282,270,293,296,304,305,305,299,278,249,114,296,280,247,143,314,316,180,62,315,300,53,58,300,310,48,56
31.75,320,314,218,38,321,304,243,22,312,303,302,35,317,293,37,39,300,200,31,19,305,298,295,36,313,309,304,255,309,303,30,17,302,275,250,157,314,303,301,39,307,298,284,195,197,256,40,71,295,273,243,39,288,275,129,21,298,297,27,45,301,296,294,46,293,271,188,24,297,282,270,293,296,305,305,305,299,278,249,114,296,280,247,143,314,316,180,62,315,300,53,58,300,310,48,56
32,320,314,218,38,321,304,243,22,312,303,302,35,317,293,37,39,300,200,31,19,305,298,295,36,313,309,304,255,309,303,30,17,302,275,250,157,314,303,301,39,307,298,284,198,200,258,40,71,295,274,243,39,288,276,135,21,298,297,27,45,301,297,294,46,293,271,188,24,297,282,270,293,296,305,305,305,299,278,249,115,296,280,247,143,314,316,180,62,315,300,53,58,300,310,48,56
32.25,320,314,220,38,321,304,243,22,312,303,302,35,317,293,37,39,301,200,31,19,305,298,295,36,313,309,304,255,309,303,30,17,303,275,250,157,314,303,301,39,308,298,284,198,200,258,40,71,295,274,244,39,288,278,140,21,298,297,27,45,301,297,294,46,293,271,191,24,297,282,270,293,296,305,305,306,299,278,249,115,297,280,247,143,314,316,180,62,315,300,53,58,300,310,48,56
32.5,320,314,220,38,321,304,243,22,312,303,302,35,317,293,37,39,301,200,31,19,305,298,295,36,313,309,304,255,309,303,30,17,303,275,251,157,314,303,301,39,308,298,284,198,200,258,40,71,295,274,244,39,288,278,140,21,298,297,27,45,301,297,294,46,293,271,191,24,297,282,270,293,296,305,305,306,299,278,249,115,297,280,247,143,314,316,180,62,315,300,53,58,300,310,48,56
32.75,320,314,222,38,321,304,246,22,312,303,302,35,317,293,37,39,301,207,31,19,305,298,295,36,313,310,304,259,309,303,30,17,303,275,251,157,314,303,301,39,308,298,284,203,203,258,40,71,295,274,244,39,288,279,146,21,298,297,27,45,301,297,294,46,293,271,196,24,297,282,270,293,296,305,305,306,299,278,251,121,297,280,247,143,314,316,180,62,315,300,53,58,300,310,48,56
33,320,314,225,38,321,304,246,22,312,303,302,35,317,293,37,39,301,207,31,19,305,298,295,36,313,310,304,259,309,303,30,17,303,276,251,157,314,303,301,39,308,298,284,203,203,259,40,71,295,274,244,39,288,279,146,21,298,297,27,45,301,297,294,46,293,271,196,24,297,282,270,293,296,305,305,306,299,278,251,121,297,280,247,143,314,316,180,62,315,300,53,58,300,310,48,56
33.25,320,314,225,38,321,304,246,22,312,303,302,35,317,293,37,39,301,207,31,19,305,298,295,36,313,310,304,259,309,303,30,17,303,276,254,157,314,303,301,39,308,298,284,203,203,260,40,71,295,274,244,39,288,279,146,21,298,297,27,45,301,297,294,46,293,271,196,24,297,282,270,293,296,305,305,306,299,278,251,123,297,280,247,143,314,316,180,62,315,300,53,58,300,310,48,56
33.5,320,314,226,38,321,304,246,22,312,303,302,35,317,293,37,39,301,207,31,19,305,298,295,36,313,310,304,259,309,303,30,17,303,276,254,157,314,303,301,39,308,298,284,203,203,261,40,71,295,274,244,39,288,279,146,21,298,297,27,45,301,297,294,46,293,271,196,24,297,282,270,293,296,305,305,306,299,278,251,124,297,280,247,143,314,316,180,62,315,300,53,58,300,310,48,56
33.75,320,314,227,38,321,304,246,22,312,303,302,35,317,293,37,39,301,207,31,19,305,298,295,36,313,310,304,259,309,303,30,17,304,277,254,157,314,303,301,39,308,298,284,205,205,262,40,71,296,274,244,39,288,279,150,21,298,297,27,45,301,297,294,46,293,271,196,24,297,282,270,293,296,305,305,306,299,278,251,130,297,280,247,143,314,316,180,62,315,300,53,58,300,310,48,56
34,320,314,228,38,321,304,246,22,312,303,302,35,317,293,37,39,301,207,31,19,305,298,295,36,313,310,304,259,309,303,30,17,304,277,256,157,314,303,301,39,308,298,284,209,207,262,40,71,296,274,244,39,288,279,153,21,298,297,27,45,301,297,295,46,293,271,198,24,297,282,270,293,296,305,305,306,299,279,251,138,297,280,247,143,314,316,180,62,315,300,53,58,300,310,48,56
34.25,320,314,228,38,321,304,246,22,312,303,302,35,317,293,37,39,301,207,31,19,305,298,295,36,313,310,304,259,309,303,30,17,304,277,256,157,314,303,301,39,308,298,284,209,207,262,40,71,296,274,244,39,288,279,153,21,298,297,27,45,301,297,295,46,293,271,198,24,297,282,270,293,296,305,305,306,299,279,251,138,297,280,247,143,314,316,180,62,315,300,53,58,300,310,48,56
34.5,320,314,228,38,321,305,248,22,312,303,302,35,317,293,37,39,301,209,31,19,305,298,295,36,313,310,304,259,309,304,30,17,305,277,256,160,314,303,301,39,308,298,287,215,214,262,40,71,296,278,246,40,289,282,167,21,299,297,27,45,301,297,295,46,293,275,207,24,297,282,270,293,296,305,305,306,299,281,259,149,297,282,252,143,314,316,180,62,315,300,53,58,300,310,48,56
34.75,320,314,228,38,321,305,248,22,312,303,302,35,317,293,37,39,301,209,31,19,305,298,295,36,313,310,304,259,309,304,30,17,305,277,256,160,314,303,301,39,308,298,287,215,214,262,40,71,296,278,246,40,289,282,167,21,299,297,27,45,301,297,295,46,293,275,207,24,297,282,270,293,296,305,305,306,299,281,259,149,297,282,252,143,314,316,180,62,315,300,53,58,300,310,48,56
35,320,314,229,38,321,305,248,22,312,303,302,35,317,293,37,39,301,209,31,19,305,298,295,36,313,310,304,259,309,304,30,17,305,277,258,160,314,303,301,39,308,298,287,215,214,262,40,71,296,278,246,40,289,282,167,21,299,297,27,45,301,297,295,46,293,275,207,24,297,282,270,293,296,305,305,306,299,281,259,149,297,282,252,143,314,316,180,62,315,300,53,58,300,310,48,56
35.25,320,314,229,38,321,305,248,22,312,303,302,35,317,293,37,39,301,209,31,19,305,298,295,36,313,310,304,259,309,304,30,17,305,277,258,160,314,303,301,39,308,298,287,215,214,262,40,71,296,278,246,40,289,282,167,21,299,297,27,45,301,297,295,46,293,275,209,24,297,282,270,293,296,305,305,306,299,281,259,157,298,282,252,143,314,316,180,62,315,300,53,58,300,310,48,56
35.5,320,314,229,38,321,305,248,22,312,303,302,35,317,293,37,39,301,209,31,19,305,298,295,36,313,310,304,259,309,304,30,17,305,277,258,160,314,303,301,39,308,298,287,215,214,262,40,71,296,278,246,40,289,283,167,21,299,297,27,45,301,297,295,46,293,275,209,24,297,282,270,293,296,305,305,306,299,281,259,157,298,282,252,143,314,316,180,62,315,300,53,58,300,310,48,56
35.75,320,314,229,38,321,305,248,22,312,303,302,35,317,293,37,39,301,209,31,19,305,298,295,36,313,310,304,259,309,304,30,17,305,277,258,160,314,303,301,39,308,298,287,215,214,262,40,71,296,278,246,40,289,283,167,21,299,297,27,45,301,297,295,46,293,275,209,24,297,282,270,293,296,305,305,306,299,281,259,157,298,282,252,143,314,316,180,62,315,300,53,58,300,310,48,56
36,320,314,231,38,321,305,248,22,312,303,302,35,317,293,37,39,301,209,31,19,305,298,295,36,313,310,304,259,309,304,30,17,305,277,258,160,314,303,301,39,308,298,287,215,214,262,40,71,296,278,246,40,289,283,167,21,299,297,27,45,301,297,295,46,293,275,209,24,297,282,270,293,296,305,305,306,299,281,259,157,298,282,252,143,314,316,180,62,315,300,53,58,300,310,48,56
36.25,320,314,231,38,321,305,248,22,312,303,302,35,317,293,37,39,302,210,31,19,305,298,295,36,313,310,304,259,309,304,30,17,305,277,258,160,314,303,301,39,308,298,287,217,214,262,40,71,296,278,246,40,289,283,168,21,299,297,27,45,301,297,295,46,293,275,209,24,297,282,270,293,296,305,305,306,299,281,259,161,298,282,252,143,314,316,180,62,315,300,53,58,300,310,48,56
36.5,320,314,234,38,321,305,248,22,312,303,302,35,317,293,37,39,302,210,31,19,305,298,295,36,313,310,304,259,309,304,30,17,305,277,259,160,314,303,301,39,308,298,287,217,214,263,40,71,296,278,246,40,289,283,168,21,299,298,27,45,301,297,295,46,293,275,209,24,297,282,270,293,296,305,305,306,299,281,259,162,298,282,252,143,314,316,180,62,315,300,53,58,300,310,48,56
36.75,320,314,234,38,321,305,248,22,312,303,302,35,317,293,37,39,302,210,31,19,305,298,295,36,313,310,304,259,309,304,30,17,305,277,259,160,314,303,301,39,308,298,287,217,214,263,40,71,296,278,246,40,289,283,170,21,299,298,27,45,301,297,295,46,293,275,210,24,297,282,270,293,296,305,305,306,299,281,259,166,298,282,252,143,314,316,180,62,315,300,53,58,300,310,48,56
37,320,314,234,38,321,305,248,22,312,303,302,35,317,293,37,39,302,210,31,19,305,298,295,36,313,310,304,259,309,304,30,17,305,277,259,160,314,303,301,39,308,298,287,219,214,263,40,71,296,278,246,40,289,283,170,21,299,298,27,45,301,297,295,46,293,275,211,24,297,282,270,293,296,305,305,306,299,281,259,166,298,282,252,143,314,316,180,62,315,300,53,58,300,310,48,56
37.25,320,314,234,38,321,305,248,22,312,303,302,35,317,293,37,39,302,210,31,19,305,298,295,36,313,310,304,259,309,304,30,17,305,277,260,160,314,303,301,39,308,298,287,220,214,264,40,71,296,278,246,40,289,283,170,21,299,298,27,45,301,297,295,46,293,275,211,24,297,282,270,293,296,305,305,306,299,281,259,173,298,282,252,143,314,316,180,62,315,300,53,58,300,310,48,56
37.5,320,314,236,38,321,305,248,22,312,303,302,35,317,293,37,39,302,210,31,19,305,298,295,36,313,310,304,259,309,304,30,17,305,277,260,160,314,303,301,39,309,298,287,220,214,264,40,71,296,278,246,40,289,283,170,21,299,298,27,45,301,297,295,46,293,275,211,24,297,282,270,293,296,305,305,306,299,281,259,173,298,282,252,143,314,316,180,62,315,300,53,58,300,310,48,56
37.75,320,314,236,38,321,305,248,22,312,303,302,35,317,293,37,39,302,210,31,19,305,298,295,36,313,310,304,259,309,304,30,17,305,277,260,160,314,303,301,39,310,298,287,224,214,264,40,71,296,279,246,40,289,285,175,21,299,298,27,45,301,297,295,46,293,275,214,24,297,282,270,293,296,305,305,306,299,281,259,178,298,282,252,143,314,316,180,62,315,300,53,58,300,310,48,56
38,320,314,236,38,321,305,248,22,312,303,302,35,317,293,37,39,302,211,31,19,305,298,295,36,313,310,304,260,309,304,30,17,305,277,260,160,314,303,301,39,310,298,287,224,214,264,40,71,296,280,249,40,289,286,179,21,299,298,27,45,301,297,295,46,293,275,216,24,297,282,270,293,296,305,305,306,300,281,259,180,300,282,252,143,314,316,180,62,315,300,53,58,300,310,48,56
38.25,320,314,236,38,321,305,248,22,312,303,302,35,317,293,37,39,303,211,31,19,305,298,295,36,313,310,304,260,309,304,30,17,305,277,260,160,314,303,301,39,310,298,287,224,214,264,40,71,296,280,249,40,289,286,179,21,299,298,27,45,301,297,295,46,293,275,216,24,297,282,270,293,296,305,305,306,300,281,259,180,300,282,252,143,314,316,180,62,315,300,53,58,300,310,48,56
38.5,320,314,236,38,321,305,248,22,312,303,302,35,317,293,37,39,303,211,31,19,305,298,295,36,313,310,304,260,309,304,30,17,305,277,260,160,314,303,301,39,310,298,287,226,214,264,40,71,296,280,249,40,289,286,179,21,299,298,27,45,301,297,295,46,293,275,217,24,297,282,270,293,296,305,305,306,300,281,259,184,300,282,252,143,314,316,180,62,315,300,53,58,300,310,48,56
38.75,320,314,236,38,321,305,248,22,312,303,302,35,317,293,37,39,303,211,31,19,305,298,295,36,313,310,305,260,309,304,30,17,305,277,262,160,314,303,301,39,310,298,287,230,217,264,40,71,296,280,249,40,289,286,180,21,299,300,27,45,301,297,295,46,293,275,217,24,297,282,271,293,296,305,305,306,300,281,260,187,300,282,252,143,314,316,180,62,315,300,53,58,300,310,48,56
39,320,314,236,38,321,305,248,22,312,303,302,35,317,293,37,39,303,213,31,19,305,298,295,36,313,310,306,260,309,304,30,17,305,279,262,160,314,303,301,39,310,298,291,235,220,266,40,71,296,280,249,40,289,286,185,21,299,300,27,45,301,297,295,46,293,275,222,24,298,283,271,293,296,305,305,306,300,283,261,193,301,283,252,143,314,316,180,62,315,300,53,58,300,310,48,56
39.25,320,314,236,38,321,305,249,22,312,303,302,35,317,293,37,39,303,216,31,19,305,298,295,36,313,310,306,263,309,304,30,17,305,279,262,160,314,303,301,39,310,299,291,235,220,266,40,71,296,281,249,40,289,287,187,21,299,300,27,45,301,297,295,46,293,275,222,24,298,283,271,293,296,305,305,306,300,283,261,193,301,283,252,143,314,316,180,62,315,300,53,58,300,310,48,56
39.5,320,314,236,38,321,305,249,22,312,303,302,35,317,293,37,39,303,216,31,19,305,298,295,36,313,310,306,263,309,304,30,17,305,279,264,160,314,303,301,39,310,299,291,235,220,266,40,71,296,281,249,40,289,287,187,21,299,301,27,45,301,297,295,46,293,275,222,24,298,283,271,293,296,305,305,306,300,283,261,193,301,283,252,143,314,316,180,62,315,300,53,58,300,310,48,56
39.75,320,314,236,38,321,305,249,22,312,303,302,35,317,293,37,39,303,216,31,19,305,298,295,36,313,310,306,263,309,304,30,17,305,279,264,160,314,303,301,39,310,299,291,235,220,266,40,71,296,281,249,40,289,287,187,21,299,301,27,45,301,297,295,46,293,275,222,24,298,283,271,293,296,305,305,306,300,283,261,193,301,283,252,143,314,316,180,62,315,300,53,58,300,310,48,56
40,320,314,236,38,321,305,249,22,312,303,302,35,317,293,37,39,303,216,31,19,305,298,295,36,313,310,306,263,309,304,30,17,305,279,264,160,314,303,301,39,311,299,291,235,220,266,40,71,296,281,252,40,289,287,187,21,299,301,27,45,301,297,296,46,293,275,222,24,298,283,271,293,296,305,305,306,300,283,261,193,301,283,252,143,314,316,180,62,315,300,53,58,300,310,48,56
40.25,320,314,236,38,321,305,249,22,312,303,302,35,317,293,37,39,303,216,31,19,305,298,295,36,313,310,306,263,309,304,30,17,305,279,264,160,314,303,301,39,311,299,291,235,220,266,40,71,296,281,252,40,289,287,187,21,299,301,27,45,301,297,296,46,293,275,222,24,298,283,271,293,296,305,305,306,300,283,261,193,301,283,252,143,314,316,180,62,315,300,53,58,300,310,48,56
40.5,320,314,236,38,321,305,249,22,312,303,302,35,317,293,37,39,303,216,31,19,305,298,295,36,313,310,306,263,309,304,30,17,305,279,264,160,314,303,301,39,311,299,291,235,220,266,40,71,296,282,252,40,289,287,189,21,299,301,27,45,301,297,296,46,293,275,222,24,298,283,271,293,296,305,305,306,300,283,261,194,301,283,252,143,314,316,180,62,315,300,53,58,300,310,48,56
40.75,320,314,236,38,321,305,249,22,312,303,302,35,317,293,37,39,303,216,31,19,305,298,295,36,313,310,306,263,309,305,30,17,305,279,264,160,314,303,301,39,311,299,291,235,220,266,40,71,296,282,252,40,289,287,189,21,299,301,27,45,301,297,296,46,293,275,222,24,298,283,271,293,296,305,305,306,300,283,261,194,301,283,252,143,314,316,180,62,315,300,53,58,300,310,48,56
41,320,314,236,38,321,305,249,22,312,303,302,35,317,293,37,39,303,216,31,19,305,298,295,36,313,310,306,263,309,305,30,17,305,279,264,160,314,303,301,39,311,299,291,235,220,267,40,71,296,282,252,40,289,287,189,21,299,301,27,45,301,297,296,46,293,275,222,24,298,283,271,293,296,305,305,306,300,283,261,197,301,283,252,143,314,316,180,62,315,300,53,58,300,310,48,56
41.25,320,314,236,38,321,305,249,22,312,303,302,35,317,293,37,39,303,216,31,19,305,298,295,36,313,310,306,263,309,305,30,17,305,279,264,160,314,303,301,39,311,299,291,235,220,267,40,71,296,282,252,40,289,287,189,21,299,301,27,45,301,297,296,46,293,275,222,24,298,283,271,293,296,305,305,306,300,283,261,197,301,283,252,143,314,316,180,62,315,300,53,58,300,310,48,56
41.5,320,314,237,38,321,305,249,22,312,303,302,35,317,293,37,39,303,216,31,19,305,298,295,36,313,310,306,263,309,305,30,17,305,279,264,160,314,303,301,39,311,299,291,235,220,267,40,71,296,282,252,40,289,287,189,21,299,301,27,45,301,297,296,46,293,275,222,24,298,283,271,293,296,305,305,306,300,283,261,197,301,283,252,143,314,316,180,62,315,300,53,58,300,310,48,56
41.75,320,314,238,38,321,305,249,22,312,303,302,35,317,293,37,39,303,216,31,19,305,298,295,36,313,310,306,263,309,305,30,17,305,279,264,160,314,303,301,39,311,299,291,235,220,269,40,71,296,282,252,40,289,287,190,21,299,301,27,45,301,297,296,46,293,275,222,24,298,283,271,293,296,305,305,306,300,283,261,200,301,283,252,143,314,316,180,62,315,300,53,58,300,310,48,56
42,320,314,238,38,321,305,249,22,312,303,302,35,317,293,37,39,303,216,31,19,305,298,295,36,313,310,306,263,309,305,30,17,306,279,264,160,314,303,301,39,311,300,291,237,222,269,40,71,296,282,252,40,289,289,196,21,299,301,27,45,301,297,296,46,293,275,224,24,298,283,271,293,296,305,305,306,302,283,264,205,301,284,252,143,314,316,180,62,315,300,53,58,301,310,48,56
42.25,320,314,238,38,321,305,249,22,312,303,302,35,317,293,37,39,303,216,31,19,305,298,295,36,313,310,306,263,309,305,30,17,306,279,264,160,314,303,301,39,311,300,291,237,222,269,40,71,296,282,252,40,289,289,197,21,299,301,27,45,301,297,296,46,293,275,224,24,298,283,271,293,296,305,305,306,302,283,264,205,301,284,252,143,314,316,180,62,315,300,53,58,301,310,48,56
42.5,320,314,238,38,321,305,249,22,312,303,302,35,317,293,37,39,304,216,31,19,305,298,295,36,313,311,306,264,309,305,30,17,306,279,264,160,314,303,301,39,312,301,291,238,223,269,40,71,297,284,252,40,289,290,202,21,299,301,27,45,301,297,296,46,294,275,228,24,298,283,271,293,296,305,305,306,302,283,265,208,302,284,254,143,314,316,180,62,315,300,53,58,301,310,48,56
42.75,320,314,238,38,321,305,249,22,312,303,302,35,317,293,37,39,304,216,31,19,305,298,295,36,313,311,306,264,309,305,30,17,306,279,264,160,314,303,301,39,313,301,291,239,223,269,40,71,297,284,252,40,289,290,204,21,299,301,27,45,301,297,296,46,294,275,228,24,298,283,271,293,296,305,305,306,302,283,266,208,302,284,254,143,314,316,180,62,315,300,53,58,301,310,48,56
43,320,314,238,38,321,305,249,22,312,303,302,35,317,293,37,39,304,218,31,19,305,298,295,36,313,311,306,265,309,305,30,17,306,279,264,160,314,303,301,39,313,301,291,239,223,269,40,71,297,284,253,40,289,291,204,21,299,301,27,45,301,297,296,46,294,275,228,24,298,283,272,293,296,305,305,306,302,283,266,208,302,284,254,143,314,316,180,62,315,300,53,58,301,310,48,56
43.25,320,314,238,38,321,305,249,22,312,303,302,35,317,293,37,39,304,218,31,19,305,298,295,36,313,311,306,265,309,305,30,17,306,279,264,160,314,303,301,39,313,301,291,239,223,269,40,71,297,284,253,40,289,291,204,21,299,301,27,45,301,297,296,46,294,275,228,24,298,283,272,293,296,305,305,306,302,283,266,208,302,284,254,143,314,316,180,62,315,300,53,58,301,310,48,56
43.5,320,314,238,38,321,305,249,22,312,303,302,35,317,293,37,39,304,218,31,19,305,298,295,36,313,311,306,265,309,305,30,17,306,279,264,160,314,303,301,39,313,301,291,239,223,269,40,71,297,284,253,40,289,291,204,21,299,301,27,45,301,298,296,46,294,275,228,24,298,283,272,293,296,305,305,306,302,283,266,210,302,284,254,143,314,317,180,62,315,300,53,58,301,310,48,56
43.75,320,314,238,38,321,305,249,22,312,303,302,35,317,293,37,39,304,218,31,19,305,298,295,36,313,311,306,265,309,305,30,17,306,279,264,160,314,303,301,39,313,301,291,240,225,269,40,71,297,285,253,40,289,291,207,21,299,301,27,45,301,298,297,46,294,275,228,24,298,283,272,293,296,305,305,306,302,283,267,215,303,284,254,143,314,317,180,62,315,300,53,58,301,310,48,56
44,320,314,238,38,321,305,249,22,312,303,302,35,317,293,37,39,304,218,31,19,305,298,295,36,313,311,306,265,309,305,30,17,306,279,264,160,314,303,301,39,313,301,291,240,225,269,40,71,297,285,253,40,289,291,207,21,299,301,27,45,301,298,297,46,294,275,228,24,298,283,272,293,296,305,305,306,302,283,267,215,303,284,254,143,314,317,180,62,315,300,53,58,301,310,48,56
44.25,320,314,238,38,321,305,249,22,312,303,302,35,317,293,37,39,304,218,31,19,305,298,295,36,313,311,306,265,309,305,30,17,306,279,264,160,314,303,301,39,313,301,291,240,225,269,40,71,297,285,253,40,289,291,207,21,299,301,27,45,301,298,297,46,294,275,228,24,298,283,272,293,296,305,305,306,302,283,267,215,303,284,254,143,314,317,180,62,315,300,53,58,301,310,48,56
44.5,320,314,238,38,321,305,249,22,312,303,302,35,317,293,37,39,304,218,31,19,305,298,295,36,313,311,306,265,309,305,30,17,306,279,264,160,314,303,301,39,313,301,291,240,225,269,40,71,297,285,253,40,289,291,207,21,299,301,27,45,301,298,297,46,294,275,228,24,298,283,272,293,296,305,305,306,302,283,267,215,303,284,254,143,314,317,180,62,315,300,53,58,301,310,48,56
44.75,320,314,238,38,321,305,249,22,312,303,302,35,317,293,37,39,304,218,31,19,305,298,295,36,313,311,306,265,309,305,30,17,306,279,264,160,314,303,301,39,313,301,291,240,225,269,40,71,297,285,253,40,289,291,207,21,299,301,27,45,301,298,297,46,294,275,228,24,298,283,272,293,296,305,305,306,302,283,267,215,303,284,254,143,314,317,180,62,315,300,53,58,301,310,48,56
45,320,314,238,38,321,305,249,22,312,303,302,35,317,293,37,39,304,218,31,19,305,298,295,36,313,311,306,265,309,305,30,17,306,279,264,160,314,303,302,39,313,301,291,241,226,269,40,71,297,285,253,40,289,291,209,21,299,301,27,45,301,298,297,46,294,276,228,24,298,283,272,293,296,305,305,307,303,283,267,218,303,284,254,143,314,317,180,62,315,300,53,58,301,310,48,56
45.25,320,314,238,38,321,305,249,22,312,303,302,35,317,293,37,39,304,218,31,19,305,298,295,36,313,311,306,265,309,305,30,17,306,279,264,160,314,303,302,39,313,301,291,241,226,269,40,71,297,285,253,40,289,291,209,21,299,301,27,45,301,298,297,46,294,276,228,24,298,283,272,293,296,305,306,307,303,283,267,218,303,284,254,143,314,317,180,62,315,300,53,58,301,310,48,56
45.5,320,314,238,38,321,305,252,22,312,303,302,35,317,293,37,39,304,224,31,19,305,298,295,36,313,311,306,267,309,305,30,17,307,279,264,161,314,303,302,39,313,301,292,241,226,269,40,71,297,286,253,40,289,291,214,21,299,301,27,45,301,298,297,46,294,276,229,24,298,283,272,293,296,305,306,307,303,283,268,218,303,284,255,143,314,317,180,62,315,300,53,58,301,310,48,56
45.75,320,314,238,38,321,305,252,22,312,303,302,35,317,293,37,39,304,224,31,19,305,298,295,36,313,311,306,269,309,306,30,17,307,280,264,164,314,303,302,39,315,301,292,241,226,269,40,71,297,287,253,40,290,291,216,21,299,301,27,45,301,298,297,46,295,276,232,24,298,283,272,293,296,305,306,307,304,283,269,222,303,285,256,148,314,317,180,62,315,300,53,58,301,310,48,56
46,320,314,238,38,321,305,252,22,312,303,302,35,317,293,37,39,304,224,31,19,305,298,295,36,313,311,306,269,309,306,30,17,309,280,264,164,314,303,302,39,315,301,292,241,226,269,40,71,297,287,253,40,290,291,216,21,300,301,27,45,301,298,297,46,295,276,232,24,298,283,272,293,296,305,306,307,304,283,269,222,303,285,256,148,314,317,180,62,315,300,53,58,301,310,48,56
46.25,320,314,238,38,321,305,252,22,312,303,302,35,317,293,37,39,305,224,31,19,305,298,295,36,313,311,306,269,309,306,30,17,309,280,264,164,314,303,302,39,315,301,292,242,226,269,40,71,297,287,253,40,290,291,216,21,300,301,27,45,301,298,297,46,295,276,232,24,298,283,272,293,296,305,306,307,304,283,269,222,305,285,256,148,314,317,180,62,315,300,53,58,301,310,48,56
46.5,320,314,238,38,321,306,253,22,312,303,302,35,317,293,37,39,305,227,31,19,305,298,295,36,313,311,306,269,309,306,30,17,309,280,264,165,314,303,302,39,315,301,293,244,226,269,40,71,297,289,254,40,290,291,220,21,300,301,27,45,301,298,297,46,295,276,233,24,298,283,272,293,296,305,306,307,304,284,270,226,305,285,257,156,314,317,180,62,315,300,53,58,301,310,48,56
46.75,320,314,240,38,321,306,253,22,312,303,302,35,317,293,37,39,305,227,31,19,305,298,295,36,313,311,306,269,309,306,30,17,309,280,264,165,314,303,302,39,315,301,293,244,226,269,40,71,297,289,254,40,290,291,220,21,300,301,27,45,301,298,297,46,295,276,233,24,298,283,272,293,296,305,306,307,304,284,270,226,305,285,257,156,314,317,180,62,315,300,53,58,301,310,48,56
47,320,314,240,38,321,306,253,22,312,303,302,35,317,293,37,39,305,227,31,19,305,298,295,36,313,311,306,269,309,306,30,17,309,280,264,165,314,303,302,39,315,301,293,244,228,269,40,71,297,289,255,40,290,291,220,21,300,301,27,45,301,298,297,46,295,276,233,24,298,283,272,293,296,305,306,308,305,284,270,226,305,285,257,156,314,317,180,62,315,300,53,58,301,310,48,56
47.25,320,314,240,38,321,306,253,22,312,303,302,35,317,293,37,39,305,227,31,19,305,298,295,36,313,311,306,269,309,306,30,17,309,280,266,165,314,303,302,39,315,301,293,245,231,269,40,71,297,289,255,40,290,291,220,21,300,301,27,45,301,298,297,46,295,276,233,24,298,283,272,293,296,305,306,308,305,284,270,226,305,285,257,156,314,317,180,62,315,300,53,58,301,310,48,56
47.5,320,314,240,38,321,306,253,22,312,303,302,35,317,293,37,39,305,227,31,19,305,298,295,36,313,311,306,269,309,306,30,17,309,280,266,165,314,303,302,39,315,301,293,245,231,269,40,71,297,289,255,40,290,291,220,21,300,301,27,45,301,298,297,46,295,276,233,24,298,283,272,293,296,305,306,308,305,284,270,226,305,285,257,156,314,317,180,62,315,300,53,58,301,310,48,56
47.75,320,314,240,38,321,306,253,22,312,303,302,35,317,293,37,39,305,227,31,19,305,298,295,36,313,311,306,269,309,306,30,17,309,280,266,165,314,303,302,39,315,301,293,245,231,269,40,71,297,289,255,40,290,291,220,21,300,301,27,45,301,298,297,46,295,276,233,24,298,283,272,293,296,305,306,308,305,284,270,226,305,285,257,156,314,317,180,62,315,300,53,58,301,310,48,56
