Data File,C:\Program Files\Biolog\OL_DC_23\PMX\Data_2019\03\_18-9891_Escherichia coli__2_37_PMX_438_3#12#2019_A_11B_21.oka
Set up Time,3/12/2019 3:12:07 PM
Position,11-B
Plate Type,PM2
Strain Type,---
Sample Number,
Strain Name,18-9891
O-type,O121
H-type,H19
Host,Human
Strain Number,18-9891
Other,
,,,,,,,,,,,,,,,,,,,,,,,,,,,,,,,,,,,,,,,,,,,,,,,,,,,,,,,,,,,,,,,,,,,,,,,,,,,,,,,,,,,,,,,,,,,,,,,,
Hour,A01,A02,A03,A04,A05,A06,A07,A08,A09,A10,A11,A12,B01,B02,B03,B04,B05,B06,B07,B08,B09,B10,B11,B12,C01,C02,C03,C04,C05,C06,C07,C08,C09,C10,C11,C12,D01,D02,D03,D04,D05,D06,D07,D08,D09,D10,D11,D12,E01,E02,E03,E04,E05,E06,E07,E08,E09,E10,E11,E12,F01,F02,F03,F04,F05,F06,F07,F08,F09,F10,F11,F12,G01,G02,G03,G04,G05,G06,G07,G08,G09,G10,G11,G12,H01,H02,H03,H04,H05,H06,H07,H08,H09,H10,H11,H12
0.0,23.0,17.0,11.0,18.0,12.0,14.0,11.0,14.0,15.0,14.0,18.0,42.0,17.0,11.0,11.0,11.0,37.0,11.0,11.0,11.0,21.0,11.0,11.0,17.0,13.0,11.0,11.0,11.0,11.0,11.0,11.0,11.0,11.0,11.0,11.0,13.0,12.0,11.0,11.0,11.0,11.0,11.0,11.0,11.0,11.0,11.0,11.0,16.0,15.0,11.0,11.0,11.0,17.0,11.0,11.0,11.0,11.0,11.0,14.0,31.0,16.0,11.0,11.0,11.0,11.0,11.0,11.0,11.0,23.0,11.0,11.0,14.0,11.0,11.0,11.0,11.0,11.0,11.0,11.0,11.0,11.0,11.0,11.0,24.0,20.0,14.0,11.0,11.0,11.0,11.0,11.0,11.0,71.0,11.0,11.0,21.0
0.25,21.0,17.0,11.0,15.0,11.0,11.0,11.0,11.0,11.0,14.0,16.0,41.0,13.0,11.0,11.0,11.0,38.0,11.0,11.0,11.0,19.0,11.0,11.0,20.0,11.0,11.0,11.0,11.0,11.0,11.0,11.0,11.0,11.0,11.0,11.0,15.0,11.0,11.0,11.0,11.0,11.0,11.0,11.0,11.0,11.0,11.0,11.0,15.0,11.0,11.0,11.0,11.0,11.0,11.0,11.0,11.0,11.0,11.0,11.0,23.0,11.0,11.0,15.0,11.0,11.0,11.0,11.0,11.0,14.0,11.0,11.0,14.0,12.0,11.0,11.0,11.0,11.0,11.0,11.0,11.0,11.0,11.0,11.0,15.0,15.0,11.0,11.0,11.0,11.0,11.0,11.0,11.0,71.0,11.0,11.0,18.0
0.5,22.0,18.0,11.0,15.0,12.0,13.0,11.0,13.0,12.0,14.0,16.0,39.0,14.0,11.0,11.0,11.0,41.0,11.0,11.0,11.0,20.0,11.0,11.0,17.0,12.0,11.0,11.0,11.0,11.0,11.0,11.0,11.0,11.0,11.0,11.0,16.0,11.0,11.0,11.0,11.0,11.0,11.0,11.0,11.0,11.0,11.0,11.0,14.0,12.0,11.0,11.0,11.0,11.0,11.0,11.0,11.0,11.0,11.0,11.0,21.0,11.0,11.0,12.0,11.0,11.0,11.0,11.0,11.0,14.0,11.0,11.0,15.0,11.0,11.0,11.0,11.0,11.0,11.0,11.0,11.0,11.0,11.0,11.0,14.0,13.0,11.0,11.0,11.0,11.0,11.0,11.0,11.0,78.0,11.0,11.0,18.0
0.75,24.0,19.0,15.0,15.0,12.0,14.0,11.0,16.0,15.0,16.0,20.0,45.0,16.0,11.0,11.0,11.0,41.0,11.0,11.0,11.0,19.0,11.0,12.0,19.0,14.0,11.0,11.0,11.0,11.0,11.0,11.0,11.0,11.0,11.0,11.0,17.0,11.0,11.0,11.0,11.0,11.0,11.0,11.0,11.0,11.0,11.0,11.0,16.0,14.0,11.0,11.0,11.0,11.0,11.0,11.0,11.0,11.0,11.0,11.0,23.0,11.0,11.0,11.0,11.0,11.0,11.0,11.0,11.0,15.0,11.0,11.0,16.0,11.0,11.0,11.0,11.0,11.0,11.0,11.0,11.0,11.0,11.0,11.0,17.0,13.0,11.0,11.0,11.0,11.0,11.0,11.0,11.0,71.0,11.0,13.0,18.0
1.0,26.0,18.0,17.0,16.0,15.0,18.0,13.0,17.0,17.0,20.0,22.0,49.0,19.0,11.0,11.0,11.0,42.0,11.0,11.0,11.0,20.0,11.0,15.0,22.0,15.0,12.0,11.0,11.0,11.0,11.0,11.0,11.0,11.0,11.0,11.0,18.0,12.0,11.0,11.0,11.0,11.0,11.0,11.0,11.0,11.0,11.0,11.0,18.0,12.0,11.0,11.0,11.0,11.0,11.0,11.0,11.0,11.0,11.0,11.0,26.0,11.0,11.0,13.0,11.0,11.0,11.0,11.0,11.0,17.0,11.0,11.0,17.0,14.0,11.0,11.0,11.0,11.0,11.0,11.0,11.0,11.0,11.0,11.0,18.0,17.0,11.0,11.0,11.0,11.0,11.0,11.0,11.0,72.0,11.0,14.0,22.0
1.25,26.0,18.0,16.0,19.0,15.0,17.0,11.0,15.0,16.0,19.0,20.0,44.0,19.0,13.0,11.0,12.0,40.0,11.0,11.0,11.0,18.0,11.0,13.0,19.0,16.0,11.0,11.0,11.0,11.0,11.0,11.0,11.0,11.0,11.0,13.0,15.0,15.0,11.0,11.0,11.0,11.0,11.0,11.0,11.0,11.0,11.0,11.0,16.0,12.0,11.0,11.0,11.0,11.0,11.0,11.0,11.0,11.0,11.0,11.0,26.0,14.0,11.0,13.0,11.0,11.0,11.0,11.0,11.0,16.0,11.0,11.0,17.0,11.0,11.0,11.0,11.0,11.0,11.0,11.0,11.0,11.0,11.0,11.0,20.0,13.0,11.0,11.0,11.0,11.0,11.0,11.0,11.0,68.0,11.0,15.0,20.0
1.5,31.0,21.0,18.0,22.0,18.0,29.0,16.0,22.0,18.0,23.0,26.0,50.0,24.0,21.0,11.0,12.0,44.0,11.0,11.0,11.0,21.0,12.0,16.0,21.0,20.0,13.0,11.0,11.0,11.0,11.0,11.0,11.0,11.0,11.0,13.0,18.0,17.0,11.0,11.0,11.0,11.0,11.0,17.0,11.0,11.0,11.0,11.0,18.0,13.0,11.0,11.0,11.0,15.0,11.0,11.0,11.0,11.0,11.0,11.0,26.0,13.0,11.0,14.0,11.0,11.0,11.0,11.0,11.0,18.0,11.0,11.0,19.0,13.0,11.0,11.0,11.0,11.0,11.0,11.0,11.0,11.0,11.0,12.0,21.0,14.0,11.0,11.0,11.0,11.0,11.0,11.0,11.0,69.0,11.0,14.0,23.0
1.75,40.0,21.0,27.0,31.0,25.0,41.0,25.0,32.0,28.0,32.0,36.0,58.0,31.0,37.0,11.0,12.0,42.0,14.0,13.0,13.0,20.0,12.0,25.0,21.0,27.0,11.0,15.0,12.0,11.0,11.0,13.0,20.0,11.0,13.0,14.0,19.0,27.0,11.0,11.0,11.0,11.0,11.0,26.0,11.0,11.0,12.0,11.0,20.0,12.0,11.0,11.0,11.0,28.0,11.0,11.0,11.0,12.0,11.0,11.0,31.0,13.0,11.0,22.0,11.0,11.0,11.0,12.0,11.0,18.0,14.0,11.0,20.0,12.0,11.0,11.0,11.0,11.0,11.0,11.0,12.0,11.0,11.0,16.0,23.0,16.0,19.0,11.0,11.0,14.0,11.0,11.0,11.0,67.0,13.0,16.0,37.0
2.0,54.0,27.0,44.0,41.0,38.0,53.0,41.0,45.0,39.0,45.0,50.0,75.0,37.0,53.0,11.0,14.0,45.0,23.0,22.0,20.0,20.0,13.0,38.0,24.0,37.0,24.0,27.0,24.0,18.0,11.0,23.0,30.0,20.0,21.0,26.0,19.0,40.0,14.0,26.0,11.0,23.0,11.0,38.0,16.0,11.0,26.0,25.0,20.0,15.0,12.0,11.0,11.0,40.0,11.0,11.0,14.0,23.0,11.0,11.0,41.0,14.0,19.0,37.0,11.0,18.0,16.0,20.0,11.0,19.0,25.0,11.0,28.0,11.0,11.0,17.0,19.0,11.0,11.0,11.0,25.0,11.0,11.0,29.0,36.0,16.0,30.0,24.0,19.0,29.0,14.0,25.0,22.0,68.0,29.0,17.0,53.0
2.25,67.0,30.0,54.0,49.0,49.0,63.0,56.0,58.0,51.0,56.0,63.0,85.0,45.0,66.0,12.0,16.0,61.0,38.0,35.0,28.0,21.0,15.0,52.0,26.0,46.0,34.0,42.0,39.0,27.0,18.0,34.0,41.0,28.0,32.0,37.0,21.0,57.0,21.0,38.0,11.0,38.0,11.0,49.0,31.0,11.0,40.0,37.0,25.0,18.0,23.0,11.0,19.0,54.0,11.0,11.0,22.0,35.0,16.0,11.0,54.0,23.0,30.0,49.0,13.0,34.0,29.0,33.0,11.0,30.0,37.0,11.0,40.0,12.0,11.0,29.0,28.0,11.0,11.0,12.0,41.0,11.0,11.0,41.0,49.0,19.0,43.0,39.0,31.0,40.0,22.0,40.0,35.0,70.0,41.0,19.0,69.0
2.5,74.0,28.0,62.0,54.0,58.0,71.0,65.0,67.0,57.0,67.0,70.0,93.0,49.0,72.0,14.0,15.0,71.0,51.0,43.0,26.0,21.0,16.0,63.0,33.0,56.0,36.0,51.0,46.0,31.0,23.0,39.0,47.0,34.0,37.0,42.0,20.0,67.0,26.0,48.0,13.0,45.0,11.0,55.0,40.0,11.0,50.0,46.0,25.0,22.0,30.0,11.0,29.0,63.0,11.0,17.0,29.0,38.0,18.0,11.0,61.0,28.0,39.0,60.0,19.0,47.0,37.0,37.0,11.0,40.0,47.0,11.0,46.0,11.0,13.0,35.0,33.0,11.0,13.0,15.0,54.0,11.0,11.0,47.0,59.0,22.0,53.0,49.0,39.0,50.0,23.0,50.0,46.0,68.0,50.0,17.0,81.0
2.75,77.0,28.0,67.0,58.0,62.0,77.0,70.0,75.0,61.0,68.0,75.0,102.0,54.0,76.0,18.0,16.0,77.0,53.0,44.0,27.0,21.0,16.0,73.0,47.0,55.0,36.0,57.0,50.0,33.0,30.0,42.0,51.0,39.0,38.0,43.0,20.0,75.0,26.0,57.0,23.0,48.0,11.0,62.0,51.0,13.0,52.0,52.0,26.0,28.0,37.0,11.0,35.0,72.0,11.0,22.0,30.0,41.0,19.0,11.0,72.0,33.0,47.0,65.0,30.0,56.0,46.0,41.0,12.0,48.0,52.0,13.0,52.0,12.0,20.0,39.0,33.0,11.0,16.0,14.0,61.0,11.0,11.0,51.0,64.0,26.0,55.0,56.0,47.0,57.0,27.0,57.0,53.0,70.0,56.0,20.0,90.0
3.0,84.0,32.0,70.0,62.0,66.0,88.0,72.0,84.0,64.0,70.0,74.0,106.0,63.0,86.0,20.0,17.0,87.0,56.0,46.0,29.0,22.0,19.0,82.0,59.0,59.0,38.0,63.0,53.0,35.0,35.0,48.0,54.0,43.0,41.0,47.0,21.0,81.0,27.0,62.0,30.0,51.0,19.0,71.0,57.0,21.0,53.0,54.0,29.0,32.0,44.0,11.0,36.0,79.0,11.0,26.0,32.0,43.0,21.0,13.0,77.0,38.0,52.0,77.0,34.0,66.0,47.0,43.0,16.0,58.0,60.0,14.0,53.0,12.0,26.0,38.0,35.0,11.0,23.0,17.0,69.0,11.0,11.0,52.0,69.0,33.0,61.0,60.0,51.0,59.0,26.0,61.0,56.0,70.0,59.0,19.0,95.0
3.25,83.0,30.0,71.0,61.0,66.0,96.0,71.0,90.0,65.0,69.0,76.0,109.0,68.0,93.0,25.0,17.0,93.0,58.0,47.0,30.0,23.0,17.0,88.0,66.0,58.0,38.0,65.0,51.0,35.0,38.0,54.0,52.0,44.0,42.0,47.0,21.0,87.0,29.0,61.0,35.0,54.0,31.0,78.0,57.0,25.0,55.0,55.0,27.0,36.0,46.0,11.0,34.0,87.0,11.0,31.0,33.0,42.0,22.0,13.0,79.0,44.0,52.0,85.0,36.0,70.0,44.0,43.0,17.0,68.0,65.0,14.0,54.0,11.0,28.0,40.0,35.0,11.0,21.0,17.0,74.0,11.0,11.0,53.0,67.0,35.0,61.0,61.0,50.0,60.0,27.0,60.0,58.0,72.0,58.0,20.0,101.0
3.5,83.0,32.0,70.0,63.0,68.0,103.0,74.0,93.0,67.0,71.0,79.0,111.0,78.0,102.0,27.0,20.0,97.0,61.0,50.0,33.0,26.0,20.0,90.0,74.0,60.0,40.0,63.0,53.0,38.0,42.0,60.0,54.0,45.0,41.0,47.0,22.0,91.0,31.0,64.0,42.0,53.0,41.0,82.0,58.0,30.0,55.0,57.0,31.0,40.0,50.0,11.0,37.0,95.0,11.0,34.0,33.0,43.0,22.0,15.0,81.0,50.0,52.0,98.0,35.0,72.0,47.0,44.0,19.0,73.0,74.0,16.0,57.0,12.0,32.0,40.0,38.0,11.0,25.0,19.0,78.0,11.0,13.0,54.0,69.0,35.0,65.0,63.0,56.0,61.0,30.0,62.0,61.0,72.0,59.0,23.0,105.0
3.75,81.0,31.0,72.0,64.0,67.0,108.0,72.0,91.0,64.0,72.0,76.0,111.0,81.0,109.0,30.0,20.0,98.0,58.0,46.0,29.0,23.0,19.0,88.0,77.0,58.0,39.0,64.0,53.0,35.0,41.0,64.0,52.0,45.0,42.0,47.0,23.0,90.0,29.0,62.0,45.0,53.0,48.0,84.0,58.0,27.0,55.0,55.0,29.0,40.0,50.0,11.0,37.0,100.0,11.0,32.0,32.0,43.0,22.0,16.0,80.0,54.0,52.0,103.0,35.0,71.0,45.0,43.0,16.0,78.0,80.0,15.0,55.0,11.0,32.0,42.0,37.0,11.0,24.0,20.0,77.0,11.0,11.0,54.0,70.0,33.0,63.0,62.0,53.0,59.0,27.0,62.0,59.0,71.0,61.0,22.0,102.0
4.0,86.0,36.0,75.0,67.0,67.0,118.0,75.0,92.0,64.0,72.0,76.0,113.0,93.0,121.0,36.0,19.0,103.0,62.0,48.0,28.0,23.0,20.0,90.0,89.0,60.0,39.0,64.0,54.0,36.0,41.0,70.0,52.0,46.0,40.0,48.0,23.0,92.0,29.0,64.0,53.0,52.0,56.0,91.0,61.0,29.0,58.0,57.0,30.0,40.0,51.0,11.0,36.0,105.0,11.0,31.0,34.0,45.0,22.0,13.0,84.0,57.0,55.0,111.0,36.0,74.0,42.0,44.0,18.0,82.0,86.0,16.0,56.0,11.0,37.0,41.0,38.0,11.0,24.0,18.0,77.0,11.0,12.0,52.0,70.0,31.0,63.0,63.0,54.0,59.0,29.0,64.0,59.0,71.0,61.0,20.0,106.0
4.25,90.0,35.0,74.0,67.0,70.0,124.0,75.0,94.0,66.0,74.0,78.0,115.0,105.0,129.0,39.0,20.0,102.0,63.0,51.0,30.0,25.0,20.0,94.0,96.0,62.0,43.0,67.0,56.0,38.0,42.0,77.0,55.0,48.0,43.0,48.0,26.0,98.0,31.0,66.0,56.0,54.0,64.0,90.0,63.0,29.0,59.0,58.0,32.0,42.0,54.0,11.0,39.0,113.0,11.0,34.0,32.0,45.0,23.0,15.0,85.0,64.0,54.0,119.0,39.0,77.0,44.0,46.0,18.0,85.0,91.0,18.0,56.0,11.0,39.0,43.0,38.0,12.0,26.0,21.0,81.0,11.0,12.0,54.0,72.0,35.0,74.0,63.0,57.0,62.0,31.0,65.0,63.0,72.0,65.0,25.0,105.0
4.5,87.0,35.0,73.0,66.0,68.0,129.0,78.0,97.0,66.0,72.0,81.0,115.0,112.0,138.0,43.0,21.0,102.0,63.0,51.0,31.0,26.0,20.0,95.0,103.0,63.0,41.0,66.0,57.0,39.0,44.0,84.0,54.0,48.0,42.0,48.0,28.0,105.0,32.0,65.0,61.0,56.0,68.0,91.0,62.0,30.0,57.0,57.0,33.0,45.0,53.0,11.0,40.0,119.0,11.0,33.0,34.0,45.0,23.0,16.0,87.0,67.0,55.0,126.0,40.0,79.0,46.0,47.0,20.0,87.0,96.0,19.0,59.0,12.0,40.0,41.0,40.0,11.0,27.0,22.0,80.0,12.0,13.0,54.0,71.0,37.0,79.0,65.0,56.0,62.0,33.0,67.0,64.0,73.0,65.0,25.0,101.0
4.75,89.0,35.0,75.0,64.0,71.0,133.0,78.0,97.0,68.0,73.0,81.0,117.0,116.0,147.0,43.0,22.0,104.0,63.0,50.0,31.0,26.0,20.0,99.0,109.0,63.0,43.0,67.0,58.0,40.0,45.0,94.0,54.0,52.0,43.0,50.0,31.0,110.0,33.0,68.0,68.0,54.0,71.0,94.0,64.0,30.0,59.0,58.0,32.0,43.0,54.0,11.0,40.0,125.0,11.0,33.0,36.0,47.0,23.0,17.0,88.0,73.0,54.0,134.0,39.0,79.0,48.0,49.0,18.0,87.0,101.0,19.0,58.0,13.0,38.0,43.0,40.0,14.0,29.0,21.0,82.0,12.0,16.0,54.0,72.0,34.0,83.0,65.0,58.0,62.0,36.0,66.0,66.0,74.0,64.0,26.0,99.0
5.0,91.0,33.0,75.0,67.0,71.0,138.0,82.0,98.0,69.0,76.0,84.0,117.0,117.0,156.0,46.0,23.0,107.0,63.0,53.0,33.0,27.0,23.0,100.0,114.0,64.0,43.0,67.0,58.0,42.0,45.0,97.0,56.0,52.0,45.0,50.0,39.0,113.0,35.0,68.0,72.0,55.0,76.0,95.0,66.0,32.0,60.0,58.0,35.0,44.0,57.0,12.0,41.0,130.0,11.0,37.0,35.0,48.0,25.0,18.0,92.0,79.0,57.0,141.0,41.0,81.0,47.0,47.0,19.0,88.0,104.0,22.0,61.0,14.0,43.0,43.0,40.0,15.0,30.0,23.0,82.0,15.0,13.0,56.0,70.0,37.0,83.0,66.0,61.0,64.0,36.0,65.0,67.0,76.0,64.0,27.0,97.0
5.25,94.0,35.0,78.0,63.0,70.0,142.0,79.0,100.0,69.0,75.0,82.0,118.0,125.0,163.0,50.0,24.0,107.0,66.0,51.0,33.0,29.0,23.0,99.0,123.0,63.0,46.0,69.0,57.0,39.0,47.0,97.0,56.0,55.0,47.0,50.0,42.0,116.0,34.0,68.0,76.0,58.0,79.0,97.0,65.0,32.0,62.0,61.0,35.0,43.0,54.0,11.0,40.0,139.0,11.0,35.0,34.0,48.0,26.0,17.0,93.0,81.0,57.0,146.0,41.0,80.0,48.0,49.0,21.0,90.0,108.0,19.0,59.0,13.0,46.0,42.0,41.0,17.0,28.0,22.0,84.0,15.0,14.0,53.0,69.0,38.0,86.0,64.0,60.0,61.0,35.0,67.0,67.0,77.0,67.0,28.0,100.0
5.5,91.0,35.0,78.0,67.0,72.0,146.0,82.0,94.0,66.0,70.0,80.0,111.0,136.0,165.0,54.0,20.0,108.0,67.0,53.0,31.0,27.0,18.0,99.0,123.0,68.0,45.0,72.0,60.0,40.0,48.0,100.0,56.0,54.0,45.0,49.0,39.0,124.0,35.0,71.0,83.0,59.0,79.0,96.0,63.0,32.0,60.0,58.0,29.0,48.0,58.0,12.0,40.0,144.0,11.0,34.0,35.0,47.0,25.0,17.0,95.0,90.0,60.0,155.0,40.0,81.0,55.0,49.0,20.0,87.0,109.0,19.0,60.0,11.0,52.0,44.0,40.0,15.0,27.0,22.0,85.0,13.0,13.0,55.0,71.0,45.0,101.0,73.0,70.0,62.0,35.0,63.0,69.0,74.0,69.0,22.0,101.0
5.75,92.0,33.0,77.0,61.0,69.0,149.0,77.0,98.0,68.0,74.0,82.0,117.0,133.0,174.0,54.0,20.0,103.0,63.0,49.0,31.0,25.0,20.0,97.0,130.0,62.0,41.0,66.0,54.0,38.0,47.0,96.0,55.0,57.0,44.0,50.0,44.0,120.0,33.0,67.0,84.0,56.0,81.0,97.0,62.0,28.0,59.0,56.0,33.0,41.0,53.0,11.0,38.0,145.0,11.0,34.0,34.0,46.0,21.0,15.0,97.0,86.0,54.0,155.0,40.0,80.0,45.0,47.0,19.0,87.0,112.0,19.0,58.0,11.0,44.0,41.0,38.0,11.0,26.0,20.0,82.0,12.0,11.0,52.0,70.0,37.0,83.0,62.0,61.0,60.0,35.0,66.0,67.0,74.0,69.0,25.0,98.0
6.0,84.0,35.0,77.0,65.0,73.0,153.0,80.0,99.0,66.0,75.0,81.0,117.0,137.0,178.0,62.0,21.0,106.0,67.0,51.0,32.0,28.0,22.0,101.0,135.0,64.0,44.0,68.0,56.0,42.0,47.0,96.0,55.0,58.0,47.0,51.0,45.0,125.0,34.0,70.0,80.0,59.0,82.0,99.0,66.0,32.0,59.0,59.0,34.0,43.0,54.0,11.0,41.0,150.0,11.0,34.0,35.0,47.0,25.0,18.0,98.0,90.0,57.0,161.0,41.0,83.0,47.0,46.0,19.0,90.0,113.0,20.0,61.0,13.0,45.0,42.0,41.0,14.0,27.0,22.0,84.0,12.0,14.0,56.0,70.0,36.0,83.0,65.0,60.0,60.0,36.0,67.0,69.0,75.0,69.0,26.0,98.0
6.25,82.0,34.0,78.0,63.0,72.0,157.0,82.0,102.0,70.0,75.0,83.0,116.0,139.0,183.0,65.0,23.0,106.0,64.0,50.0,32.0,28.0,21.0,100.0,142.0,63.0,42.0,68.0,58.0,40.0,48.0,107.0,55.0,62.0,45.0,53.0,44.0,128.0,32.0,68.0,83.0,60.0,83.0,101.0,65.0,32.0,61.0,59.0,37.0,43.0,57.0,11.0,40.0,155.0,11.0,36.0,36.0,49.0,23.0,20.0,99.0,95.0,56.0,164.0,41.0,81.0,46.0,48.0,20.0,90.0,114.0,21.0,59.0,12.0,48.0,41.0,41.0,15.0,28.0,23.0,87.0,14.0,16.0,55.0,69.0,37.0,82.0,68.0,61.0,61.0,36.0,72.0,70.0,77.0,71.0,27.0,98.0
6.5,81.0,34.0,76.0,61.0,71.0,157.0,81.0,100.0,66.0,74.0,81.0,117.0,142.0,185.0,69.0,22.0,106.0,65.0,51.0,32.0,25.0,21.0,97.0,146.0,64.0,43.0,69.0,56.0,40.0,47.0,115.0,53.0,65.0,46.0,52.0,46.0,129.0,32.0,71.0,93.0,58.0,84.0,103.0,65.0,32.0,60.0,57.0,33.0,42.0,56.0,11.0,41.0,159.0,11.0,34.0,35.0,48.0,23.0,18.0,98.0,100.0,56.0,168.0,40.0,80.0,49.0,49.0,21.0,91.0,114.0,20.0,61.0,15.0,50.0,42.0,41.0,16.0,28.0,24.0,84.0,13.0,15.0,55.0,71.0,37.0,85.0,68.0,63.0,61.0,36.0,77.0,69.0,76.0,70.0,25.0,99.0
6.75,78.0,36.0,78.0,65.0,73.0,165.0,82.0,100.0,67.0,74.0,84.0,118.0,147.0,189.0,74.0,24.0,108.0,68.0,52.0,35.0,26.0,24.0,100.0,153.0,66.0,46.0,72.0,59.0,43.0,48.0,118.0,57.0,69.0,47.0,53.0,49.0,134.0,33.0,71.0,100.0,63.0,87.0,104.0,67.0,34.0,62.0,59.0,36.0,44.0,58.0,11.0,41.0,164.0,11.0,36.0,36.0,48.0,24.0,19.0,99.0,102.0,57.0,173.0,43.0,86.0,49.0,49.0,22.0,91.0,115.0,22.0,61.0,13.0,50.0,44.0,42.0,18.0,28.0,24.0,85.0,15.0,16.0,56.0,73.0,37.0,86.0,69.0,63.0,60.0,40.0,86.0,73.0,74.0,68.0,28.0,102.0
7.0,74.0,37.0,80.0,68.0,75.0,170.0,85.0,103.0,70.0,77.0,86.0,121.0,155.0,192.0,77.0,25.0,110.0,68.0,54.0,36.0,30.0,22.0,98.0,160.0,69.0,47.0,73.0,63.0,43.0,50.0,123.0,56.0,73.0,49.0,56.0,50.0,140.0,35.0,72.0,108.0,62.0,89.0,105.0,68.0,32.0,65.0,63.0,39.0,44.0,59.0,12.0,41.0,167.0,11.0,37.0,37.0,50.0,25.0,21.0,101.0,104.0,61.0,178.0,44.0,88.0,49.0,51.0,20.0,93.0,118.0,23.0,61.0,14.0,50.0,42.0,41.0,20.0,30.0,23.0,89.0,16.0,17.0,57.0,73.0,39.0,86.0,71.0,66.0,64.0,38.0,92.0,75.0,76.0,66.0,30.0,103.0
7.25,71.0,36.0,79.0,63.0,71.0,169.0,82.0,101.0,65.0,73.0,83.0,118.0,154.0,193.0,79.0,21.0,107.0,66.0,52.0,32.0,27.0,21.0,96.0,162.0,68.0,43.0,71.0,59.0,41.0,47.0,125.0,54.0,74.0,46.0,53.0,50.0,142.0,32.0,72.0,110.0,60.0,86.0,105.0,65.0,32.0,62.0,58.0,36.0,43.0,58.0,11.0,39.0,170.0,11.0,38.0,36.0,47.0,23.0,17.0,99.0,108.0,58.0,177.0,42.0,85.0,47.0,49.0,19.0,88.0,116.0,20.0,60.0,11.0,49.0,44.0,39.0,15.0,28.0,21.0,86.0,14.0,15.0,54.0,71.0,35.0,85.0,66.0,64.0,63.0,36.0,90.0,70.0,74.0,56.0,28.0,104.0
7.5,72.0,35.0,76.0,63.0,71.0,172.0,82.0,102.0,65.0,72.0,84.0,119.0,157.0,197.0,81.0,22.0,106.0,65.0,51.0,32.0,29.0,21.0,98.0,167.0,68.0,43.0,69.0,58.0,40.0,47.0,130.0,52.0,80.0,46.0,53.0,50.0,143.0,34.0,70.0,113.0,60.0,84.0,106.0,66.0,32.0,59.0,58.0,35.0,42.0,56.0,11.0,40.0,176.0,11.0,34.0,34.0,48.0,24.0,17.0,100.0,112.0,57.0,178.0,40.0,85.0,47.0,48.0,20.0,89.0,115.0,21.0,60.0,11.0,49.0,42.0,41.0,19.0,28.0,21.0,86.0,15.0,16.0,55.0,72.0,37.0,84.0,65.0,65.0,59.0,39.0,90.0,71.0,74.0,54.0,28.0,114.0
7.75,72.0,37.0,77.0,65.0,72.0,176.0,82.0,103.0,68.0,73.0,85.0,120.0,161.0,201.0,85.0,24.0,107.0,67.0,51.0,35.0,28.0,21.0,97.0,173.0,70.0,44.0,70.0,58.0,44.0,48.0,133.0,55.0,81.0,47.0,54.0,52.0,149.0,34.0,73.0,117.0,60.0,84.0,109.0,66.0,34.0,61.0,60.0,35.0,42.0,58.0,12.0,42.0,179.0,11.0,35.0,38.0,50.0,25.0,19.0,99.0,114.0,58.0,183.0,41.0,84.0,48.0,50.0,21.0,90.0,118.0,21.0,61.0,13.0,49.0,43.0,42.0,20.0,29.0,22.0,87.0,13.0,17.0,54.0,75.0,38.0,87.0,67.0,66.0,61.0,38.0,87.0,71.0,75.0,54.0,29.0,127.0
8.0,74.0,38.0,79.0,66.0,74.0,181.0,84.0,101.0,68.0,78.0,86.0,120.0,166.0,203.0,89.0,25.0,109.0,68.0,54.0,34.0,30.0,22.0,100.0,177.0,72.0,45.0,72.0,61.0,44.0,49.0,137.0,56.0,86.0,47.0,57.0,51.0,149.0,34.0,72.0,117.0,62.0,87.0,108.0,67.0,34.0,64.0,62.0,38.0,45.0,59.0,11.0,42.0,182.0,11.0,36.0,36.0,50.0,24.0,18.0,102.0,118.0,60.0,185.0,42.0,88.0,49.0,48.0,21.0,92.0,118.0,22.0,60.0,11.0,51.0,43.0,41.0,19.0,28.0,23.0,87.0,14.0,18.0,55.0,75.0,35.0,86.0,67.0,68.0,62.0,37.0,88.0,72.0,75.0,56.0,28.0,122.0
8.25,76.0,35.0,77.0,64.0,72.0,179.0,81.0,104.0,66.0,75.0,84.0,119.0,165.0,205.0,91.0,23.0,106.0,65.0,51.0,33.0,28.0,21.0,99.0,181.0,69.0,44.0,70.0,59.0,44.0,47.0,139.0,54.0,88.0,45.0,55.0,54.0,151.0,32.0,73.0,117.0,60.0,85.0,110.0,67.0,32.0,60.0,58.0,37.0,44.0,56.0,11.0,42.0,184.0,11.0,35.0,36.0,49.0,24.0,20.0,100.0,120.0,55.0,185.0,41.0,85.0,46.0,49.0,20.0,89.0,115.0,19.0,58.0,12.0,50.0,43.0,41.0,18.0,27.0,22.0,87.0,16.0,14.0,57.0,76.0,37.0,85.0,65.0,65.0,60.0,37.0,90.0,72.0,75.0,55.0,29.0,113.0
8.5,79.0,35.0,79.0,66.0,74.0,183.0,83.0,106.0,70.0,77.0,89.0,121.0,172.0,208.0,93.0,26.0,107.0,66.0,52.0,35.0,29.0,22.0,101.0,190.0,73.0,45.0,72.0,58.0,48.0,50.0,143.0,57.0,94.0,47.0,53.0,54.0,153.0,32.0,71.0,123.0,61.0,88.0,110.0,69.0,34.0,61.0,60.0,39.0,43.0,59.0,11.0,43.0,189.0,11.0,36.0,37.0,50.0,24.0,18.0,100.0,126.0,60.0,189.0,44.0,87.0,49.0,51.0,20.0,93.0,118.0,21.0,59.0,14.0,52.0,43.0,42.0,20.0,29.0,24.0,88.0,15.0,15.0,56.0,78.0,37.0,87.0,71.0,68.0,62.0,39.0,87.0,73.0,75.0,56.0,29.0,105.0
8.75,78.0,35.0,78.0,63.0,73.0,181.0,83.0,102.0,65.0,72.0,83.0,116.0,175.0,206.0,91.0,22.0,108.0,65.0,52.0,34.0,27.0,20.0,98.0,193.0,72.0,45.0,72.0,59.0,44.0,48.0,146.0,56.0,95.0,49.0,51.0,52.0,156.0,32.0,73.0,125.0,58.0,87.0,109.0,66.0,34.0,60.0,58.0,34.0,44.0,59.0,11.0,41.0,193.0,11.0,37.0,34.0,50.0,26.0,17.0,98.0,130.0,55.0,189.0,42.0,86.0,51.0,50.0,20.0,91.0,119.0,19.0,60.0,11.0,53.0,43.0,41.0,18.0,26.0,23.0,88.0,14.0,17.0,56.0,77.0,39.0,88.0,70.0,69.0,60.0,37.0,80.0,74.0,74.0,55.0,26.0,98.0
9.0,79.0,36.0,78.0,65.0,74.0,186.0,84.0,102.0,69.0,75.0,85.0,119.0,174.0,211.0,93.0,26.0,108.0,67.0,53.0,34.0,27.0,22.0,98.0,197.0,75.0,45.0,72.0,60.0,45.0,46.0,148.0,54.0,99.0,47.0,55.0,54.0,158.0,33.0,74.0,131.0,61.0,85.0,111.0,67.0,33.0,61.0,61.0,36.0,42.0,59.0,11.0,40.0,195.0,11.0,36.0,36.0,49.0,23.0,19.0,100.0,133.0,58.0,189.0,44.0,86.0,47.0,50.0,20.0,90.0,117.0,21.0,59.0,11.0,52.0,44.0,40.0,20.0,28.0,21.0,87.0,15.0,15.0,55.0,78.0,36.0,87.0,69.0,70.0,60.0,38.0,84.0,74.0,73.0,55.0,29.0,98.0
9.25,80.0,38.0,79.0,67.0,73.0,186.0,83.0,102.0,68.0,73.0,85.0,119.0,177.0,211.0,97.0,24.0,108.0,67.0,53.0,34.0,28.0,21.0,98.0,200.0,73.0,45.0,72.0,60.0,46.0,47.0,151.0,54.0,103.0,48.0,55.0,55.0,161.0,33.0,75.0,133.0,61.0,86.0,111.0,68.0,34.0,63.0,61.0,38.0,44.0,58.0,11.0,42.0,198.0,11.0,36.0,37.0,51.0,23.0,18.0,99.0,136.0,57.0,192.0,44.0,85.0,48.0,49.0,20.0,92.0,121.0,22.0,60.0,12.0,50.0,44.0,41.0,19.0,28.0,23.0,87.0,15.0,17.0,56.0,78.0,34.0,83.0,69.0,70.0,60.0,38.0,84.0,73.0,74.0,53.0,29.0,97.0
9.5,82.0,36.0,77.0,66.0,71.0,188.0,80.0,103.0,69.0,74.0,85.0,119.0,179.0,214.0,98.0,25.0,106.0,65.0,50.0,33.0,28.0,20.0,98.0,204.0,73.0,44.0,73.0,58.0,44.0,47.0,154.0,55.0,103.0,47.0,54.0,54.0,161.0,31.0,72.0,135.0,60.0,87.0,112.0,67.0,32.0,60.0,60.0,35.0,42.0,57.0,11.0,40.0,200.0,11.0,37.0,35.0,49.0,23.0,17.0,100.0,143.0,58.0,191.0,42.0,86.0,49.0,51.0,20.0,91.0,116.0,21.0,60.0,11.0,49.0,43.0,41.0,20.0,29.0,23.0,88.0,15.0,17.0,55.0,74.0,37.0,83.0,67.0,68.0,61.0,39.0,86.0,73.0,74.0,55.0,30.0,97.0
9.75,78.0,34.0,78.0,67.0,72.0,186.0,79.0,101.0,64.0,68.0,83.0,115.0,185.0,212.0,103.0,21.0,105.0,65.0,52.0,31.0,25.0,18.0,98.0,207.0,73.0,44.0,72.0,57.0,43.0,48.0,161.0,56.0,109.0,47.0,53.0,50.0,162.0,31.0,72.0,137.0,58.0,86.0,109.0,66.0,32.0,57.0,56.0,32.0,43.0,57.0,11.0,39.0,204.0,11.0,33.0,35.0,50.0,22.0,16.0,96.0,148.0,59.0,191.0,39.0,84.0,50.0,49.0,19.0,90.0,115.0,17.0,60.0,11.0,54.0,41.0,39.0,18.0,24.0,23.0,87.0,14.0,15.0,53.0,65.0,38.0,92.0,71.0,72.0,59.0,35.0,72.0,72.0,73.0,56.0,25.0,87.0
10.0,84.0,39.0,83.0,69.0,75.0,192.0,85.0,108.0,70.0,76.0,90.0,121.0,183.0,218.0,106.0,26.0,110.0,69.0,55.0,36.0,30.0,24.0,103.0,213.0,76.0,46.0,74.0,61.0,46.0,49.0,161.0,55.0,115.0,49.0,57.0,59.0,164.0,33.0,74.0,144.0,62.0,89.0,116.0,69.0,34.0,61.0,62.0,38.0,45.0,61.0,11.0,44.0,210.0,11.0,39.0,39.0,53.0,25.0,22.0,102.0,153.0,59.0,197.0,43.0,88.0,49.0,53.0,22.0,94.0,118.0,22.0,61.0,13.0,52.0,45.0,41.0,21.0,29.0,24.0,91.0,18.0,17.0,58.0,70.0,37.0,86.0,71.0,71.0,60.0,38.0,86.0,75.0,75.0,59.0,33.0,102.0
10.25,85.0,38.0,80.0,66.0,74.0,193.0,82.0,106.0,68.0,74.0,88.0,123.0,188.0,220.0,108.0,26.0,108.0,68.0,55.0,36.0,30.0,23.0,101.0,217.0,74.0,46.0,74.0,61.0,48.0,48.0,165.0,58.0,115.0,49.0,57.0,59.0,168.0,35.0,75.0,145.0,62.0,89.0,115.0,70.0,35.0,60.0,63.0,39.0,43.0,59.0,13.0,43.0,210.0,11.0,37.0,40.0,53.0,26.0,20.0,100.0,159.0,58.0,197.0,44.0,90.0,52.0,53.0,23.0,91.0,117.0,21.0,61.0,14.0,53.0,45.0,41.0,22.0,30.0,26.0,90.0,17.0,18.0,56.0,58.0,36.0,87.0,71.0,69.0,61.0,40.0,87.0,76.0,77.0,60.0,30.0,102.0
10.5,87.0,36.0,80.0,69.0,77.0,193.0,83.0,107.0,70.0,74.0,89.0,122.0,188.0,223.0,108.0,27.0,110.0,69.0,54.0,38.0,32.0,21.0,99.0,220.0,78.0,45.0,76.0,60.0,48.0,48.0,168.0,56.0,118.0,51.0,56.0,58.0,167.0,36.0,75.0,148.0,64.0,90.0,116.0,72.0,33.0,63.0,62.0,40.0,45.0,61.0,12.0,44.0,216.0,11.0,39.0,38.0,54.0,26.0,22.0,103.0,163.0,63.0,198.0,44.0,90.0,50.0,53.0,22.0,94.0,121.0,23.0,61.0,14.0,53.0,44.0,43.0,24.0,31.0,23.0,91.0,18.0,17.0,58.0,59.0,39.0,87.0,70.0,70.0,62.0,40.0,88.0,76.0,76.0,61.0,30.0,104.0
10.75,88.0,37.0,79.0,66.0,73.0,195.0,82.0,107.0,70.0,71.0,87.0,121.0,191.0,223.0,110.0,23.0,107.0,67.0,55.0,36.0,29.0,22.0,101.0,222.0,76.0,46.0,77.0,57.0,48.0,48.0,172.0,56.0,121.0,49.0,56.0,58.0,166.0,36.0,75.0,149.0,62.0,89.0,116.0,71.0,34.0,64.0,62.0,38.0,44.0,60.0,13.0,44.0,217.0,11.0,39.0,40.0,50.0,26.0,20.0,101.0,168.0,60.0,198.0,44.0,88.0,49.0,52.0,21.0,92.0,119.0,21.0,61.0,12.0,54.0,44.0,44.0,23.0,26.0,25.0,90.0,17.0,16.0,55.0,56.0,37.0,88.0,69.0,70.0,59.0,41.0,86.0,76.0,77.0,57.0,30.0,102.0
11.0,88.0,40.0,81.0,70.0,74.0,196.0,83.0,108.0,70.0,73.0,88.0,121.0,191.0,224.0,113.0,30.0,110.0,70.0,56.0,38.0,31.0,23.0,100.0,226.0,75.0,49.0,75.0,61.0,49.0,48.0,176.0,57.0,125.0,51.0,56.0,59.0,169.0,36.0,76.0,153.0,61.0,90.0,116.0,70.0,37.0,62.0,61.0,40.0,45.0,60.0,13.0,42.0,219.0,11.0,40.0,39.0,52.0,28.0,21.0,101.0,171.0,60.0,201.0,45.0,89.0,51.0,52.0,22.0,92.0,121.0,22.0,62.0,13.0,56.0,44.0,44.0,24.0,29.0,25.0,90.0,17.0,19.0,55.0,57.0,38.0,84.0,70.0,72.0,59.0,41.0,87.0,76.0,74.0,61.0,32.0,105.0
11.25,89.0,39.0,81.0,66.0,75.0,199.0,82.0,107.0,70.0,73.0,90.0,121.0,194.0,226.0,114.0,28.0,108.0,68.0,54.0,36.0,30.0,21.0,101.0,227.0,76.0,48.0,74.0,59.0,47.0,49.0,177.0,56.0,126.0,50.0,58.0,57.0,169.0,37.0,76.0,155.0,61.0,89.0,117.0,72.0,35.0,61.0,58.0,40.0,46.0,60.0,11.0,44.0,221.0,11.0,40.0,39.0,54.0,26.0,21.0,102.0,176.0,60.0,200.0,45.0,90.0,51.0,52.0,22.0,94.0,121.0,22.0,63.0,15.0,55.0,44.0,42.0,23.0,30.0,25.0,92.0,17.0,19.0,56.0,52.0,39.0,87.0,72.0,70.0,61.0,40.0,87.0,75.0,76.0,60.0,32.0,103.0
11.5,89.0,38.0,83.0,71.0,75.0,196.0,83.0,105.0,68.0,69.0,88.0,119.0,199.0,227.0,118.0,25.0,110.0,70.0,55.0,35.0,31.0,20.0,101.0,233.0,77.0,49.0,78.0,61.0,49.0,48.0,185.0,60.0,131.0,49.0,55.0,56.0,169.0,36.0,78.0,157.0,61.0,92.0,116.0,74.0,35.0,61.0,61.0,36.0,47.0,62.0,13.0,44.0,226.0,11.0,40.0,40.0,54.0,29.0,19.0,100.0,181.0,62.0,199.0,45.0,89.0,54.0,53.0,23.0,93.0,121.0,22.0,62.0,14.0,58.0,45.0,45.0,24.0,28.0,28.0,94.0,18.0,20.0,56.0,44.0,41.0,97.0,74.0,76.0,62.0,38.0,75.0,78.0,78.0,61.0,29.0,90.0
11.75,90.0,36.0,83.0,70.0,73.0,197.0,77.0,103.0,68.0,65.0,85.0,116.0,201.0,225.0,119.0,23.0,108.0,68.0,54.0,35.0,28.0,21.0,100.0,232.0,74.0,47.0,76.0,61.0,45.0,48.0,188.0,58.0,132.0,50.0,52.0,51.0,169.0,35.0,77.0,159.0,59.0,89.0,114.0,70.0,33.0,61.0,58.0,33.0,46.0,61.0,13.0,44.0,227.0,11.0,39.0,37.0,52.0,28.0,17.0,96.0,186.0,60.0,202.0,43.0,87.0,56.0,52.0,20.0,92.0,119.0,18.0,59.0,13.0,60.0,42.0,41.0,22.0,24.0,25.0,91.0,16.0,15.0,53.0,37.0,41.0,97.0,77.0,75.0,60.0,39.0,68.0,77.0,75.0,62.0,25.0,85.0
12.0,90.0,37.0,82.0,69.0,73.0,199.0,78.0,105.0,69.0,69.0,88.0,121.0,198.0,228.0,119.0,28.0,107.0,68.0,54.0,36.0,30.0,21.0,100.0,236.0,75.0,47.0,76.0,60.0,49.0,48.0,187.0,55.0,134.0,51.0,56.0,59.0,170.0,34.0,76.0,159.0,62.0,91.0,118.0,71.0,35.0,62.0,58.0,38.0,46.0,59.0,13.0,44.0,228.0,11.0,39.0,38.0,53.0,25.0,23.0,99.0,187.0,59.0,203.0,44.0,90.0,51.0,52.0,21.0,90.0,121.0,21.0,60.0,12.0,52.0,43.0,43.0,26.0,27.0,24.0,92.0,17.0,18.0,56.0,40.0,38.0,85.0,70.0,69.0,58.0,39.0,85.0,76.0,77.0,60.0,32.0,104.0
12.25,88.0,41.0,84.0,69.0,75.0,201.0,80.0,106.0,69.0,72.0,88.0,121.0,201.0,230.0,122.0,27.0,109.0,70.0,53.0,36.0,30.0,22.0,101.0,238.0,77.0,47.0,75.0,61.0,50.0,47.0,190.0,58.0,137.0,52.0,55.0,58.0,171.0,36.0,78.0,163.0,63.0,90.0,118.0,71.0,34.0,63.0,62.0,40.0,45.0,61.0,12.0,43.0,229.0,11.0,40.0,38.0,53.0,26.0,21.0,100.0,192.0,58.0,203.0,45.0,88.0,51.0,54.0,21.0,91.0,123.0,22.0,63.0,12.0,55.0,45.0,43.0,27.0,27.0,24.0,92.0,16.0,16.0,55.0,38.0,37.0,87.0,70.0,71.0,60.0,38.0,84.0,76.0,75.0,59.0,31.0,104.0
12.5,89.0,41.0,83.0,71.0,76.0,202.0,80.0,106.0,69.0,70.0,89.0,122.0,201.0,229.0,122.0,28.0,109.0,72.0,57.0,36.0,31.0,21.0,100.0,239.0,77.0,47.0,78.0,62.0,48.0,51.0,195.0,57.0,139.0,51.0,56.0,59.0,171.0,35.0,78.0,164.0,64.0,94.0,119.0,72.0,36.0,64.0,60.0,39.0,44.0,61.0,12.0,45.0,233.0,11.0,39.0,38.0,53.0,24.0,21.0,102.0,194.0,59.0,205.0,46.0,89.0,50.0,53.0,21.0,94.0,123.0,23.0,61.0,14.0,53.0,43.0,43.0,28.0,31.0,25.0,93.0,18.0,17.0,58.0,36.0,39.0,85.0,71.0,74.0,62.0,40.0,84.0,76.0,75.0,60.0,31.0,103.0
12.75,92.0,39.0,83.0,70.0,72.0,201.0,77.0,105.0,67.0,69.0,88.0,122.0,203.0,232.0,123.0,28.0,107.0,68.0,54.0,34.0,29.0,18.0,99.0,240.0,74.0,48.0,76.0,58.0,51.0,47.0,195.0,56.0,142.0,51.0,54.0,59.0,173.0,34.0,76.0,164.0,61.0,89.0,118.0,71.0,34.0,62.0,59.0,36.0,45.0,62.0,15.0,44.0,233.0,11.0,40.0,38.0,53.0,26.0,20.0,101.0,201.0,58.0,204.0,46.0,88.0,51.0,54.0,19.0,94.0,120.0,23.0,59.0,12.0,56.0,45.0,42.0,26.0,29.0,25.0,92.0,15.0,20.0,56.0,34.0,38.0,87.0,69.0,73.0,59.0,39.0,84.0,78.0,75.0,62.0,28.0,106.0
13.0,94.0,38.0,83.0,69.0,75.0,204.0,77.0,105.0,69.0,69.0,89.0,122.0,203.0,233.0,122.0,29.0,105.0,69.0,54.0,37.0,33.0,22.0,100.0,241.0,76.0,48.0,74.0,59.0,48.0,45.0,198.0,56.0,142.0,51.0,56.0,60.0,172.0,36.0,76.0,165.0,63.0,91.0,118.0,71.0,35.0,61.0,61.0,41.0,46.0,63.0,15.0,46.0,235.0,11.0,38.0,39.0,53.0,26.0,20.0,100.0,208.0,59.0,206.0,45.0,90.0,53.0,53.0,20.0,94.0,120.0,24.0,61.0,15.0,57.0,43.0,42.0,29.0,31.0,25.0,94.0,18.0,19.0,56.0,33.0,38.0,87.0,70.0,71.0,61.0,40.0,87.0,77.0,77.0,63.0,33.0,106.0
13.25,92.0,40.0,84.0,70.0,75.0,204.0,78.0,106.0,68.0,68.0,86.0,120.0,206.0,233.0,126.0,26.0,110.0,71.0,53.0,39.0,30.0,21.0,99.0,246.0,78.0,47.0,76.0,61.0,51.0,48.0,201.0,58.0,144.0,51.0,54.0,59.0,173.0,35.0,78.0,170.0,63.0,91.0,120.0,72.0,35.0,62.0,58.0,36.0,45.0,61.0,14.0,43.0,237.0,11.0,41.0,38.0,54.0,26.0,19.0,99.0,207.0,59.0,207.0,45.0,91.0,49.0,52.0,20.0,90.0,123.0,22.0,60.0,11.0,54.0,46.0,42.0,29.0,29.0,23.0,91.0,17.0,18.0,54.0,31.0,36.0,87.0,68.0,74.0,59.0,38.0,82.0,77.0,74.0,61.0,30.0,100.0
13.5,95.0,40.0,86.0,72.0,76.0,205.0,76.0,105.0,69.0,70.0,87.0,122.0,206.0,234.0,127.0,29.0,106.0,69.0,53.0,36.0,31.0,21.0,102.0,246.0,78.0,47.0,77.0,61.0,50.0,48.0,200.0,56.0,147.0,52.0,55.0,59.0,172.0,35.0,77.0,169.0,65.0,93.0,120.0,72.0,35.0,62.0,62.0,38.0,45.0,62.0,14.0,46.0,239.0,11.0,41.0,39.0,53.0,24.0,21.0,100.0,214.0,60.0,206.0,45.0,91.0,51.0,56.0,22.0,94.0,122.0,22.0,60.0,13.0,58.0,45.0,43.0,33.0,29.0,24.0,93.0,16.0,17.0,57.0,30.0,39.0,88.0,71.0,71.0,60.0,40.0,83.0,79.0,77.0,65.0,32.0,106.0
13.75,92.0,38.0,83.0,70.0,74.0,202.0,75.0,104.0,68.0,69.0,87.0,122.0,207.0,234.0,124.0,29.0,107.0,69.0,50.0,34.0,31.0,22.0,101.0,246.0,75.0,45.0,76.0,60.0,50.0,46.0,203.0,55.0,149.0,51.0,56.0,58.0,172.0,35.0,77.0,169.0,62.0,91.0,120.0,71.0,34.0,60.0,58.0,38.0,45.0,60.0,13.0,43.0,238.0,11.0,38.0,38.0,52.0,24.0,20.0,100.0,215.0,57.0,208.0,45.0,89.0,51.0,52.0,21.0,92.0,119.0,22.0,59.0,12.0,55.0,43.0,42.0,34.0,28.0,25.0,91.0,18.0,16.0,53.0,29.0,37.0,86.0,70.0,72.0,60.0,38.0,85.0,77.0,74.0,63.0,33.0,105.0
14.0,94.0,38.0,82.0,68.0,74.0,206.0,73.0,104.0,68.0,69.0,86.0,122.0,208.0,236.0,126.0,29.0,105.0,67.0,52.0,37.0,32.0,21.0,100.0,251.0,74.0,46.0,74.0,59.0,49.0,45.0,204.0,56.0,153.0,50.0,56.0,57.0,174.0,35.0,76.0,172.0,62.0,91.0,120.0,71.0,35.0,60.0,58.0,38.0,46.0,61.0,12.0,43.0,242.0,11.0,39.0,39.0,53.0,25.0,21.0,99.0,221.0,58.0,207.0,47.0,88.0,52.0,53.0,20.0,92.0,122.0,24.0,61.0,13.0,56.0,45.0,43.0,35.0,28.0,25.0,92.0,16.0,17.0,58.0,29.0,38.0,86.0,70.0,72.0,62.0,40.0,85.0,77.0,76.0,62.0,32.0,106.0
14.25,92.0,41.0,84.0,69.0,75.0,206.0,77.0,103.0,68.0,66.0,86.0,121.0,209.0,237.0,130.0,28.0,106.0,69.0,54.0,35.0,29.0,19.0,101.0,251.0,75.0,46.0,76.0,61.0,51.0,49.0,207.0,56.0,153.0,50.0,55.0,59.0,174.0,36.0,78.0,176.0,63.0,93.0,121.0,72.0,35.0,63.0,58.0,37.0,46.0,62.0,12.0,45.0,242.0,11.0,40.0,39.0,51.0,25.0,18.0,99.0,219.0,57.0,209.0,46.0,88.0,50.0,53.0,20.0,92.0,123.0,21.0,59.0,11.0,57.0,45.0,41.0,35.0,28.0,24.0,91.0,16.0,17.0,53.0,26.0,35.0,87.0,69.0,71.0,58.0,39.0,80.0,78.0,73.0,60.0,31.0,104.0
14.5,93.0,39.0,86.0,72.0,78.0,209.0,76.0,105.0,70.0,69.0,88.0,125.0,210.0,237.0,131.0,29.0,109.0,71.0,54.0,37.0,32.0,23.0,102.0,254.0,77.0,49.0,79.0,62.0,53.0,51.0,211.0,58.0,156.0,52.0,58.0,61.0,175.0,38.0,80.0,179.0,67.0,96.0,121.0,75.0,36.0,64.0,61.0,40.0,47.0,63.0,13.0,46.0,243.0,12.0,41.0,39.0,54.0,25.0,22.0,101.0,225.0,60.0,212.0,47.0,91.0,50.0,57.0,21.0,92.0,123.0,25.0,61.0,15.0,55.0,47.0,45.0,39.0,29.0,28.0,95.0,18.0,19.0,57.0,27.0,37.0,87.0,70.0,72.0,59.0,40.0,86.0,79.0,76.0,64.0,32.0,107.0
14.75,91.0,39.0,84.0,71.0,73.0,208.0,73.0,104.0,69.0,67.0,86.0,123.0,211.0,240.0,132.0,28.0,104.0,68.0,52.0,37.0,32.0,22.0,100.0,255.0,76.0,46.0,77.0,61.0,50.0,47.0,211.0,57.0,157.0,51.0,57.0,61.0,172.0,36.0,76.0,177.0,63.0,92.0,120.0,72.0,34.0,63.0,57.0,39.0,47.0,62.0,14.0,44.0,245.0,12.0,40.0,41.0,53.0,24.0,21.0,98.0,228.0,59.0,209.0,46.0,88.0,50.0,55.0,20.0,92.0,123.0,22.0,60.0,13.0,58.0,45.0,42.0,42.0,30.0,25.0,94.0,15.0,17.0,54.0,29.0,37.0,87.0,69.0,71.0,59.0,39.0,85.0,77.0,76.0,64.0,32.0,108.0
15.0,92.0,40.0,84.0,68.0,74.0,209.0,72.0,102.0,68.0,66.0,84.0,120.0,211.0,240.0,132.0,28.0,106.0,68.0,51.0,36.0,30.0,19.0,97.0,256.0,75.0,45.0,76.0,59.0,50.0,48.0,211.0,57.0,158.0,52.0,55.0,58.0,171.0,35.0,78.0,178.0,63.0,93.0,121.0,72.0,34.0,62.0,56.0,37.0,44.0,59.0,12.0,44.0,244.0,11.0,38.0,40.0,54.0,23.0,19.0,99.0,230.0,58.0,211.0,44.0,90.0,51.0,54.0,21.0,92.0,121.0,21.0,60.0,11.0,55.0,43.0,41.0,40.0,28.0,25.0,91.0,15.0,17.0,52.0,26.0,34.0,84.0,68.0,70.0,57.0,37.0,81.0,78.0,75.0,61.0,29.0,104.0
15.25,94.0,42.0,87.0,71.0,73.0,211.0,75.0,102.0,70.0,67.0,87.0,122.0,214.0,240.0,131.0,30.0,104.0,69.0,52.0,39.0,32.0,20.0,100.0,257.0,75.0,45.0,79.0,61.0,50.0,49.0,215.0,58.0,160.0,51.0,57.0,60.0,174.0,35.0,78.0,179.0,65.0,94.0,122.0,73.0,37.0,62.0,58.0,39.0,44.0,63.0,14.0,45.0,246.0,11.0,42.0,41.0,55.0,25.0,21.0,100.0,235.0,58.0,213.0,47.0,91.0,52.0,54.0,21.0,94.0,123.0,22.0,61.0,15.0,58.0,43.0,42.0,45.0,31.0,27.0,94.0,19.0,19.0,56.0,28.0,37.0,87.0,70.0,73.0,58.0,40.0,84.0,79.0,77.0,64.0,32.0,107.0
15.5,92.0,41.0,84.0,71.0,74.0,210.0,73.0,100.0,67.0,63.0,86.0,121.0,215.0,239.0,134.0,27.0,104.0,68.0,52.0,34.0,30.0,19.0,99.0,258.0,75.0,46.0,77.0,59.0,51.0,48.0,216.0,55.0,160.0,51.0,55.0,58.0,172.0,34.0,80.0,183.0,65.0,95.0,120.0,71.0,33.0,61.0,58.0,37.0,43.0,59.0,14.0,44.0,246.0,11.0,40.0,38.0,52.0,24.0,18.0,99.0,234.0,56.0,213.0,45.0,91.0,49.0,53.0,19.0,92.0,122.0,21.0,57.0,11.0,53.0,42.0,41.0,41.0,26.0,24.0,90.0,15.0,17.0,54.0,28.0,35.0,85.0,68.0,71.0,59.0,37.0,81.0,75.0,72.0,63.0,29.0,104.0
15.75,97.0,42.0,86.0,70.0,75.0,212.0,72.0,102.0,69.0,67.0,87.0,122.0,217.0,239.0,135.0,30.0,103.0,69.0,53.0,37.0,31.0,23.0,101.0,261.0,77.0,45.0,78.0,60.0,51.0,47.0,217.0,58.0,165.0,53.0,56.0,60.0,173.0,38.0,77.0,182.0,64.0,97.0,123.0,72.0,35.0,63.0,60.0,39.0,46.0,63.0,14.0,47.0,248.0,11.0,41.0,39.0,54.0,25.0,22.0,97.0,241.0,59.0,213.0,47.0,92.0,54.0,57.0,21.0,94.0,123.0,25.0,60.0,13.0,59.0,44.0,45.0,49.0,30.0,27.0,95.0,17.0,20.0,56.0,32.0,39.0,88.0,71.0,71.0,59.0,42.0,82.0,76.0,78.0,67.0,33.0,105.0
16.0,93.0,39.0,87.0,72.0,77.0,213.0,72.0,100.0,70.0,67.0,86.0,122.0,216.0,240.0,135.0,30.0,105.0,69.0,52.0,37.0,32.0,21.0,99.0,261.0,78.0,44.0,77.0,61.0,50.0,50.0,220.0,58.0,166.0,52.0,56.0,60.0,175.0,36.0,79.0,187.0,66.0,95.0,123.0,73.0,37.0,63.0,59.0,40.0,45.0,62.0,14.0,46.0,249.0,11.0,41.0,40.0,56.0,25.0,20.0,99.0,242.0,59.0,214.0,44.0,93.0,50.0,53.0,20.0,93.0,125.0,23.0,59.0,13.0,57.0,45.0,42.0,48.0,28.0,25.0,94.0,17.0,20.0,51.0,32.0,38.0,85.0,69.0,73.0,60.0,38.0,83.0,78.0,75.0,63.0,32.0,109.0
16.25,96.0,40.0,87.0,72.0,76.0,213.0,71.0,100.0,69.0,63.0,85.0,121.0,217.0,242.0,139.0,31.0,103.0,67.0,52.0,38.0,33.0,24.0,99.0,263.0,76.0,44.0,77.0,61.0,51.0,49.0,220.0,59.0,168.0,52.0,59.0,60.0,174.0,37.0,79.0,185.0,64.0,96.0,123.0,71.0,34.0,62.0,59.0,41.0,47.0,63.0,14.0,46.0,250.0,11.0,42.0,39.0,53.0,23.0,20.0,98.0,245.0,60.0,215.0,45.0,92.0,51.0,56.0,20.0,92.0,123.0,26.0,59.0,13.0,58.0,46.0,41.0,51.0,29.0,26.0,93.0,16.0,20.0,54.0,33.0,37.0,86.0,69.0,72.0,61.0,40.0,84.0,76.0,77.0,65.0,32.0,107.0
16.5,97.0,43.0,90.0,74.0,75.0,215.0,73.0,102.0,71.0,67.0,86.0,123.0,220.0,243.0,139.0,31.0,105.0,71.0,54.0,39.0,33.0,22.0,101.0,266.0,77.0,48.0,80.0,63.0,53.0,51.0,223.0,62.0,170.0,54.0,58.0,61.0,175.0,37.0,81.0,191.0,67.0,98.0,124.0,76.0,37.0,66.0,60.0,40.0,48.0,65.0,17.0,48.0,252.0,13.0,43.0,42.0,55.0,28.0,22.0,99.0,246.0,61.0,216.0,49.0,94.0,54.0,57.0,24.0,95.0,125.0,26.0,60.0,15.0,61.0,47.0,42.0,54.0,28.0,25.0,94.0,19.0,20.0,55.0,34.0,38.0,88.0,71.0,74.0,62.0,41.0,81.0,79.0,77.0,66.0,33.0,107.0
16.75,95.0,39.0,87.0,72.0,74.0,214.0,70.0,98.0,69.0,64.0,84.0,122.0,221.0,242.0,135.0,30.0,101.0,66.0,51.0,38.0,31.0,21.0,98.0,264.0,76.0,45.0,78.0,61.0,49.0,47.0,224.0,58.0,170.0,51.0,56.0,58.0,175.0,37.0,78.0,186.0,65.0,95.0,123.0,70.0,35.0,62.0,58.0,38.0,46.0,64.0,16.0,47.0,252.0,11.0,42.0,41.0,55.0,25.0,21.0,98.0,249.0,59.0,216.0,49.0,92.0,54.0,55.0,22.0,94.0,124.0,23.0,59.0,15.0,60.0,45.0,45.0,56.0,27.0,27.0,95.0,19.0,21.0,54.0,35.0,37.0,88.0,70.0,72.0,59.0,39.0,82.0,79.0,77.0,68.0,32.0,106.0
17.0,93.0,41.0,87.0,71.0,73.0,211.0,68.0,92.0,67.0,59.0,81.0,118.0,223.0,241.0,139.0,29.0,99.0,65.0,51.0,34.0,31.0,17.0,97.0,265.0,77.0,46.0,80.0,62.0,51.0,47.0,227.0,59.0,174.0,51.0,54.0,54.0,173.0,37.0,77.0,187.0,62.0,95.0,120.0,72.0,37.0,58.0,55.0,32.0,49.0,64.0,15.0,46.0,251.0,11.0,41.0,39.0,55.0,25.0,18.0,93.0,252.0,60.0,214.0,46.0,92.0,55.0,56.0,20.0,93.0,123.0,19.0,59.0,12.0,60.0,45.0,42.0,55.0,27.0,27.0,97.0,17.0,19.0,52.0,30.0,39.0,92.0,74.0,74.0,59.0,38.0,73.0,76.0,75.0,66.0,29.0,96.0
17.25,97.0,40.0,88.0,71.0,76.0,217.0,69.0,100.0,70.0,64.0,85.0,124.0,220.0,245.0,140.0,31.0,101.0,68.0,53.0,40.0,32.0,22.0,99.0,266.0,79.0,45.0,80.0,61.0,51.0,49.0,226.0,59.0,174.0,51.0,56.0,59.0,175.0,37.0,79.0,191.0,69.0,96.0,125.0,72.0,36.0,64.0,58.0,40.0,46.0,62.0,15.0,48.0,253.0,14.0,43.0,40.0,55.0,26.0,23.0,98.0,254.0,59.0,218.0,48.0,92.0,54.0,57.0,22.0,94.0,125.0,26.0,61.0,12.0,60.0,46.0,44.0,56.0,29.0,28.0,96.0,18.0,20.0,54.0,37.0,39.0,86.0,70.0,73.0,59.0,41.0,84.0,78.0,77.0,66.0,33.0,106.0
17.5,97.0,43.0,89.0,73.0,77.0,218.0,69.0,99.0,69.0,64.0,86.0,122.0,223.0,246.0,141.0,31.0,102.0,69.0,51.0,37.0,34.0,22.0,101.0,268.0,78.0,45.0,80.0,61.0,52.0,48.0,228.0,59.0,176.0,53.0,56.0,60.0,174.0,38.0,80.0,195.0,69.0,98.0,124.0,72.0,38.0,64.0,59.0,39.0,46.0,65.0,16.0,47.0,255.0,11.0,42.0,41.0,56.0,25.0,21.0,98.0,255.0,59.0,219.0,49.0,94.0,53.0,58.0,23.0,95.0,126.0,23.0,59.0,15.0,58.0,46.0,42.0,60.0,29.0,27.0,95.0,17.0,21.0,55.0,38.0,40.0,87.0,69.0,73.0,59.0,42.0,83.0,78.0,75.0,67.0,33.0,108.0
17.75,97.0,43.0,88.0,73.0,77.0,219.0,70.0,97.0,70.0,62.0,84.0,123.0,223.0,244.0,141.0,30.0,99.0,66.0,52.0,38.0,33.0,20.0,99.0,269.0,78.0,44.0,78.0,61.0,51.0,48.0,230.0,59.0,178.0,54.0,56.0,60.0,174.0,37.0,79.0,195.0,67.0,97.0,124.0,70.0,37.0,63.0,58.0,40.0,47.0,62.0,15.0,47.0,254.0,11.0,43.0,42.0,53.0,25.0,22.0,98.0,257.0,60.0,221.0,49.0,93.0,52.0,58.0,21.0,93.0,125.0,24.0,59.0,13.0,59.0,47.0,44.0,61.0,28.0,28.0,95.0,19.0,19.0,56.0,37.0,38.0,86.0,70.0,74.0,58.0,40.0,82.0,77.0,76.0,66.0,33.0,108.0
18.0,96.0,42.0,89.0,73.0,75.0,219.0,70.0,94.0,71.0,64.0,84.0,121.0,223.0,245.0,143.0,31.0,99.0,66.0,51.0,37.0,33.0,20.0,99.0,270.0,79.0,47.0,80.0,61.0,52.0,47.0,229.0,61.0,180.0,52.0,59.0,59.0,175.0,38.0,79.0,197.0,67.0,97.0,124.0,71.0,35.0,64.0,59.0,41.0,47.0,66.0,14.0,48.0,256.0,11.0,43.0,40.0,56.0,25.0,20.0,99.0,259.0,60.0,220.0,49.0,95.0,52.0,59.0,21.0,96.0,126.0,23.0,62.0,12.0,59.0,47.0,44.0,62.0,29.0,27.0,97.0,17.0,20.0,56.0,39.0,38.0,86.0,69.0,73.0,60.0,41.0,84.0,77.0,77.0,65.0,32.0,108.0
18.25,96.0,42.0,86.0,70.0,77.0,218.0,69.0,92.0,69.0,63.0,84.0,122.0,226.0,245.0,141.0,30.0,97.0,64.0,51.0,37.0,32.0,21.0,98.0,270.0,79.0,44.0,79.0,61.0,52.0,48.0,230.0,59.0,180.0,52.0,57.0,59.0,177.0,38.0,78.0,197.0,66.0,96.0,121.0,70.0,35.0,62.0,58.0,40.0,48.0,64.0,16.0,47.0,256.0,11.0,40.0,41.0,57.0,25.0,22.0,96.0,262.0,61.0,221.0,47.0,94.0,54.0,57.0,20.0,95.0,126.0,22.0,60.0,14.0,61.0,46.0,44.0,67.0,26.0,27.0,95.0,18.0,19.0,54.0,38.0,37.0,87.0,69.0,73.0,60.0,41.0,83.0,77.0,77.0,65.0,33.0,107.0
18.5,99.0,42.0,88.0,72.0,76.0,221.0,69.0,93.0,70.0,63.0,83.0,124.0,225.0,248.0,144.0,33.0,100.0,67.0,51.0,39.0,35.0,22.0,99.0,271.0,78.0,45.0,79.0,61.0,52.0,51.0,232.0,59.0,183.0,56.0,58.0,61.0,176.0,41.0,80.0,200.0,68.0,97.0,124.0,72.0,38.0,65.0,59.0,40.0,47.0,65.0,16.0,49.0,258.0,11.0,42.0,43.0,55.0,27.0,23.0,100.0,262.0,60.0,222.0,48.0,97.0,51.0,58.0,23.0,95.0,128.0,25.0,59.0,15.0,61.0,45.0,45.0,66.0,28.0,27.0,96.0,18.0,20.0,55.0,40.0,39.0,86.0,70.0,74.0,60.0,41.0,83.0,78.0,78.0,68.0,35.0,111.0
18.75,97.0,42.0,88.0,72.0,76.0,222.0,66.0,94.0,69.0,64.0,81.0,123.0,228.0,247.0,146.0,31.0,96.0,67.0,51.0,41.0,35.0,22.0,99.0,269.0,80.0,45.0,83.0,62.0,53.0,49.0,234.0,61.0,184.0,53.0,58.0,61.0,176.0,39.0,83.0,200.0,68.0,96.0,124.0,73.0,39.0,62.0,58.0,42.0,48.0,65.0,16.0,49.0,258.0,12.0,43.0,43.0,55.0,28.0,23.0,99.0,264.0,61.0,223.0,49.0,94.0,54.0,59.0,23.0,94.0,128.0,25.0,57.0,14.0,61.0,45.0,45.0,69.0,29.0,28.0,98.0,19.0,20.0,53.0,38.0,39.0,88.0,72.0,75.0,60.0,42.0,83.0,75.0,78.0,66.0,34.0,109.0
19.0,99.0,44.0,92.0,73.0,75.0,219.0,66.0,86.0,66.0,54.0,77.0,118.0,234.0,245.0,149.0,29.0,94.0,62.0,48.0,36.0,32.0,20.0,97.0,269.0,79.0,45.0,82.0,64.0,50.0,48.0,238.0,59.0,185.0,51.0,52.0,50.0,175.0,41.0,80.0,199.0,61.0,97.0,120.0,68.0,36.0,60.0,57.0,32.0,51.0,68.0,16.0,50.0,259.0,11.0,42.0,40.0,55.0,26.0,19.0,94.0,263.0,65.0,221.0,48.0,93.0,61.0,56.0,20.0,93.0,124.0,22.0,56.0,14.0,68.0,45.0,45.0,67.0,25.0,28.0,98.0,18.0,19.0,51.0,31.0,42.0,97.0,77.0,81.0,63.0,43.0,64.0,75.0,75.0,68.0,27.0,92.0
19.25,99.0,45.0,89.0,71.0,75.0,223.0,68.0,89.0,69.0,60.0,79.0,123.0,228.0,247.0,144.0,32.0,95.0,64.0,50.0,38.0,32.0,21.0,98.0,270.0,79.0,44.0,79.0,60.0,49.0,47.0,237.0,60.0,185.0,53.0,55.0,60.0,173.0,37.0,80.0,201.0,68.0,95.0,122.0,69.0,36.0,62.0,57.0,38.0,47.0,65.0,15.0,47.0,259.0,11.0,41.0,41.0,56.0,26.0,23.0,98.0,268.0,60.0,224.0,50.0,96.0,53.0,57.0,23.0,94.0,125.0,24.0,58.0,16.0,62.0,46.0,44.0,71.0,28.0,28.0,96.0,18.0,20.0,54.0,37.0,39.0,88.0,71.0,75.0,59.0,40.0,79.0,78.0,79.0,67.0,33.0,106.0
19.5,96.0,45.0,89.0,75.0,78.0,225.0,67.0,89.0,69.0,62.0,81.0,121.0,228.0,247.0,148.0,33.0,98.0,67.0,52.0,42.0,34.0,20.0,99.0,273.0,78.0,45.0,80.0,63.0,52.0,51.0,237.0,58.0,187.0,53.0,57.0,62.0,176.0,37.0,82.0,205.0,68.0,98.0,125.0,72.0,37.0,65.0,58.0,39.0,47.0,66.0,15.0,48.0,260.0,13.0,42.0,42.0,55.0,25.0,21.0,100.0,266.0,59.0,225.0,48.0,96.0,52.0,57.0,22.0,95.0,127.0,24.0,59.0,12.0,61.0,44.0,43.0,72.0,30.0,28.0,96.0,18.0,20.0,55.0,41.0,37.0,85.0,70.0,73.0,60.0,40.0,80.0,76.0,74.0,65.0,34.0,107.0
19.75,98.0,47.0,91.0,77.0,80.0,227.0,70.0,92.0,71.0,64.0,82.0,122.0,230.0,250.0,150.0,32.0,97.0,68.0,53.0,40.0,35.0,20.0,99.0,274.0,81.0,45.0,80.0,63.0,54.0,51.0,239.0,62.0,188.0,55.0,58.0,62.0,176.0,41.0,83.0,207.0,68.0,102.0,126.0,74.0,37.0,68.0,61.0,40.0,46.0,66.0,15.0,50.0,262.0,11.0,42.0,44.0,55.0,24.0,22.0,100.0,268.0,62.0,228.0,50.0,95.0,52.0,57.0,22.0,95.0,129.0,25.0,58.0,13.0,60.0,48.0,44.0,73.0,29.0,26.0,98.0,18.0,22.0,53.0,44.0,36.0,84.0,71.0,77.0,62.0,42.0,80.0,80.0,77.0,68.0,33.0,109.0
20.0,99.0,42.0,88.0,72.0,76.0,224.0,66.0,85.0,67.0,59.0,79.0,122.0,230.0,248.0,147.0,32.0,91.0,63.0,47.0,38.0,32.0,19.0,99.0,272.0,79.0,42.0,79.0,61.0,52.0,47.0,239.0,58.0,188.0,52.0,57.0,61.0,174.0,36.0,76.0,204.0,65.0,96.0,123.0,68.0,35.0,63.0,56.0,37.0,47.0,64.0,15.0,48.0,261.0,11.0,42.0,41.0,55.0,25.0,22.0,97.0,270.0,58.0,224.0,47.0,93.0,51.0,56.0,22.0,94.0,125.0,22.0,57.0,15.0,59.0,43.0,43.0,74.0,26.0,25.0,97.0,17.0,19.0,52.0,39.0,37.0,85.0,69.0,73.0,59.0,40.0,80.0,74.0,77.0,66.0,32.0,108.0
20.25,99.0,47.0,90.0,76.0,78.0,227.0,68.0,91.0,72.0,62.0,81.0,122.0,231.0,250.0,151.0,34.0,95.0,66.0,52.0,39.0,35.0,23.0,101.0,276.0,82.0,44.0,83.0,62.0,54.0,49.0,240.0,62.0,192.0,55.0,58.0,62.0,176.0,39.0,81.0,209.0,71.0,98.0,125.0,70.0,39.0,67.0,60.0,42.0,50.0,67.0,18.0,51.0,262.0,12.0,43.0,44.0,57.0,26.0,24.0,100.0,271.0,61.0,228.0,51.0,98.0,53.0,60.0,23.0,97.0,129.0,27.0,61.0,15.0,63.0,49.0,46.0,76.0,31.0,28.0,99.0,21.0,21.0,57.0,44.0,38.0,87.0,71.0,75.0,61.0,44.0,82.0,79.0,77.0,69.0,35.0,111.0
20.5,100.0,43.0,89.0,71.0,77.0,226.0,61.0,83.0,69.0,61.0,80.0,124.0,230.0,248.0,148.0,32.0,89.0,61.0,46.0,38.0,34.0,22.0,99.0,273.0,80.0,41.0,78.0,60.0,50.0,46.0,240.0,58.0,193.0,52.0,58.0,59.0,175.0,39.0,76.0,205.0,67.0,93.0,124.0,65.0,37.0,62.0,57.0,39.0,48.0,66.0,15.0,48.0,260.0,14.0,41.0,42.0,57.0,26.0,24.0,99.0,276.0,60.0,228.0,49.0,96.0,53.0,57.0,23.0,95.0,127.0,25.0,59.0,16.0,63.0,47.0,48.0,82.0,27.0,27.0,98.0,19.0,21.0,53.0,43.0,38.0,85.0,70.0,74.0,60.0,43.0,83.0,75.0,78.0,71.0,35.0,111.0
20.75,99.0,44.0,88.0,75.0,76.0,227.0,64.0,85.0,70.0,61.0,78.0,123.0,233.0,250.0,150.0,35.0,91.0,64.0,50.0,39.0,37.0,22.0,100.0,273.0,80.0,42.0,79.0,62.0,51.0,49.0,242.0,60.0,192.0,53.0,58.0,61.0,174.0,38.0,79.0,207.0,68.0,95.0,124.0,68.0,36.0,65.0,57.0,41.0,46.0,65.0,17.0,48.0,263.0,14.0,44.0,41.0,56.0,28.0,24.0,97.0,274.0,60.0,227.0,50.0,96.0,52.0,57.0,23.0,95.0,129.0,26.0,61.0,14.0,61.0,46.0,45.0,80.0,29.0,27.0,97.0,20.0,19.0,55.0,43.0,38.0,86.0,68.0,74.0,61.0,41.0,83.0,76.0,77.0,69.0,36.0,111.0
21.0,100.0,44.0,89.0,72.0,76.0,227.0,63.0,83.0,69.0,60.0,77.0,123.0,234.0,249.0,148.0,32.0,90.0,61.0,48.0,37.0,33.0,21.0,98.0,273.0,80.0,42.0,79.0,59.0,50.0,45.0,241.0,58.0,192.0,53.0,56.0,59.0,174.0,40.0,78.0,207.0,68.0,94.0,122.0,65.0,35.0,63.0,54.0,39.0,47.0,65.0,16.0,48.0,262.0,13.0,42.0,40.0,55.0,27.0,21.0,99.0,276.0,60.0,229.0,49.0,96.0,53.0,60.0,23.0,95.0,127.0,23.0,58.0,14.0,61.0,46.0,45.0,83.0,26.0,26.0,98.0,19.0,19.0,53.0,40.0,38.0,86.0,71.0,73.0,61.0,40.0,84.0,74.0,77.0,70.0,32.0,110.0
21.25,97.0,43.0,89.0,72.0,76.0,229.0,64.0,82.0,67.0,60.0,77.0,122.0,232.0,249.0,149.0,32.0,87.0,61.0,45.0,37.0,36.0,22.0,97.0,274.0,79.0,40.0,78.0,58.0,48.0,47.0,241.0,59.0,195.0,52.0,56.0,60.0,174.0,37.0,77.0,207.0,67.0,90.0,121.0,64.0,34.0,62.0,56.0,39.0,48.0,64.0,14.0,47.0,263.0,11.0,42.0,40.0,54.0,25.0,21.0,100.0,276.0,61.0,229.0,48.0,94.0,53.0,58.0,20.0,93.0,126.0,22.0,59.0,13.0,60.0,46.0,44.0,82.0,27.0,25.0,97.0,19.0,19.0,54.0,41.0,37.0,83.0,69.0,74.0,60.0,42.0,83.0,72.0,79.0,69.0,33.0,109.0
21.5,101.0,40.0,89.0,74.0,77.0,229.0,64.0,82.0,68.0,57.0,77.0,123.0,235.0,250.0,149.0,33.0,89.0,61.0,45.0,38.0,34.0,20.0,97.0,273.0,80.0,42.0,80.0,61.0,49.0,47.0,245.0,60.0,196.0,53.0,56.0,59.0,173.0,38.0,78.0,209.0,68.0,94.0,123.0,64.0,38.0,63.0,58.0,39.0,47.0,65.0,16.0,48.0,264.0,11.0,43.0,41.0,56.0,24.0,21.0,99.0,279.0,60.0,228.0,49.0,95.0,53.0,58.0,22.0,97.0,128.0,24.0,60.0,15.0,63.0,46.0,44.0,85.0,29.0,28.0,100.0,17.0,18.0,52.0,42.0,37.0,84.0,71.0,74.0,62.0,43.0,84.0,75.0,77.0,70.0,33.0,110.0
21.75,98.0,46.0,90.0,73.0,76.0,229.0,63.0,84.0,68.0,58.0,73.0,121.0,234.0,251.0,153.0,33.0,88.0,60.0,48.0,39.0,35.0,21.0,99.0,275.0,79.0,42.0,80.0,62.0,49.0,46.0,245.0,59.0,196.0,51.0,56.0,59.0,174.0,37.0,76.0,212.0,67.0,92.0,123.0,65.0,37.0,63.0,54.0,39.0,47.0,65.0,17.0,48.0,263.0,12.0,43.0,41.0,55.0,26.0,22.0,98.0,278.0,58.0,230.0,50.0,94.0,52.0,58.0,21.0,95.0,128.0,22.0,57.0,14.0,61.0,45.0,45.0,82.0,29.0,26.0,95.0,18.0,20.0,53.0,43.0,35.0,86.0,69.0,74.0,59.0,41.0,79.0,72.0,77.0,70.0,33.0,106.0
22.0,98.0,47.0,88.0,75.0,77.0,231.0,64.0,80.0,68.0,57.0,77.0,124.0,234.0,251.0,154.0,35.0,89.0,61.0,50.0,39.0,35.0,20.0,98.0,275.0,80.0,42.0,82.0,62.0,51.0,49.0,247.0,59.0,199.0,55.0,57.0,60.0,174.0,38.0,79.0,214.0,69.0,94.0,125.0,65.0,37.0,63.0,56.0,40.0,46.0,66.0,16.0,48.0,266.0,11.0,43.0,42.0,58.0,25.0,22.0,100.0,279.0,60.0,231.0,49.0,94.0,53.0,60.0,22.0,96.0,128.0,25.0,58.0,15.0,61.0,46.0,45.0,86.0,28.0,27.0,98.0,18.0,18.0,54.0,44.0,37.0,84.0,69.0,75.0,59.0,43.0,82.0,77.0,77.0,67.0,34.0,111.0
22.25,98.0,45.0,93.0,74.0,77.0,232.0,62.0,80.0,70.0,57.0,76.0,122.0,236.0,253.0,155.0,32.0,90.0,63.0,48.0,37.0,35.0,18.0,96.0,276.0,80.0,42.0,81.0,60.0,49.0,47.0,247.0,59.0,200.0,53.0,57.0,59.0,175.0,39.0,80.0,216.0,68.0,94.0,126.0,66.0,37.0,66.0,55.0,38.0,46.0,68.0,17.0,49.0,266.0,12.0,43.0,41.0,55.0,25.0,20.0,101.0,279.0,59.0,232.0,50.0,97.0,53.0,57.0,20.0,96.0,128.0,24.0,58.0,13.0,61.0,47.0,42.0,85.0,28.0,25.0,98.0,17.0,18.0,54.0,43.0,35.0,86.0,69.0,74.0,61.0,42.0,80.0,75.0,77.0,68.0,33.0,108.0
22.5,100.0,44.0,89.0,73.0,76.0,230.0,63.0,78.0,66.0,56.0,76.0,122.0,235.0,250.0,154.0,32.0,88.0,62.0,48.0,37.0,36.0,20.0,98.0,274.0,78.0,41.0,81.0,60.0,50.0,48.0,246.0,59.0,202.0,53.0,57.0,59.0,175.0,36.0,78.0,214.0,69.0,91.0,124.0,65.0,36.0,65.0,57.0,40.0,48.0,64.0,15.0,50.0,266.0,11.0,42.0,41.0,57.0,24.0,20.0,101.0,280.0,58.0,232.0,50.0,94.0,52.0,59.0,21.0,96.0,127.0,24.0,60.0,13.0,61.0,47.0,44.0,87.0,27.0,27.0,98.0,17.0,19.0,52.0,42.0,35.0,85.0,71.0,72.0,60.0,41.0,80.0,73.0,75.0,69.0,33.0,108.0
22.75,101.0,45.0,90.0,76.0,79.0,235.0,62.0,79.0,68.0,60.0,74.0,123.0,236.0,252.0,156.0,34.0,88.0,60.0,48.0,38.0,35.0,20.0,97.0,275.0,81.0,42.0,83.0,62.0,49.0,47.0,248.0,60.0,204.0,54.0,56.0,62.0,175.0,39.0,81.0,214.0,70.0,92.0,125.0,66.0,38.0,65.0,55.0,39.0,49.0,68.0,15.0,50.0,268.0,12.0,44.0,41.0,57.0,25.0,21.0,103.0,282.0,59.0,233.0,49.0,98.0,52.0,57.0,24.0,97.0,128.0,25.0,59.0,15.0,62.0,47.0,43.0,87.0,30.0,28.0,100.0,19.0,19.0,55.0,43.0,37.0,87.0,70.0,73.0,61.0,43.0,83.0,75.0,78.0,69.0,34.0,111.0
23.0,100.0,45.0,89.0,72.0,75.0,231.0,60.0,74.0,66.0,55.0,73.0,118.0,239.0,252.0,154.0,33.0,83.0,59.0,44.0,37.0,33.0,19.0,97.0,275.0,79.0,41.0,84.0,60.0,49.0,47.0,250.0,59.0,204.0,54.0,55.0,58.0,174.0,39.0,76.0,212.0,69.0,91.0,123.0,62.0,37.0,62.0,56.0,38.0,50.0,67.0,18.0,49.0,266.0,12.0,43.0,40.0,57.0,24.0,22.0,101.0,282.0,61.0,230.0,51.0,96.0,52.0,57.0,22.0,96.0,126.0,24.0,58.0,13.0,65.0,47.0,46.0,88.0,27.0,29.0,98.0,19.0,19.0,52.0,40.0,38.0,89.0,69.0,74.0,61.0,42.0,78.0,73.0,78.0,70.0,33.0,107.0
23.25,99.0,45.0,91.0,72.0,77.0,234.0,59.0,76.0,67.0,57.0,75.0,123.0,238.0,252.0,155.0,34.0,84.0,61.0,48.0,41.0,35.0,20.0,97.0,277.0,82.0,42.0,85.0,61.0,49.0,48.0,249.0,61.0,205.0,54.0,58.0,62.0,174.0,40.0,78.0,214.0,68.0,89.0,123.0,63.0,36.0,64.0,55.0,41.0,48.0,67.0,18.0,49.0,266.0,13.0,43.0,43.0,57.0,27.0,22.0,104.0,282.0,61.0,234.0,51.0,98.0,52.0,58.0,23.0,97.0,129.0,23.0,58.0,17.0,63.0,46.0,44.0,89.0,26.0,28.0,99.0,20.0,21.0,53.0,45.0,38.0,85.0,70.0,74.0,62.0,42.0,82.0,75.0,81.0,71.0,35.0,112.0
23.5,99.0,45.0,91.0,73.0,77.0,234.0,60.0,73.0,63.0,56.0,71.0,120.0,240.0,252.0,155.0,33.0,84.0,58.0,47.0,39.0,35.0,19.0,95.0,275.0,77.0,40.0,87.0,59.0,47.0,48.0,249.0,60.0,205.0,52.0,53.0,59.0,172.0,38.0,77.0,216.0,67.0,89.0,125.0,62.0,36.0,63.0,55.0,39.0,47.0,65.0,16.0,48.0,268.0,11.0,43.0,42.0,55.0,26.0,20.0,105.0,282.0,57.0,233.0,49.0,95.0,52.0,56.0,21.0,93.0,128.0,23.0,57.0,14.0,63.0,47.0,44.0,89.0,28.0,26.0,99.0,19.0,20.0,51.0,41.0,38.0,85.0,69.0,71.0,59.0,42.0,79.0,74.0,77.0,68.0,31.0,107.0
23.75,98.0,44.0,90.0,73.0,76.0,233.0,58.0,74.0,67.0,55.0,71.0,121.0,239.0,253.0,157.0,34.0,85.0,59.0,46.0,38.0,32.0,18.0,96.0,275.0,79.0,40.0,88.0,63.0,49.0,49.0,249.0,58.0,206.0,53.0,56.0,61.0,173.0,40.0,79.0,217.0,68.0,90.0,123.0,64.0,36.0,66.0,54.0,38.0,47.0,66.0,16.0,50.0,269.0,12.0,43.0,44.0,57.0,26.0,22.0,106.0,281.0,61.0,232.0,51.0,96.0,53.0,57.0,20.0,93.0,128.0,23.0,57.0,13.0,61.0,46.0,45.0,87.0,28.0,27.0,99.0,18.0,21.0,53.0,43.0,34.0,87.0,69.0,74.0,59.0,41.0,78.0,73.0,79.0,70.0,34.0,109.0
24.0,102.0,44.0,89.0,72.0,77.0,234.0,57.0,68.0,67.0,58.0,70.0,123.0,239.0,252.0,154.0,34.0,80.0,56.0,44.0,38.0,36.0,21.0,97.0,276.0,79.0,39.0,88.0,59.0,47.0,45.0,249.0,58.0,207.0,52.0,57.0,60.0,173.0,39.0,73.0,216.0,67.0,85.0,121.0,59.0,38.0,60.0,54.0,39.0,48.0,66.0,17.0,47.0,268.0,12.0,44.0,41.0,57.0,27.0,23.0,107.0,285.0,59.0,231.0,50.0,95.0,53.0,56.0,23.0,95.0,127.0,24.0,58.0,14.0,64.0,46.0,46.0,93.0,27.0,28.0,98.0,21.0,22.0,53.0,40.0,38.0,87.0,70.0,74.0,59.0,39.0,82.0,72.0,82.0,71.0,34.0,109.0
24.25,99.0,45.0,91.0,73.0,75.0,233.0,58.0,70.0,68.0,56.0,70.0,121.0,240.0,252.0,156.0,32.0,83.0,56.0,44.0,38.0,36.0,19.0,94.0,276.0,81.0,39.0,88.0,58.0,46.0,45.0,251.0,59.0,207.0,52.0,56.0,60.0,173.0,37.0,75.0,216.0,68.0,85.0,121.0,60.0,37.0,62.0,54.0,39.0,47.0,66.0,15.0,48.0,269.0,11.0,43.0,41.0,56.0,26.0,22.0,109.0,285.0,57.0,234.0,49.0,95.0,51.0,55.0,20.0,96.0,126.0,25.0,57.0,15.0,64.0,45.0,44.0,94.0,27.0,28.0,98.0,20.0,19.0,52.0,41.0,36.0,84.0,70.0,73.0,61.0,42.0,82.0,73.0,78.0,68.0,34.0,107.0
24.5,100.0,46.0,91.0,74.0,75.0,235.0,57.0,69.0,67.0,56.0,71.0,122.0,240.0,251.0,157.0,32.0,83.0,57.0,44.0,39.0,36.0,20.0,97.0,276.0,80.0,40.0,92.0,58.0,48.0,47.0,252.0,60.0,209.0,53.0,56.0,61.0,174.0,41.0,73.0,218.0,68.0,87.0,122.0,60.0,35.0,64.0,55.0,39.0,49.0,64.0,17.0,48.0,268.0,13.0,43.0,41.0,56.0,26.0,22.0,112.0,286.0,57.0,235.0,52.0,96.0,54.0,57.0,21.0,96.0,129.0,24.0,56.0,13.0,64.0,47.0,46.0,92.0,29.0,27.0,98.0,20.0,19.0,53.0,43.0,36.0,83.0,69.0,73.0,60.0,42.0,83.0,72.0,78.0,70.0,34.0,110.0
24.75,100.0,42.0,89.0,72.0,73.0,235.0,57.0,68.0,65.0,55.0,68.0,120.0,241.0,253.0,157.0,32.0,80.0,56.0,43.0,36.0,34.0,19.0,93.0,276.0,78.0,41.0,91.0,60.0,45.0,46.0,252.0,58.0,209.0,53.0,55.0,60.0,172.0,37.0,76.0,217.0,68.0,84.0,122.0,59.0,36.0,62.0,53.0,39.0,48.0,65.0,16.0,49.0,267.0,11.0,43.0,41.0,54.0,25.0,20.0,109.0,285.0,60.0,233.0,49.0,97.0,51.0,56.0,21.0,94.0,128.0,24.0,56.0,13.0,62.0,44.0,46.0,92.0,26.0,25.0,97.0,18.0,20.0,51.0,43.0,34.0,83.0,69.0,73.0,60.0,38.0,79.0,71.0,78.0,67.0,33.0,107.0
25.0,98.0,44.0,88.0,70.0,73.0,233.0,53.0,62.0,62.0,50.0,65.0,119.0,245.0,250.0,155.0,31.0,76.0,51.0,42.0,36.0,32.0,16.0,92.0,275.0,78.0,39.0,95.0,58.0,46.0,45.0,253.0,58.0,209.0,51.0,50.0,53.0,170.0,36.0,73.0,215.0,64.0,81.0,120.0,56.0,36.0,58.0,50.0,36.0,49.0,66.0,16.0,48.0,269.0,11.0,42.0,41.0,54.0,25.0,19.0,111.0,286.0,59.0,230.0,46.0,92.0,53.0,54.0,21.0,94.0,124.0,20.0,55.0,13.0,65.0,45.0,44.0,91.0,25.0,26.0,97.0,17.0,19.0,47.0,38.0,37.0,87.0,71.0,73.0,58.0,40.0,75.0,68.0,78.0,67.0,29.0,101.0
25.25,100.0,45.0,91.0,73.0,77.0,236.0,57.0,67.0,69.0,57.0,69.0,122.0,243.0,254.0,156.0,34.0,80.0,55.0,43.0,40.0,40.0,21.0,96.0,277.0,81.0,40.0,97.0,59.0,47.0,46.0,254.0,60.0,213.0,54.0,58.0,60.0,174.0,40.0,72.0,218.0,69.0,84.0,121.0,59.0,37.0,64.0,55.0,40.0,50.0,67.0,18.0,48.0,270.0,13.0,45.0,42.0,58.0,27.0,24.0,115.0,286.0,60.0,235.0,51.0,97.0,54.0,58.0,22.0,97.0,128.0,27.0,58.0,16.0,66.0,46.0,47.0,97.0,30.0,28.0,100.0,20.0,24.0,55.0,44.0,37.0,84.0,70.0,74.0,60.0,44.0,85.0,73.0,80.0,73.0,35.0,110.0
25.5,100.0,47.0,89.0,74.0,76.0,236.0,57.0,68.0,67.0,57.0,69.0,120.0,242.0,254.0,159.0,35.0,81.0,57.0,45.0,38.0,37.0,21.0,96.0,276.0,81.0,41.0,98.0,62.0,47.0,47.0,253.0,58.0,213.0,54.0,59.0,60.0,175.0,40.0,78.0,221.0,69.0,85.0,122.0,60.0,35.0,64.0,54.0,38.0,47.0,67.0,15.0,51.0,270.0,13.0,43.0,42.0,56.0,26.0,22.0,118.0,284.0,58.0,235.0,50.0,97.0,51.0,58.0,21.0,97.0,127.0,26.0,56.0,13.0,63.0,46.0,45.0,94.0,27.0,24.0,99.0,21.0,19.0,53.0,44.0,33.0,84.0,70.0,73.0,58.0,40.0,79.0,72.0,78.0,68.0,34.0,109.0
25.75,100.0,47.0,89.0,73.0,76.0,238.0,57.0,69.0,67.0,56.0,68.0,120.0,244.0,254.0,160.0,34.0,80.0,56.0,45.0,39.0,37.0,20.0,94.0,277.0,80.0,40.0,101.0,59.0,47.0,46.0,254.0,59.0,213.0,53.0,56.0,60.0,174.0,39.0,77.0,222.0,68.0,83.0,122.0,59.0,36.0,65.0,54.0,38.0,49.0,68.0,17.0,50.0,270.0,13.0,43.0,42.0,56.0,26.0,24.0,120.0,286.0,58.0,236.0,52.0,97.0,51.0,57.0,23.0,95.0,126.0,24.0,58.0,17.0,64.0,46.0,44.0,96.0,27.0,27.0,99.0,20.0,20.0,52.0,44.0,37.0,85.0,70.0,74.0,60.0,43.0,80.0,72.0,79.0,70.0,35.0,109.0
26.0,101.0,47.0,89.0,71.0,74.0,236.0,53.0,62.0,66.0,54.0,69.0,120.0,245.0,253.0,159.0,33.0,77.0,53.0,41.0,38.0,34.0,18.0,94.0,276.0,81.0,39.0,104.0,60.0,43.0,47.0,253.0,58.0,214.0,52.0,53.0,57.0,173.0,41.0,75.0,220.0,66.0,81.0,121.0,56.0,36.0,64.0,52.0,39.0,49.0,67.0,17.0,51.0,271.0,11.0,43.0,40.0,55.0,25.0,20.0,118.0,288.0,60.0,234.0,50.0,96.0,53.0,55.0,20.0,94.0,127.0,22.0,57.0,14.0,65.0,46.0,46.0,95.0,24.0,24.0,99.0,19.0,19.0,51.0,40.0,36.0,85.0,69.0,73.0,59.0,42.0,79.0,71.0,79.0,69.0,33.0,106.0
26.25,101.0,46.0,92.0,74.0,76.0,237.0,53.0,63.0,63.0,53.0,67.0,121.0,246.0,253.0,160.0,35.0,78.0,54.0,43.0,38.0,38.0,18.0,96.0,276.0,81.0,38.0,108.0,60.0,47.0,45.0,256.0,60.0,214.0,54.0,56.0,57.0,172.0,40.0,75.0,219.0,68.0,82.0,122.0,58.0,36.0,62.0,53.0,38.0,51.0,68.0,18.0,51.0,272.0,13.0,44.0,42.0,55.0,26.0,23.0,122.0,288.0,61.0,233.0,52.0,95.0,55.0,55.0,22.0,96.0,125.0,24.0,58.0,15.0,67.0,46.0,49.0,95.0,27.0,31.0,100.0,19.0,22.0,51.0,41.0,38.0,90.0,72.0,74.0,62.0,42.0,77.0,70.0,79.0,71.0,34.0,105.0
26.5,100.0,47.0,89.0,71.0,76.0,238.0,54.0,63.0,67.0,56.0,66.0,120.0,245.0,254.0,160.0,33.0,77.0,55.0,43.0,38.0,34.0,20.0,93.0,277.0,78.0,38.0,107.0,59.0,46.0,47.0,254.0,57.0,215.0,53.0,55.0,60.0,171.0,40.0,72.0,223.0,68.0,80.0,121.0,57.0,38.0,62.0,53.0,39.0,50.0,67.0,17.0,49.0,272.0,12.0,44.0,41.0,56.0,25.0,21.0,125.0,288.0,57.0,235.0,51.0,98.0,51.0,57.0,22.0,96.0,127.0,25.0,57.0,15.0,63.0,48.0,44.0,96.0,27.0,28.0,99.0,19.0,19.0,50.0,42.0,35.0,84.0,69.0,73.0,60.0,43.0,80.0,70.0,81.0,69.0,34.0,109.0
26.75,102.0,47.0,92.0,75.0,76.0,240.0,57.0,64.0,69.0,57.0,68.0,123.0,246.0,255.0,161.0,35.0,78.0,56.0,46.0,41.0,36.0,20.0,94.0,277.0,80.0,40.0,111.0,60.0,48.0,47.0,254.0,63.0,216.0,56.0,56.0,61.0,171.0,39.0,76.0,223.0,69.0,82.0,121.0,58.0,38.0,65.0,55.0,40.0,49.0,69.0,17.0,49.0,273.0,12.0,45.0,43.0,57.0,29.0,23.0,127.0,288.0,59.0,236.0,52.0,99.0,52.0,57.0,23.0,98.0,129.0,26.0,57.0,16.0,65.0,47.0,48.0,99.0,27.0,30.0,98.0,22.0,21.0,53.0,46.0,36.0,86.0,70.0,72.0,62.0,44.0,84.0,74.0,82.0,71.0,35.0,113.0
27.0,100.0,46.0,87.0,72.0,74.0,239.0,53.0,60.0,67.0,55.0,66.0,119.0,244.0,254.0,159.0,34.0,77.0,53.0,42.0,38.0,36.0,18.0,93.0,277.0,81.0,40.0,111.0,58.0,47.0,46.0,256.0,58.0,217.0,52.0,57.0,58.0,170.0,38.0,72.0,222.0,67.0,78.0,119.0,56.0,35.0,63.0,54.0,38.0,49.0,66.0,18.0,50.0,270.0,14.0,44.0,43.0,56.0,26.0,21.0,129.0,288.0,58.0,233.0,50.0,96.0,52.0,56.0,21.0,96.0,129.0,23.0,57.0,14.0,66.0,46.0,45.0,97.0,27.0,26.0,99.0,19.0,21.0,51.0,43.0,36.0,85.0,69.0,72.0,60.0,42.0,83.0,72.0,78.0,70.0,33.0,110.0
27.25,99.0,47.0,87.0,72.0,76.0,238.0,52.0,60.0,66.0,54.0,65.0,119.0,243.0,254.0,160.0,33.0,74.0,53.0,42.0,37.0,34.0,18.0,94.0,276.0,78.0,37.0,115.0,58.0,44.0,45.0,256.0,58.0,215.0,51.0,56.0,59.0,171.0,38.0,73.0,224.0,67.0,78.0,120.0,55.0,35.0,63.0,52.0,39.0,49.0,66.0,16.0,49.0,272.0,11.0,42.0,40.0,55.0,23.0,21.0,131.0,288.0,55.0,234.0,50.0,94.0,52.0,57.0,21.0,94.0,127.0,25.0,56.0,13.0,64.0,45.0,42.0,96.0,26.0,25.0,100.0,18.0,19.0,49.0,41.0,34.0,83.0,68.0,72.0,59.0,39.0,80.0,71.0,77.0,68.0,33.0,109.0
27.5,101.0,47.0,90.0,73.0,76.0,240.0,54.0,61.0,67.0,56.0,67.0,119.0,245.0,255.0,163.0,35.0,76.0,54.0,42.0,39.0,37.0,19.0,94.0,277.0,79.0,39.0,119.0,61.0,46.0,45.0,255.0,59.0,218.0,53.0,57.0,59.0,171.0,39.0,76.0,225.0,72.0,82.0,121.0,56.0,35.0,65.0,53.0,39.0,49.0,68.0,14.0,50.0,274.0,12.0,45.0,42.0,57.0,26.0,22.0,133.0,287.0,57.0,235.0,50.0,98.0,53.0,56.0,21.0,96.0,129.0,23.0,56.0,16.0,64.0,47.0,45.0,96.0,28.0,26.0,100.0,17.0,19.0,52.0,43.0,36.0,82.0,70.0,72.0,58.0,42.0,79.0,72.0,79.0,69.0,33.0,108.0
27.75,99.0,48.0,91.0,74.0,75.0,241.0,54.0,61.0,66.0,55.0,66.0,120.0,246.0,255.0,162.0,35.0,78.0,54.0,43.0,39.0,36.0,20.0,95.0,277.0,81.0,37.0,123.0,59.0,46.0,45.0,257.0,60.0,219.0,51.0,56.0,59.0,172.0,38.0,75.0,226.0,69.0,78.0,122.0,57.0,36.0,63.0,52.0,38.0,48.0,67.0,17.0,50.0,275.0,12.0,44.0,43.0,55.0,25.0,21.0,134.0,288.0,57.0,234.0,54.0,96.0,52.0,55.0,22.0,96.0,127.0,23.0,56.0,15.0,64.0,47.0,45.0,95.0,27.0,27.0,100.0,19.0,19.0,51.0,42.0,35.0,84.0,70.0,72.0,59.0,42.0,81.0,71.0,79.0,70.0,35.0,108.0
28.0,100.0,45.0,90.0,72.0,73.0,241.0,51.0,58.0,64.0,51.0,63.0,118.0,248.0,254.0,161.0,33.0,75.0,50.0,39.0,37.0,33.0,17.0,92.0,277.0,78.0,37.0,124.0,58.0,45.0,44.0,257.0,57.0,219.0,51.0,54.0,56.0,172.0,38.0,73.0,225.0,67.0,78.0,120.0,54.0,36.0,59.0,53.0,36.0,51.0,67.0,16.0,48.0,274.0,11.0,44.0,41.0,55.0,24.0,19.0,137.0,287.0,58.0,233.0,50.0,98.0,52.0,54.0,21.0,94.0,126.0,24.0,54.0,13.0,62.0,44.0,43.0,96.0,27.0,25.0,99.0,18.0,19.0,50.0,43.0,32.0,83.0,67.0,71.0,57.0,41.0,79.0,70.0,78.0,66.0,32.0,107.0
28.25,101.0,49.0,93.0,74.0,78.0,243.0,52.0,61.0,68.0,55.0,66.0,121.0,246.0,257.0,165.0,34.0,77.0,57.0,43.0,41.0,35.0,21.0,92.0,277.0,81.0,40.0,129.0,61.0,47.0,47.0,258.0,59.0,220.0,52.0,56.0,59.0,173.0,41.0,77.0,228.0,70.0,80.0,124.0,59.0,36.0,65.0,53.0,38.0,50.0,68.0,19.0,51.0,275.0,13.0,43.0,42.0,56.0,27.0,23.0,138.0,288.0,60.0,236.0,53.0,99.0,53.0,57.0,22.0,98.0,129.0,24.0,56.0,16.0,66.0,48.0,44.0,99.0,26.0,27.0,101.0,20.0,20.0,49.0,44.0,34.0,84.0,72.0,74.0,59.0,41.0,81.0,73.0,79.0,71.0,35.0,110.0
28.5,99.0,45.0,87.0,72.0,72.0,238.0,50.0,55.0,63.0,48.0,62.0,115.0,245.0,253.0,159.0,33.0,73.0,49.0,39.0,36.0,31.0,16.0,90.0,275.0,79.0,36.0,130.0,57.0,44.0,44.0,256.0,56.0,217.0,50.0,53.0,57.0,170.0,37.0,70.0,224.0,68.0,73.0,119.0,51.0,34.0,59.0,50.0,34.0,48.0,65.0,12.0,48.0,272.0,11.0,42.0,40.0,53.0,22.0,20.0,137.0,288.0,55.0,232.0,48.0,95.0,52.0,53.0,19.0,93.0,125.0,22.0,52.0,11.0,61.0,44.0,44.0,96.0,24.0,24.0,95.0,16.0,18.0,48.0,39.0,32.0,84.0,66.0,70.0,56.0,39.0,76.0,68.0,75.0,66.0,31.0,104.0
28.75,100.0,48.0,90.0,74.0,76.0,241.0,53.0,60.0,66.0,56.0,65.0,117.0,247.0,256.0,165.0,37.0,75.0,56.0,41.0,41.0,37.0,21.0,93.0,277.0,80.0,38.0,135.0,60.0,45.0,46.0,257.0,60.0,220.0,54.0,56.0,61.0,171.0,42.0,74.0,228.0,70.0,78.0,122.0,57.0,36.0,63.0,54.0,40.0,48.0,69.0,18.0,51.0,274.0,13.0,45.0,44.0,58.0,25.0,22.0,142.0,289.0,59.0,234.0,55.0,97.0,52.0,58.0,21.0,98.0,129.0,26.0,58.0,14.0,63.0,48.0,45.0,99.0,30.0,26.0,101.0,19.0,20.0,51.0,45.0,34.0,85.0,69.0,72.0,59.0,41.0,81.0,72.0,79.0,69.0,34.0,108.0
29.0,102.0,48.0,91.0,72.0,72.0,241.0,50.0,56.0,66.0,54.0,62.0,120.0,247.0,253.0,162.0,36.0,75.0,52.0,41.0,38.0,35.0,18.0,91.0,277.0,79.0,38.0,134.0,59.0,44.0,43.0,256.0,57.0,220.0,51.0,54.0,59.0,171.0,39.0,72.0,227.0,68.0,76.0,119.0,52.0,35.0,62.0,54.0,39.0,49.0,67.0,18.0,50.0,273.0,12.0,43.0,40.0,56.0,25.0,22.0,142.0,289.0,57.0,233.0,50.0,95.0,52.0,55.0,23.0,97.0,126.0,25.0,55.0,15.0,64.0,47.0,43.0,101.0,25.0,27.0,100.0,21.0,20.0,51.0,42.0,34.0,86.0,69.0,72.0,58.0,41.0,81.0,71.0,80.0,71.0,34.0,109.0
29.25,100.0,45.0,88.0,73.0,72.0,241.0,48.0,53.0,64.0,51.0,62.0,117.0,247.0,254.0,163.0,34.0,72.0,52.0,40.0,38.0,34.0,17.0,91.0,276.0,81.0,37.0,137.0,57.0,43.0,43.0,256.0,57.0,221.0,50.0,53.0,56.0,170.0,40.0,72.0,226.0,66.0,75.0,120.0,52.0,35.0,61.0,52.0,37.0,46.0,66.0,15.0,48.0,274.0,13.0,43.0,41.0,53.0,24.0,19.0,144.0,288.0,56.0,232.0,49.0,96.0,51.0,54.0,21.0,95.0,124.0,22.0,55.0,15.0,64.0,45.0,43.0,97.0,25.0,25.0,97.0,18.0,19.0,48.0,41.0,34.0,82.0,70.0,69.0,57.0,38.0,79.0,69.0,75.0,67.0,33.0,106.0
29.5,101.0,47.0,89.0,72.0,72.0,242.0,47.0,55.0,63.0,52.0,62.0,118.0,250.0,255.0,162.0,34.0,73.0,51.0,39.0,36.0,35.0,18.0,91.0,276.0,79.0,36.0,139.0,57.0,44.0,42.0,258.0,58.0,222.0,51.0,53.0,58.0,168.0,39.0,70.0,227.0,68.0,73.0,120.0,52.0,35.0,61.0,50.0,36.0,47.0,67.0,15.0,47.0,275.0,12.0,43.0,41.0,55.0,25.0,19.0,146.0,290.0,56.0,233.0,50.0,94.0,51.0,53.0,20.0,94.0,124.0,22.0,55.0,13.0,63.0,46.0,44.0,98.0,26.0,28.0,98.0,19.0,20.0,49.0,42.0,34.0,84.0,68.0,69.0,57.0,39.0,81.0,70.0,78.0,69.0,33.0,106.0
29.75,99.0,46.0,89.0,71.0,72.0,243.0,49.0,53.0,63.0,51.0,62.0,118.0,250.0,253.0,163.0,35.0,73.0,51.0,41.0,38.0,35.0,18.0,91.0,277.0,79.0,36.0,142.0,57.0,44.0,46.0,257.0,55.0,221.0,52.0,53.0,57.0,171.0,37.0,72.0,228.0,65.0,76.0,120.0,53.0,36.0,61.0,50.0,36.0,46.0,67.0,16.0,47.0,275.0,11.0,43.0,42.0,56.0,25.0,20.0,146.0,289.0,56.0,232.0,49.0,96.0,50.0,56.0,21.0,95.0,125.0,22.0,56.0,14.0,62.0,44.0,45.0,96.0,26.0,27.0,100.0,18.0,20.0,48.0,43.0,33.0,83.0,67.0,69.0,55.0,39.0,79.0,69.0,76.0,67.0,34.0,104.0
30.0,99.0,46.0,90.0,72.0,75.0,244.0,50.0,54.0,63.0,51.0,60.0,117.0,250.0,255.0,161.0,33.0,74.0,50.0,40.0,39.0,35.0,18.0,90.0,278.0,79.0,37.0,143.0,57.0,45.0,44.0,259.0,58.0,221.0,52.0,53.0,57.0,170.0,38.0,72.0,229.0,70.0,73.0,119.0,52.0,34.0,61.0,52.0,38.0,49.0,66.0,15.0,50.0,276.0,11.0,43.0,40.0,55.0,23.0,20.0,148.0,289.0,55.0,233.0,50.0,97.0,50.0,54.0,21.0,97.0,126.0,23.0,55.0,15.0,63.0,44.0,43.0,100.0,26.0,25.0,98.0,16.0,18.0,49.0,43.0,34.0,82.0,67.0,70.0,57.0,42.0,79.0,70.0,76.0,71.0,33.0,106.0
30.25,101.0,47.0,88.0,72.0,72.0,243.0,47.0,54.0,63.0,52.0,60.0,116.0,251.0,255.0,162.0,34.0,71.0,47.0,38.0,36.0,34.0,18.0,89.0,276.0,78.0,37.0,147.0,56.0,44.0,42.0,259.0,56.0,223.0,51.0,54.0,56.0,169.0,39.0,69.0,226.0,67.0,70.0,116.0,49.0,33.0,60.0,49.0,37.0,48.0,68.0,17.0,48.0,275.0,11.0,44.0,41.0,54.0,24.0,22.0,149.0,292.0,54.0,232.0,51.0,95.0,50.0,54.0,21.0,96.0,126.0,22.0,54.0,14.0,63.0,45.0,45.0,99.0,26.0,26.0,98.0,19.0,20.0,49.0,41.0,34.0,83.0,69.0,70.0,58.0,40.0,79.0,68.0,79.0,69.0,32.0,105.0
30.5,100.0,48.0,91.0,74.0,74.0,244.0,50.0,57.0,66.0,55.0,63.0,120.0,251.0,255.0,167.0,37.0,73.0,51.0,39.0,40.0,37.0,21.0,92.0,277.0,81.0,37.0,149.0,59.0,45.0,46.0,259.0,56.0,225.0,51.0,58.0,59.0,171.0,39.0,72.0,230.0,70.0,74.0,119.0,52.0,35.0,62.0,53.0,40.0,52.0,70.0,18.0,51.0,276.0,12.0,44.0,42.0,55.0,25.0,22.0,153.0,290.0,57.0,233.0,52.0,97.0,54.0,54.0,22.0,97.0,128.0,24.0,56.0,17.0,65.0,46.0,47.0,101.0,27.0,27.0,101.0,20.0,19.0,52.0,44.0,35.0,83.0,69.0,72.0,60.0,44.0,81.0,71.0,79.0,70.0,36.0,108.0
30.75,98.0,46.0,90.0,71.0,73.0,243.0,47.0,52.0,63.0,50.0,61.0,118.0,251.0,253.0,161.0,34.0,69.0,48.0,37.0,36.0,35.0,17.0,90.0,276.0,77.0,34.0,152.0,56.0,44.0,43.0,260.0,55.0,222.0,51.0,54.0,55.0,168.0,39.0,67.0,229.0,66.0,69.0,117.0,49.0,36.0,60.0,51.0,37.0,48.0,65.0,17.0,47.0,274.0,11.0,44.0,42.0,56.0,22.0,20.0,152.0,291.0,55.0,231.0,48.0,98.0,51.0,54.0,21.0,95.0,125.0,23.0,53.0,14.0,63.0,44.0,44.0,100.0,27.0,27.0,98.0,16.0,17.0,48.0,42.0,33.0,80.0,67.0,68.0,57.0,41.0,78.0,67.0,77.0,68.0,32.0,107.0
31.0,100.0,45.0,88.0,72.0,74.0,242.0,48.0,50.0,63.0,50.0,60.0,118.0,251.0,253.0,163.0,32.0,70.0,47.0,37.0,38.0,35.0,16.0,88.0,276.0,78.0,34.0,155.0,57.0,43.0,42.0,260.0,56.0,225.0,52.0,52.0,56.0,168.0,37.0,69.0,228.0,66.0,70.0,119.0,49.0,34.0,60.0,50.0,36.0,47.0,67.0,15.0,47.0,276.0,11.0,44.0,40.0,55.0,23.0,19.0,154.0,290.0,55.0,232.0,49.0,95.0,50.0,54.0,21.0,97.0,125.0,23.0,53.0,12.0,63.0,46.0,42.0,99.0,25.0,24.0,96.0,17.0,19.0,48.0,41.0,32.0,80.0,67.0,69.0,58.0,38.0,79.0,69.0,78.0,69.0,33.0,107.0
31.25,99.0,45.0,89.0,74.0,75.0,246.0,46.0,52.0,65.0,52.0,63.0,116.0,253.0,255.0,163.0,36.0,71.0,49.0,39.0,38.0,37.0,19.0,92.0,279.0,80.0,35.0,159.0,56.0,43.0,44.0,260.0,58.0,225.0,50.0,55.0,55.0,169.0,38.0,71.0,230.0,69.0,70.0,118.0,49.0,35.0,61.0,49.0,38.0,50.0,67.0,16.0,49.0,277.0,14.0,44.0,41.0,56.0,25.0,23.0,156.0,292.0,57.0,234.0,52.0,97.0,52.0,55.0,21.0,96.0,127.0,24.0,55.0,17.0,64.0,45.0,45.0,100.0,28.0,26.0,100.0,20.0,20.0,50.0,43.0,36.0,83.0,67.0,70.0,58.0,42.0,80.0,70.0,78.0,69.0,35.0,107.0
31.5,99.0,44.0,85.0,70.0,71.0,242.0,44.0,48.0,60.0,48.0,58.0,116.0,250.0,255.0,162.0,32.0,70.0,47.0,36.0,36.0,33.0,15.0,90.0,275.0,78.0,34.0,159.0,54.0,43.0,42.0,259.0,54.0,223.0,50.0,52.0,55.0,167.0,37.0,68.0,229.0,66.0,70.0,115.0,48.0,33.0,60.0,49.0,37.0,47.0,66.0,14.0,49.0,276.0,11.0,42.0,41.0,54.0,23.0,18.0,153.0,290.0,56.0,229.0,47.0,95.0,50.0,52.0,20.0,95.0,124.0,24.0,51.0,14.0,63.0,43.0,44.0,97.0,25.0,24.0,97.0,17.0,16.0,46.0,42.0,31.0,80.0,63.0,69.0,55.0,40.0,78.0,68.0,78.0,67.0,34.0,106.0
31.75,104.0,50.0,89.0,72.0,72.0,243.0,49.0,40.0,56.0,44.0,54.0,112.0,262.0,253.0,166.0,29.0,66.0,41.0,34.0,33.0,33.0,16.0,87.0,275.0,85.0,37.0,173.0,58.0,40.0,41.0,266.0,55.0,229.0,49.0,47.0,45.0,170.0,41.0,67.0,226.0,61.0,66.0,107.0,41.0,34.0,50.0,46.0,30.0,56.0,74.0,18.0,50.0,278.0,12.0,43.0,38.0,51.0,26.0,15.0,148.0,291.0,68.0,229.0,50.0,89.0,61.0,45.0,19.0,91.0,121.0,18.0,54.0,16.0,76.0,46.0,52.0,89.0,24.0,26.0,98.0,20.0,18.0,45.0,35.0,40.0,99.0,79.0,76.0,63.0,47.0,60.0,64.0,79.0,68.0,27.0,90.0
32.0,102.0,50.0,91.0,74.0,78.0,248.0,49.0,54.0,65.0,53.0,61.0,118.0,252.0,258.0,167.0,35.0,70.0,52.0,41.0,39.0,37.0,18.0,92.0,278.0,82.0,38.0,167.0,61.0,45.0,45.0,263.0,59.0,228.0,54.0,55.0,62.0,171.0,40.0,73.0,235.0,70.0,75.0,121.0,53.0,36.0,64.0,52.0,38.0,50.0,69.0,17.0,53.0,277.0,13.0,45.0,44.0,57.0,25.0,23.0,159.0,291.0,56.0,232.0,53.0,98.0,54.0,57.0,24.0,98.0,128.0,26.0,55.0,17.0,65.0,48.0,45.0,102.0,27.0,27.0,99.0,19.0,19.0,49.0,45.0,34.0,85.0,69.0,71.0,61.0,42.0,80.0,72.0,79.0,72.0,35.0,106.0
32.25,102.0,50.0,91.0,74.0,76.0,245.0,48.0,51.0,65.0,52.0,61.0,116.0,254.0,256.0,166.0,35.0,72.0,49.0,40.0,39.0,36.0,17.0,91.0,278.0,82.0,37.0,170.0,59.0,47.0,43.0,262.0,59.0,228.0,54.0,54.0,58.0,169.0,39.0,73.0,233.0,68.0,73.0,120.0,53.0,36.0,63.0,51.0,37.0,49.0,71.0,17.0,50.0,278.0,13.0,44.0,41.0,55.0,25.0,20.0,159.0,291.0,57.0,231.0,54.0,97.0,52.0,56.0,21.0,96.0,128.0,24.0,55.0,17.0,67.0,47.0,46.0,99.0,28.0,27.0,99.0,20.0,19.0,50.0,43.0,33.0,83.0,68.0,72.0,60.0,41.0,78.0,71.0,78.0,68.0,35.0,106.0
32.5,101.0,46.0,90.0,74.0,76.0,247.0,47.0,51.0,63.0,52.0,60.0,117.0,254.0,255.0,166.0,35.0,71.0,49.0,38.0,40.0,35.0,19.0,90.0,278.0,82.0,37.0,170.0,58.0,43.0,42.0,262.0,58.0,228.0,51.0,55.0,57.0,169.0,40.0,70.0,232.0,69.0,71.0,115.0,50.0,36.0,62.0,51.0,39.0,49.0,70.0,16.0,51.0,278.0,12.0,44.0,41.0,57.0,26.0,21.0,161.0,291.0,58.0,232.0,51.0,98.0,51.0,54.0,23.0,96.0,127.0,25.0,55.0,18.0,66.0,45.0,46.0,103.0,29.0,28.0,100.0,20.0,20.0,49.0,43.0,35.0,83.0,69.0,69.0,60.0,40.0,80.0,71.0,78.0,71.0,36.0,107.0
32.75,100.0,48.0,87.0,72.0,75.0,245.0,48.0,51.0,63.0,52.0,60.0,118.0,253.0,256.0,164.0,33.0,69.0,48.0,38.0,36.0,36.0,21.0,88.0,277.0,81.0,34.0,171.0,57.0,40.0,42.0,261.0,58.0,227.0,51.0,53.0,56.0,167.0,37.0,67.0,230.0,68.0,68.0,117.0,46.0,36.0,59.0,50.0,37.0,49.0,67.0,16.0,50.0,277.0,13.0,44.0,42.0,55.0,24.0,20.0,163.0,292.0,56.0,230.0,52.0,96.0,52.0,54.0,23.0,97.0,126.0,24.0,55.0,16.0,65.0,45.0,45.0,101.0,27.0,27.0,100.0,20.0,20.0,50.0,42.0,32.0,83.0,67.0,69.0,60.0,41.0,82.0,71.0,80.0,69.0,35.0,108.0
33.0,100.0,49.0,89.0,74.0,75.0,246.0,47.0,51.0,62.0,50.0,61.0,118.0,253.0,257.0,168.0,36.0,71.0,50.0,38.0,37.0,37.0,18.0,91.0,277.0,80.0,38.0,175.0,60.0,44.0,45.0,263.0,58.0,229.0,52.0,53.0,58.0,171.0,40.0,70.0,232.0,71.0,72.0,121.0,52.0,37.0,61.0,51.0,39.0,50.0,70.0,16.0,51.0,278.0,12.0,45.0,44.0,56.0,25.0,22.0,165.0,291.0,56.0,230.0,51.0,98.0,53.0,55.0,21.0,97.0,126.0,24.0,55.0,15.0,67.0,47.0,47.0,101.0,27.0,27.0,99.0,20.0,20.0,49.0,44.0,32.0,83.0,68.0,73.0,56.0,42.0,79.0,71.0,79.0,68.0,36.0,109.0
33.25,102.0,51.0,92.0,75.0,77.0,249.0,47.0,53.0,65.0,52.0,60.0,116.0,254.0,257.0,170.0,36.0,72.0,51.0,40.0,40.0,39.0,20.0,92.0,278.0,82.0,39.0,178.0,57.0,45.0,45.0,262.0,59.0,230.0,54.0,54.0,58.0,171.0,39.0,74.0,236.0,71.0,72.0,119.0,51.0,38.0,62.0,52.0,38.0,51.0,69.0,17.0,51.0,280.0,14.0,45.0,44.0,55.0,26.0,21.0,167.0,292.0,57.0,231.0,53.0,99.0,54.0,57.0,23.0,97.0,130.0,25.0,55.0,16.0,66.0,47.0,46.0,103.0,27.0,28.0,100.0,20.0,21.0,50.0,46.0,34.0,84.0,69.0,70.0,59.0,42.0,80.0,71.0,81.0,69.0,36.0,108.0
33.5,101.0,46.0,88.0,74.0,73.0,248.0,47.0,48.0,62.0,49.0,57.0,115.0,253.0,256.0,170.0,35.0,72.0,49.0,38.0,37.0,34.0,16.0,91.0,278.0,78.0,34.0,181.0,57.0,45.0,41.0,265.0,56.0,228.0,52.0,54.0,56.0,170.0,39.0,73.0,236.0,68.0,73.0,118.0,51.0,35.0,61.0,50.0,35.0,48.0,67.0,17.0,49.0,279.0,13.0,43.0,42.0,54.0,25.0,20.0,166.0,290.0,56.0,230.0,51.0,98.0,50.0,55.0,23.0,95.0,125.0,24.0,53.0,13.0,65.0,45.0,44.0,99.0,26.0,27.0,99.0,17.0,18.0,47.0,43.0,31.0,83.0,68.0,68.0,59.0,39.0,78.0,70.0,77.0,68.0,34.0,106.0
33.75,100.0,52.0,90.0,73.0,76.0,248.0,47.0,52.0,62.0,53.0,61.0,116.0,255.0,259.0,172.0,36.0,72.0,51.0,39.0,41.0,38.0,19.0,89.0,277.0,82.0,40.0,183.0,60.0,46.0,44.0,267.0,58.0,230.0,53.0,55.0,57.0,168.0,39.0,74.0,236.0,70.0,75.0,120.0,51.0,39.0,65.0,52.0,37.0,50.0,68.0,17.0,52.0,281.0,13.0,45.0,42.0,55.0,26.0,20.0,167.0,292.0,57.0,231.0,53.0,99.0,53.0,55.0,23.0,96.0,128.0,26.0,55.0,17.0,66.0,47.0,45.0,101.0,27.0,26.0,99.0,20.0,20.0,50.0,45.0,33.0,83.0,68.0,70.0,58.0,43.0,79.0,70.0,77.0,69.0,34.0,105.0
34.0,100.0,48.0,88.0,73.0,73.0,247.0,44.0,49.0,62.0,50.0,58.0,114.0,255.0,257.0,166.0,34.0,69.0,45.0,34.0,36.0,35.0,17.0,87.0,277.0,80.0,35.0,183.0,57.0,43.0,41.0,264.0,57.0,232.0,52.0,54.0,54.0,169.0,40.0,70.0,233.0,68.0,69.0,115.0,47.0,34.0,59.0,50.0,37.0,47.0,68.0,14.0,50.0,279.0,11.0,45.0,40.0,56.0,24.0,20.0,165.0,293.0,57.0,231.0,52.0,97.0,49.0,53.0,20.0,96.0,124.0,23.0,54.0,15.0,66.0,46.0,43.0,100.0,26.0,27.0,99.0,17.0,19.0,45.0,41.0,31.0,84.0,68.0,70.0,56.0,41.0,76.0,69.0,77.0,69.0,33.0,104.0
34.25,101.0,48.0,85.0,71.0,74.0,249.0,47.0,50.0,62.0,52.0,61.0,118.0,256.0,257.0,164.0,34.0,68.0,45.0,35.0,38.0,36.0,19.0,89.0,279.0,80.0,36.0,187.0,57.0,42.0,40.0,263.0,56.0,230.0,51.0,54.0,58.0,169.0,39.0,65.0,233.0,67.0,66.0,114.0,45.0,34.0,61.0,50.0,39.0,50.0,69.0,17.0,50.0,279.0,13.0,45.0,41.0,55.0,24.0,20.0,169.0,295.0,56.0,229.0,53.0,96.0,52.0,53.0,23.0,98.0,126.0,22.0,55.0,16.0,67.0,46.0,47.0,103.0,24.0,26.0,101.0,20.0,20.0,47.0,41.0,34.0,85.0,69.0,70.0,58.0,41.0,81.0,69.0,81.0,69.0,36.0,106.0
34.5,100.0,48.0,87.0,73.0,74.0,248.0,45.0,50.0,62.0,50.0,58.0,115.0,253.0,257.0,166.0,34.0,67.0,47.0,36.0,37.0,37.0,18.0,86.0,276.0,79.0,36.0,188.0,55.0,42.0,41.0,261.0,56.0,230.0,52.0,53.0,57.0,167.0,39.0,68.0,235.0,67.0,68.0,114.0,45.0,35.0,60.0,50.0,37.0,49.0,66.0,15.0,48.0,280.0,13.0,44.0,41.0,55.0,22.0,21.0,171.0,292.0,55.0,229.0,51.0,95.0,52.0,52.0,21.0,94.0,124.0,22.0,54.0,14.0,64.0,44.0,45.0,101.0,28.0,26.0,99.0,18.0,20.0,47.0,43.0,34.0,82.0,66.0,69.0,56.0,41.0,77.0,70.0,81.0,67.0,33.0,106.0
34.75,100.0,49.0,91.0,73.0,72.0,248.0,44.0,47.0,61.0,50.0,58.0,114.0,256.0,258.0,171.0,34.0,70.0,47.0,37.0,39.0,36.0,19.0,85.0,277.0,81.0,36.0,193.0,58.0,45.0,43.0,263.0,57.0,230.0,52.0,54.0,56.0,169.0,40.0,72.0,236.0,67.0,72.0,118.0,48.0,37.0,59.0,50.0,38.0,51.0,71.0,16.0,52.0,281.0,13.0,45.0,41.0,53.0,24.0,21.0,171.0,291.0,58.0,228.0,53.0,95.0,52.0,52.0,22.0,96.0,124.0,24.0,54.0,15.0,66.0,46.0,46.0,99.0,25.0,27.0,98.0,19.0,19.0,48.0,41.0,32.0,87.0,70.0,72.0,56.0,40.0,75.0,68.0,76.0,69.0,34.0,104.0
35.0,100.0,52.0,90.0,73.0,74.0,249.0,45.0,51.0,64.0,50.0,60.0,117.0,255.0,258.0,169.0,34.0,70.0,48.0,38.0,39.0,37.0,19.0,88.0,279.0,79.0,34.0,193.0,58.0,45.0,44.0,265.0,59.0,230.0,53.0,55.0,59.0,170.0,40.0,70.0,234.0,69.0,74.0,118.0,49.0,36.0,63.0,51.0,39.0,52.0,67.0,15.0,50.0,282.0,12.0,44.0,42.0,56.0,26.0,22.0,170.0,292.0,58.0,230.0,52.0,99.0,51.0,55.0,24.0,96.0,128.0,23.0,56.0,14.0,65.0,47.0,45.0,103.0,27.0,25.0,99.0,20.0,20.0,48.0,44.0,31.0,83.0,70.0,71.0,60.0,40.0,79.0,72.0,81.0,71.0,35.0,108.0
35.25,98.0,50.0,90.0,70.0,74.0,249.0,44.0,49.0,62.0,48.0,58.0,114.0,254.0,258.0,169.0,34.0,68.0,46.0,36.0,37.0,36.0,16.0,88.0,277.0,79.0,34.0,194.0,56.0,44.0,44.0,265.0,58.0,231.0,50.0,53.0,54.0,168.0,39.0,70.0,235.0,69.0,73.0,115.0,47.0,35.0,62.0,49.0,37.0,49.0,69.0,15.0,51.0,281.0,12.0,42.0,39.0,55.0,24.0,18.0,172.0,291.0,56.0,229.0,51.0,95.0,50.0,55.0,22.0,94.0,125.0,24.0,54.0,15.0,64.0,45.0,44.0,100.0,25.0,24.0,97.0,18.0,17.0,47.0,43.0,30.0,82.0,64.0,68.0,57.0,38.0,76.0,70.0,79.0,69.0,34.0,105.0
35.5,100.0,50.0,88.0,71.0,74.0,250.0,46.0,49.0,63.0,51.0,57.0,116.0,257.0,258.0,170.0,36.0,69.0,46.0,38.0,37.0,36.0,19.0,88.0,278.0,81.0,36.0,196.0,57.0,43.0,43.0,264.0,59.0,232.0,51.0,52.0,57.0,168.0,41.0,69.0,238.0,69.0,72.0,118.0,47.0,36.0,62.0,49.0,37.0,50.0,68.0,16.0,51.0,282.0,12.0,45.0,43.0,56.0,26.0,19.0,173.0,293.0,56.0,231.0,53.0,97.0,52.0,54.0,23.0,97.0,126.0,22.0,55.0,16.0,66.0,48.0,46.0,103.0,26.0,25.0,99.0,20.0,20.0,48.0,45.0,33.0,83.0,67.0,69.0,59.0,41.0,79.0,71.0,78.0,70.0,35.0,106.0
35.75,100.0,49.0,86.0,72.0,74.0,249.0,43.0,49.0,62.0,51.0,58.0,117.0,257.0,257.0,166.0,34.0,69.0,46.0,36.0,39.0,35.0,17.0,87.0,276.0,80.0,34.0,197.0,55.0,43.0,41.0,263.0,55.0,232.0,50.0,53.0,55.0,165.0,38.0,66.0,235.0,68.0,73.0,114.0,45.0,36.0,59.0,48.0,37.0,51.0,69.0,16.0,48.0,281.0,11.0,45.0,40.0,54.0,24.0,20.0,173.0,294.0,57.0,230.0,50.0,97.0,50.0,54.0,21.0,95.0,124.0,24.0,54.0,14.0,65.0,45.0,43.0,104.0,27.0,25.0,97.0,19.0,18.0,48.0,42.0,33.0,83.0,67.0,69.0,57.0,41.0,80.0,70.0,80.0,70.0,35.0,104.0
36.0,100.0,50.0,88.0,75.0,74.0,249.0,42.0,47.0,62.0,50.0,60.0,116.0,258.0,257.0,169.0,32.0,69.0,47.0,36.0,39.0,38.0,17.0,88.0,277.0,80.0,34.0,199.0,56.0,40.0,41.0,264.0,58.0,232.0,50.0,54.0,58.0,167.0,39.0,68.0,237.0,66.0,75.0,114.0,47.0,34.0,60.0,51.0,37.0,49.0,66.0,16.0,50.0,282.0,11.0,44.0,43.0,54.0,23.0,19.0,174.0,293.0,54.0,230.0,51.0,96.0,52.0,55.0,22.0,96.0,126.0,24.0,53.0,16.0,65.0,46.0,45.0,103.0,26.0,25.0,99.0,20.0,19.0,49.0,43.0,31.0,81.0,68.0,70.0,57.0,43.0,80.0,71.0,78.0,67.0,34.0,106.0
36.25,100.0,50.0,90.0,73.0,75.0,250.0,45.0,50.0,60.0,51.0,60.0,117.0,256.0,259.0,168.0,35.0,69.0,46.0,34.0,39.0,37.0,19.0,87.0,276.0,82.0,36.0,201.0,57.0,43.0,42.0,262.0,56.0,234.0,51.0,55.0,59.0,169.0,39.0,67.0,235.0,67.0,76.0,117.0,46.0,36.0,61.0,50.0,37.0,51.0,69.0,15.0,50.0,281.0,13.0,44.0,41.0,54.0,25.0,21.0,175.0,294.0,56.0,229.0,52.0,97.0,51.0,54.0,22.0,96.0,126.0,26.0,55.0,15.0,67.0,47.0,45.0,103.0,28.0,26.0,98.0,20.0,20.0,50.0,44.0,32.0,83.0,67.0,68.0,58.0,41.0,80.0,71.0,79.0,71.0,36.0,104.0
36.5,98.0,51.0,88.0,73.0,74.0,249.0,43.0,50.0,62.0,49.0,58.0,115.0,257.0,257.0,170.0,35.0,69.0,46.0,34.0,38.0,37.0,17.0,86.0,278.0,81.0,34.0,205.0,57.0,43.0,43.0,264.0,56.0,235.0,51.0,56.0,56.0,167.0,39.0,68.0,236.0,69.0,79.0,115.0,46.0,37.0,62.0,49.0,38.0,50.0,68.0,18.0,49.0,283.0,14.0,44.0,43.0,56.0,25.0,20.0,177.0,293.0,55.0,229.0,51.0,97.0,52.0,54.0,21.0,96.0,127.0,26.0,53.0,17.0,65.0,46.0,45.0,106.0,27.0,26.0,99.0,20.0,19.0,49.0,44.0,33.0,84.0,68.0,68.0,58.0,41.0,78.0,71.0,79.0,69.0,36.0,107.0
36.75,98.0,51.0,89.0,71.0,75.0,249.0,43.0,49.0,61.0,49.0,57.0,114.0,258.0,259.0,172.0,35.0,69.0,47.0,36.0,38.0,34.0,17.0,87.0,277.0,82.0,35.0,204.0,58.0,43.0,43.0,265.0,56.0,234.0,50.0,54.0,57.0,170.0,39.0,70.0,239.0,68.0,84.0,117.0,49.0,35.0,63.0,50.0,36.0,49.0,69.0,16.0,50.0,282.0,11.0,45.0,43.0,54.0,23.0,18.0,178.0,291.0,55.0,230.0,53.0,98.0,49.0,54.0,21.0,96.0,127.0,24.0,54.0,14.0,64.0,47.0,44.0,104.0,25.0,25.0,98.0,17.0,18.0,47.0,44.0,31.0,82.0,67.0,70.0,57.0,41.0,76.0,70.0,77.0,67.0,35.0,105.0
37.0,97.0,49.0,87.0,70.0,73.0,249.0,44.0,50.0,61.0,49.0,59.0,116.0,256.0,258.0,169.0,33.0,66.0,46.0,34.0,37.0,35.0,19.0,84.0,276.0,80.0,37.0,206.0,56.0,41.0,42.0,264.0,56.0,235.0,50.0,52.0,58.0,166.0,39.0,67.0,237.0,68.0,82.0,113.0,45.0,35.0,60.0,49.0,37.0,49.0,67.0,16.0,50.0,282.0,12.0,44.0,41.0,54.0,25.0,19.0,177.0,293.0,54.0,231.0,53.0,97.0,51.0,53.0,22.0,94.0,125.0,24.0,56.0,16.0,66.0,46.0,45.0,105.0,25.0,25.0,99.0,17.0,18.0,48.0,44.0,31.0,81.0,66.0,67.0,56.0,41.0,79.0,70.0,78.0,69.0,36.0,105.0
37.25,99.0,49.0,87.0,71.0,70.0,245.0,39.0,38.0,54.0,40.0,50.0,109.0,262.0,256.0,167.0,30.0,64.0,39.0,32.0,31.0,33.0,12.0,83.0,272.0,82.0,33.0,212.0,57.0,40.0,38.0,266.0,52.0,234.0,45.0,48.0,46.0,166.0,40.0,61.0,232.0,60.0,80.0,105.0,40.0,33.0,51.0,46.0,27.0,54.0,71.0,16.0,49.0,283.0,11.0,43.0,37.0,50.0,22.0,15.0,170.0,295.0,60.0,223.0,50.0,91.0,55.0,45.0,18.0,93.0,119.0,19.0,53.0,15.0,69.0,45.0,49.0,94.0,24.0,27.0,93.0,15.0,16.0,44.0,33.0,34.0,91.0,72.0,70.0,58.0,42.0,63.0,65.0,74.0,65.0,26.0,91.0
37.5,100.0,47.0,87.0,70.0,72.0,249.0,41.0,47.0,60.0,50.0,56.0,115.0,258.0,261.0,170.0,33.0,67.0,44.0,34.0,37.0,35.0,17.0,84.0,275.0,80.0,36.0,206.0,56.0,42.0,40.0,263.0,55.0,234.0,51.0,54.0,55.0,166.0,37.0,67.0,235.0,67.0,84.0,113.0,42.0,34.0,58.0,47.0,35.0,49.0,68.0,16.0,51.0,282.0,11.0,43.0,39.0,54.0,23.0,20.0,179.0,293.0,55.0,228.0,52.0,95.0,51.0,52.0,21.0,95.0,124.0,23.0,54.0,16.0,68.0,46.0,44.0,103.0,26.0,25.0,98.0,17.0,19.0,47.0,42.0,31.0,82.0,66.0,68.0,56.0,39.0,77.0,68.0,80.0,67.0,34.0,104.0
37.75,99.0,51.0,91.0,72.0,76.0,250.0,43.0,47.0,61.0,50.0,58.0,114.0,259.0,259.0,172.0,33.0,71.0,47.0,36.0,39.0,37.0,17.0,86.0,277.0,82.0,35.0,212.0,56.0,45.0,44.0,267.0,56.0,237.0,50.0,53.0,54.0,168.0,40.0,70.0,240.0,68.0,93.0,115.0,46.0,36.0,61.0,49.0,36.0,51.0,71.0,18.0,53.0,285.0,12.0,44.0,41.0,56.0,24.0,19.0,180.0,293.0,56.0,228.0,51.0,99.0,52.0,52.0,22.0,96.0,125.0,24.0,53.0,17.0,66.0,46.0,44.0,105.0,29.0,26.0,97.0,19.0,20.0,49.0,42.0,31.0,84.0,70.0,70.0,57.0,43.0,74.0,68.0,78.0,69.0,34.0,103.0
38.0,101.0,51.0,90.0,75.0,76.0,252.0,44.0,47.0,62.0,52.0,57.0,114.0,259.0,259.0,170.0,35.0,66.0,47.0,36.0,40.0,40.0,18.0,87.0,278.0,83.0,36.0,213.0,59.0,44.0,42.0,265.0,57.0,236.0,52.0,54.0,56.0,168.0,40.0,70.0,239.0,71.0,92.0,117.0,47.0,39.0,61.0,52.0,37.0,51.0,70.0,17.0,51.0,284.0,16.0,47.0,43.0,56.0,24.0,21.0,181.0,293.0,56.0,228.0,53.0,98.0,53.0,55.0,23.0,97.0,129.0,25.0,55.0,16.0,67.0,47.0,47.0,106.0,26.0,27.0,99.0,19.0,20.0,48.0,42.0,33.0,83.0,70.0,69.0,58.0,41.0,76.0,70.0,80.0,69.0,38.0,106.0
38.25,102.0,50.0,86.0,70.0,71.0,248.0,40.0,37.0,51.0,39.0,52.0,109.0,265.0,256.0,172.0,30.0,65.0,37.0,29.0,31.0,35.0,13.0,82.0,272.0,85.0,33.0,221.0,59.0,38.0,39.0,270.0,52.0,236.0,46.0,44.0,41.0,166.0,42.0,63.0,232.0,61.0,88.0,102.0,36.0,34.0,51.0,44.0,26.0,57.0,75.0,19.0,52.0,282.0,11.0,44.0,36.0,50.0,22.0,15.0,172.0,296.0,65.0,224.0,51.0,91.0,60.0,41.0,18.0,91.0,118.0,18.0,50.0,15.0,74.0,46.0,48.0,93.0,25.0,26.0,96.0,16.0,17.0,43.0,34.0,38.0,96.0,78.0,72.0,60.0,47.0,59.0,64.0,74.0,66.0,25.0,89.0
38.5,98.0,49.0,87.0,71.0,74.0,250.0,41.0,46.0,62.0,49.0,57.0,116.0,258.0,259.0,169.0,35.0,66.0,42.0,33.0,37.0,36.0,17.0,84.0,275.0,79.0,35.0,216.0,55.0,40.0,39.0,265.0,55.0,237.0,48.0,51.0,56.0,166.0,39.0,64.0,237.0,66.0,94.0,113.0,42.0,35.0,58.0,48.0,35.0,50.0,68.0,16.0,48.0,282.0,13.0,45.0,42.0,54.0,22.0,20.0,181.0,295.0,56.0,227.0,50.0,96.0,48.0,51.0,21.0,95.0,123.0,24.0,53.0,15.0,63.0,44.0,44.0,104.0,26.0,26.0,98.0,17.0,17.0,49.0,41.0,30.0,85.0,67.0,68.0,57.0,41.0,78.0,69.0,79.0,69.0,35.0,105.0
38.75,100.0,47.0,87.0,69.0,73.0,251.0,43.0,46.0,59.0,49.0,58.0,115.0,260.0,257.0,169.0,34.0,65.0,42.0,34.0,37.0,37.0,19.0,83.0,276.0,79.0,34.0,216.0,53.0,42.0,39.0,266.0,53.0,236.0,50.0,53.0,54.0,165.0,40.0,63.0,237.0,65.0,97.0,113.0,42.0,35.0,60.0,49.0,36.0,51.0,66.0,18.0,50.0,285.0,13.0,44.0,41.0,54.0,25.0,20.0,182.0,295.0,56.0,229.0,53.0,97.0,52.0,53.0,22.0,98.0,126.0,22.0,53.0,17.0,65.0,45.0,45.0,106.0,26.0,26.0,99.0,19.0,19.0,46.0,42.0,34.0,84.0,68.0,68.0,57.0,41.0,81.0,69.0,80.0,68.0,35.0,104.0
39.0,99.0,50.0,87.0,71.0,72.0,253.0,42.0,46.0,60.0,49.0,58.0,116.0,260.0,258.0,170.0,33.0,68.0,43.0,35.0,40.0,37.0,18.0,85.0,277.0,79.0,35.0,216.0,57.0,41.0,42.0,265.0,56.0,237.0,50.0,52.0,54.0,166.0,38.0,66.0,238.0,68.0,103.0,115.0,43.0,36.0,60.0,48.0,35.0,51.0,70.0,17.0,50.0,284.0,12.0,46.0,42.0,54.0,25.0,21.0,183.0,294.0,56.0,230.0,53.0,96.0,51.0,54.0,21.0,97.0,126.0,24.0,56.0,18.0,65.0,47.0,47.0,107.0,26.0,27.0,98.0,20.0,19.0,46.0,42.0,32.0,82.0,66.0,68.0,57.0,40.0,79.0,70.0,81.0,68.0,35.0,106.0
39.25,96.0,48.0,86.0,70.0,71.0,251.0,38.0,45.0,59.0,47.0,55.0,112.0,257.0,258.0,169.0,32.0,64.0,42.0,32.0,36.0,34.0,14.0,81.0,276.0,78.0,32.0,217.0,56.0,42.0,40.0,264.0,54.0,235.0,49.0,52.0,53.0,164.0,38.0,64.0,235.0,65.0,104.0,110.0,41.0,34.0,56.0,47.0,34.0,51.0,66.0,16.0,49.0,283.0,11.0,43.0,40.0,53.0,21.0,17.0,183.0,294.0,53.0,228.0,50.0,95.0,50.0,49.0,19.0,94.0,125.0,22.0,50.0,14.0,65.0,43.0,44.0,104.0,24.0,24.0,96.0,17.0,17.0,46.0,41.0,31.0,81.0,66.0,65.0,55.0,40.0,77.0,69.0,79.0,68.0,34.0,103.0
39.5,99.0,50.0,89.0,72.0,75.0,254.0,42.0,47.0,63.0,51.0,57.0,117.0,259.0,260.0,171.0,35.0,69.0,46.0,33.0,37.0,38.0,17.0,84.0,276.0,82.0,34.0,220.0,55.0,41.0,41.0,265.0,54.0,239.0,49.0,54.0,56.0,168.0,38.0,66.0,240.0,70.0,110.0,112.0,45.0,36.0,61.0,49.0,39.0,52.0,69.0,16.0,50.0,284.0,12.0,46.0,40.0,54.0,22.0,19.0,185.0,294.0,52.0,228.0,52.0,99.0,50.0,54.0,22.0,98.0,125.0,26.0,55.0,15.0,67.0,45.0,47.0,108.0,26.0,27.0,99.0,20.0,18.0,47.0,43.0,29.0,82.0,68.0,68.0,59.0,42.0,78.0,70.0,80.0,72.0,35.0,106.0
39.75,99.0,49.0,88.0,71.0,73.0,251.0,39.0,45.0,60.0,47.0,56.0,115.0,258.0,259.0,173.0,34.0,66.0,45.0,33.0,37.0,37.0,17.0,82.0,275.0,79.0,35.0,220.0,56.0,40.0,38.0,265.0,54.0,238.0,50.0,52.0,56.0,165.0,38.0,67.0,239.0,67.0,114.0,114.0,46.0,35.0,58.0,49.0,35.0,49.0,68.0,16.0,50.0,284.0,11.0,45.0,41.0,54.0,23.0,20.0,185.0,293.0,54.0,229.0,51.0,98.0,49.0,52.0,22.0,96.0,126.0,24.0,53.0,13.0,65.0,46.0,43.0,107.0,25.0,25.0,95.0,19.0,17.0,46.0,43.0,28.0,80.0,65.0,67.0,58.0,42.0,75.0,70.0,80.0,68.0,34.0,104.0
40.0,100.0,50.0,87.0,70.0,73.0,253.0,39.0,45.0,60.0,48.0,56.0,114.0,260.0,259.0,173.0,33.0,66.0,45.0,33.0,36.0,36.0,15.0,83.0,277.0,79.0,35.0,220.0,56.0,41.0,40.0,266.0,56.0,237.0,50.0,53.0,56.0,167.0,38.0,66.0,241.0,67.0,118.0,113.0,43.0,36.0,59.0,48.0,33.0,51.0,68.0,16.0,50.0,285.0,12.0,45.0,41.0,54.0,23.0,19.0,185.0,294.0,55.0,229.0,53.0,98.0,50.0,53.0,21.0,95.0,126.0,24.0,53.0,16.0,66.0,45.0,45.0,106.0,26.0,25.0,98.0,20.0,18.0,46.0,42.0,31.0,80.0,65.0,66.0,58.0,41.0,77.0,72.0,80.0,69.0,35.0,106.0
40.25,100.0,50.0,88.0,71.0,74.0,253.0,42.0,47.0,60.0,52.0,56.0,114.0,261.0,259.0,173.0,33.0,69.0,45.0,35.0,38.0,37.0,18.0,85.0,279.0,81.0,35.0,222.0,56.0,42.0,41.0,267.0,56.0,238.0,51.0,51.0,56.0,167.0,39.0,67.0,241.0,69.0,121.0,113.0,44.0,35.0,61.0,48.0,35.0,52.0,70.0,17.0,51.0,285.0,14.0,46.0,42.0,54.0,24.0,18.0,185.0,295.0,54.0,230.0,52.0,98.0,50.0,54.0,23.0,97.0,124.0,24.0,54.0,15.0,67.0,47.0,46.0,107.0,25.0,27.0,96.0,20.0,17.0,47.0,42.0,29.0,80.0,67.0,66.0,57.0,42.0,76.0,71.0,81.0,69.0,35.0,106.0
40.5,101.0,53.0,89.0,74.0,76.0,255.0,45.0,48.0,64.0,51.0,58.0,117.0,263.0,261.0,175.0,37.0,71.0,47.0,37.0,39.0,41.0,21.0,84.0,278.0,83.0,38.0,226.0,59.0,44.0,43.0,268.0,60.0,241.0,52.0,55.0,58.0,168.0,41.0,68.0,241.0,71.0,125.0,116.0,46.0,36.0,64.0,51.0,40.0,54.0,71.0,20.0,53.0,287.0,14.0,47.0,43.0,56.0,27.0,23.0,188.0,295.0,57.0,231.0,54.0,102.0,52.0,54.0,25.0,99.0,127.0,26.0,54.0,19.0,70.0,50.0,47.0,110.0,28.0,29.0,100.0,23.0,20.0,48.0,44.0,33.0,85.0,70.0,72.0,59.0,42.0,81.0,73.0,82.0,72.0,38.0,106.0
40.75,99.0,50.0,88.0,74.0,72.0,252.0,41.0,46.0,62.0,47.0,56.0,115.0,262.0,260.0,173.0,35.0,69.0,42.0,35.0,39.0,37.0,16.0,84.0,278.0,81.0,34.0,225.0,58.0,42.0,42.0,267.0,56.0,239.0,51.0,52.0,56.0,168.0,40.0,66.0,240.0,68.0,127.0,113.0,44.0,36.0,61.0,50.0,35.0,53.0,71.0,19.0,52.0,285.0,13.0,45.0,43.0,53.0,26.0,22.0,187.0,295.0,55.0,228.0,52.0,99.0,51.0,53.0,23.0,97.0,125.0,25.0,53.0,16.0,65.0,47.0,47.0,107.0,27.0,26.0,99.0,18.0,22.0,47.0,42.0,30.0,83.0,67.0,69.0,59.0,39.0,78.0,72.0,80.0,69.0,36.0,106.0
41.0,98.0,51.0,87.0,73.0,74.0,254.0,41.0,46.0,59.0,49.0,57.0,113.0,262.0,260.0,174.0,34.0,67.0,45.0,34.0,37.0,36.0,16.0,82.0,278.0,80.0,35.0,224.0,57.0,43.0,42.0,266.0,54.0,239.0,51.0,54.0,55.0,166.0,39.0,69.0,241.0,68.0,133.0,113.0,45.0,35.0,60.0,48.0,36.0,51.0,69.0,18.0,50.0,285.0,13.0,44.0,41.0,56.0,22.0,20.0,186.0,293.0,55.0,229.0,51.0,99.0,51.0,55.0,20.0,96.0,126.0,24.0,53.0,17.0,64.0,45.0,45.0,106.0,27.0,25.0,98.0,18.0,20.0,46.0,43.0,28.0,79.0,67.0,68.0,59.0,42.0,77.0,73.0,78.0,67.0,37.0,105.0
41.25,98.0,49.0,88.0,72.0,72.0,252.0,39.0,45.0,60.0,48.0,58.0,116.0,261.0,259.0,173.0,33.0,66.0,42.0,32.0,38.0,37.0,14.0,82.0,275.0,80.0,34.0,226.0,55.0,40.0,41.0,267.0,54.0,238.0,49.0,51.0,56.0,165.0,37.0,64.0,239.0,66.0,130.0,111.0,41.0,36.0,57.0,48.0,37.0,51.0,68.0,16.0,49.0,284.0,12.0,45.0,42.0,55.0,22.0,18.0,190.0,294.0,57.0,228.0,52.0,98.0,50.0,52.0,21.0,94.0,125.0,23.0,56.0,18.0,67.0,44.0,45.0,106.0,27.0,26.0,97.0,18.0,18.0,46.0,42.0,29.0,81.0,67.0,69.0,57.0,40.0,77.0,70.0,79.0,68.0,36.0,104.0
41.5,100.0,48.0,86.0,70.0,72.0,251.0,37.0,45.0,58.0,47.0,56.0,115.0,261.0,259.0,172.0,32.0,66.0,41.0,31.0,36.0,36.0,16.0,81.0,275.0,80.0,33.0,225.0,54.0,39.0,39.0,266.0,52.0,239.0,47.0,51.0,55.0,165.0,37.0,63.0,239.0,66.0,133.0,110.0,41.0,33.0,56.0,46.0,35.0,51.0,70.0,17.0,48.0,286.0,14.0,41.0,41.0,52.0,21.0,19.0,189.0,295.0,55.0,227.0,50.0,98.0,50.0,51.0,21.0,96.0,124.0,23.0,51.0,16.0,67.0,45.0,45.0,106.0,27.0,25.0,97.0,18.0,19.0,45.0,41.0,30.0,81.0,67.0,68.0,58.0,42.0,76.0,69.0,79.0,67.0,34.0,104.0
41.75,100.0,49.0,89.0,70.0,72.0,254.0,37.0,46.0,61.0,50.0,57.0,114.0,261.0,263.0,173.0,35.0,66.0,45.0,34.0,38.0,38.0,19.0,82.0,276.0,82.0,35.0,227.0,56.0,42.0,41.0,267.0,55.0,239.0,50.0,52.0,56.0,166.0,39.0,64.0,240.0,68.0,139.0,111.0,42.0,36.0,59.0,48.0,38.0,51.0,68.0,18.0,51.0,285.0,14.0,45.0,42.0,54.0,23.0,21.0,190.0,294.0,55.0,227.0,51.0,100.0,51.0,52.0,23.0,97.0,125.0,25.0,52.0,18.0,67.0,45.0,46.0,109.0,29.0,26.0,97.0,21.0,19.0,48.0,41.0,28.0,82.0,66.0,67.0,56.0,41.0,76.0,70.0,80.0,68.0,36.0,104.0
42.0,98.0,52.0,90.0,71.0,72.0,256.0,42.0,47.0,61.0,49.0,56.0,115.0,263.0,262.0,175.0,37.0,68.0,46.0,35.0,40.0,40.0,20.0,84.0,277.0,82.0,34.0,228.0,57.0,40.0,41.0,267.0,57.0,240.0,51.0,53.0,57.0,168.0,40.0,70.0,244.0,69.0,146.0,114.0,48.0,36.0,60.0,48.0,38.0,52.0,70.0,18.0,52.0,287.0,15.0,46.0,43.0,57.0,23.0,22.0,191.0,295.0,57.0,229.0,54.0,99.0,53.0,54.0,22.0,96.0,128.0,25.0,54.0,17.0,66.0,46.0,46.0,109.0,28.0,29.0,100.0,20.0,20.0,50.0,44.0,28.0,81.0,65.0,68.0,58.0,44.0,79.0,71.0,81.0,68.0,35.0,105.0
42.25,101.0,53.0,91.0,74.0,77.0,256.0,44.0,50.0,61.0,51.0,58.0,118.0,263.0,264.0,178.0,37.0,70.0,48.0,37.0,41.0,40.0,21.0,85.0,279.0,84.0,37.0,231.0,60.0,43.0,45.0,269.0,58.0,244.0,54.0,55.0,58.0,169.0,41.0,71.0,247.0,71.0,151.0,116.0,46.0,39.0,66.0,51.0,38.0,52.0,72.0,19.0,53.0,286.0,14.0,47.0,45.0,59.0,27.0,22.0,193.0,294.0,56.0,231.0,55.0,103.0,52.0,57.0,23.0,100.0,129.0,25.0,57.0,19.0,69.0,49.0,48.0,111.0,29.0,27.0,100.0,20.0,21.0,51.0,46.0,28.0,84.0,69.0,69.0,60.0,43.0,80.0,73.0,82.0,71.0,38.0,107.0
42.5,101.0,53.0,89.0,73.0,76.0,255.0,43.0,49.0,63.0,51.0,59.0,115.0,262.0,262.0,176.0,36.0,67.0,47.0,36.0,40.0,39.0,20.0,84.0,277.0,82.0,37.0,230.0,59.0,44.0,44.0,268.0,56.0,242.0,51.0,54.0,56.0,167.0,41.0,69.0,245.0,70.0,153.0,116.0,46.0,35.0,61.0,52.0,36.0,51.0,70.0,17.0,52.0,286.0,16.0,46.0,44.0,56.0,25.0,19.0,191.0,295.0,56.0,230.0,53.0,98.0,51.0,55.0,23.0,98.0,128.0,25.0,52.0,17.0,69.0,48.0,47.0,110.0,28.0,25.0,98.0,21.0,18.0,47.0,43.0,30.0,83.0,67.0,70.0,59.0,42.0,77.0,73.0,81.0,69.0,37.0,105.0
42.75,98.0,50.0,85.0,72.0,70.0,253.0,37.0,44.0,59.0,45.0,55.0,113.0,260.0,261.0,175.0,34.0,66.0,42.0,31.0,36.0,36.0,17.0,81.0,278.0,78.0,33.0,230.0,55.0,41.0,40.0,266.0,54.0,241.0,47.0,50.0,53.0,166.0,39.0,66.0,240.0,66.0,153.0,111.0,41.0,35.0,58.0,46.0,34.0,49.0,69.0,16.0,51.0,286.0,13.0,45.0,41.0,54.0,23.0,19.0,191.0,294.0,54.0,227.0,52.0,97.0,49.0,53.0,18.0,96.0,126.0,23.0,52.0,14.0,65.0,44.0,45.0,108.0,24.0,23.0,95.0,17.0,16.0,43.0,41.0,26.0,81.0,65.0,66.0,55.0,41.0,75.0,68.0,78.0,67.0,33.0,103.0
43.0,102.0,53.0,89.0,72.0,74.0,257.0,40.0,46.0,61.0,47.0,56.0,114.0,264.0,262.0,176.0,34.0,68.0,46.0,35.0,38.0,39.0,20.0,82.0,277.0,82.0,36.0,232.0,57.0,43.0,41.0,267.0,57.0,242.0,52.0,53.0,55.0,166.0,42.0,68.0,244.0,70.0,159.0,113.0,45.0,36.0,62.0,48.0,36.0,52.0,70.0,18.0,54.0,288.0,13.0,45.0,43.0,56.0,27.0,21.0,192.0,295.0,55.0,227.0,53.0,96.0,52.0,54.0,22.0,99.0,128.0,24.0,55.0,18.0,68.0,48.0,46.0,110.0,26.0,27.0,98.0,21.0,19.0,46.0,43.0,28.0,84.0,70.0,70.0,58.0,44.0,75.0,73.0,80.0,69.0,37.0,104.0
43.25,101.0,53.0,91.0,72.0,74.0,256.0,40.0,46.0,59.0,49.0,56.0,114.0,263.0,261.0,177.0,36.0,69.0,46.0,37.0,40.0,39.0,18.0,84.0,279.0,81.0,36.0,233.0,56.0,42.0,43.0,268.0,58.0,243.0,51.0,53.0,55.0,169.0,41.0,67.0,246.0,69.0,160.0,114.0,47.0,36.0,61.0,49.0,37.0,53.0,73.0,18.0,53.0,286.0,14.0,48.0,44.0,55.0,28.0,20.0,192.0,294.0,58.0,229.0,54.0,99.0,53.0,55.0,23.0,96.0,127.0,26.0,54.0,17.0,66.0,46.0,46.0,111.0,27.0,28.0,100.0,21.0,20.0,47.0,44.0,27.0,83.0,67.0,67.0,58.0,42.0,75.0,72.0,82.0,69.0,37.0,104.0
43.5,99.0,50.0,86.0,71.0,72.0,254.0,38.0,44.0,57.0,47.0,55.0,112.0,260.0,261.0,174.0,32.0,65.0,43.0,31.0,38.0,36.0,15.0,79.0,276.0,79.0,33.0,232.0,56.0,41.0,40.0,266.0,53.0,242.0,48.0,51.0,52.0,165.0,38.0,65.0,243.0,66.0,160.0,111.0,40.0,34.0,57.0,46.0,33.0,48.0,68.0,14.0,50.0,287.0,11.0,42.0,42.0,52.0,21.0,17.0,193.0,294.0,51.0,228.0,51.0,97.0,50.0,50.0,19.0,95.0,124.0,22.0,51.0,14.0,64.0,45.0,43.0,108.0,25.0,26.0,96.0,17.0,15.0,46.0,42.0,26.0,79.0,66.0,66.0,55.0,40.0,74.0,69.0,79.0,69.0,35.0,102.0
43.75,101.0,52.0,90.0,73.0,73.0,256.0,40.0,46.0,60.0,49.0,56.0,115.0,262.0,261.0,178.0,37.0,69.0,46.0,33.0,40.0,39.0,18.0,82.0,277.0,83.0,36.0,233.0,58.0,42.0,43.0,268.0,56.0,243.0,51.0,52.0,57.0,167.0,39.0,68.0,246.0,68.0,166.0,115.0,45.0,36.0,60.0,50.0,38.0,52.0,70.0,16.0,52.0,288.0,14.0,44.0,45.0,56.0,23.0,22.0,193.0,296.0,53.0,231.0,54.0,100.0,54.0,55.0,24.0,96.0,127.0,25.0,55.0,17.0,66.0,49.0,46.0,112.0,27.0,25.0,100.0,21.0,18.0,46.0,46.0,29.0,81.0,67.0,67.0,57.0,41.0,76.0,72.0,79.0,69.0,37.0,105.0
44.0,101.0,50.0,88.0,71.0,72.0,254.0,39.0,40.0,57.0,44.0,54.0,111.0,266.0,261.0,176.0,31.0,67.0,41.0,34.0,37.0,37.0,14.0,80.0,276.0,81.0,33.0,236.0,57.0,42.0,41.0,270.0,55.0,244.0,49.0,51.0,52.0,167.0,39.0,65.0,242.0,66.0,165.0,111.0,41.0,36.0,54.0,47.0,33.0,52.0,73.0,18.0,51.0,289.0,14.0,46.0,44.0,54.0,24.0,19.0,191.0,296.0,55.0,227.0,51.0,97.0,53.0,50.0,22.0,95.0,123.0,22.0,53.0,15.0,69.0,45.0,47.0,108.0,25.0,27.0,97.0,18.0,18.0,43.0,40.0,28.0,87.0,67.0,66.0,56.0,42.0,70.0,70.0,78.0,67.0,34.0,99.0
44.25,95.0,47.0,84.0,69.0,70.0,254.0,33.0,42.0,56.0,45.0,53.0,110.0,261.0,259.0,170.0,30.0,63.0,40.0,29.0,35.0,35.0,14.0,79.0,276.0,79.0,33.0,231.0,53.0,38.0,37.0,265.0,53.0,241.0,47.0,48.0,50.0,163.0,35.0,62.0,241.0,63.0,165.0,109.0,39.0,33.0,53.0,43.0,33.0,47.0,65.0,14.0,46.0,287.0,11.0,41.0,39.0,53.0,20.0,16.0,191.0,295.0,50.0,226.0,49.0,94.0,46.0,50.0,18.0,93.0,121.0,22.0,50.0,15.0,62.0,42.0,42.0,107.0,24.0,21.0,93.0,17.0,16.0,43.0,40.0,23.0,79.0,63.0,64.0,54.0,38.0,71.0,68.0,76.0,66.0,33.0,100.0
44.5,101.0,53.0,88.0,73.0,73.0,256.0,41.0,48.0,61.0,50.0,56.0,113.0,265.0,262.0,178.0,35.0,70.0,45.0,34.0,40.0,39.0,21.0,84.0,277.0,83.0,35.0,236.0,58.0,43.0,40.0,269.0,57.0,246.0,53.0,53.0,56.0,166.0,42.0,69.0,247.0,69.0,174.0,112.0,46.0,37.0,60.0,49.0,37.0,54.0,73.0,20.0,55.0,289.0,13.0,47.0,47.0,56.0,26.0,21.0,197.0,295.0,55.0,230.0,54.0,100.0,53.0,57.0,23.0,98.0,127.0,26.0,54.0,19.0,69.0,47.0,47.0,112.0,28.0,28.0,98.0,20.0,21.0,47.0,44.0,27.0,82.0,68.0,68.0,60.0,43.0,77.0,73.0,82.0,71.0,38.0,105.0
44.75,99.0,53.0,89.0,72.0,72.0,255.0,39.0,46.0,60.0,48.0,55.0,113.0,263.0,262.0,177.0,33.0,66.0,45.0,33.0,39.0,41.0,18.0,81.0,278.0,79.0,34.0,235.0,55.0,43.0,40.0,268.0,54.0,243.0,50.0,51.0,56.0,164.0,40.0,66.0,244.0,68.0,176.0,114.0,43.0,35.0,57.0,48.0,36.0,49.0,70.0,17.0,52.0,288.0,12.0,46.0,42.0,55.0,22.0,21.0,195.0,295.0,54.0,230.0,53.0,99.0,51.0,54.0,20.0,96.0,127.0,26.0,52.0,17.0,67.0,46.0,45.0,113.0,26.0,25.0,97.0,18.0,18.0,47.0,42.0,25.0,80.0,66.0,66.0,57.0,42.0,76.0,70.0,79.0,69.0,38.0,103.0
45.0,103.0,55.0,91.0,75.0,76.0,258.0,40.0,49.0,62.0,49.0,60.0,113.0,262.0,264.0,181.0,38.0,72.0,49.0,40.0,40.0,42.0,20.0,83.0,278.0,82.0,39.0,237.0,59.0,44.0,43.0,272.0,60.0,246.0,53.0,55.0,58.0,169.0,43.0,69.0,248.0,70.0,182.0,116.0,48.0,37.0,63.0,52.0,39.0,54.0,73.0,19.0,55.0,289.0,15.0,49.0,46.0,57.0,26.0,22.0,198.0,295.0,57.0,231.0,55.0,101.0,54.0,56.0,23.0,98.0,127.0,28.0,56.0,20.0,69.0,50.0,47.0,114.0,31.0,29.0,100.0,22.0,21.0,49.0,45.0,26.0,83.0,68.0,70.0,60.0,43.0,76.0,75.0,81.0,69.0,38.0,105.0
45.25,101.0,50.0,90.0,73.0,74.0,258.0,37.0,46.0,60.0,47.0,56.0,115.0,264.0,263.0,178.0,36.0,68.0,44.0,34.0,39.0,40.0,18.0,83.0,277.0,81.0,33.0,238.0,57.0,42.0,40.0,269.0,54.0,245.0,50.0,52.0,54.0,166.0,40.0,68.0,246.0,67.0,181.0,111.0,45.0,37.0,59.0,47.0,35.0,52.0,71.0,19.0,51.0,289.0,13.0,45.0,45.0,55.0,26.0,20.0,197.0,295.0,53.0,231.0,49.0,101.0,52.0,54.0,22.0,96.0,127.0,25.0,54.0,18.0,66.0,47.0,46.0,113.0,29.0,27.0,99.0,21.0,17.0,46.0,43.0,25.0,79.0,68.0,67.0,58.0,41.0,76.0,72.0,81.0,67.0,35.0,105.0
45.5,100.0,50.0,87.0,70.0,74.0,256.0,39.0,43.0,59.0,46.0,54.0,110.0,264.0,262.0,177.0,35.0,69.0,43.0,35.0,38.0,38.0,15.0,79.0,277.0,81.0,35.0,238.0,57.0,42.0,40.0,271.0,56.0,247.0,51.0,50.0,54.0,166.0,40.0,69.0,245.0,66.0,182.0,111.0,42.0,36.0,58.0,46.0,35.0,53.0,70.0,17.0,52.0,289.0,14.0,44.0,45.0,54.0,24.0,19.0,196.0,296.0,55.0,228.0,54.0,100.0,51.0,53.0,23.0,97.0,126.0,24.0,52.0,16.0,67.0,47.0,44.0,113.0,26.0,25.0,98.0,19.0,16.0,45.0,43.0,25.0,84.0,65.0,69.0,60.0,41.0,73.0,71.0,79.0,68.0,34.0,103.0
45.75,100.0,50.0,89.0,69.0,72.0,256.0,37.0,45.0,58.0,46.0,54.0,112.0,265.0,263.0,178.0,33.0,67.0,43.0,33.0,37.0,36.0,18.0,79.0,276.0,80.0,34.0,236.0,55.0,41.0,40.0,268.0,53.0,245.0,50.0,50.0,54.0,165.0,39.0,67.0,246.0,66.0,186.0,113.0,41.0,33.0,58.0,45.0,33.0,49.0,70.0,16.0,52.0,288.0,12.0,45.0,42.0,53.0,23.0,16.0,197.0,295.0,52.0,229.0,53.0,98.0,50.0,53.0,21.0,96.0,126.0,22.0,50.0,15.0,67.0,46.0,44.0,115.0,24.0,23.0,95.0,17.0,17.0,45.0,42.0,23.0,80.0,65.0,65.0,57.0,39.0,73.0,68.0,79.0,69.0,35.0,102.0
46.0,98.0,51.0,87.0,72.0,71.0,255.0,37.0,45.0,59.0,49.0,53.0,113.0,264.0,262.0,179.0,35.0,69.0,45.0,33.0,37.0,38.0,16.0,81.0,276.0,81.0,33.0,238.0,55.0,41.0,39.0,268.0,56.0,246.0,49.0,52.0,54.0,166.0,39.0,66.0,244.0,68.0,187.0,112.0,42.0,34.0,60.0,48.0,37.0,51.0,70.0,16.0,51.0,289.0,13.0,45.0,43.0,52.0,24.0,20.0,198.0,296.0,56.0,230.0,52.0,98.0,52.0,52.0,20.0,96.0,126.0,23.0,52.0,16.0,68.0,45.0,45.0,113.0,27.0,26.0,98.0,19.0,16.0,47.0,42.0,26.0,82.0,67.0,69.0,58.0,40.0,73.0,71.0,82.0,67.0,36.0,102.0
46.25,100.0,49.0,85.0,69.0,74.0,255.0,38.0,44.0,56.0,47.0,54.0,113.0,265.0,262.0,177.0,33.0,69.0,39.0,32.0,37.0,36.0,17.0,78.0,275.0,82.0,33.0,238.0,55.0,41.0,38.0,269.0,55.0,244.0,49.0,49.0,53.0,167.0,41.0,66.0,243.0,66.0,185.0,109.0,40.0,35.0,56.0,48.0,34.0,52.0,69.0,19.0,50.0,289.0,12.0,47.0,44.0,52.0,24.0,18.0,196.0,296.0,56.0,228.0,54.0,98.0,50.0,52.0,21.0,96.0,123.0,22.0,51.0,17.0,68.0,46.0,48.0,112.0,25.0,26.0,96.0,19.0,17.0,46.0,41.0,27.0,83.0,68.0,67.0,59.0,41.0,74.0,71.0,79.0,69.0,35.0,101.0
46.5,98.0,53.0,91.0,73.0,72.0,257.0,39.0,47.0,59.0,50.0,57.0,114.0,264.0,263.0,178.0,36.0,72.0,45.0,34.0,38.0,40.0,20.0,79.0,277.0,79.0,34.0,237.0,58.0,42.0,41.0,270.0,55.0,247.0,51.0,53.0,53.0,166.0,41.0,67.0,247.0,68.0,191.0,113.0,43.0,37.0,58.0,47.0,37.0,52.0,70.0,19.0,52.0,289.0,16.0,47.0,45.0,54.0,24.0,21.0,200.0,295.0,54.0,230.0,55.0,97.0,52.0,52.0,22.0,95.0,126.0,26.0,54.0,19.0,68.0,47.0,48.0,115.0,28.0,27.0,97.0,19.0,21.0,48.0,44.0,26.0,81.0,68.0,67.0,57.0,42.0,74.0,72.0,82.0,68.0,37.0,104.0
46.75,100.0,54.0,89.0,72.0,75.0,258.0,41.0,46.0,60.0,49.0,55.0,112.0,266.0,264.0,182.0,35.0,73.0,46.0,36.0,41.0,39.0,17.0,80.0,278.0,83.0,35.0,239.0,58.0,42.0,41.0,271.0,58.0,246.0,52.0,52.0,55.0,167.0,41.0,70.0,250.0,70.0,197.0,115.0,45.0,36.0,62.0,50.0,37.0,51.0,71.0,19.0,53.0,290.0,12.0,46.0,45.0,55.0,26.0,18.0,199.0,296.0,55.0,230.0,53.0,102.0,53.0,54.0,22.0,96.0,127.0,24.0,53.0,18.0,69.0,47.0,46.0,115.0,26.0,25.0,95.0,20.0,19.0,47.0,43.0,23.0,81.0,69.0,68.0,59.0,41.0,74.0,74.0,82.0,68.0,37.0,102.0
47.0,97.0,53.0,89.0,72.0,74.0,259.0,39.0,48.0,59.0,46.0,55.0,113.0,266.0,264.0,183.0,34.0,75.0,47.0,36.0,41.0,40.0,17.0,80.0,277.0,82.0,35.0,240.0,58.0,43.0,40.0,270.0,56.0,247.0,51.0,52.0,55.0,166.0,42.0,69.0,249.0,70.0,199.0,113.0,45.0,37.0,61.0,49.0,36.0,50.0,73.0,17.0,52.0,291.0,13.0,46.0,46.0,56.0,25.0,18.0,200.0,296.0,53.0,231.0,53.0,101.0,52.0,52.0,21.0,97.0,127.0,24.0,51.0,17.0,70.0,48.0,47.0,111.0,27.0,27.0,99.0,19.0,20.0,47.0,43.0,22.0,81.0,67.0,69.0,58.0,41.0,75.0,73.0,78.0,67.0,39.0,103.0
47.25,98.0,51.0,90.0,72.0,73.0,258.0,37.0,46.0,58.0,49.0,57.0,112.0,264.0,263.0,181.0,35.0,74.0,44.0,34.0,37.0,39.0,17.0,79.0,277.0,79.0,35.0,238.0,56.0,42.0,40.0,269.0,57.0,248.0,51.0,52.0,55.0,166.0,40.0,67.0,248.0,69.0,197.0,112.0,43.0,36.0,58.0,48.0,34.0,50.0,70.0,16.0,53.0,291.0,13.0,44.0,44.0,56.0,23.0,18.0,201.0,295.0,54.0,229.0,54.0,98.0,53.0,53.0,21.0,96.0,125.0,23.0,52.0,17.0,67.0,47.0,45.0,115.0,27.0,26.0,95.0,19.0,17.0,46.0,43.0,22.0,81.0,67.0,65.0,59.0,40.0,75.0,72.0,81.0,70.0,36.0,102.0
47.5,98.0,51.0,86.0,71.0,72.0,258.0,39.0,47.0,57.0,45.0,55.0,112.0,265.0,264.0,180.0,32.0,73.0,44.0,34.0,40.0,40.0,18.0,79.0,278.0,81.0,35.0,239.0,57.0,42.0,40.0,270.0,54.0,248.0,50.0,50.0,54.0,166.0,40.0,67.0,247.0,67.0,198.0,110.0,45.0,37.0,59.0,48.0,35.0,54.0,69.0,17.0,52.0,290.0,14.0,47.0,45.0,55.0,24.0,18.0,201.0,296.0,54.0,230.0,55.0,100.0,53.0,52.0,21.0,96.0,127.0,25.0,51.0,16.0,67.0,46.0,48.0,115.0,29.0,26.0,98.0,17.0,18.0,46.0,43.0,26.0,82.0,68.0,67.0,58.0,42.0,73.0,72.0,80.0,69.0,37.0,102.0
47.75,98.0,51.0,88.0,72.0,72.0,257.0,36.0,44.0,59.0,47.0,54.0,112.0,264.0,263.0,179.0,33.0,76.0,43.0,34.0,38.0,36.0,13.0,80.0,277.0,80.0,33.0,241.0,57.0,42.0,38.0,270.0,55.0,248.0,49.0,49.0,52.0,165.0,38.0,68.0,248.0,67.0,199.0,111.0,43.0,34.0,57.0,47.0,35.0,53.0,72.0,16.0,54.0,290.0,13.0,44.0,44.0,55.0,22.0,17.0,202.0,294.0,54.0,229.0,53.0,100.0,50.0,54.0,19.0,97.0,126.0,24.0,52.0,17.0,65.0,47.0,45.0,114.0,26.0,25.0,97.0,17.0,15.0,46.0,42.0,22.0,80.0,65.0,66.0,56.0,39.0,73.0,71.0,78.0,68.0,36.0,102.0
