Data File,C:\Program Files\Biolog\OL_DC_23\PMX\Data_2019\03\_18-8970_Escherichia coli__2_37_PMX_438_3#12#2019_A_ 1B_1.oka
Set up Time,3/12/2019 3:12:07 PM
Position, 1-B
Plate Type,PM2
Strain Type,---
Sample Number,
Strain Name,18-8970
O-type,O145
H-type,H28
Host,Human
Strain Number,18-8970
Other,
,,,,,,,,,,,,,,,,,,,,,,,,,,,,,,,,,,,,,,,,,,,,,,,,,,,,,,,,,,,,,,,,,,,,,,,,,,,,,,,,,,,,,,,,,,,,,,,,
Hour,A01,A02,A03,A04,A05,A06,A07,A08,A09,A10,A11,A12,B01,B02,B03,B04,B05,B06,B07,B08,B09,B10,B11,B12,C01,C02,C03,C04,C05,C06,C07,C08,C09,C10,C11,C12,D01,D02,D03,D04,D05,D06,D07,D08,D09,D10,D11,D12,E01,E02,E03,E04,E05,E06,E07,E08,E09,E10,E11,E12,F01,F02,F03,F04,F05,F06,F07,F08,F09,F10,F11,F12,G01,G02,G03,G04,G05,G06,G07,G08,G09,G10,G11,G12,H01,H02,H03,H04,H05,H06,H07,H08,H09,H10,H11,H12
0.0,19.0,14.0,11.0,13.0,11.0,11.0,11.0,11.0,12.0,11.0,11.0,35.0,13.0,11.0,11.0,11.0,34.0,11.0,11.0,11.0,14.0,11.0,11.0,13.0,11.0,11.0,11.0,11.0,11.0,11.0,11.0,11.0,11.0,11.0,11.0,11.0,11.0,11.0,11.0,11.0,11.0,11.0,11.0,11.0,11.0,11.0,11.0,11.0,11.0,11.0,11.0,11.0,11.0,11.0,11.0,11.0,11.0,11.0,11.0,19.0,11.0,11.0,11.0,11.0,11.0,11.0,11.0,11.0,11.0,11.0,11.0,12.0,11.0,11.0,11.0,11.0,11.0,11.0,11.0,11.0,11.0,20.0,11.0,11.0,11.0,11.0,11.0,11.0,11.0,11.0,11.0,11.0,55.0,11.0,11.0,12.0
0.25,20.0,17.0,11.0,12.0,11.0,11.0,11.0,11.0,11.0,12.0,13.0,38.0,15.0,11.0,11.0,11.0,37.0,11.0,11.0,11.0,18.0,11.0,11.0,13.0,11.0,11.0,11.0,11.0,11.0,11.0,11.0,11.0,11.0,11.0,11.0,12.0,11.0,11.0,11.0,11.0,11.0,11.0,11.0,11.0,11.0,11.0,11.0,11.0,11.0,11.0,11.0,11.0,11.0,11.0,11.0,11.0,11.0,11.0,11.0,22.0,11.0,11.0,11.0,11.0,11.0,11.0,11.0,11.0,12.0,11.0,11.0,13.0,11.0,11.0,11.0,11.0,11.0,11.0,11.0,11.0,11.0,14.0,11.0,11.0,11.0,11.0,11.0,11.0,11.0,11.0,11.0,11.0,55.0,11.0,11.0,14.0
0.5,19.0,15.0,11.0,12.0,11.0,11.0,11.0,11.0,11.0,13.0,13.0,37.0,14.0,11.0,11.0,11.0,35.0,11.0,11.0,11.0,15.0,11.0,11.0,12.0,11.0,11.0,11.0,11.0,11.0,11.0,11.0,11.0,11.0,11.0,11.0,11.0,11.0,11.0,11.0,11.0,11.0,11.0,11.0,11.0,11.0,11.0,11.0,11.0,11.0,11.0,11.0,11.0,11.0,11.0,11.0,11.0,11.0,11.0,11.0,20.0,11.0,11.0,13.0,11.0,11.0,11.0,11.0,11.0,11.0,11.0,11.0,12.0,11.0,11.0,11.0,11.0,11.0,11.0,11.0,11.0,11.0,11.0,11.0,11.0,11.0,11.0,11.0,11.0,11.0,11.0,11.0,11.0,54.0,11.0,11.0,13.0
0.75,24.0,17.0,12.0,14.0,13.0,14.0,11.0,11.0,11.0,11.0,14.0,41.0,16.0,11.0,11.0,11.0,35.0,11.0,11.0,11.0,14.0,11.0,11.0,13.0,15.0,11.0,11.0,11.0,11.0,11.0,11.0,11.0,11.0,11.0,11.0,11.0,11.0,11.0,11.0,11.0,11.0,11.0,11.0,11.0,11.0,11.0,11.0,11.0,11.0,11.0,11.0,11.0,11.0,11.0,11.0,11.0,11.0,11.0,11.0,21.0,11.0,11.0,11.0,11.0,11.0,11.0,11.0,11.0,11.0,11.0,11.0,11.0,11.0,11.0,11.0,11.0,11.0,11.0,11.0,11.0,11.0,11.0,11.0,11.0,12.0,11.0,11.0,11.0,11.0,11.0,11.0,11.0,54.0,11.0,11.0,12.0
1.0,26.0,18.0,15.0,16.0,13.0,16.0,11.0,14.0,15.0,16.0,18.0,44.0,20.0,11.0,11.0,11.0,40.0,11.0,11.0,11.0,18.0,11.0,11.0,16.0,15.0,11.0,11.0,11.0,11.0,11.0,11.0,11.0,11.0,11.0,11.0,13.0,12.0,11.0,11.0,11.0,11.0,11.0,11.0,11.0,11.0,11.0,11.0,13.0,11.0,11.0,11.0,11.0,11.0,11.0,11.0,11.0,11.0,11.0,11.0,24.0,11.0,11.0,17.0,11.0,11.0,11.0,11.0,11.0,13.0,11.0,11.0,14.0,13.0,11.0,11.0,11.0,11.0,11.0,11.0,11.0,11.0,11.0,11.0,12.0,14.0,11.0,11.0,11.0,11.0,11.0,11.0,11.0,57.0,11.0,12.0,16.0
1.25,24.0,16.0,14.0,16.0,13.0,15.0,11.0,11.0,15.0,15.0,17.0,43.0,17.0,11.0,11.0,11.0,36.0,11.0,11.0,11.0,15.0,11.0,12.0,16.0,13.0,11.0,11.0,11.0,11.0,11.0,11.0,11.0,11.0,11.0,11.0,11.0,12.0,11.0,11.0,11.0,11.0,11.0,11.0,11.0,11.0,11.0,11.0,12.0,11.0,11.0,11.0,11.0,11.0,11.0,11.0,11.0,11.0,11.0,11.0,25.0,11.0,11.0,15.0,11.0,11.0,11.0,11.0,11.0,15.0,11.0,11.0,15.0,11.0,11.0,11.0,11.0,11.0,11.0,11.0,11.0,11.0,11.0,11.0,12.0,11.0,11.0,11.0,11.0,11.0,11.0,11.0,11.0,53.0,11.0,11.0,16.0
1.5,31.0,22.0,17.0,19.0,17.0,24.0,13.0,17.0,19.0,21.0,20.0,49.0,24.0,16.0,11.0,12.0,41.0,11.0,11.0,11.0,19.0,11.0,14.0,19.0,19.0,12.0,11.0,11.0,11.0,11.0,11.0,11.0,11.0,11.0,12.0,18.0,15.0,11.0,11.0,11.0,11.0,11.0,14.0,11.0,11.0,11.0,11.0,15.0,12.0,11.0,11.0,11.0,11.0,11.0,11.0,11.0,11.0,11.0,11.0,26.0,12.0,11.0,17.0,11.0,11.0,11.0,11.0,11.0,17.0,11.0,11.0,16.0,17.0,11.0,11.0,11.0,11.0,11.0,11.0,11.0,11.0,11.0,11.0,14.0,16.0,14.0,11.0,11.0,11.0,11.0,11.0,11.0,57.0,11.0,12.0,19.0
1.75,31.0,23.0,21.0,21.0,18.0,40.0,18.0,25.0,21.0,19.0,33.0,54.0,23.0,25.0,11.0,12.0,41.0,12.0,11.0,11.0,19.0,11.0,19.0,18.0,18.0,11.0,11.0,11.0,11.0,11.0,11.0,17.0,11.0,11.0,12.0,16.0,19.0,11.0,11.0,11.0,11.0,11.0,24.0,11.0,11.0,11.0,11.0,19.0,13.0,11.0,11.0,11.0,15.0,11.0,11.0,11.0,11.0,11.0,11.0,30.0,13.0,11.0,21.0,11.0,11.0,11.0,11.0,11.0,17.0,11.0,11.0,20.0,19.0,11.0,11.0,11.0,11.0,11.0,11.0,11.0,11.0,11.0,11.0,14.0,20.0,16.0,11.0,11.0,11.0,11.0,11.0,11.0,57.0,11.0,15.0,21.0
2.0,36.0,26.0,24.0,25.0,19.0,51.0,27.0,31.0,24.0,24.0,38.0,60.0,27.0,32.0,11.0,11.0,42.0,11.0,11.0,11.0,17.0,11.0,28.0,20.0,21.0,13.0,11.0,11.0,11.0,18.0,16.0,23.0,11.0,11.0,13.0,14.0,24.0,11.0,13.0,11.0,11.0,11.0,33.0,11.0,11.0,11.0,11.0,16.0,15.0,11.0,11.0,11.0,23.0,11.0,11.0,11.0,11.0,11.0,11.0,32.0,12.0,11.0,30.0,11.0,11.0,11.0,11.0,11.0,16.0,11.0,11.0,18.0,22.0,16.0,11.0,11.0,11.0,11.0,11.0,11.0,11.0,11.0,16.0,17.0,22.0,19.0,11.0,11.0,11.0,11.0,11.0,11.0,55.0,11.0,13.0,26.0
2.25,40.0,23.0,30.0,28.0,20.0,57.0,35.0,37.0,28.0,26.0,41.0,67.0,28.0,41.0,11.0,11.0,50.0,12.0,11.0,11.0,15.0,11.0,36.0,18.0,21.0,13.0,17.0,12.0,11.0,27.0,20.0,27.0,11.0,11.0,12.0,14.0,32.0,11.0,18.0,11.0,11.0,11.0,40.0,11.0,11.0,11.0,11.0,17.0,18.0,11.0,11.0,11.0,27.0,11.0,11.0,11.0,11.0,11.0,11.0,38.0,13.0,11.0,35.0,11.0,14.0,11.0,11.0,11.0,17.0,17.0,11.0,19.0,28.0,24.0,11.0,11.0,11.0,11.0,11.0,12.0,11.0,11.0,17.0,19.0,26.0,24.0,14.0,11.0,13.0,11.0,14.0,11.0,55.0,11.0,12.0,29.0
2.5,47.0,27.0,38.0,36.0,23.0,70.0,41.0,43.0,37.0,30.0,43.0,74.0,36.0,47.0,11.0,12.0,62.0,18.0,13.0,11.0,17.0,12.0,44.0,25.0,30.0,15.0,24.0,15.0,11.0,37.0,31.0,32.0,14.0,14.0,15.0,17.0,42.0,12.0,25.0,11.0,11.0,11.0,44.0,11.0,11.0,14.0,13.0,21.0,27.0,11.0,11.0,11.0,38.0,11.0,11.0,21.0,11.0,11.0,11.0,46.0,18.0,15.0,46.0,11.0,25.0,11.0,11.0,11.0,19.0,26.0,11.0,21.0,32.0,34.0,11.0,11.0,11.0,11.0,11.0,19.0,11.0,11.0,25.0,22.0,33.0,32.0,20.0,11.0,19.0,11.0,22.0,14.0,55.0,14.0,13.0,38.0
2.75,45.0,23.0,37.0,34.0,21.0,74.0,39.0,42.0,34.0,27.0,41.0,77.0,34.0,44.0,11.0,11.0,66.0,14.0,11.0,11.0,16.0,11.0,47.0,28.0,27.0,11.0,20.0,13.0,11.0,37.0,31.0,29.0,11.0,12.0,13.0,12.0,45.0,11.0,26.0,11.0,11.0,11.0,44.0,13.0,11.0,12.0,11.0,16.0,30.0,11.0,11.0,11.0,39.0,11.0,11.0,24.0,11.0,11.0,11.0,46.0,15.0,13.0,50.0,11.0,28.0,11.0,11.0,11.0,14.0,29.0,11.0,20.0,31.0,37.0,11.0,11.0,11.0,11.0,11.0,16.0,11.0,11.0,22.0,18.0,33.0,28.0,19.0,11.0,19.0,11.0,26.0,14.0,53.0,14.0,13.0,38.0
3.0,51.0,30.0,40.0,40.0,25.0,88.0,41.0,45.0,33.0,31.0,45.0,82.0,39.0,53.0,11.0,11.0,72.0,16.0,11.0,11.0,17.0,13.0,53.0,37.0,31.0,14.0,22.0,15.0,11.0,39.0,37.0,35.0,15.0,14.0,15.0,14.0,56.0,11.0,33.0,18.0,11.0,11.0,49.0,21.0,11.0,14.0,11.0,17.0,37.0,11.0,11.0,11.0,45.0,11.0,11.0,35.0,11.0,11.0,11.0,51.0,16.0,14.0,58.0,11.0,34.0,11.0,11.0,11.0,22.0,33.0,11.0,19.0,33.0,43.0,11.0,11.0,11.0,11.0,11.0,20.0,11.0,11.0,24.0,23.0,38.0,35.0,25.0,11.0,21.0,11.0,29.0,14.0,54.0,16.0,11.0,39.0
3.25,50.0,28.0,40.0,39.0,26.0,95.0,42.0,48.0,36.0,32.0,44.0,84.0,38.0,54.0,11.0,12.0,77.0,17.0,11.0,12.0,17.0,12.0,57.0,42.0,31.0,13.0,23.0,14.0,11.0,41.0,42.0,35.0,15.0,16.0,15.0,14.0,63.0,12.0,31.0,22.0,11.0,22.0,54.0,22.0,11.0,17.0,11.0,17.0,41.0,11.0,12.0,11.0,50.0,11.0,11.0,42.0,11.0,11.0,11.0,55.0,19.0,14.0,65.0,11.0,36.0,11.0,12.0,11.0,28.0,41.0,11.0,20.0,35.0,47.0,11.0,11.0,11.0,11.0,11.0,21.0,11.0,11.0,28.0,19.0,41.0,33.0,23.0,11.0,19.0,11.0,32.0,15.0,54.0,15.0,14.0,41.0
3.5,53.0,32.0,39.0,42.0,29.0,105.0,43.0,48.0,38.0,31.0,44.0,85.0,39.0,60.0,11.0,15.0,80.0,18.0,13.0,14.0,19.0,14.0,58.0,47.0,35.0,15.0,21.0,18.0,13.0,40.0,46.0,34.0,16.0,17.0,18.0,15.0,74.0,14.0,33.0,28.0,13.0,30.0,55.0,26.0,11.0,16.0,14.0,21.0,45.0,13.0,13.0,11.0,55.0,11.0,11.0,47.0,11.0,11.0,11.0,53.0,22.0,14.0,74.0,11.0,34.0,12.0,13.0,11.0,34.0,45.0,11.0,24.0,35.0,48.0,11.0,11.0,11.0,11.0,11.0,24.0,11.0,11.0,28.0,23.0,43.0,35.0,26.0,14.0,25.0,11.0,31.0,17.0,55.0,15.0,16.0,43.0
3.75,52.0,29.0,41.0,42.0,26.0,109.0,45.0,49.0,39.0,32.0,45.0,85.0,37.0,63.0,11.0,15.0,79.0,18.0,12.0,14.0,18.0,16.0,59.0,50.0,32.0,15.0,24.0,17.0,13.0,41.0,49.0,34.0,17.0,17.0,18.0,14.0,77.0,11.0,31.0,26.0,13.0,36.0,59.0,22.0,11.0,15.0,13.0,19.0,44.0,14.0,14.0,11.0,59.0,11.0,11.0,50.0,12.0,11.0,11.0,55.0,22.0,17.0,78.0,11.0,35.0,13.0,12.0,11.0,37.0,50.0,11.0,22.0,34.0,50.0,11.0,11.0,11.0,11.0,11.0,21.0,11.0,11.0,29.0,22.0,40.0,31.0,22.0,11.0,22.0,11.0,33.0,16.0,55.0,15.0,15.0,46.0
4.0,47.0,29.0,39.0,39.0,25.0,115.0,45.0,49.0,36.0,30.0,46.0,85.0,37.0,66.0,11.0,14.0,81.0,19.0,12.0,11.0,15.0,13.0,59.0,55.0,31.0,15.0,24.0,17.0,12.0,39.0,53.0,34.0,15.0,16.0,18.0,15.0,83.0,12.0,33.0,26.0,12.0,39.0,62.0,25.0,11.0,15.0,11.0,17.0,43.0,14.0,11.0,11.0,61.0,11.0,11.0,56.0,11.0,11.0,11.0,55.0,20.0,17.0,82.0,11.0,35.0,11.0,13.0,11.0,36.0,51.0,11.0,23.0,35.0,52.0,11.0,11.0,11.0,11.0,11.0,20.0,11.0,11.0,28.0,22.0,40.0,33.0,23.0,11.0,20.0,11.0,32.0,13.0,53.0,16.0,12.0,45.0
4.25,48.0,32.0,41.0,41.0,28.0,122.0,44.0,51.0,39.0,32.0,47.0,90.0,40.0,71.0,11.0,14.0,82.0,21.0,16.0,13.0,20.0,14.0,62.0,59.0,33.0,16.0,27.0,19.0,15.0,40.0,57.0,35.0,16.0,17.0,16.0,15.0,88.0,13.0,35.0,28.0,13.0,45.0,62.0,27.0,11.0,16.0,14.0,20.0,47.0,13.0,12.0,11.0,70.0,11.0,11.0,58.0,13.0,11.0,11.0,54.0,21.0,16.0,90.0,12.0,38.0,12.0,13.0,11.0,37.0,56.0,11.0,23.0,36.0,55.0,11.0,11.0,11.0,11.0,11.0,24.0,11.0,11.0,26.0,24.0,43.0,35.0,25.0,12.0,22.0,11.0,33.0,15.0,55.0,16.0,13.0,45.0
4.5,50.0,33.0,42.0,44.0,27.0,128.0,45.0,48.0,38.0,31.0,46.0,86.0,39.0,75.0,11.0,15.0,82.0,19.0,13.0,14.0,19.0,13.0,61.0,63.0,36.0,15.0,25.0,18.0,14.0,40.0,59.0,36.0,16.0,18.0,17.0,15.0,92.0,13.0,33.0,28.0,13.0,47.0,63.0,27.0,11.0,15.0,11.0,21.0,46.0,14.0,12.0,11.0,74.0,11.0,11.0,64.0,11.0,11.0,11.0,57.0,22.0,17.0,94.0,11.0,37.0,11.0,14.0,11.0,39.0,56.0,11.0,23.0,39.0,53.0,11.0,11.0,11.0,11.0,11.0,22.0,11.0,11.0,28.0,24.0,43.0,37.0,28.0,11.0,24.0,11.0,35.0,16.0,53.0,17.0,16.0,43.0
4.75,53.0,35.0,43.0,45.0,29.0,134.0,46.0,50.0,38.0,31.0,46.0,89.0,43.0,81.0,11.0,17.0,83.0,20.0,15.0,12.0,20.0,14.0,62.0,67.0,39.0,18.0,26.0,20.0,15.0,40.0,66.0,34.0,18.0,17.0,17.0,14.0,96.0,15.0,36.0,32.0,14.0,48.0,64.0,26.0,11.0,16.0,12.0,18.0,50.0,19.0,16.0,11.0,77.0,11.0,11.0,70.0,12.0,11.0,11.0,56.0,24.0,19.0,102.0,14.0,37.0,14.0,15.0,11.0,40.0,60.0,11.0,23.0,41.0,56.0,12.0,12.0,11.0,11.0,11.0,22.0,11.0,11.0,27.0,24.0,50.0,42.0,31.0,19.0,26.0,12.0,35.0,17.0,53.0,18.0,17.0,47.0
5.0,53.0,28.0,41.0,41.0,29.0,139.0,47.0,52.0,40.0,32.0,49.0,89.0,37.0,86.0,13.0,17.0,84.0,21.0,15.0,14.0,20.0,15.0,62.0,72.0,34.0,18.0,26.0,20.0,16.0,40.0,66.0,37.0,17.0,19.0,19.0,16.0,106.0,16.0,35.0,30.0,15.0,52.0,65.0,28.0,13.0,16.0,15.0,22.0,47.0,18.0,15.0,11.0,80.0,11.0,11.0,71.0,14.0,11.0,13.0,58.0,26.0,19.0,108.0,12.0,38.0,14.0,15.0,11.0,39.0,61.0,12.0,25.0,40.0,56.0,11.0,11.0,11.0,11.0,11.0,25.0,11.0,11.0,29.0,25.0,43.0,36.0,27.0,13.0,24.0,11.0,34.0,16.0,56.0,17.0,18.0,48.0
5.25,49.0,29.0,41.0,39.0,30.0,143.0,47.0,53.0,42.0,35.0,47.0,89.0,41.0,90.0,13.0,16.0,85.0,24.0,15.0,15.0,23.0,17.0,63.0,77.0,34.0,19.0,28.0,20.0,15.0,41.0,69.0,40.0,18.0,21.0,17.0,17.0,106.0,16.0,36.0,28.0,15.0,56.0,66.0,28.0,13.0,20.0,17.0,24.0,48.0,17.0,16.0,11.0,86.0,11.0,11.0,76.0,14.0,11.0,13.0,57.0,26.0,19.0,112.0,13.0,39.0,15.0,16.0,12.0,39.0,62.0,12.0,26.0,41.0,57.0,11.0,13.0,11.0,11.0,11.0,24.0,11.0,11.0,29.0,26.0,45.0,39.0,26.0,13.0,23.0,12.0,36.0,15.0,57.0,22.0,20.0,45.0
5.5,52.0,30.0,39.0,42.0,29.0,146.0,46.0,51.0,39.0,32.0,47.0,87.0,39.0,89.0,11.0,18.0,84.0,22.0,14.0,14.0,21.0,14.0,62.0,80.0,35.0,18.0,28.0,19.0,15.0,39.0,73.0,37.0,17.0,18.0,18.0,17.0,106.0,14.0,34.0,30.0,14.0,54.0,65.0,28.0,12.0,17.0,16.0,25.0,48.0,15.0,14.0,11.0,87.0,11.0,11.0,79.0,11.0,11.0,12.0,56.0,24.0,16.0,116.0,12.0,38.0,15.0,15.0,11.0,39.0,61.0,11.0,24.0,42.0,54.0,11.0,11.0,11.0,11.0,11.0,24.0,11.0,11.0,29.0,26.0,46.0,37.0,28.0,14.0,24.0,11.0,34.0,16.0,54.0,23.0,18.0,46.0
5.75,51.0,29.0,41.0,35.0,28.0,150.0,44.0,49.0,38.0,32.0,44.0,88.0,38.0,93.0,11.0,14.0,81.0,20.0,12.0,13.0,17.0,13.0,60.0,81.0,32.0,17.0,25.0,17.0,13.0,39.0,73.0,36.0,17.0,17.0,16.0,15.0,105.0,15.0,32.0,27.0,13.0,54.0,65.0,24.0,11.0,15.0,12.0,22.0,46.0,15.0,14.0,11.0,91.0,11.0,11.0,80.0,12.0,11.0,11.0,54.0,22.0,17.0,120.0,11.0,35.0,12.0,13.0,11.0,37.0,62.0,11.0,24.0,42.0,52.0,11.0,11.0,11.0,11.0,11.0,22.0,11.0,11.0,25.0,24.0,43.0,37.0,24.0,11.0,22.0,11.0,34.0,16.0,56.0,21.0,15.0,36.0
6.0,49.0,29.0,40.0,42.0,26.0,152.0,48.0,50.0,39.0,32.0,47.0,87.0,39.0,97.0,12.0,15.0,82.0,22.0,13.0,14.0,21.0,14.0,62.0,87.0,34.0,16.0,26.0,17.0,17.0,39.0,79.0,36.0,17.0,16.0,19.0,17.0,110.0,14.0,34.0,30.0,14.0,54.0,65.0,28.0,13.0,16.0,13.0,22.0,47.0,15.0,13.0,11.0,95.0,11.0,11.0,84.0,11.0,11.0,12.0,56.0,24.0,17.0,123.0,14.0,37.0,13.0,14.0,11.0,39.0,62.0,12.0,25.0,39.0,56.0,11.0,12.0,11.0,11.0,11.0,22.0,11.0,11.0,29.0,26.0,44.0,37.0,28.0,12.0,23.0,11.0,35.0,14.0,56.0,20.0,18.0,38.0
6.25,45.0,29.0,39.0,41.0,28.0,157.0,48.0,52.0,42.0,34.0,47.0,88.0,41.0,100.0,11.0,17.0,85.0,22.0,14.0,16.0,21.0,14.0,64.0,91.0,35.0,17.0,26.0,19.0,14.0,41.0,88.0,38.0,18.0,19.0,18.0,19.0,112.0,15.0,34.0,31.0,15.0,57.0,65.0,28.0,12.0,18.0,16.0,25.0,49.0,16.0,14.0,11.0,100.0,11.0,11.0,90.0,12.0,11.0,13.0,57.0,25.0,18.0,127.0,13.0,37.0,14.0,15.0,11.0,40.0,64.0,12.0,23.0,36.0,58.0,11.0,11.0,11.0,11.0,11.0,25.0,11.0,11.0,28.0,28.0,45.0,38.0,28.0,12.0,23.0,11.0,35.0,15.0,56.0,19.0,17.0,41.0
6.5,45.0,34.0,42.0,39.0,29.0,161.0,47.0,52.0,42.0,33.0,46.0,88.0,43.0,101.0,11.0,15.0,84.0,22.0,15.0,15.0,20.0,15.0,63.0,97.0,36.0,17.0,27.0,18.0,15.0,41.0,92.0,37.0,17.0,19.0,18.0,25.0,117.0,14.0,36.0,28.0,14.0,56.0,67.0,27.0,13.0,18.0,15.0,23.0,48.0,17.0,15.0,11.0,102.0,11.0,11.0,91.0,14.0,11.0,13.0,58.0,26.0,19.0,130.0,12.0,38.0,14.0,15.0,11.0,40.0,64.0,13.0,26.0,34.0,59.0,11.0,11.0,11.0,11.0,11.0,23.0,11.0,11.0,31.0,26.0,46.0,38.0,27.0,13.0,25.0,11.0,37.0,15.0,58.0,21.0,17.0,41.0
6.75,48.0,31.0,43.0,42.0,28.0,164.0,48.0,53.0,41.0,33.0,48.0,89.0,42.0,104.0,11.0,17.0,86.0,21.0,14.0,16.0,21.0,16.0,63.0,99.0,37.0,19.0,28.0,20.0,16.0,42.0,86.0,38.0,17.0,19.0,18.0,29.0,118.0,15.0,36.0,30.0,15.0,56.0,67.0,28.0,14.0,19.0,15.0,24.0,47.0,16.0,15.0,11.0,108.0,11.0,11.0,96.0,12.0,11.0,13.0,56.0,26.0,18.0,135.0,13.0,38.0,14.0,16.0,11.0,42.0,67.0,14.0,24.0,34.0,59.0,11.0,12.0,11.0,11.0,11.0,23.0,11.0,11.0,30.0,25.0,45.0,40.0,31.0,12.0,24.0,11.0,36.0,16.0,55.0,18.0,19.0,41.0
7.0,51.0,32.0,43.0,42.0,31.0,170.0,47.0,51.0,42.0,36.0,50.0,89.0,45.0,110.0,13.0,18.0,87.0,22.0,16.0,18.0,23.0,15.0,65.0,105.0,39.0,18.0,28.0,20.0,15.0,41.0,86.0,37.0,19.0,19.0,18.0,35.0,121.0,17.0,37.0,31.0,16.0,60.0,66.0,29.0,12.0,21.0,17.0,27.0,49.0,18.0,16.0,11.0,110.0,11.0,11.0,98.0,13.0,11.0,14.0,57.0,26.0,20.0,138.0,15.0,39.0,16.0,16.0,11.0,43.0,67.0,16.0,27.0,34.0,58.0,11.0,12.0,11.0,11.0,11.0,25.0,11.0,11.0,30.0,27.0,49.0,42.0,30.0,14.0,27.0,12.0,37.0,17.0,57.0,22.0,20.0,42.0
7.25,47.0,34.0,43.0,43.0,30.0,171.0,49.0,54.0,40.0,34.0,49.0,91.0,43.0,108.0,13.0,18.0,85.0,22.0,15.0,16.0,20.0,16.0,63.0,107.0,38.0,17.0,29.0,19.0,17.0,41.0,85.0,37.0,20.0,18.0,20.0,40.0,121.0,16.0,36.0,34.0,16.0,58.0,67.0,28.0,14.0,19.0,15.0,24.0,50.0,18.0,15.0,11.0,114.0,11.0,13.0,104.0,13.0,11.0,12.0,59.0,24.0,22.0,141.0,13.0,40.0,15.0,18.0,11.0,40.0,68.0,16.0,27.0,32.0,59.0,11.0,12.0,11.0,11.0,11.0,23.0,11.0,11.0,30.0,26.0,47.0,42.0,30.0,14.0,27.0,12.0,36.0,16.0,57.0,19.0,22.0,44.0
7.5,45.0,30.0,40.0,37.0,27.0,174.0,48.0,55.0,40.0,31.0,48.0,88.0,43.0,111.0,11.0,17.0,84.0,21.0,11.0,15.0,21.0,12.0,62.0,111.0,38.0,17.0,25.0,18.0,15.0,41.0,81.0,37.0,20.0,18.0,17.0,43.0,122.0,14.0,34.0,28.0,13.0,57.0,66.0,26.0,12.0,17.0,14.0,24.0,50.0,16.0,16.0,11.0,116.0,11.0,11.0,104.0,11.0,11.0,11.0,58.0,26.0,19.0,145.0,11.0,38.0,12.0,14.0,11.0,38.0,66.0,12.0,25.0,31.0,58.0,11.0,11.0,11.0,11.0,11.0,24.0,11.0,11.0,27.0,26.0,44.0,40.0,28.0,11.0,22.0,11.0,34.0,14.0,56.0,21.0,19.0,42.0
7.75,44.0,34.0,42.0,41.0,28.0,179.0,49.0,55.0,42.0,33.0,49.0,92.0,47.0,114.0,13.0,17.0,86.0,23.0,14.0,17.0,19.0,14.0,63.0,114.0,41.0,17.0,28.0,19.0,16.0,41.0,85.0,38.0,18.0,19.0,18.0,46.0,126.0,16.0,37.0,31.0,14.0,59.0,68.0,28.0,13.0,18.0,15.0,23.0,49.0,18.0,15.0,11.0,120.0,11.0,11.0,110.0,14.0,11.0,11.0,57.0,24.0,19.0,149.0,13.0,37.0,15.0,16.0,11.0,40.0,68.0,14.0,26.0,33.0,59.0,11.0,13.0,11.0,11.0,11.0,24.0,11.0,11.0,29.0,26.0,49.0,43.0,29.0,15.0,24.0,12.0,36.0,15.0,56.0,21.0,18.0,43.0
8.0,49.0,33.0,44.0,43.0,28.0,179.0,49.0,52.0,42.0,33.0,49.0,89.0,48.0,116.0,12.0,18.0,85.0,21.0,15.0,15.0,22.0,14.0,63.0,119.0,44.0,16.0,29.0,21.0,17.0,41.0,88.0,38.0,19.0,18.0,19.0,48.0,127.0,16.0,35.0,31.0,13.0,58.0,66.0,27.0,13.0,19.0,15.0,24.0,52.0,18.0,14.0,11.0,123.0,11.0,11.0,111.0,12.0,11.0,12.0,58.0,27.0,21.0,153.0,14.0,39.0,16.0,15.0,11.0,41.0,68.0,15.0,25.0,35.0,60.0,11.0,13.0,11.0,11.0,11.0,26.0,11.0,11.0,29.0,25.0,48.0,43.0,29.0,16.0,27.0,13.0,36.0,13.0,56.0,22.0,20.0,43.0
8.25,50.0,37.0,44.0,45.0,32.0,185.0,51.0,54.0,41.0,35.0,49.0,92.0,48.0,117.0,14.0,18.0,90.0,23.0,15.0,17.0,22.0,15.0,66.0,123.0,46.0,18.0,28.0,18.0,17.0,42.0,90.0,38.0,19.0,18.0,20.0,53.0,127.0,18.0,38.0,33.0,15.0,59.0,70.0,30.0,14.0,19.0,15.0,25.0,52.0,18.0,16.0,11.0,126.0,11.0,12.0,117.0,13.0,11.0,14.0,58.0,27.0,20.0,156.0,13.0,40.0,15.0,16.0,11.0,42.0,70.0,14.0,24.0,34.0,60.0,13.0,11.0,11.0,11.0,11.0,25.0,11.0,11.0,32.0,28.0,47.0,44.0,30.0,15.0,28.0,14.0,36.0,15.0,57.0,20.0,20.0,43.0
8.5,51.0,36.0,45.0,44.0,33.0,187.0,51.0,54.0,42.0,35.0,51.0,90.0,46.0,121.0,14.0,17.0,86.0,22.0,14.0,17.0,22.0,15.0,64.0,127.0,46.0,17.0,29.0,19.0,18.0,42.0,91.0,39.0,19.0,18.0,19.0,52.0,129.0,16.0,37.0,32.0,16.0,60.0,68.0,30.0,14.0,18.0,18.0,25.0,51.0,20.0,16.0,12.0,131.0,11.0,11.0,119.0,13.0,11.0,12.0,57.0,27.0,22.0,158.0,14.0,39.0,17.0,16.0,11.0,43.0,68.0,14.0,26.0,35.0,63.0,11.0,12.0,11.0,11.0,11.0,24.0,11.0,11.0,30.0,27.0,50.0,47.0,32.0,15.0,26.0,13.0,37.0,15.0,55.0,22.0,19.0,42.0
8.75,50.0,28.0,42.0,38.0,28.0,184.0,49.0,55.0,40.0,33.0,48.0,91.0,48.0,120.0,11.0,17.0,86.0,20.0,14.0,15.0,21.0,13.0,62.0,131.0,41.0,16.0,27.0,19.0,16.0,39.0,89.0,37.0,18.0,19.0,17.0,50.0,127.0,16.0,35.0,30.0,13.0,57.0,68.0,27.0,13.0,17.0,14.0,24.0,49.0,18.0,15.0,11.0,133.0,11.0,11.0,120.0,13.0,11.0,12.0,56.0,27.0,18.0,159.0,13.0,37.0,14.0,16.0,12.0,40.0,70.0,12.0,27.0,34.0,60.0,11.0,11.0,11.0,11.0,11.0,25.0,11.0,11.0,29.0,26.0,48.0,41.0,26.0,15.0,22.0,12.0,35.0,15.0,58.0,20.0,18.0,43.0
9.0,49.0,30.0,41.0,41.0,29.0,186.0,51.0,53.0,42.0,32.0,51.0,90.0,44.0,122.0,12.0,17.0,86.0,23.0,14.0,16.0,23.0,16.0,63.0,136.0,43.0,17.0,30.0,18.0,17.0,39.0,91.0,38.0,18.0,19.0,19.0,50.0,128.0,16.0,37.0,32.0,16.0,56.0,67.0,28.0,14.0,16.0,15.0,23.0,50.0,16.0,15.0,11.0,138.0,11.0,11.0,123.0,13.0,11.0,12.0,58.0,29.0,20.0,160.0,14.0,40.0,14.0,15.0,11.0,41.0,70.0,13.0,27.0,32.0,59.0,12.0,12.0,11.0,11.0,11.0,25.0,11.0,11.0,30.0,24.0,46.0,39.0,27.0,13.0,24.0,12.0,35.0,16.0,58.0,20.0,20.0,43.0
9.25,54.0,33.0,43.0,43.0,31.0,188.0,50.0,56.0,43.0,34.0,51.0,91.0,44.0,125.0,12.0,19.0,87.0,22.0,15.0,16.0,22.0,16.0,65.0,140.0,45.0,21.0,28.0,20.0,18.0,41.0,95.0,38.0,19.0,19.0,19.0,52.0,131.0,17.0,38.0,31.0,14.0,61.0,70.0,27.0,15.0,19.0,16.0,26.0,54.0,19.0,17.0,12.0,139.0,11.0,11.0,128.0,14.0,11.0,15.0,61.0,29.0,20.0,165.0,13.0,39.0,17.0,16.0,11.0,43.0,72.0,15.0,27.0,34.0,61.0,11.0,13.0,12.0,11.0,13.0,24.0,11.0,11.0,30.0,27.0,47.0,41.0,29.0,17.0,25.0,14.0,36.0,16.0,58.0,24.0,22.0,44.0
9.5,53.0,34.0,42.0,43.0,30.0,194.0,51.0,56.0,44.0,34.0,51.0,91.0,42.0,129.0,16.0,19.0,88.0,23.0,17.0,19.0,24.0,17.0,65.0,143.0,43.0,20.0,30.0,22.0,19.0,43.0,99.0,39.0,19.0,19.0,20.0,52.0,130.0,17.0,37.0,32.0,17.0,59.0,71.0,29.0,16.0,19.0,17.0,27.0,51.0,19.0,18.0,11.0,143.0,11.0,11.0,132.0,14.0,11.0,13.0,59.0,30.0,22.0,167.0,14.0,40.0,17.0,18.0,11.0,42.0,70.0,16.0,26.0,34.0,61.0,14.0,13.0,12.0,12.0,11.0,25.0,11.0,11.0,29.0,26.0,49.0,43.0,28.0,18.0,25.0,13.0,37.0,18.0,59.0,24.0,23.0,43.0
9.75,51.0,35.0,42.0,44.0,30.0,195.0,51.0,55.0,42.0,35.0,52.0,91.0,38.0,127.0,13.0,19.0,88.0,23.0,16.0,17.0,23.0,16.0,65.0,145.0,44.0,18.0,30.0,20.0,17.0,42.0,101.0,38.0,19.0,20.0,19.0,52.0,131.0,17.0,37.0,33.0,15.0,58.0,68.0,31.0,15.0,19.0,17.0,26.0,51.0,18.0,17.0,11.0,145.0,11.0,11.0,134.0,13.0,11.0,14.0,60.0,28.0,21.0,169.0,14.0,39.0,16.0,16.0,11.0,42.0,70.0,15.0,27.0,35.0,60.0,12.0,13.0,12.0,11.0,11.0,24.0,11.0,11.0,31.0,27.0,47.0,41.0,29.0,15.0,26.0,12.0,37.0,15.0,59.0,22.0,21.0,45.0
10.0,53.0,33.0,45.0,43.0,30.0,197.0,51.0,57.0,43.0,34.0,51.0,90.0,39.0,129.0,14.0,17.0,88.0,23.0,15.0,17.0,22.0,16.0,64.0,150.0,44.0,17.0,28.0,21.0,17.0,41.0,102.0,37.0,21.0,19.0,20.0,52.0,130.0,17.0,36.0,32.0,14.0,59.0,72.0,30.0,15.0,19.0,17.0,25.0,50.0,21.0,16.0,11.0,151.0,11.0,11.0,137.0,14.0,11.0,15.0,58.0,30.0,20.0,168.0,14.0,39.0,15.0,16.0,13.0,42.0,72.0,13.0,27.0,34.0,61.0,12.0,12.0,11.0,11.0,11.0,24.0,11.0,11.0,31.0,26.0,49.0,42.0,30.0,16.0,24.0,11.0,37.0,15.0,59.0,23.0,23.0,46.0
10.25,51.0,30.0,41.0,39.0,29.0,198.0,48.0,55.0,41.0,34.0,50.0,92.0,37.0,130.0,13.0,18.0,85.0,23.0,15.0,18.0,21.0,15.0,62.0,152.0,40.0,18.0,28.0,19.0,17.0,39.0,102.0,39.0,18.0,19.0,20.0,52.0,131.0,17.0,35.0,32.0,13.0,57.0,69.0,30.0,15.0,16.0,17.0,28.0,48.0,16.0,15.0,11.0,151.0,11.0,11.0,139.0,12.0,11.0,14.0,57.0,27.0,18.0,172.0,13.0,40.0,16.0,16.0,11.0,40.0,68.0,14.0,27.0,30.0,60.0,11.0,11.0,11.0,11.0,11.0,24.0,11.0,11.0,31.0,25.0,44.0,41.0,29.0,13.0,25.0,12.0,36.0,16.0,58.0,20.0,21.0,44.0
10.5,52.0,35.0,43.0,45.0,31.0,200.0,50.0,55.0,39.0,33.0,49.0,90.0,38.0,130.0,11.0,17.0,88.0,21.0,15.0,19.0,23.0,13.0,62.0,153.0,46.0,16.0,28.0,17.0,16.0,39.0,109.0,36.0,18.0,19.0,19.0,52.0,132.0,15.0,37.0,31.0,15.0,56.0,70.0,29.0,13.0,19.0,14.0,24.0,50.0,18.0,16.0,11.0,153.0,11.0,11.0,142.0,13.0,11.0,12.0,55.0,27.0,20.0,171.0,13.0,37.0,14.0,16.0,11.0,40.0,70.0,15.0,23.0,34.0,63.0,11.0,11.0,11.0,11.0,11.0,23.0,11.0,11.0,29.0,24.0,49.0,44.0,30.0,17.0,26.0,13.0,37.0,12.0,56.0,18.0,19.0,41.0
10.75,53.0,33.0,43.0,43.0,31.0,202.0,53.0,56.0,44.0,34.0,52.0,92.0,41.0,134.0,13.0,19.0,86.0,22.0,17.0,19.0,23.0,18.0,64.0,161.0,41.0,20.0,32.0,19.0,19.0,41.0,106.0,39.0,20.0,20.0,20.0,52.0,133.0,21.0,38.0,31.0,16.0,58.0,72.0,30.0,16.0,21.0,17.0,27.0,51.0,20.0,18.0,11.0,158.0,11.0,14.0,147.0,14.0,11.0,15.0,59.0,31.0,22.0,174.0,14.0,40.0,16.0,18.0,13.0,43.0,73.0,15.0,27.0,35.0,63.0,12.0,15.0,13.0,11.0,11.0,25.0,11.0,11.0,32.0,27.0,48.0,44.0,29.0,17.0,25.0,13.0,37.0,16.0,62.0,23.0,24.0,46.0
11.0,54.0,34.0,43.0,42.0,28.0,203.0,51.0,55.0,43.0,34.0,50.0,90.0,41.0,134.0,11.0,18.0,88.0,22.0,16.0,18.0,23.0,15.0,64.0,163.0,40.0,18.0,29.0,19.0,17.0,40.0,108.0,39.0,18.0,20.0,18.0,54.0,132.0,17.0,36.0,31.0,14.0,58.0,72.0,29.0,18.0,18.0,16.0,27.0,52.0,20.0,17.0,11.0,161.0,11.0,12.0,147.0,14.0,11.0,13.0,58.0,28.0,21.0,176.0,13.0,39.0,15.0,15.0,11.0,40.0,72.0,15.0,27.0,33.0,64.0,11.0,13.0,12.0,11.0,11.0,23.0,11.0,11.0,29.0,26.0,46.0,42.0,29.0,16.0,25.0,13.0,37.0,15.0,60.0,22.0,21.0,47.0
11.25,57.0,35.0,44.0,42.0,30.0,205.0,51.0,59.0,45.0,34.0,53.0,93.0,42.0,138.0,14.0,18.0,90.0,23.0,18.0,20.0,24.0,18.0,67.0,165.0,44.0,19.0,31.0,19.0,19.0,43.0,111.0,40.0,20.0,19.0,21.0,53.0,135.0,17.0,37.0,34.0,16.0,59.0,72.0,31.0,17.0,19.0,18.0,29.0,56.0,20.0,17.0,13.0,163.0,11.0,14.0,152.0,15.0,11.0,14.0,60.0,31.0,22.0,177.0,17.0,42.0,16.0,19.0,13.0,44.0,73.0,15.0,29.0,37.0,62.0,13.0,13.0,13.0,12.0,11.0,26.0,12.0,12.0,32.0,27.0,51.0,43.0,32.0,16.0,25.0,14.0,38.0,17.0,61.0,25.0,25.0,47.0
11.5,56.0,38.0,46.0,46.0,33.0,208.0,50.0,56.0,43.0,34.0,52.0,94.0,42.0,139.0,11.0,17.0,89.0,23.0,17.0,18.0,24.0,17.0,65.0,169.0,46.0,19.0,30.0,19.0,19.0,40.0,115.0,41.0,21.0,19.0,20.0,53.0,134.0,17.0,38.0,32.0,15.0,62.0,72.0,31.0,14.0,21.0,18.0,28.0,54.0,19.0,18.0,11.0,164.0,11.0,12.0,154.0,14.0,11.0,14.0,60.0,29.0,23.0,179.0,14.0,41.0,17.0,17.0,13.0,42.0,72.0,15.0,26.0,37.0,64.0,13.0,12.0,12.0,11.0,12.0,26.0,12.0,11.0,33.0,27.0,50.0,44.0,31.0,17.0,26.0,14.0,37.0,17.0,61.0,22.0,22.0,46.0
11.75,54.0,35.0,43.0,47.0,31.0,209.0,51.0,57.0,42.0,35.0,53.0,91.0,41.0,140.0,13.0,19.0,90.0,24.0,17.0,19.0,23.0,17.0,66.0,174.0,41.0,21.0,31.0,20.0,19.0,41.0,114.0,39.0,19.0,21.0,22.0,54.0,134.0,20.0,38.0,34.0,15.0,59.0,72.0,33.0,15.0,21.0,16.0,29.0,51.0,23.0,17.0,14.0,168.0,11.0,13.0,155.0,15.0,11.0,14.0,58.0,31.0,22.0,181.0,15.0,39.0,15.0,18.0,11.0,43.0,73.0,16.0,28.0,35.0,63.0,13.0,11.0,13.0,11.0,11.0,25.0,11.0,11.0,32.0,26.0,50.0,44.0,31.0,16.0,26.0,15.0,36.0,15.0,62.0,22.0,23.0,44.0
12.0,56.0,36.0,46.0,46.0,32.0,213.0,52.0,58.0,42.0,36.0,53.0,95.0,44.0,142.0,13.0,20.0,91.0,24.0,19.0,21.0,26.0,19.0,67.0,175.0,45.0,20.0,32.0,21.0,20.0,43.0,117.0,39.0,20.0,21.0,21.0,56.0,136.0,19.0,39.0,34.0,17.0,61.0,73.0,33.0,16.0,21.0,17.0,30.0,52.0,22.0,19.0,12.0,169.0,11.0,14.0,159.0,15.0,11.0,17.0,60.0,30.0,22.0,181.0,14.0,42.0,15.0,19.0,13.0,41.0,74.0,17.0,27.0,34.0,65.0,12.0,14.0,15.0,12.0,11.0,27.0,11.0,11.0,34.0,30.0,50.0,44.0,31.0,19.0,27.0,15.0,38.0,15.0,61.0,23.0,25.0,47.0
12.25,53.0,32.0,45.0,42.0,30.0,212.0,50.0,56.0,42.0,34.0,51.0,92.0,40.0,142.0,11.0,18.0,89.0,24.0,16.0,17.0,24.0,16.0,63.0,175.0,41.0,18.0,29.0,20.0,20.0,40.0,113.0,38.0,20.0,19.0,20.0,53.0,133.0,18.0,37.0,32.0,15.0,60.0,72.0,31.0,17.0,20.0,17.0,27.0,51.0,20.0,16.0,11.0,171.0,11.0,12.0,159.0,14.0,11.0,14.0,57.0,30.0,19.0,182.0,13.0,38.0,17.0,17.0,11.0,40.0,73.0,13.0,29.0,34.0,64.0,13.0,11.0,12.0,11.0,11.0,24.0,11.0,11.0,31.0,26.0,48.0,42.0,28.0,15.0,25.0,12.0,36.0,16.0,63.0,23.0,23.0,47.0
12.5,55.0,33.0,45.0,43.0,30.0,213.0,48.0,56.0,44.0,35.0,51.0,92.0,43.0,145.0,15.0,18.0,90.0,23.0,17.0,19.0,26.0,16.0,66.0,181.0,43.0,19.0,31.0,19.0,17.0,43.0,118.0,39.0,21.0,20.0,21.0,53.0,135.0,17.0,38.0,32.0,17.0,60.0,73.0,30.0,18.0,21.0,18.0,29.0,52.0,23.0,19.0,13.0,172.0,11.0,13.0,162.0,13.0,11.0,16.0,58.0,31.0,22.0,181.0,16.0,42.0,17.0,18.0,12.0,42.0,76.0,17.0,28.0,35.0,65.0,12.0,13.0,13.0,12.0,11.0,26.0,11.0,11.0,32.0,26.0,52.0,45.0,30.0,18.0,27.0,14.0,39.0,16.0,61.0,22.0,22.0,47.0
12.75,55.0,36.0,45.0,45.0,32.0,217.0,51.0,57.0,43.0,35.0,52.0,93.0,42.0,148.0,13.0,20.0,91.0,24.0,16.0,19.0,23.0,15.0,67.0,182.0,41.0,20.0,31.0,20.0,20.0,41.0,121.0,39.0,19.0,20.0,20.0,55.0,136.0,17.0,38.0,34.0,15.0,60.0,71.0,30.0,16.0,19.0,17.0,27.0,54.0,21.0,18.0,12.0,176.0,11.0,13.0,166.0,14.0,11.0,15.0,60.0,30.0,21.0,184.0,15.0,41.0,16.0,17.0,11.0,43.0,75.0,16.0,25.0,36.0,65.0,12.0,13.0,14.0,11.0,11.0,25.0,11.0,11.0,32.0,27.0,50.0,44.0,31.0,20.0,26.0,13.0,36.0,14.0,60.0,22.0,23.0,47.0
13.0,57.0,34.0,43.0,44.0,31.0,216.0,49.0,56.0,43.0,34.0,51.0,92.0,43.0,148.0,13.0,20.0,88.0,24.0,18.0,19.0,25.0,17.0,65.0,186.0,43.0,21.0,30.0,21.0,18.0,41.0,120.0,39.0,20.0,21.0,21.0,54.0,135.0,19.0,38.0,35.0,17.0,59.0,72.0,31.0,17.0,20.0,18.0,29.0,52.0,24.0,19.0,14.0,178.0,11.0,12.0,166.0,15.0,11.0,14.0,58.0,31.0,22.0,183.0,15.0,42.0,19.0,19.0,13.0,43.0,76.0,16.0,29.0,35.0,65.0,13.0,14.0,14.0,11.0,11.0,27.0,11.0,12.0,33.0,27.0,49.0,42.0,29.0,17.0,25.0,13.0,38.0,17.0,64.0,23.0,26.0,48.0
13.25,62.0,34.0,45.0,44.0,31.0,218.0,49.0,56.0,43.0,32.0,49.0,89.0,49.0,152.0,14.0,16.0,91.0,23.0,16.0,19.0,23.0,15.0,66.0,188.0,45.0,16.0,31.0,20.0,18.0,42.0,128.0,39.0,20.0,20.0,18.0,56.0,138.0,18.0,37.0,35.0,13.0,61.0,76.0,31.0,16.0,19.0,17.0,23.0,58.0,23.0,18.0,14.0,179.0,11.0,12.0,169.0,16.0,11.0,14.0,59.0,34.0,24.0,187.0,16.0,41.0,13.0,15.0,11.0,43.0,77.0,15.0,28.0,42.0,66.0,15.0,16.0,11.0,11.0,11.0,26.0,11.0,11.0,30.0,27.0,53.0,48.0,31.0,23.0,26.0,14.0,38.0,17.0,62.0,25.0,21.0,45.0
13.5,57.0,33.0,42.0,43.0,30.0,218.0,49.0,56.0,43.0,32.0,50.0,91.0,41.0,149.0,13.0,18.0,88.0,22.0,15.0,18.0,23.0,15.0,65.0,192.0,43.0,17.0,30.0,18.0,18.0,39.0,122.0,39.0,20.0,20.0,19.0,52.0,137.0,18.0,37.0,33.0,14.0,61.0,72.0,30.0,16.0,18.0,17.0,25.0,52.0,22.0,17.0,11.0,182.0,11.0,12.0,170.0,15.0,11.0,14.0,60.0,31.0,23.0,183.0,14.0,40.0,15.0,18.0,11.0,41.0,76.0,13.0,25.0,35.0,63.0,12.0,12.0,13.0,11.0,11.0,24.0,11.0,11.0,32.0,25.0,51.0,43.0,29.0,17.0,23.0,11.0,35.0,16.0,64.0,23.0,25.0,48.0
13.75,56.0,36.0,46.0,46.0,34.0,220.0,49.0,57.0,45.0,35.0,52.0,93.0,45.0,153.0,14.0,19.0,91.0,27.0,17.0,20.0,26.0,18.0,67.0,198.0,45.0,20.0,32.0,21.0,20.0,43.0,125.0,41.0,22.0,22.0,21.0,55.0,138.0,21.0,38.0,35.0,17.0,60.0,75.0,32.0,19.0,20.0,20.0,30.0,54.0,24.0,19.0,12.0,184.0,11.0,13.0,173.0,14.0,11.0,17.0,61.0,32.0,24.0,186.0,17.0,42.0,18.0,18.0,13.0,44.0,76.0,17.0,29.0,40.0,66.0,14.0,14.0,13.0,11.0,11.0,28.0,13.0,12.0,32.0,27.0,51.0,46.0,32.0,21.0,28.0,14.0,39.0,16.0,64.0,26.0,26.0,47.0
14.0,58.0,34.0,45.0,45.0,30.0,223.0,50.0,57.0,43.0,32.0,51.0,92.0,45.0,155.0,11.0,18.0,89.0,24.0,17.0,18.0,25.0,15.0,66.0,204.0,42.0,19.0,31.0,19.0,18.0,41.0,127.0,40.0,21.0,20.0,20.0,54.0,138.0,18.0,37.0,34.0,15.0,59.0,75.0,31.0,17.0,19.0,16.0,26.0,54.0,21.0,17.0,12.0,186.0,11.0,13.0,175.0,15.0,11.0,15.0,60.0,31.0,23.0,185.0,17.0,42.0,16.0,17.0,12.0,41.0,77.0,16.0,27.0,37.0,65.0,14.0,12.0,14.0,11.0,11.0,25.0,11.0,11.0,35.0,26.0,49.0,45.0,29.0,18.0,26.0,14.0,37.0,16.0,64.0,24.0,23.0,48.0
14.25,60.0,42.0,49.0,49.0,34.0,225.0,51.0,59.0,44.0,34.0,53.0,93.0,47.0,156.0,13.0,17.0,93.0,23.0,18.0,20.0,25.0,17.0,67.0,204.0,45.0,16.0,30.0,20.0,18.0,41.0,136.0,39.0,19.0,19.0,20.0,56.0,138.0,18.0,39.0,36.0,16.0,62.0,74.0,32.0,15.0,19.0,15.0,27.0,55.0,22.0,18.0,14.0,185.0,11.0,13.0,177.0,14.0,11.0,12.0,57.0,30.0,19.0,189.0,13.0,38.0,16.0,15.0,12.0,44.0,76.0,15.0,24.0,35.0,65.0,12.0,11.0,11.0,11.0,11.0,24.0,11.0,11.0,32.0,28.0,53.0,46.0,32.0,18.0,27.0,15.0,37.0,14.0,62.0,20.0,23.0,45.0
14.5,56.0,32.0,43.0,44.0,31.0,225.0,46.0,56.0,43.0,32.0,50.0,92.0,44.0,156.0,13.0,18.0,89.0,23.0,16.0,17.0,24.0,16.0,65.0,211.0,41.0,19.0,32.0,20.0,20.0,41.0,129.0,39.0,20.0,19.0,20.0,53.0,136.0,20.0,37.0,34.0,17.0,60.0,75.0,31.0,16.0,18.0,18.0,28.0,52.0,22.0,17.0,12.0,188.0,11.0,12.0,177.0,15.0,11.0,16.0,58.0,31.0,22.0,188.0,13.0,40.0,15.0,18.0,12.0,43.0,76.0,15.0,27.0,38.0,66.0,12.0,13.0,13.0,11.0,11.0,24.0,11.0,12.0,31.0,25.0,50.0,45.0,30.0,16.0,25.0,14.0,38.0,15.0,64.0,21.0,22.0,47.0
14.75,57.0,34.0,45.0,43.0,30.0,227.0,48.0,56.0,42.0,35.0,49.0,92.0,43.0,159.0,13.0,17.0,88.0,23.0,16.0,19.0,24.0,17.0,65.0,218.0,40.0,18.0,30.0,20.0,19.0,40.0,130.0,39.0,20.0,19.0,20.0,53.0,135.0,18.0,38.0,33.0,15.0,62.0,73.0,31.0,15.0,22.0,16.0,29.0,52.0,21.0,16.0,11.0,190.0,11.0,12.0,178.0,14.0,11.0,15.0,57.0,29.0,23.0,187.0,14.0,40.0,15.0,18.0,11.0,42.0,78.0,14.0,28.0,37.0,66.0,13.0,13.0,13.0,11.0,11.0,27.0,11.0,11.0,31.0,27.0,49.0,43.0,28.0,18.0,23.0,13.0,37.0,15.0,65.0,23.0,24.0,47.0
15.0,60.0,35.0,46.0,45.0,32.0,228.0,48.0,56.0,45.0,33.0,49.0,94.0,45.0,160.0,14.0,19.0,92.0,24.0,18.0,20.0,26.0,18.0,65.0,221.0,42.0,18.0,34.0,19.0,18.0,42.0,135.0,41.0,21.0,21.0,21.0,54.0,136.0,17.0,37.0,32.0,17.0,63.0,77.0,31.0,15.0,20.0,17.0,28.0,55.0,20.0,17.0,11.0,192.0,11.0,12.0,182.0,16.0,11.0,14.0,59.0,32.0,24.0,187.0,15.0,42.0,17.0,18.0,14.0,45.0,78.0,17.0,28.0,38.0,67.0,13.0,15.0,14.0,12.0,13.0,26.0,12.0,11.0,31.0,28.0,49.0,46.0,28.0,18.0,24.0,13.0,37.0,17.0,65.0,24.0,24.0,47.0
15.25,56.0,35.0,45.0,45.0,32.0,228.0,49.0,57.0,44.0,34.0,48.0,92.0,44.0,160.0,11.0,18.0,90.0,24.0,17.0,20.0,26.0,15.0,66.0,224.0,42.0,20.0,32.0,20.0,19.0,42.0,136.0,41.0,21.0,20.0,21.0,55.0,139.0,18.0,38.0,34.0,17.0,63.0,77.0,31.0,16.0,19.0,17.0,27.0,53.0,23.0,16.0,13.0,193.0,11.0,13.0,184.0,15.0,11.0,14.0,59.0,32.0,24.0,188.0,15.0,41.0,15.0,19.0,11.0,43.0,77.0,16.0,27.0,38.0,67.0,13.0,13.0,13.0,11.0,11.0,25.0,13.0,11.0,34.0,26.0,49.0,46.0,30.0,20.0,25.0,14.0,38.0,17.0,63.0,23.0,23.0,49.0
15.5,57.0,39.0,46.0,48.0,32.0,231.0,48.0,56.0,44.0,33.0,50.0,93.0,44.0,163.0,13.0,18.0,90.0,24.0,18.0,19.0,25.0,18.0,67.0,227.0,43.0,19.0,31.0,20.0,19.0,42.0,140.0,39.0,18.0,22.0,20.0,55.0,138.0,17.0,40.0,35.0,17.0,65.0,76.0,31.0,15.0,21.0,17.0,28.0,52.0,21.0,17.0,14.0,195.0,11.0,14.0,185.0,14.0,11.0,14.0,56.0,31.0,20.0,191.0,14.0,40.0,16.0,17.0,11.0,43.0,76.0,16.0,25.0,34.0,63.0,12.0,11.0,12.0,11.0,11.0,23.0,11.0,11.0,33.0,25.0,51.0,45.0,30.0,18.0,26.0,14.0,37.0,14.0,64.0,22.0,23.0,46.0
15.75,59.0,35.0,47.0,46.0,33.0,231.0,49.0,57.0,44.0,34.0,50.0,93.0,46.0,165.0,13.0,20.0,90.0,25.0,17.0,19.0,25.0,18.0,66.0,232.0,43.0,19.0,32.0,19.0,20.0,41.0,142.0,40.0,22.0,20.0,20.0,56.0,138.0,19.0,39.0,34.0,17.0,64.0,78.0,31.0,17.0,20.0,19.0,30.0,54.0,23.0,19.0,12.0,196.0,11.0,15.0,188.0,16.0,11.0,15.0,60.0,31.0,22.0,189.0,16.0,42.0,17.0,20.0,12.0,44.0,77.0,17.0,27.0,37.0,66.0,13.0,15.0,15.0,12.0,11.0,27.0,11.0,12.0,35.0,27.0,51.0,44.0,30.0,18.0,24.0,14.0,37.0,15.0,69.0,25.0,25.0,48.0
16.0,59.0,34.0,46.0,46.0,33.0,231.0,47.0,57.0,43.0,35.0,48.0,92.0,44.0,165.0,12.0,18.0,90.0,24.0,18.0,19.0,25.0,19.0,66.0,236.0,41.0,19.0,32.0,20.0,18.0,44.0,141.0,42.0,21.0,21.0,20.0,55.0,138.0,18.0,38.0,33.0,17.0,63.0,76.0,32.0,17.0,21.0,18.0,29.0,55.0,23.0,17.0,13.0,197.0,11.0,14.0,190.0,16.0,11.0,15.0,60.0,32.0,23.0,190.0,15.0,43.0,16.0,18.0,12.0,44.0,78.0,16.0,28.0,39.0,67.0,12.0,13.0,13.0,11.0,11.0,26.0,12.0,13.0,31.0,24.0,49.0,46.0,30.0,18.0,26.0,13.0,38.0,15.0,66.0,24.0,24.0,49.0
16.25,58.0,33.0,44.0,45.0,33.0,233.0,46.0,54.0,42.0,31.0,50.0,90.0,44.0,166.0,15.0,18.0,89.0,24.0,17.0,20.0,26.0,18.0,66.0,236.0,40.0,16.0,32.0,20.0,19.0,41.0,144.0,40.0,20.0,20.0,21.0,54.0,137.0,19.0,38.0,33.0,15.0,64.0,76.0,32.0,15.0,19.0,17.0,28.0,54.0,21.0,17.0,12.0,199.0,11.0,14.0,190.0,14.0,11.0,13.0,58.0,31.0,23.0,190.0,15.0,41.0,16.0,18.0,12.0,42.0,76.0,16.0,27.0,37.0,67.0,12.0,11.0,14.0,11.0,11.0,25.0,11.0,12.0,33.0,27.0,48.0,44.0,29.0,19.0,24.0,12.0,38.0,16.0,66.0,24.0,24.0,47.0
16.5,62.0,36.0,47.0,45.0,34.0,234.0,46.0,56.0,44.0,34.0,47.0,94.0,46.0,167.0,14.0,20.0,89.0,25.0,19.0,21.0,26.0,20.0,69.0,241.0,42.0,21.0,33.0,21.0,20.0,43.0,146.0,41.0,21.0,20.0,21.0,55.0,138.0,20.0,39.0,33.0,16.0,65.0,79.0,33.0,19.0,23.0,18.0,28.0,57.0,24.0,19.0,14.0,201.0,11.0,13.0,192.0,17.0,13.0,16.0,60.0,35.0,25.0,191.0,16.0,42.0,19.0,20.0,16.0,45.0,79.0,16.0,28.0,39.0,69.0,12.0,12.0,15.0,11.0,12.0,27.0,14.0,13.0,33.0,26.0,50.0,45.0,29.0,21.0,26.0,15.0,38.0,19.0,70.0,25.0,25.0,48.0
16.75,60.0,36.0,47.0,46.0,31.0,234.0,47.0,54.0,43.0,34.0,48.0,92.0,47.0,169.0,12.0,18.0,87.0,25.0,19.0,21.0,25.0,17.0,66.0,241.0,41.0,19.0,33.0,20.0,19.0,41.0,148.0,39.0,21.0,20.0,20.0,52.0,136.0,19.0,39.0,34.0,17.0,65.0,78.0,31.0,16.0,22.0,18.0,28.0,53.0,22.0,19.0,14.0,201.0,11.0,13.0,194.0,14.0,11.0,15.0,58.0,33.0,22.0,192.0,15.0,41.0,18.0,19.0,14.0,44.0,79.0,16.0,25.0,41.0,68.0,11.0,13.0,14.0,11.0,11.0,26.0,12.0,12.0,30.0,26.0,51.0,46.0,30.0,19.0,26.0,13.0,37.0,16.0,67.0,22.0,24.0,47.0
17.0,60.0,37.0,46.0,45.0,32.0,235.0,46.0,54.0,43.0,34.0,47.0,92.0,47.0,171.0,15.0,21.0,89.0,26.0,19.0,21.0,27.0,18.0,66.0,243.0,43.0,21.0,34.0,21.0,21.0,44.0,154.0,41.0,23.0,20.0,22.0,55.0,141.0,21.0,40.0,35.0,18.0,66.0,81.0,33.0,20.0,20.0,17.0,27.0,54.0,25.0,18.0,15.0,205.0,11.0,16.0,196.0,16.0,13.0,15.0,59.0,35.0,23.0,192.0,17.0,45.0,19.0,18.0,13.0,45.0,80.0,18.0,28.0,39.0,67.0,15.0,14.0,15.0,13.0,13.0,28.0,13.0,14.0,33.0,27.0,51.0,47.0,32.0,20.0,27.0,15.0,40.0,17.0,70.0,25.0,27.0,51.0
17.25,60.0,39.0,49.0,46.0,32.0,237.0,47.0,56.0,41.0,34.0,49.0,92.0,46.0,171.0,14.0,20.0,90.0,23.0,18.0,21.0,26.0,18.0,66.0,244.0,45.0,19.0,33.0,20.0,19.0,42.0,155.0,38.0,22.0,20.0,19.0,56.0,140.0,19.0,39.0,35.0,18.0,68.0,78.0,31.0,16.0,23.0,16.0,30.0,54.0,23.0,18.0,13.0,203.0,11.0,14.0,195.0,15.0,11.0,15.0,57.0,33.0,23.0,194.0,15.0,42.0,18.0,18.0,12.0,42.0,78.0,15.0,27.0,39.0,66.0,12.0,12.0,13.0,11.0,11.0,25.0,11.0,11.0,31.0,27.0,52.0,48.0,31.0,21.0,27.0,15.0,36.0,15.0,69.0,24.0,24.0,46.0
17.5,60.0,38.0,47.0,49.0,33.0,238.0,47.0,55.0,46.0,34.0,49.0,92.0,46.0,174.0,14.0,19.0,89.0,25.0,17.0,18.0,28.0,18.0,68.0,247.0,43.0,19.0,33.0,21.0,19.0,43.0,155.0,39.0,20.0,22.0,20.0,56.0,139.0,21.0,39.0,36.0,17.0,66.0,78.0,33.0,18.0,21.0,18.0,28.0,53.0,25.0,18.0,13.0,207.0,11.0,14.0,199.0,17.0,11.0,15.0,59.0,32.0,23.0,192.0,14.0,44.0,17.0,20.0,13.0,43.0,80.0,15.0,27.0,40.0,67.0,12.0,12.0,15.0,11.0,12.0,26.0,11.0,12.0,33.0,28.0,51.0,46.0,28.0,19.0,25.0,15.0,38.0,18.0,69.0,25.0,24.0,50.0
17.75,60.0,36.0,45.0,45.0,32.0,239.0,44.0,52.0,43.0,30.0,48.0,92.0,47.0,174.0,14.0,19.0,88.0,25.0,18.0,21.0,26.0,17.0,68.0,249.0,40.0,19.0,33.0,19.0,19.0,42.0,159.0,39.0,21.0,21.0,20.0,55.0,140.0,20.0,37.0,34.0,16.0,65.0,78.0,31.0,18.0,21.0,18.0,30.0,55.0,24.0,18.0,12.0,208.0,11.0,14.0,201.0,14.0,11.0,16.0,59.0,33.0,24.0,193.0,17.0,43.0,18.0,19.0,13.0,43.0,80.0,18.0,26.0,38.0,70.0,14.0,14.0,13.0,12.0,11.0,26.0,12.0,13.0,32.0,27.0,49.0,43.0,28.0,20.0,25.0,15.0,40.0,17.0,73.0,24.0,26.0,49.0
18.0,61.0,40.0,48.0,46.0,32.0,242.0,48.0,53.0,44.0,34.0,48.0,94.0,45.0,174.0,12.0,18.0,92.0,24.0,18.0,21.0,26.0,18.0,68.0,251.0,43.0,17.0,32.0,19.0,18.0,40.0,160.0,40.0,20.0,19.0,20.0,55.0,139.0,20.0,41.0,35.0,16.0,67.0,81.0,32.0,16.0,22.0,15.0,30.0,55.0,23.0,18.0,11.0,210.0,11.0,14.0,202.0,16.0,11.0,12.0,59.0,30.0,23.0,194.0,15.0,41.0,16.0,18.0,11.0,42.0,79.0,15.0,28.0,37.0,68.0,12.0,11.0,12.0,11.0,11.0,25.0,11.0,12.0,33.0,27.0,52.0,44.0,27.0,18.0,25.0,13.0,36.0,14.0,73.0,22.0,23.0,50.0
18.25,60.0,37.0,48.0,44.0,33.0,242.0,46.0,53.0,44.0,33.0,48.0,94.0,47.0,177.0,13.0,18.0,87.0,26.0,19.0,20.0,26.0,20.0,67.0,251.0,42.0,19.0,33.0,21.0,20.0,43.0,161.0,40.0,21.0,20.0,21.0,57.0,139.0,18.0,39.0,34.0,19.0,67.0,80.0,32.0,17.0,22.0,18.0,31.0,54.0,22.0,20.0,14.0,210.0,11.0,13.0,205.0,16.0,11.0,16.0,58.0,34.0,24.0,194.0,16.0,44.0,18.0,19.0,13.0,45.0,80.0,17.0,27.0,38.0,68.0,13.0,14.0,16.0,11.0,11.0,27.0,13.0,12.0,31.0,25.0,49.0,45.0,28.0,19.0,26.0,15.0,37.0,17.0,74.0,23.0,25.0,51.0
18.5,62.0,41.0,49.0,48.0,36.0,244.0,47.0,53.0,43.0,35.0,49.0,94.0,49.0,178.0,15.0,20.0,91.0,27.0,18.0,22.0,28.0,20.0,67.0,251.0,42.0,19.0,33.0,21.0,20.0,43.0,169.0,41.0,22.0,22.0,20.0,58.0,141.0,21.0,40.0,37.0,16.0,69.0,78.0,34.0,18.0,22.0,17.0,29.0,55.0,23.0,18.0,15.0,213.0,11.0,15.0,206.0,16.0,12.0,15.0,60.0,33.0,25.0,196.0,17.0,42.0,16.0,19.0,14.0,44.0,81.0,16.0,26.0,41.0,69.0,16.0,13.0,14.0,12.0,11.0,27.0,11.0,13.0,32.0,26.0,53.0,48.0,31.0,23.0,26.0,14.0,38.0,17.0,76.0,26.0,26.0,49.0
18.75,63.0,38.0,46.0,47.0,33.0,245.0,47.0,53.0,45.0,35.0,48.0,93.0,49.0,178.0,15.0,19.0,90.0,27.0,20.0,23.0,27.0,20.0,67.0,253.0,46.0,20.0,35.0,20.0,20.0,43.0,171.0,40.0,23.0,20.0,23.0,58.0,140.0,20.0,43.0,38.0,16.0,69.0,79.0,34.0,18.0,22.0,18.0,31.0,56.0,25.0,20.0,14.0,214.0,11.0,14.0,206.0,16.0,12.0,17.0,58.0,36.0,24.0,196.0,18.0,42.0,18.0,19.0,12.0,44.0,81.0,17.0,25.0,40.0,69.0,13.0,15.0,16.0,11.0,13.0,27.0,12.0,12.0,32.0,26.0,54.0,50.0,32.0,22.0,28.0,16.0,39.0,15.0,75.0,24.0,25.0,50.0
19.0,63.0,36.0,46.0,44.0,34.0,243.0,42.0,49.0,43.0,31.0,45.0,93.0,45.0,180.0,14.0,18.0,86.0,24.0,17.0,19.0,26.0,18.0,67.0,253.0,39.0,18.0,33.0,19.0,19.0,42.0,170.0,38.0,21.0,20.0,20.0,55.0,141.0,20.0,38.0,34.0,16.0,65.0,79.0,32.0,18.0,20.0,18.0,27.0,53.0,24.0,19.0,13.0,216.0,11.0,14.0,206.0,16.0,11.0,15.0,59.0,33.0,24.0,194.0,15.0,43.0,17.0,19.0,11.0,42.0,81.0,15.0,26.0,40.0,70.0,14.0,13.0,15.0,11.0,11.0,26.0,11.0,11.0,32.0,26.0,50.0,48.0,30.0,21.0,26.0,12.0,38.0,16.0,76.0,23.0,27.0,50.0
19.25,61.0,39.0,48.0,47.0,32.0,244.0,47.0,51.0,43.0,35.0,47.0,93.0,46.0,182.0,12.0,21.0,87.0,26.0,19.0,20.0,26.0,21.0,68.0,255.0,42.0,19.0,32.0,21.0,19.0,43.0,170.0,42.0,23.0,21.0,21.0,58.0,140.0,21.0,41.0,35.0,17.0,67.0,81.0,32.0,17.0,22.0,18.0,29.0,54.0,24.0,19.0,13.0,218.0,11.0,15.0,210.0,18.0,12.0,16.0,61.0,33.0,26.0,195.0,16.0,44.0,17.0,21.0,14.0,45.0,82.0,17.0,28.0,39.0,69.0,14.0,14.0,17.0,11.0,12.0,27.0,13.0,12.0,31.0,27.0,51.0,45.0,29.0,19.0,24.0,14.0,38.0,19.0,80.0,25.0,27.0,50.0
19.5,58.0,38.0,48.0,45.0,31.0,245.0,45.0,49.0,42.0,33.0,45.0,91.0,46.0,182.0,11.0,19.0,88.0,24.0,17.0,22.0,25.0,17.0,66.0,256.0,39.0,17.0,33.0,20.0,19.0,42.0,173.0,38.0,20.0,19.0,21.0,57.0,140.0,18.0,39.0,34.0,14.0,66.0,78.0,32.0,17.0,20.0,17.0,28.0,54.0,23.0,17.0,12.0,220.0,11.0,13.0,210.0,14.0,11.0,13.0,58.0,31.0,21.0,195.0,16.0,41.0,16.0,18.0,11.0,44.0,79.0,17.0,28.0,38.0,69.0,12.0,13.0,14.0,11.0,11.0,24.0,11.0,11.0,30.0,25.0,50.0,47.0,30.0,18.0,25.0,12.0,38.0,15.0,78.0,24.0,24.0,49.0
19.75,61.0,39.0,47.0,49.0,33.0,246.0,46.0,50.0,43.0,33.0,46.0,91.0,47.0,183.0,12.0,20.0,88.0,23.0,17.0,20.0,26.0,19.0,67.0,256.0,41.0,19.0,32.0,20.0,18.0,41.0,176.0,40.0,20.0,19.0,21.0,57.0,140.0,20.0,39.0,36.0,15.0,67.0,79.0,32.0,16.0,21.0,16.0,29.0,54.0,23.0,16.0,14.0,221.0,11.0,15.0,212.0,14.0,11.0,14.0,57.0,32.0,23.0,199.0,16.0,40.0,17.0,18.0,14.0,44.0,81.0,16.0,25.0,38.0,67.0,14.0,13.0,15.0,11.0,11.0,25.0,13.0,12.0,31.0,27.0,51.0,45.0,30.0,21.0,26.0,16.0,36.0,17.0,79.0,24.0,25.0,49.0
20.0,60.0,35.0,46.0,43.0,30.0,243.0,43.0,47.0,40.0,31.0,43.0,91.0,45.0,184.0,11.0,16.0,84.0,23.0,14.0,20.0,26.0,15.0,67.0,257.0,40.0,17.0,30.0,18.0,18.0,40.0,177.0,37.0,18.0,17.0,20.0,56.0,139.0,15.0,37.0,32.0,14.0,66.0,78.0,30.0,17.0,20.0,15.0,27.0,53.0,21.0,17.0,11.0,223.0,11.0,12.0,211.0,14.0,11.0,14.0,57.0,31.0,20.0,194.0,13.0,41.0,15.0,17.0,11.0,43.0,80.0,15.0,26.0,37.0,66.0,11.0,11.0,11.0,11.0,11.0,24.0,11.0,11.0,29.0,25.0,48.0,42.0,28.0,18.0,22.0,11.0,35.0,16.0,81.0,23.0,25.0,48.0
20.25,62.0,39.0,48.0,47.0,34.0,248.0,43.0,50.0,44.0,33.0,47.0,92.0,48.0,188.0,14.0,20.0,88.0,25.0,19.0,21.0,28.0,21.0,71.0,261.0,43.0,20.0,34.0,20.0,20.0,44.0,182.0,43.0,21.0,22.0,21.0,57.0,140.0,23.0,41.0,35.0,18.0,68.0,81.0,32.0,18.0,23.0,20.0,30.0,56.0,26.0,21.0,15.0,223.0,11.0,15.0,214.0,16.0,11.0,18.0,60.0,32.0,26.0,198.0,16.0,43.0,18.0,20.0,14.0,45.0,80.0,19.0,28.0,41.0,70.0,16.0,15.0,15.0,13.0,12.0,28.0,14.0,14.0,33.0,28.0,51.0,48.0,30.0,21.0,27.0,15.0,40.0,18.0,84.0,25.0,27.0,52.0
20.5,67.0,48.0,50.0,52.0,38.0,252.0,48.0,52.0,45.0,37.0,49.0,95.0,50.0,190.0,14.0,21.0,95.0,27.0,19.0,21.0,29.0,21.0,69.0,260.0,46.0,20.0,32.0,22.0,21.0,45.0,191.0,42.0,24.0,21.0,24.0,59.0,142.0,23.0,45.0,41.0,19.0,72.0,83.0,35.0,18.0,23.0,18.0,29.0,57.0,26.0,20.0,16.0,224.0,11.0,14.0,218.0,16.0,11.0,15.0,61.0,35.0,25.0,203.0,16.0,42.0,17.0,19.0,14.0,45.0,81.0,18.0,26.0,42.0,70.0,15.0,14.0,16.0,11.0,11.0,27.0,13.0,15.0,33.0,29.0,53.0,49.0,34.0,25.0,30.0,18.0,38.0,17.0,85.0,22.0,26.0,51.0
20.75,62.0,37.0,46.0,46.0,33.0,247.0,44.0,47.0,43.0,34.0,45.0,92.0,47.0,188.0,12.0,20.0,84.0,23.0,21.0,20.0,27.0,18.0,67.0,259.0,39.0,17.0,33.0,20.0,19.0,42.0,184.0,40.0,20.0,20.0,21.0,58.0,140.0,18.0,38.0,34.0,18.0,67.0,81.0,31.0,17.0,21.0,18.0,29.0,54.0,23.0,18.0,13.0,228.0,11.0,14.0,214.0,16.0,11.0,15.0,57.0,34.0,24.0,198.0,15.0,44.0,18.0,18.0,11.0,43.0,82.0,18.0,27.0,39.0,69.0,13.0,13.0,14.0,11.0,11.0,25.0,14.0,11.0,33.0,26.0,48.0,44.0,28.0,18.0,25.0,13.0,37.0,17.0,85.0,24.0,26.0,50.0
21.0,62.0,39.0,46.0,46.0,33.0,248.0,44.0,45.0,43.0,33.0,44.0,92.0,48.0,189.0,13.0,17.0,85.0,24.0,18.0,18.0,26.0,20.0,68.0,260.0,42.0,18.0,32.0,19.0,18.0,42.0,186.0,40.0,21.0,20.0,20.0,58.0,140.0,19.0,38.0,37.0,17.0,66.0,83.0,30.0,16.0,23.0,17.0,30.0,54.0,24.0,19.0,13.0,228.0,11.0,14.0,217.0,16.0,14.0,15.0,59.0,34.0,25.0,198.0,16.0,44.0,17.0,20.0,14.0,44.0,82.0,17.0,27.0,38.0,70.0,14.0,14.0,15.0,11.0,11.0,28.0,13.0,12.0,34.0,27.0,49.0,48.0,30.0,19.0,25.0,14.0,40.0,16.0,88.0,28.0,26.0,51.0
21.25,58.0,39.0,48.0,43.0,31.0,249.0,43.0,45.0,43.0,34.0,44.0,92.0,45.0,191.0,11.0,18.0,82.0,22.0,14.0,19.0,27.0,19.0,66.0,261.0,40.0,16.0,31.0,19.0,17.0,42.0,186.0,40.0,21.0,19.0,19.0,55.0,138.0,19.0,38.0,35.0,16.0,64.0,79.0,30.0,14.0,20.0,16.0,28.0,54.0,21.0,18.0,11.0,230.0,11.0,12.0,218.0,15.0,11.0,14.0,59.0,30.0,23.0,201.0,14.0,42.0,15.0,19.0,11.0,41.0,80.0,16.0,26.0,37.0,66.0,11.0,11.0,13.0,11.0,11.0,23.0,11.0,12.0,31.0,24.0,50.0,43.0,28.0,20.0,24.0,13.0,36.0,16.0,86.0,22.0,24.0,48.0
21.5,62.0,33.0,45.0,45.0,32.0,249.0,41.0,43.0,42.0,32.0,43.0,92.0,46.0,190.0,12.0,18.0,83.0,24.0,16.0,20.0,27.0,19.0,66.0,261.0,39.0,17.0,31.0,19.0,19.0,42.0,187.0,39.0,21.0,20.0,20.0,57.0,139.0,19.0,37.0,35.0,15.0,66.0,82.0,32.0,18.0,21.0,17.0,29.0,50.0,24.0,16.0,13.0,232.0,11.0,15.0,219.0,16.0,11.0,14.0,59.0,32.0,22.0,200.0,16.0,41.0,16.0,19.0,12.0,43.0,81.0,16.0,27.0,39.0,67.0,14.0,12.0,15.0,11.0,11.0,28.0,11.0,12.0,30.0,26.0,49.0,42.0,29.0,19.0,25.0,13.0,39.0,17.0,90.0,24.0,24.0,50.0
21.75,59.0,37.0,45.0,43.0,30.0,247.0,39.0,44.0,41.0,32.0,40.0,91.0,44.0,192.0,11.0,18.0,80.0,22.0,17.0,20.0,26.0,18.0,66.0,262.0,40.0,15.0,30.0,21.0,19.0,43.0,188.0,41.0,22.0,20.0,21.0,55.0,138.0,18.0,37.0,33.0,16.0,64.0,78.0,29.0,17.0,20.0,17.0,27.0,51.0,23.0,17.0,12.0,233.0,11.0,12.0,219.0,14.0,11.0,15.0,57.0,32.0,24.0,199.0,16.0,41.0,16.0,16.0,11.0,42.0,82.0,16.0,26.0,38.0,67.0,12.0,12.0,16.0,11.0,11.0,24.0,12.0,11.0,31.0,28.0,50.0,44.0,29.0,19.0,25.0,12.0,36.0,15.0,92.0,27.0,24.0,48.0
22.0,62.0,39.0,46.0,46.0,34.0,251.0,43.0,45.0,45.0,35.0,47.0,93.0,48.0,193.0,15.0,21.0,85.0,24.0,20.0,22.0,32.0,20.0,68.0,265.0,41.0,20.0,34.0,21.0,20.0,45.0,191.0,42.0,22.0,21.0,23.0,57.0,140.0,20.0,39.0,36.0,19.0,66.0,82.0,33.0,21.0,22.0,19.0,31.0,54.0,26.0,20.0,15.0,235.0,11.0,17.0,222.0,18.0,14.0,16.0,60.0,35.0,27.0,201.0,17.0,44.0,18.0,21.0,14.0,45.0,84.0,19.0,28.0,41.0,71.0,15.0,13.0,17.0,12.0,12.0,27.0,15.0,14.0,33.0,29.0,52.0,47.0,29.0,21.0,26.0,15.0,41.0,20.0,96.0,26.0,28.0,53.0
22.25,64.0,40.0,48.0,45.0,32.0,253.0,44.0,44.0,43.0,32.0,43.0,90.0,50.0,196.0,11.0,17.0,84.0,25.0,18.0,20.0,28.0,17.0,66.0,263.0,42.0,16.0,33.0,20.0,21.0,43.0,199.0,41.0,20.0,21.0,21.0,55.0,141.0,19.0,42.0,38.0,16.0,70.0,82.0,33.0,17.0,23.0,16.0,27.0,53.0,26.0,18.0,12.0,235.0,11.0,14.0,221.0,16.0,11.0,14.0,58.0,35.0,24.0,204.0,15.0,43.0,16.0,17.0,13.0,45.0,80.0,17.0,25.0,39.0,69.0,14.0,12.0,13.0,11.0,11.0,24.0,11.0,11.0,31.0,25.0,53.0,47.0,30.0,21.0,25.0,14.0,37.0,18.0,94.0,23.0,26.0,48.0
22.5,63.0,36.0,47.0,46.0,32.0,251.0,41.0,42.0,42.0,31.0,44.0,93.0,47.0,194.0,13.0,19.0,83.0,25.0,17.0,19.0,28.0,18.0,67.0,264.0,39.0,18.0,32.0,20.0,20.0,44.0,196.0,41.0,23.0,19.0,21.0,58.0,140.0,19.0,38.0,34.0,17.0,66.0,83.0,30.0,18.0,22.0,16.0,29.0,55.0,24.0,19.0,14.0,236.0,11.0,14.0,224.0,17.0,11.0,14.0,59.0,33.0,25.0,202.0,15.0,43.0,16.0,21.0,13.0,43.0,83.0,16.0,26.0,39.0,70.0,13.0,12.0,16.0,11.0,12.0,27.0,13.0,13.0,32.0,25.0,50.0,47.0,30.0,20.0,27.0,14.0,39.0,18.0,97.0,25.0,28.0,50.0
22.75,60.0,35.0,45.0,46.0,32.0,251.0,41.0,41.0,42.0,33.0,41.0,89.0,45.0,197.0,11.0,18.0,81.0,23.0,17.0,20.0,27.0,17.0,66.0,265.0,42.0,19.0,32.0,19.0,18.0,41.0,199.0,41.0,21.0,19.0,19.0,56.0,137.0,17.0,38.0,35.0,15.0,65.0,83.0,30.0,19.0,22.0,15.0,27.0,53.0,23.0,17.0,12.0,237.0,11.0,14.0,223.0,15.0,11.0,14.0,57.0,34.0,23.0,204.0,15.0,43.0,15.0,17.0,14.0,42.0,82.0,16.0,24.0,38.0,68.0,12.0,13.0,11.0,11.0,11.0,25.0,12.0,11.0,32.0,26.0,51.0,46.0,30.0,18.0,25.0,13.0,37.0,15.0,97.0,24.0,25.0,49.0
23.0,66.0,48.0,52.0,52.0,38.0,256.0,46.0,48.0,44.0,34.0,45.0,93.0,52.0,201.0,13.0,19.0,92.0,26.0,21.0,23.0,28.0,18.0,66.0,263.0,48.0,18.0,34.0,20.0,19.0,43.0,211.0,42.0,23.0,21.0,20.0,59.0,139.0,20.0,45.0,39.0,19.0,73.0,84.0,34.0,16.0,20.0,17.0,28.0,56.0,26.0,21.0,15.0,238.0,11.0,14.0,227.0,17.0,11.0,15.0,56.0,35.0,23.0,210.0,17.0,42.0,16.0,18.0,13.0,42.0,80.0,17.0,23.0,42.0,68.0,13.0,12.0,14.0,11.0,11.0,24.0,12.0,11.0,30.0,26.0,54.0,50.0,34.0,22.0,29.0,17.0,37.0,16.0,97.0,21.0,25.0,47.0
23.25,62.0,38.0,48.0,47.0,33.0,253.0,40.0,42.0,42.0,33.0,43.0,92.0,47.0,199.0,15.0,19.0,82.0,27.0,20.0,21.0,28.0,20.0,68.0,265.0,43.0,19.0,31.0,21.0,20.0,43.0,203.0,41.0,22.0,22.0,21.0,60.0,139.0,20.0,38.0,34.0,17.0,67.0,83.0,31.0,16.0,23.0,17.0,28.0,53.0,25.0,19.0,13.0,240.0,11.0,14.0,226.0,16.0,11.0,16.0,58.0,35.0,26.0,205.0,16.0,43.0,17.0,20.0,13.0,44.0,84.0,16.0,26.0,40.0,68.0,14.0,11.0,15.0,11.0,12.0,27.0,12.0,13.0,33.0,28.0,51.0,46.0,30.0,20.0,26.0,13.0,38.0,17.0,101.0,25.0,26.0,51.0
23.5,62.0,37.0,47.0,45.0,32.0,253.0,41.0,42.0,43.0,33.0,42.0,91.0,48.0,200.0,14.0,18.0,82.0,24.0,19.0,21.0,28.0,21.0,65.0,268.0,38.0,17.0,32.0,19.0,19.0,43.0,201.0,41.0,22.0,22.0,20.0,57.0,138.0,19.0,40.0,33.0,17.0,64.0,82.0,31.0,17.0,22.0,19.0,27.0,54.0,24.0,17.0,14.0,242.0,11.0,14.0,225.0,16.0,11.0,15.0,59.0,34.0,24.0,205.0,14.0,44.0,17.0,19.0,11.0,42.0,83.0,16.0,25.0,40.0,70.0,14.0,13.0,15.0,11.0,11.0,27.0,11.0,14.0,31.0,26.0,51.0,46.0,29.0,20.0,24.0,14.0,39.0,18.0,103.0,26.0,25.0,50.0
23.75,63.0,38.0,48.0,44.0,33.0,255.0,42.0,41.0,43.0,34.0,43.0,91.0,49.0,202.0,11.0,19.0,82.0,25.0,18.0,22.0,29.0,19.0,68.0,267.0,41.0,19.0,35.0,22.0,20.0,44.0,205.0,40.0,22.0,22.0,22.0,59.0,141.0,20.0,39.0,34.0,19.0,67.0,83.0,33.0,18.0,25.0,19.0,27.0,54.0,27.0,19.0,14.0,244.0,11.0,15.0,228.0,17.0,13.0,17.0,59.0,34.0,27.0,207.0,18.0,44.0,17.0,20.0,12.0,44.0,84.0,17.0,27.0,43.0,70.0,15.0,14.0,16.0,11.0,12.0,26.0,14.0,14.0,34.0,28.0,52.0,48.0,29.0,22.0,25.0,15.0,39.0,18.0,106.0,27.0,28.0,52.0
24.0,59.0,37.0,46.0,45.0,32.0,254.0,38.0,37.0,42.0,30.0,39.0,90.0,48.0,202.0,12.0,19.0,80.0,24.0,16.0,18.0,27.0,16.0,65.0,266.0,40.0,16.0,30.0,19.0,17.0,42.0,207.0,40.0,20.0,19.0,21.0,55.0,138.0,17.0,38.0,36.0,14.0,67.0,81.0,31.0,17.0,20.0,16.0,25.0,52.0,25.0,19.0,13.0,242.0,11.0,13.0,226.0,15.0,11.0,13.0,55.0,32.0,21.0,207.0,15.0,42.0,14.0,18.0,11.0,43.0,82.0,14.0,23.0,39.0,69.0,11.0,11.0,14.0,11.0,11.0,26.0,11.0,13.0,32.0,25.0,50.0,46.0,28.0,21.0,24.0,14.0,35.0,16.0,104.0,24.0,25.0,46.0
24.25,63.0,36.0,47.0,45.0,30.0,252.0,39.0,37.0,42.0,29.0,39.0,88.0,47.0,205.0,13.0,17.0,80.0,23.0,14.0,20.0,27.0,15.0,66.0,267.0,41.0,16.0,31.0,20.0,18.0,42.0,210.0,39.0,20.0,19.0,20.0,56.0,143.0,19.0,38.0,33.0,17.0,66.0,81.0,32.0,18.0,20.0,16.0,26.0,53.0,26.0,17.0,13.0,246.0,11.0,12.0,227.0,17.0,11.0,14.0,59.0,35.0,24.0,208.0,16.0,44.0,15.0,19.0,11.0,44.0,82.0,16.0,23.0,40.0,70.0,13.0,14.0,16.0,11.0,11.0,26.0,12.0,11.0,30.0,25.0,50.0,48.0,30.0,22.0,23.0,14.0,39.0,18.0,107.0,23.0,25.0,48.0
24.5,61.0,34.0,45.0,45.0,31.0,255.0,37.0,38.0,42.0,32.0,39.0,90.0,48.0,203.0,13.0,17.0,78.0,24.0,16.0,19.0,28.0,17.0,66.0,266.0,38.0,17.0,32.0,18.0,20.0,42.0,206.0,39.0,22.0,19.0,19.0,57.0,138.0,19.0,37.0,32.0,18.0,64.0,81.0,30.0,17.0,22.0,18.0,28.0,53.0,23.0,18.0,13.0,246.0,11.0,14.0,229.0,17.0,12.0,14.0,57.0,34.0,23.0,206.0,17.0,42.0,17.0,19.0,12.0,44.0,82.0,14.0,24.0,39.0,69.0,14.0,13.0,15.0,11.0,11.0,25.0,13.0,12.0,30.0,24.0,50.0,44.0,27.0,21.0,24.0,13.0,38.0,17.0,109.0,23.0,25.0,49.0
24.75,61.0,38.0,47.0,44.0,32.0,257.0,39.0,38.0,41.0,32.0,40.0,91.0,47.0,203.0,12.0,17.0,79.0,24.0,18.0,19.0,28.0,20.0,65.0,268.0,41.0,18.0,31.0,20.0,19.0,41.0,211.0,41.0,22.0,20.0,20.0,57.0,138.0,18.0,41.0,35.0,19.0,66.0,83.0,32.0,18.0,23.0,18.0,26.0,54.0,25.0,17.0,13.0,247.0,11.0,15.0,231.0,16.0,12.0,13.0,57.0,34.0,25.0,210.0,16.0,43.0,16.0,19.0,11.0,42.0,84.0,17.0,24.0,40.0,70.0,12.0,14.0,16.0,11.0,11.0,26.0,12.0,15.0,31.0,26.0,50.0,47.0,30.0,23.0,27.0,13.0,38.0,18.0,110.0,24.0,26.0,49.0
25.0,62.0,37.0,49.0,44.0,33.0,257.0,38.0,37.0,41.0,32.0,41.0,90.0,49.0,204.0,12.0,17.0,78.0,23.0,18.0,19.0,27.0,18.0,68.0,268.0,38.0,18.0,32.0,18.0,19.0,42.0,210.0,41.0,21.0,22.0,18.0,57.0,141.0,17.0,38.0,34.0,17.0,64.0,82.0,32.0,18.0,21.0,17.0,29.0,52.0,25.0,18.0,14.0,249.0,11.0,13.0,231.0,17.0,12.0,14.0,60.0,35.0,25.0,208.0,16.0,44.0,16.0,19.0,12.0,43.0,85.0,16.0,24.0,40.0,69.0,15.0,13.0,16.0,11.0,11.0,24.0,12.0,13.0,30.0,27.0,50.0,45.0,29.0,20.0,25.0,13.0,38.0,18.0,113.0,23.0,27.0,51.0
25.25,62.0,40.0,49.0,47.0,35.0,259.0,40.0,40.0,44.0,35.0,42.0,93.0,49.0,206.0,13.0,21.0,81.0,27.0,21.0,23.0,32.0,22.0,67.0,269.0,43.0,20.0,33.0,22.0,20.0,44.0,214.0,41.0,22.0,23.0,21.0,58.0,140.0,19.0,40.0,36.0,20.0,69.0,83.0,33.0,19.0,24.0,19.0,30.0,55.0,27.0,21.0,15.0,250.0,11.0,17.0,234.0,18.0,14.0,18.0,60.0,35.0,26.0,211.0,19.0,46.0,18.0,20.0,14.0,44.0,83.0,18.0,26.0,43.0,71.0,15.0,17.0,18.0,12.0,11.0,28.0,14.0,15.0,34.0,27.0,54.0,50.0,32.0,25.0,27.0,16.0,39.0,20.0,113.0,26.0,27.0,50.0
25.5,67.0,48.0,55.0,53.0,39.0,262.0,44.0,43.0,44.0,36.0,43.0,93.0,53.0,210.0,14.0,22.0,88.0,25.0,22.0,24.0,32.0,23.0,72.0,270.0,47.0,19.0,35.0,21.0,22.0,47.0,222.0,42.0,24.0,22.0,24.0,60.0,143.0,21.0,44.0,40.0,20.0,74.0,86.0,34.0,19.0,24.0,19.0,30.0,57.0,28.0,21.0,17.0,251.0,11.0,15.0,237.0,18.0,12.0,14.0,59.0,37.0,27.0,217.0,17.0,43.0,19.0,20.0,15.0,45.0,84.0,19.0,24.0,41.0,71.0,16.0,15.0,18.0,11.0,11.0,26.0,15.0,14.0,34.0,29.0,54.0,51.0,37.0,25.0,28.0,17.0,38.0,18.0,116.0,21.0,28.0,49.0
25.75,62.0,36.0,47.0,43.0,32.0,256.0,39.0,36.0,42.0,30.0,37.0,88.0,47.0,206.0,11.0,19.0,76.0,24.0,16.0,18.0,28.0,17.0,66.0,269.0,37.0,17.0,32.0,17.0,17.0,41.0,214.0,39.0,21.0,18.0,20.0,57.0,140.0,18.0,37.0,33.0,16.0,63.0,81.0,31.0,17.0,21.0,18.0,28.0,53.0,24.0,18.0,13.0,252.0,11.0,13.0,233.0,16.0,11.0,15.0,58.0,35.0,23.0,209.0,18.0,43.0,15.0,18.0,13.0,40.0,82.0,15.0,25.0,40.0,68.0,11.0,14.0,16.0,11.0,11.0,23.0,12.0,13.0,31.0,24.0,51.0,46.0,26.0,19.0,25.0,14.0,37.0,18.0,117.0,26.0,25.0,49.0
26.0,63.0,36.0,48.0,43.0,32.0,258.0,36.0,34.0,40.0,31.0,40.0,89.0,49.0,208.0,13.0,18.0,75.0,23.0,18.0,19.0,28.0,18.0,67.0,270.0,40.0,20.0,34.0,20.0,18.0,44.0,215.0,40.0,21.0,19.0,17.0,55.0,143.0,19.0,38.0,33.0,18.0,63.0,81.0,30.0,19.0,21.0,18.0,29.0,55.0,25.0,19.0,15.0,254.0,11.0,15.0,233.0,17.0,12.0,15.0,57.0,36.0,26.0,211.0,18.0,44.0,17.0,19.0,14.0,44.0,84.0,16.0,28.0,41.0,71.0,15.0,15.0,16.0,11.0,11.0,27.0,13.0,14.0,33.0,25.0,51.0,46.0,30.0,23.0,27.0,13.0,38.0,17.0,118.0,23.0,27.0,48.0
26.25,61.0,40.0,50.0,48.0,35.0,258.0,39.0,37.0,41.0,32.0,41.0,92.0,51.0,210.0,13.0,20.0,81.0,24.0,20.0,21.0,30.0,19.0,68.0,270.0,40.0,17.0,36.0,21.0,20.0,43.0,222.0,41.0,23.0,22.0,22.0,57.0,141.0,20.0,41.0,35.0,20.0,68.0,84.0,32.0,18.0,22.0,18.0,28.0,54.0,24.0,19.0,15.0,253.0,11.0,15.0,236.0,16.0,11.0,13.0,59.0,34.0,24.0,213.0,16.0,44.0,20.0,20.0,13.0,43.0,83.0,17.0,26.0,41.0,71.0,14.0,13.0,15.0,11.0,11.0,26.0,11.0,13.0,32.0,26.0,51.0,48.0,30.0,21.0,29.0,15.0,39.0,16.0,120.0,25.0,27.0,48.0
26.5,68.0,39.0,49.0,44.0,36.0,259.0,37.0,34.0,40.0,28.0,38.0,87.0,55.0,213.0,16.0,17.0,76.0,24.0,19.0,20.0,28.0,15.0,66.0,267.0,42.0,17.0,33.0,21.0,20.0,43.0,227.0,40.0,21.0,21.0,20.0,56.0,143.0,21.0,42.0,30.0,17.0,65.0,83.0,33.0,18.0,22.0,16.0,24.0,58.0,29.0,20.0,17.0,255.0,11.0,13.0,233.0,16.0,11.0,12.0,58.0,38.0,28.0,214.0,17.0,43.0,15.0,18.0,13.0,44.0,83.0,16.0,22.0,46.0,72.0,15.0,19.0,16.0,11.0,11.0,27.0,12.0,12.0,30.0,25.0,53.0,50.0,35.0,26.0,29.0,15.0,37.0,20.0,120.0,24.0,25.0,46.0
26.75,65.0,38.0,50.0,47.0,33.0,260.0,39.0,36.0,42.0,33.0,40.0,92.0,51.0,212.0,14.0,18.0,79.0,26.0,20.0,21.0,28.0,20.0,68.0,271.0,42.0,20.0,34.0,21.0,22.0,43.0,223.0,43.0,23.0,23.0,19.0,58.0,140.0,19.0,40.0,34.0,18.0,66.0,84.0,32.0,20.0,24.0,19.0,28.0,53.0,27.0,20.0,14.0,257.0,11.0,16.0,237.0,17.0,13.0,16.0,59.0,36.0,23.0,213.0,16.0,45.0,18.0,20.0,15.0,45.0,85.0,18.0,24.0,43.0,72.0,15.0,15.0,17.0,11.0,12.0,26.0,14.0,12.0,33.0,27.0,52.0,48.0,31.0,22.0,27.0,15.0,38.0,19.0,124.0,24.0,27.0,51.0
27.0,62.0,37.0,45.0,44.0,32.0,259.0,38.0,35.0,41.0,33.0,39.0,90.0,47.0,212.0,11.0,17.0,76.0,24.0,17.0,20.0,28.0,18.0,66.0,271.0,40.0,18.0,31.0,19.0,18.0,42.0,221.0,39.0,21.0,19.0,20.0,57.0,138.0,17.0,37.0,32.0,18.0,64.0,83.0,30.0,16.0,22.0,17.0,26.0,53.0,25.0,21.0,14.0,257.0,11.0,14.0,237.0,15.0,11.0,15.0,57.0,34.0,23.0,212.0,15.0,44.0,18.0,18.0,11.0,41.0,83.0,16.0,24.0,40.0,70.0,14.0,14.0,16.0,11.0,11.0,25.0,12.0,12.0,34.0,27.0,52.0,46.0,29.0,19.0,26.0,14.0,38.0,19.0,123.0,23.0,26.0,51.0
27.25,61.0,36.0,46.0,45.0,31.0,260.0,34.0,35.0,41.0,31.0,37.0,90.0,46.0,209.0,11.0,18.0,74.0,23.0,17.0,21.0,27.0,18.0,66.0,270.0,37.0,16.0,31.0,22.0,17.0,44.0,220.0,37.0,21.0,20.0,21.0,58.0,138.0,16.0,36.0,33.0,18.0,62.0,82.0,31.0,18.0,21.0,17.0,28.0,53.0,25.0,20.0,15.0,257.0,11.0,13.0,237.0,15.0,11.0,16.0,58.0,33.0,22.0,213.0,16.0,44.0,16.0,19.0,12.0,41.0,84.0,16.0,26.0,40.0,71.0,13.0,14.0,15.0,11.0,11.0,25.0,12.0,12.0,31.0,25.0,50.0,43.0,28.0,20.0,25.0,14.0,38.0,17.0,126.0,24.0,26.0,49.0
27.5,67.0,47.0,52.0,50.0,37.0,264.0,40.0,37.0,44.0,35.0,41.0,91.0,52.0,213.0,16.0,21.0,83.0,25.0,21.0,23.0,32.0,21.0,66.0,273.0,45.0,21.0,34.0,22.0,20.0,44.0,228.0,41.0,23.0,21.0,21.0,58.0,144.0,21.0,44.0,38.0,21.0,72.0,86.0,33.0,18.0,23.0,17.0,28.0,54.0,30.0,18.0,16.0,260.0,11.0,17.0,238.0,17.0,13.0,16.0,59.0,36.0,27.0,221.0,18.0,42.0,19.0,19.0,13.0,43.0,83.0,16.0,25.0,47.0,71.0,17.0,16.0,17.0,11.0,12.0,27.0,14.0,13.0,33.0,26.0,57.0,54.0,35.0,27.0,31.0,18.0,41.0,19.0,128.0,24.0,26.0,48.0
27.75,61.0,37.0,48.0,48.0,33.0,262.0,36.0,35.0,42.0,34.0,37.0,90.0,45.0,212.0,14.0,20.0,73.0,27.0,18.0,20.0,31.0,21.0,67.0,272.0,38.0,18.0,30.0,21.0,20.0,43.0,221.0,42.0,22.0,20.0,21.0,56.0,137.0,16.0,36.0,35.0,19.0,62.0,82.0,31.0,19.0,23.0,17.0,29.0,52.0,23.0,19.0,14.0,261.0,11.0,13.0,240.0,17.0,12.0,16.0,57.0,34.0,23.0,212.0,17.0,44.0,18.0,19.0,13.0,43.0,84.0,15.0,25.0,39.0,69.0,14.0,11.0,15.0,11.0,11.0,26.0,13.0,12.0,33.0,24.0,50.0,45.0,31.0,19.0,26.0,13.0,39.0,19.0,131.0,25.0,27.0,49.0
28.0,62.0,38.0,47.0,46.0,32.0,263.0,33.0,36.0,43.0,32.0,39.0,91.0,46.0,212.0,14.0,19.0,74.0,23.0,16.0,20.0,29.0,20.0,67.0,273.0,38.0,18.0,32.0,21.0,20.0,43.0,221.0,40.0,24.0,21.0,22.0,57.0,140.0,17.0,37.0,34.0,19.0,61.0,82.0,30.0,20.0,22.0,20.0,28.0,54.0,26.0,19.0,15.0,261.0,11.0,15.0,240.0,18.0,13.0,16.0,60.0,34.0,24.0,213.0,16.0,45.0,17.0,19.0,14.0,43.0,84.0,16.0,26.0,40.0,70.0,14.0,14.0,16.0,11.0,11.0,26.0,13.0,15.0,33.0,27.0,49.0,46.0,29.0,22.0,26.0,16.0,40.0,19.0,132.0,23.0,27.0,52.0
28.25,65.0,42.0,51.0,49.0,35.0,263.0,38.0,37.0,43.0,33.0,41.0,95.0,51.0,217.0,16.0,21.0,80.0,27.0,21.0,24.0,32.0,22.0,69.0,273.0,41.0,20.0,33.0,23.0,21.0,44.0,227.0,43.0,23.0,22.0,22.0,60.0,141.0,21.0,43.0,38.0,19.0,67.0,86.0,34.0,20.0,26.0,20.0,29.0,54.0,27.0,23.0,16.0,263.0,11.0,16.0,243.0,16.0,12.0,17.0,60.0,36.0,27.0,218.0,19.0,47.0,19.0,19.0,14.0,44.0,86.0,20.0,26.0,41.0,74.0,16.0,13.0,17.0,11.0,11.0,28.0,13.0,15.0,33.0,27.0,52.0,48.0,31.0,23.0,25.0,16.0,40.0,18.0,135.0,27.0,29.0,50.0
28.5,63.0,42.0,52.0,49.0,33.0,263.0,38.0,37.0,43.0,32.0,40.0,92.0,49.0,216.0,16.0,22.0,79.0,26.0,20.0,24.0,29.0,21.0,68.0,272.0,42.0,18.0,33.0,20.0,21.0,45.0,228.0,42.0,23.0,23.0,23.0,60.0,140.0,19.0,39.0,35.0,20.0,65.0,87.0,34.0,20.0,24.0,19.0,30.0,53.0,26.0,21.0,14.0,263.0,11.0,17.0,244.0,18.0,11.0,17.0,59.0,36.0,23.0,217.0,18.0,45.0,19.0,20.0,15.0,45.0,85.0,19.0,25.0,41.0,73.0,16.0,14.0,18.0,11.0,11.0,27.0,13.0,13.0,33.0,27.0,52.0,48.0,31.0,21.0,26.0,15.0,39.0,17.0,135.0,24.0,28.0,51.0
28.75,62.0,36.0,46.0,41.0,30.0,263.0,34.0,34.0,43.0,30.0,38.0,89.0,48.0,214.0,12.0,17.0,73.0,26.0,16.0,20.0,29.0,18.0,66.0,271.0,38.0,16.0,30.0,18.0,17.0,43.0,227.0,41.0,22.0,21.0,20.0,55.0,137.0,19.0,37.0,32.0,17.0,62.0,82.0,32.0,17.0,21.0,16.0,26.0,52.0,26.0,18.0,13.0,262.0,11.0,15.0,241.0,15.0,11.0,14.0,58.0,33.0,24.0,214.0,16.0,42.0,17.0,20.0,11.0,44.0,84.0,17.0,24.0,37.0,69.0,13.0,13.0,14.0,11.0,11.0,24.0,12.0,12.0,32.0,26.0,49.0,43.0,27.0,18.0,25.0,14.0,38.0,17.0,133.0,22.0,26.0,48.0
29.0,63.0,41.0,52.0,49.0,35.0,265.0,35.0,34.0,44.0,32.0,38.0,91.0,50.0,219.0,15.0,21.0,80.0,27.0,21.0,23.0,29.0,17.0,67.0,272.0,42.0,20.0,33.0,23.0,19.0,45.0,234.0,40.0,23.0,23.0,22.0,58.0,140.0,20.0,41.0,37.0,22.0,68.0,85.0,32.0,20.0,24.0,21.0,27.0,53.0,28.0,19.0,18.0,265.0,11.0,16.0,242.0,17.0,13.0,17.0,60.0,34.0,26.0,217.0,19.0,45.0,18.0,20.0,14.0,44.0,85.0,19.0,25.0,41.0,73.0,18.0,14.0,17.0,11.0,12.0,26.0,14.0,16.0,33.0,24.0,53.0,50.0,33.0,23.0,28.0,16.0,40.0,19.0,139.0,25.0,27.0,48.0
29.25,63.0,35.0,49.0,45.0,32.0,264.0,33.0,29.0,42.0,30.0,37.0,88.0,51.0,218.0,15.0,20.0,70.0,25.0,17.0,21.0,28.0,17.0,65.0,271.0,41.0,19.0,31.0,20.0,19.0,43.0,230.0,39.0,23.0,21.0,21.0,56.0,141.0,20.0,37.0,33.0,18.0,63.0,81.0,31.0,18.0,22.0,18.0,26.0,55.0,28.0,19.0,16.0,267.0,11.0,15.0,242.0,17.0,11.0,15.0,59.0,35.0,27.0,213.0,17.0,44.0,17.0,19.0,14.0,43.0,83.0,17.0,26.0,44.0,72.0,17.0,14.0,18.0,11.0,11.0,24.0,14.0,13.0,31.0,26.0,53.0,48.0,34.0,24.0,26.0,16.0,39.0,18.0,138.0,22.0,27.0,49.0
29.5,59.0,36.0,45.0,44.0,29.0,261.0,31.0,30.0,41.0,29.0,37.0,87.0,45.0,214.0,11.0,17.0,69.0,23.0,16.0,19.0,28.0,18.0,63.0,270.0,36.0,15.0,31.0,18.0,16.0,41.0,227.0,39.0,19.0,18.0,18.0,55.0,135.0,16.0,34.0,30.0,18.0,58.0,80.0,27.0,15.0,20.0,15.0,24.0,50.0,24.0,16.0,13.0,264.0,11.0,14.0,242.0,15.0,11.0,12.0,58.0,34.0,23.0,213.0,15.0,41.0,17.0,17.0,11.0,40.0,82.0,13.0,22.0,38.0,69.0,12.0,13.0,14.0,11.0,11.0,24.0,11.0,11.0,31.0,25.0,47.0,45.0,29.0,17.0,23.0,13.0,38.0,16.0,140.0,24.0,25.0,47.0
29.75,64.0,41.0,51.0,48.0,31.0,267.0,37.0,33.0,41.0,32.0,38.0,90.0,50.0,218.0,13.0,19.0,77.0,26.0,19.0,22.0,31.0,21.0,66.0,272.0,40.0,19.0,32.0,20.0,20.0,46.0,231.0,40.0,23.0,21.0,22.0,58.0,139.0,18.0,40.0,35.0,18.0,66.0,84.0,32.0,19.0,24.0,17.0,27.0,52.0,27.0,21.0,13.0,267.0,11.0,14.0,246.0,16.0,12.0,14.0,59.0,32.0,25.0,220.0,16.0,42.0,17.0,21.0,13.0,42.0,82.0,16.0,25.0,41.0,70.0,14.0,14.0,16.0,11.0,12.0,26.0,13.0,11.0,30.0,25.0,52.0,47.0,31.0,21.0,27.0,16.0,37.0,15.0,141.0,23.0,27.0,47.0
30.0,62.0,35.0,46.0,44.0,31.0,265.0,35.0,31.0,40.0,31.0,36.0,90.0,47.0,218.0,11.0,18.0,73.0,25.0,17.0,24.0,29.0,18.0,64.0,273.0,38.0,20.0,29.0,19.0,20.0,41.0,229.0,39.0,20.0,21.0,20.0,57.0,138.0,19.0,34.0,34.0,19.0,60.0,82.0,29.0,18.0,22.0,18.0,28.0,53.0,27.0,18.0,15.0,268.0,11.0,14.0,244.0,18.0,11.0,15.0,57.0,34.0,24.0,216.0,17.0,45.0,16.0,19.0,14.0,44.0,86.0,15.0,25.0,38.0,70.0,13.0,15.0,16.0,11.0,11.0,26.0,12.0,11.0,32.0,25.0,49.0,44.0,30.0,21.0,24.0,13.0,39.0,17.0,144.0,27.0,26.0,48.0
30.25,62.0,37.0,47.0,45.0,32.0,263.0,33.0,32.0,39.0,32.0,38.0,90.0,46.0,216.0,12.0,18.0,71.0,23.0,17.0,18.0,29.0,21.0,64.0,271.0,36.0,17.0,31.0,21.0,20.0,41.0,230.0,38.0,22.0,19.0,20.0,57.0,140.0,17.0,35.0,34.0,17.0,60.0,83.0,27.0,17.0,21.0,18.0,28.0,53.0,26.0,19.0,13.0,267.0,11.0,16.0,246.0,17.0,11.0,16.0,59.0,35.0,23.0,217.0,16.0,44.0,17.0,20.0,13.0,41.0,83.0,15.0,24.0,38.0,70.0,12.0,13.0,17.0,11.0,11.0,25.0,14.0,14.0,33.0,25.0,49.0,43.0,28.0,19.0,24.0,13.0,38.0,15.0,146.0,25.0,25.0,50.0
30.5,60.0,34.0,47.0,43.0,29.0,265.0,31.0,31.0,40.0,30.0,37.0,89.0,46.0,215.0,12.0,19.0,71.0,23.0,15.0,20.0,28.0,20.0,65.0,271.0,35.0,15.0,29.0,18.0,19.0,41.0,228.0,35.0,20.0,17.0,20.0,56.0,137.0,16.0,36.0,31.0,17.0,57.0,80.0,27.0,15.0,20.0,16.0,25.0,53.0,24.0,17.0,12.0,269.0,11.0,12.0,244.0,14.0,11.0,14.0,57.0,33.0,23.0,215.0,15.0,44.0,17.0,17.0,11.0,42.0,80.0,15.0,26.0,39.0,69.0,12.0,13.0,16.0,11.0,11.0,24.0,11.0,11.0,32.0,24.0,48.0,43.0,28.0,21.0,24.0,14.0,36.0,16.0,146.0,23.0,27.0,49.0
30.75,61.0,36.0,48.0,45.0,31.0,267.0,33.0,31.0,40.0,29.0,38.0,91.0,46.0,218.0,11.0,18.0,69.0,23.0,16.0,20.0,32.0,21.0,66.0,273.0,37.0,17.0,32.0,19.0,19.0,43.0,230.0,39.0,23.0,21.0,21.0,58.0,138.0,18.0,35.0,33.0,18.0,59.0,82.0,28.0,19.0,21.0,18.0,27.0,54.0,25.0,18.0,14.0,269.0,11.0,15.0,246.0,18.0,11.0,16.0,58.0,35.0,24.0,217.0,16.0,43.0,17.0,18.0,14.0,42.0,83.0,15.0,27.0,38.0,70.0,14.0,14.0,18.0,11.0,11.0,26.0,12.0,11.0,32.0,27.0,50.0,44.0,29.0,20.0,26.0,13.0,39.0,15.0,149.0,23.0,28.0,50.0
31.0,60.0,38.0,48.0,45.0,33.0,268.0,34.0,32.0,39.0,31.0,36.0,91.0,46.0,217.0,11.0,17.0,74.0,24.0,18.0,21.0,31.0,20.0,64.0,272.0,37.0,16.0,30.0,19.0,19.0,44.0,233.0,38.0,22.0,21.0,20.0,56.0,137.0,17.0,38.0,35.0,17.0,63.0,85.0,30.0,17.0,23.0,18.0,25.0,51.0,26.0,19.0,14.0,268.0,11.0,14.0,248.0,15.0,11.0,14.0,57.0,32.0,22.0,219.0,15.0,41.0,16.0,19.0,11.0,42.0,82.0,15.0,23.0,38.0,68.0,13.0,11.0,14.0,11.0,11.0,22.0,13.0,13.0,30.0,25.0,48.0,43.0,29.0,21.0,26.0,12.0,35.0,15.0,149.0,22.0,28.0,48.0
31.25,60.0,36.0,46.0,45.0,32.0,267.0,32.0,30.0,40.0,30.0,37.0,89.0,47.0,219.0,12.0,17.0,70.0,24.0,18.0,20.0,29.0,19.0,64.0,270.0,37.0,15.0,32.0,18.0,18.0,43.0,233.0,40.0,21.0,18.0,21.0,54.0,136.0,16.0,35.0,32.0,20.0,59.0,81.0,28.0,17.0,21.0,16.0,26.0,53.0,25.0,17.0,14.0,269.0,11.0,14.0,247.0,16.0,11.0,15.0,59.0,34.0,24.0,220.0,14.0,43.0,17.0,18.0,12.0,43.0,84.0,16.0,23.0,39.0,68.0,14.0,13.0,17.0,11.0,11.0,27.0,12.0,14.0,32.0,25.0,49.0,44.0,28.0,18.0,23.0,13.0,38.0,16.0,148.0,25.0,28.0,49.0
31.5,60.0,36.0,45.0,43.0,30.0,266.0,31.0,31.0,38.0,31.0,37.0,88.0,44.0,218.0,11.0,19.0,69.0,24.0,16.0,20.0,30.0,20.0,66.0,270.0,37.0,15.0,30.0,20.0,18.0,42.0,230.0,38.0,19.0,20.0,19.0,56.0,137.0,16.0,35.0,31.0,18.0,59.0,81.0,27.0,17.0,22.0,16.0,28.0,49.0,23.0,19.0,13.0,269.0,11.0,13.0,246.0,17.0,11.0,14.0,57.0,33.0,24.0,216.0,13.0,43.0,17.0,19.0,12.0,44.0,82.0,16.0,24.0,37.0,68.0,13.0,13.0,15.0,11.0,11.0,25.0,12.0,11.0,30.0,25.0,49.0,42.0,28.0,19.0,22.0,13.0,36.0,15.0,152.0,23.0,29.0,49.0
31.75,62.0,37.0,49.0,44.0,32.0,267.0,32.0,31.0,40.0,34.0,36.0,90.0,48.0,220.0,11.0,17.0,71.0,23.0,18.0,20.0,31.0,19.0,65.0,273.0,37.0,19.0,30.0,17.0,19.0,45.0,233.0,40.0,23.0,22.0,23.0,58.0,138.0,18.0,35.0,31.0,20.0,60.0,83.0,29.0,18.0,22.0,20.0,29.0,52.0,25.0,19.0,15.0,273.0,11.0,16.0,248.0,16.0,12.0,15.0,59.0,34.0,26.0,219.0,16.0,44.0,19.0,19.0,14.0,43.0,85.0,16.0,25.0,40.0,71.0,14.0,13.0,16.0,11.0,11.0,27.0,13.0,13.0,32.0,28.0,48.0,45.0,30.0,21.0,25.0,14.0,39.0,17.0,154.0,25.0,28.0,49.0
32.0,61.0,35.0,47.0,44.0,30.0,269.0,31.0,29.0,40.0,30.0,36.0,89.0,46.0,218.0,11.0,17.0,68.0,23.0,15.0,20.0,29.0,18.0,64.0,273.0,35.0,16.0,30.0,19.0,18.0,42.0,233.0,39.0,22.0,21.0,21.0,59.0,136.0,16.0,34.0,29.0,16.0,58.0,83.0,28.0,19.0,21.0,16.0,26.0,52.0,24.0,18.0,14.0,272.0,11.0,14.0,248.0,16.0,11.0,16.0,59.0,34.0,24.0,217.0,15.0,44.0,18.0,19.0,13.0,41.0,84.0,17.0,24.0,38.0,69.0,12.0,12.0,17.0,11.0,11.0,24.0,13.0,11.0,31.0,26.0,47.0,45.0,27.0,17.0,24.0,13.0,37.0,16.0,155.0,24.0,28.0,49.0
32.25,62.0,40.0,49.0,47.0,32.0,269.0,34.0,31.0,43.0,34.0,37.0,90.0,47.0,220.0,11.0,20.0,72.0,26.0,19.0,23.0,32.0,20.0,66.0,273.0,37.0,18.0,32.0,20.0,21.0,41.0,235.0,40.0,22.0,21.0,21.0,60.0,136.0,18.0,37.0,34.0,18.0,59.0,83.0,31.0,19.0,24.0,17.0,29.0,54.0,27.0,20.0,14.0,273.0,11.0,15.0,250.0,16.0,13.0,16.0,60.0,35.0,24.0,220.0,18.0,45.0,17.0,21.0,14.0,42.0,86.0,17.0,26.0,38.0,72.0,14.0,14.0,15.0,11.0,11.0,26.0,15.0,13.0,34.0,27.0,50.0,44.0,30.0,19.0,25.0,13.0,38.0,15.0,155.0,24.0,29.0,50.0
32.5,61.0,35.0,45.0,43.0,31.0,268.0,33.0,29.0,41.0,30.0,36.0,90.0,47.0,221.0,11.0,18.0,69.0,24.0,16.0,22.0,30.0,18.0,63.0,271.0,36.0,16.0,31.0,19.0,17.0,42.0,234.0,39.0,22.0,19.0,20.0,56.0,136.0,16.0,34.0,31.0,17.0,57.0,80.0,29.0,18.0,20.0,15.0,26.0,51.0,25.0,17.0,12.0,271.0,11.0,13.0,248.0,16.0,11.0,16.0,60.0,33.0,24.0,218.0,14.0,43.0,17.0,18.0,12.0,43.0,84.0,15.0,23.0,39.0,70.0,13.0,15.0,16.0,11.0,11.0,25.0,12.0,12.0,31.0,24.0,50.0,43.0,28.0,19.0,23.0,11.0,38.0,15.0,155.0,24.0,28.0,49.0
32.75,61.0,38.0,47.0,44.0,32.0,270.0,33.0,32.0,40.0,31.0,36.0,90.0,47.0,222.0,12.0,20.0,72.0,25.0,19.0,19.0,30.0,22.0,64.0,272.0,35.0,15.0,32.0,18.0,18.0,42.0,235.0,40.0,23.0,22.0,22.0,57.0,137.0,15.0,36.0,32.0,18.0,59.0,83.0,31.0,19.0,23.0,18.0,27.0,51.0,25.0,18.0,17.0,272.0,11.0,15.0,251.0,17.0,11.0,14.0,57.0,34.0,23.0,218.0,18.0,43.0,18.0,19.0,14.0,44.0,86.0,16.0,27.0,37.0,71.0,13.0,14.0,16.0,11.0,11.0,27.0,13.0,13.0,32.0,25.0,47.0,45.0,29.0,19.0,26.0,12.0,40.0,15.0,158.0,23.0,28.0,51.0
33.0,59.0,38.0,48.0,46.0,32.0,270.0,33.0,30.0,39.0,30.0,37.0,90.0,46.0,222.0,11.0,19.0,69.0,24.0,17.0,20.0,30.0,18.0,66.0,272.0,37.0,18.0,31.0,19.0,18.0,41.0,236.0,39.0,23.0,20.0,20.0,57.0,135.0,16.0,37.0,33.0,20.0,60.0,83.0,30.0,18.0,21.0,17.0,28.0,53.0,26.0,18.0,14.0,273.0,11.0,14.0,250.0,15.0,11.0,13.0,59.0,33.0,23.0,223.0,15.0,45.0,17.0,17.0,11.0,42.0,82.0,15.0,24.0,38.0,72.0,15.0,12.0,17.0,11.0,11.0,26.0,11.0,12.0,30.0,26.0,48.0,46.0,30.0,22.0,25.0,14.0,36.0,13.0,158.0,23.0,28.0,50.0
33.25,63.0,44.0,49.0,49.0,35.0,275.0,36.0,37.0,42.0,32.0,38.0,90.0,49.0,224.0,16.0,22.0,78.0,28.0,22.0,26.0,35.0,22.0,67.0,273.0,44.0,20.0,33.0,19.0,22.0,45.0,244.0,42.0,24.0,23.0,23.0,58.0,140.0,19.0,43.0,39.0,20.0,68.0,87.0,34.0,18.0,24.0,19.0,27.0,54.0,29.0,20.0,17.0,275.0,11.0,15.0,255.0,16.0,11.0,14.0,59.0,34.0,27.0,226.0,17.0,43.0,19.0,20.0,14.0,44.0,85.0,18.0,24.0,42.0,74.0,16.0,14.0,17.0,11.0,11.0,26.0,13.0,14.0,33.0,28.0,51.0,49.0,34.0,21.0,29.0,17.0,38.0,14.0,157.0,24.0,29.0,50.0
33.5,64.0,41.0,48.0,48.0,32.0,272.0,32.0,30.0,39.0,29.0,36.0,88.0,46.0,222.0,11.0,18.0,73.0,24.0,17.0,21.0,30.0,18.0,67.0,272.0,38.0,17.0,29.0,18.0,19.0,41.0,238.0,36.0,22.0,20.0,22.0,57.0,136.0,15.0,37.0,35.0,17.0,62.0,82.0,30.0,18.0,21.0,17.0,26.0,52.0,24.0,18.0,13.0,274.0,11.0,13.0,252.0,14.0,11.0,13.0,58.0,31.0,22.0,224.0,16.0,42.0,15.0,19.0,12.0,41.0,81.0,14.0,24.0,39.0,70.0,14.0,12.0,14.0,11.0,11.0,25.0,11.0,13.0,30.0,25.0,49.0,45.0,29.0,19.0,27.0,12.0,36.0,11.0,157.0,22.0,26.0,48.0
33.75,58.0,39.0,47.0,43.0,30.0,270.0,32.0,28.0,39.0,32.0,36.0,88.0,45.0,222.0,11.0,18.0,67.0,25.0,16.0,21.0,30.0,21.0,63.0,270.0,34.0,18.0,27.0,18.0,19.0,41.0,234.0,38.0,21.0,20.0,20.0,57.0,135.0,14.0,34.0,30.0,18.0,56.0,83.0,28.0,19.0,23.0,16.0,26.0,52.0,24.0,18.0,14.0,275.0,11.0,14.0,251.0,15.0,11.0,14.0,58.0,34.0,25.0,221.0,17.0,44.0,17.0,19.0,12.0,42.0,84.0,16.0,24.0,39.0,70.0,13.0,12.0,17.0,11.0,11.0,23.0,12.0,12.0,32.0,26.0,48.0,41.0,28.0,18.0,23.0,13.0,38.0,14.0,159.0,24.0,28.0,48.0
34.0,61.0,39.0,47.0,46.0,31.0,272.0,32.0,29.0,41.0,30.0,35.0,88.0,47.0,225.0,11.0,19.0,73.0,23.0,15.0,21.0,30.0,19.0,64.0,272.0,39.0,15.0,31.0,18.0,19.0,41.0,241.0,39.0,23.0,18.0,21.0,56.0,138.0,18.0,40.0,34.0,19.0,61.0,83.0,28.0,18.0,22.0,15.0,27.0,52.0,25.0,17.0,15.0,275.0,11.0,17.0,253.0,17.0,11.0,13.0,57.0,32.0,24.0,225.0,17.0,43.0,16.0,17.0,12.0,40.0,82.0,15.0,23.0,39.0,72.0,14.0,11.0,14.0,11.0,11.0,24.0,11.0,13.0,30.0,23.0,50.0,47.0,30.0,20.0,25.0,13.0,35.0,11.0,160.0,20.0,25.0,45.0
34.25,65.0,43.0,48.0,47.0,34.0,276.0,35.0,32.0,42.0,33.0,37.0,92.0,50.0,224.0,13.0,19.0,75.0,27.0,20.0,23.0,32.0,20.0,64.0,272.0,40.0,18.0,32.0,19.0,20.0,44.0,241.0,42.0,23.0,21.0,20.0,58.0,138.0,19.0,40.0,36.0,19.0,64.0,85.0,32.0,17.0,25.0,17.0,28.0,53.0,27.0,20.0,15.0,276.0,11.0,15.0,255.0,18.0,11.0,14.0,59.0,35.0,24.0,226.0,17.0,44.0,17.0,18.0,14.0,44.0,86.0,15.0,24.0,41.0,71.0,13.0,15.0,17.0,11.0,11.0,25.0,13.0,13.0,30.0,24.0,50.0,50.0,31.0,25.0,27.0,15.0,38.0,13.0,163.0,22.0,27.0,49.0
34.5,65.0,45.0,49.0,51.0,36.0,276.0,36.0,34.0,42.0,31.0,38.0,90.0,50.0,226.0,12.0,20.0,79.0,27.0,19.0,22.0,32.0,20.0,66.0,272.0,42.0,19.0,31.0,17.0,19.0,44.0,245.0,40.0,23.0,21.0,22.0,58.0,137.0,18.0,42.0,38.0,19.0,66.0,84.0,33.0,17.0,22.0,16.0,27.0,54.0,25.0,20.0,14.0,278.0,11.0,13.0,256.0,14.0,11.0,14.0,59.0,33.0,24.0,229.0,15.0,41.0,16.0,17.0,13.0,41.0,81.0,15.0,23.0,39.0,70.0,14.0,12.0,13.0,11.0,11.0,23.0,11.0,13.0,32.0,24.0,52.0,47.0,31.0,22.0,26.0,17.0,35.0,11.0,160.0,20.0,25.0,47.0
34.75,61.0,37.0,48.0,43.0,28.0,272.0,30.0,28.0,38.0,28.0,35.0,87.0,46.0,224.0,12.0,17.0,68.0,23.0,15.0,21.0,30.0,19.0,64.0,272.0,35.0,15.0,30.0,17.0,18.0,42.0,239.0,38.0,23.0,19.0,22.0,56.0,134.0,16.0,36.0,31.0,16.0,59.0,82.0,30.0,18.0,20.0,16.0,25.0,52.0,24.0,17.0,14.0,276.0,11.0,14.0,251.0,15.0,11.0,15.0,59.0,33.0,25.0,221.0,14.0,41.0,15.0,17.0,11.0,41.0,83.0,15.0,22.0,37.0,69.0,11.0,13.0,15.0,11.0,11.0,23.0,12.0,12.0,31.0,24.0,48.0,44.0,29.0,20.0,24.0,11.0,38.0,14.0,162.0,24.0,29.0,48.0
35.0,60.0,38.0,47.0,45.0,33.0,273.0,31.0,30.0,39.0,30.0,36.0,90.0,49.0,225.0,12.0,18.0,70.0,24.0,17.0,21.0,30.0,20.0,62.0,272.0,36.0,14.0,31.0,18.0,20.0,42.0,240.0,42.0,22.0,21.0,22.0,57.0,137.0,16.0,38.0,33.0,18.0,61.0,82.0,30.0,18.0,20.0,18.0,26.0,53.0,25.0,17.0,14.0,276.0,11.0,14.0,255.0,17.0,11.0,14.0,59.0,33.0,23.0,223.0,16.0,42.0,16.0,18.0,12.0,43.0,83.0,14.0,23.0,38.0,70.0,14.0,11.0,15.0,11.0,11.0,25.0,14.0,11.0,30.0,25.0,47.0,44.0,29.0,21.0,24.0,11.0,36.0,12.0,166.0,24.0,27.0,47.0
35.25,62.0,44.0,51.0,50.0,37.0,277.0,35.0,35.0,41.0,30.0,38.0,88.0,50.0,227.0,13.0,21.0,78.0,25.0,19.0,21.0,33.0,19.0,67.0,272.0,41.0,19.0,31.0,19.0,20.0,44.0,245.0,41.0,21.0,21.0,22.0,57.0,138.0,19.0,40.0,36.0,19.0,67.0,85.0,32.0,18.0,22.0,18.0,27.0,53.0,28.0,20.0,16.0,276.0,11.0,15.0,258.0,15.0,11.0,15.0,56.0,33.0,25.0,229.0,15.0,41.0,18.0,19.0,13.0,42.0,83.0,16.0,22.0,40.0,68.0,13.0,11.0,14.0,11.0,11.0,23.0,11.0,12.0,33.0,25.0,50.0,45.0,31.0,21.0,28.0,14.0,35.0,11.0,163.0,22.0,29.0,47.0
35.5,63.0,43.0,51.0,49.0,34.0,278.0,34.0,33.0,40.0,32.0,35.0,91.0,51.0,227.0,14.0,20.0,78.0,24.0,21.0,21.0,31.0,19.0,64.0,271.0,43.0,19.0,31.0,19.0,18.0,45.0,248.0,40.0,24.0,20.0,21.0,56.0,138.0,21.0,42.0,39.0,20.0,66.0,86.0,33.0,18.0,24.0,15.0,26.0,55.0,26.0,19.0,16.0,278.0,11.0,15.0,259.0,16.0,13.0,13.0,58.0,35.0,25.0,231.0,17.0,41.0,18.0,19.0,13.0,41.0,84.0,15.0,22.0,43.0,70.0,15.0,11.0,14.0,11.0,11.0,24.0,12.0,14.0,30.0,25.0,53.0,49.0,31.0,24.0,28.0,17.0,36.0,13.0,163.0,21.0,26.0,46.0
35.75,63.0,46.0,51.0,51.0,35.0,277.0,36.0,35.0,41.0,32.0,37.0,90.0,51.0,227.0,12.0,19.0,80.0,27.0,20.0,24.0,33.0,19.0,65.0,271.0,43.0,17.0,32.0,18.0,19.0,46.0,247.0,39.0,24.0,19.0,22.0,57.0,136.0,17.0,40.0,39.0,19.0,68.0,86.0,33.0,16.0,22.0,18.0,27.0,55.0,25.0,18.0,15.0,277.0,11.0,15.0,259.0,16.0,11.0,15.0,58.0,33.0,23.0,230.0,14.0,41.0,17.0,18.0,14.0,44.0,85.0,18.0,21.0,38.0,69.0,14.0,11.0,15.0,11.0,11.0,22.0,13.0,11.0,32.0,26.0,51.0,48.0,33.0,22.0,27.0,14.0,35.0,11.0,164.0,22.0,29.0,46.0
36.0,64.0,49.0,51.0,52.0,36.0,279.0,35.0,34.0,41.0,33.0,39.0,89.0,51.0,227.0,14.0,21.0,81.0,26.0,20.0,23.0,35.0,22.0,67.0,273.0,43.0,19.0,31.0,18.0,21.0,46.0,249.0,41.0,24.0,21.0,24.0,59.0,139.0,20.0,43.0,40.0,20.0,69.0,87.0,35.0,19.0,24.0,17.0,29.0,56.0,25.0,18.0,16.0,278.0,11.0,17.0,261.0,16.0,11.0,15.0,60.0,34.0,24.0,232.0,16.0,42.0,18.0,19.0,15.0,42.0,82.0,18.0,24.0,41.0,72.0,14.0,12.0,16.0,11.0,11.0,26.0,13.0,15.0,34.0,26.0,50.0,47.0,33.0,22.0,26.0,16.0,37.0,13.0,165.0,21.0,28.0,46.0
36.25,64.0,43.0,51.0,47.0,35.0,278.0,36.0,33.0,39.0,32.0,38.0,90.0,51.0,227.0,13.0,19.0,76.0,25.0,18.0,22.0,34.0,20.0,65.0,273.0,40.0,16.0,32.0,20.0,19.0,43.0,246.0,40.0,24.0,20.0,22.0,60.0,137.0,18.0,40.0,37.0,18.0,65.0,86.0,32.0,17.0,23.0,18.0,27.0,55.0,25.0,17.0,15.0,278.0,11.0,15.0,259.0,17.0,11.0,13.0,60.0,34.0,25.0,229.0,15.0,45.0,17.0,17.0,14.0,41.0,84.0,19.0,23.0,41.0,73.0,14.0,12.0,15.0,11.0,11.0,25.0,12.0,11.0,31.0,25.0,51.0,47.0,31.0,22.0,26.0,14.0,37.0,12.0,167.0,22.0,28.0,47.0
36.5,65.0,48.0,51.0,53.0,39.0,280.0,36.0,36.0,42.0,33.0,38.0,90.0,54.0,229.0,14.0,21.0,81.0,28.0,21.0,23.0,36.0,21.0,66.0,273.0,44.0,18.0,33.0,22.0,22.0,45.0,252.0,41.0,25.0,22.0,23.0,58.0,138.0,17.0,43.0,41.0,20.0,70.0,86.0,36.0,19.0,25.0,19.0,28.0,58.0,26.0,21.0,15.0,280.0,11.0,16.0,261.0,17.0,12.0,16.0,60.0,35.0,23.0,233.0,16.0,43.0,18.0,18.0,14.0,44.0,85.0,20.0,22.0,43.0,73.0,15.0,13.0,14.0,11.0,11.0,24.0,13.0,13.0,33.0,27.0,52.0,49.0,34.0,24.0,28.0,16.0,36.0,12.0,167.0,21.0,28.0,47.0
36.75,64.0,45.0,51.0,50.0,37.0,280.0,36.0,35.0,41.0,33.0,37.0,90.0,49.0,230.0,13.0,21.0,79.0,26.0,18.0,22.0,32.0,20.0,66.0,271.0,44.0,17.0,31.0,20.0,19.0,45.0,249.0,40.0,25.0,20.0,22.0,58.0,138.0,19.0,42.0,39.0,19.0,67.0,87.0,34.0,17.0,22.0,16.0,25.0,57.0,25.0,20.0,15.0,280.0,11.0,17.0,261.0,14.0,11.0,14.0,59.0,33.0,24.0,232.0,16.0,41.0,16.0,17.0,13.0,43.0,83.0,17.0,22.0,40.0,70.0,14.0,12.0,15.0,11.0,11.0,24.0,12.0,14.0,32.0,27.0,51.0,46.0,34.0,24.0,28.0,16.0,37.0,11.0,166.0,21.0,27.0,45.0
37.0,63.0,46.0,51.0,50.0,36.0,279.0,36.0,34.0,42.0,32.0,37.0,89.0,51.0,229.0,15.0,20.0,78.0,28.0,20.0,24.0,33.0,20.0,68.0,273.0,43.0,20.0,33.0,20.0,21.0,46.0,249.0,43.0,26.0,21.0,22.0,61.0,137.0,20.0,41.0,40.0,22.0,68.0,86.0,33.0,19.0,23.0,18.0,28.0,56.0,27.0,20.0,18.0,278.0,11.0,17.0,260.0,18.0,12.0,15.0,59.0,35.0,26.0,231.0,18.0,44.0,20.0,20.0,15.0,44.0,85.0,18.0,23.0,43.0,72.0,16.0,13.0,16.0,11.0,11.0,27.0,12.0,13.0,34.0,28.0,51.0,47.0,33.0,23.0,28.0,16.0,35.0,11.0,167.0,21.0,30.0,48.0
37.25,65.0,47.0,51.0,51.0,35.0,280.0,35.0,34.0,43.0,31.0,36.0,88.0,50.0,230.0,13.0,21.0,79.0,27.0,20.0,22.0,33.0,19.0,64.0,270.0,42.0,18.0,33.0,20.0,19.0,45.0,249.0,41.0,24.0,21.0,21.0,57.0,138.0,18.0,41.0,39.0,19.0,67.0,89.0,33.0,18.0,25.0,18.0,27.0,57.0,27.0,19.0,14.0,279.0,11.0,16.0,260.0,16.0,11.0,12.0,58.0,35.0,24.0,231.0,15.0,40.0,16.0,19.0,13.0,41.0,83.0,16.0,22.0,41.0,74.0,16.0,12.0,14.0,11.0,11.0,24.0,12.0,13.0,33.0,25.0,52.0,49.0,33.0,22.0,27.0,15.0,36.0,13.0,169.0,22.0,27.0,47.0
37.5,64.0,47.0,50.0,50.0,36.0,280.0,35.0,34.0,40.0,32.0,37.0,89.0,50.0,229.0,14.0,20.0,81.0,26.0,20.0,22.0,36.0,21.0,63.0,273.0,42.0,21.0,32.0,20.0,21.0,46.0,251.0,42.0,26.0,22.0,23.0,57.0,137.0,17.0,43.0,39.0,23.0,68.0,86.0,31.0,18.0,24.0,16.0,26.0,55.0,28.0,19.0,18.0,280.0,11.0,18.0,259.0,17.0,11.0,16.0,58.0,33.0,26.0,232.0,17.0,40.0,18.0,19.0,14.0,43.0,83.0,19.0,24.0,40.0,74.0,16.0,12.0,16.0,11.0,11.0,25.0,14.0,15.0,31.0,25.0,51.0,48.0,32.0,23.0,28.0,18.0,36.0,11.0,169.0,20.0,29.0,45.0
37.75,64.0,46.0,50.0,52.0,35.0,279.0,34.0,32.0,39.0,33.0,36.0,87.0,53.0,229.0,12.0,19.0,78.0,26.0,19.0,23.0,32.0,18.0,65.0,272.0,43.0,18.0,29.0,18.0,20.0,45.0,249.0,39.0,24.0,20.0,19.0,56.0,138.0,17.0,42.0,38.0,20.0,67.0,86.0,31.0,18.0,23.0,15.0,26.0,55.0,26.0,19.0,16.0,281.0,11.0,15.0,259.0,15.0,11.0,13.0,58.0,34.0,25.0,234.0,14.0,42.0,17.0,17.0,14.0,42.0,84.0,17.0,21.0,43.0,73.0,15.0,12.0,16.0,11.0,11.0,24.0,13.0,14.0,33.0,25.0,52.0,49.0,34.0,24.0,27.0,17.0,34.0,11.0,169.0,22.0,27.0,47.0
38.0,63.0,44.0,53.0,52.0,35.0,279.0,33.0,34.0,43.0,34.0,36.0,90.0,53.0,232.0,15.0,23.0,76.0,28.0,20.0,26.0,36.0,22.0,68.0,274.0,44.0,18.0,34.0,22.0,23.0,46.0,248.0,41.0,25.0,23.0,24.0,60.0,139.0,19.0,43.0,36.0,25.0,64.0,87.0,33.0,21.0,25.0,20.0,29.0,57.0,30.0,23.0,18.0,283.0,12.0,18.0,262.0,19.0,12.0,15.0,60.0,37.0,28.0,231.0,21.0,45.0,20.0,20.0,15.0,44.0,86.0,19.0,26.0,43.0,75.0,17.0,16.0,19.0,11.0,12.0,27.0,13.0,15.0,34.0,27.0,53.0,49.0,34.0,24.0,29.0,15.0,38.0,14.0,172.0,24.0,31.0,49.0
38.25,62.0,45.0,49.0,50.0,36.0,281.0,34.0,35.0,41.0,35.0,38.0,88.0,50.0,229.0,16.0,21.0,77.0,25.0,19.0,25.0,36.0,22.0,64.0,272.0,43.0,18.0,34.0,21.0,21.0,45.0,249.0,41.0,26.0,22.0,23.0,60.0,136.0,20.0,42.0,36.0,21.0,66.0,89.0,31.0,20.0,26.0,19.0,27.0,57.0,28.0,22.0,17.0,281.0,11.0,17.0,261.0,18.0,11.0,16.0,60.0,35.0,25.0,232.0,19.0,44.0,19.0,20.0,14.0,44.0,84.0,17.0,25.0,42.0,73.0,16.0,14.0,16.0,11.0,11.0,26.0,13.0,14.0,33.0,27.0,52.0,47.0,34.0,24.0,29.0,18.0,39.0,13.0,172.0,24.0,29.0,48.0
38.5,65.0,48.0,53.0,52.0,37.0,283.0,35.0,35.0,43.0,34.0,39.0,91.0,51.0,232.0,16.0,23.0,81.0,28.0,22.0,26.0,37.0,21.0,69.0,273.0,47.0,20.0,33.0,21.0,21.0,47.0,253.0,42.0,26.0,22.0,22.0,59.0,140.0,20.0,44.0,40.0,21.0,69.0,90.0,33.0,20.0,25.0,20.0,28.0,57.0,30.0,19.0,17.0,283.0,12.0,17.0,264.0,18.0,11.0,16.0,60.0,37.0,26.0,234.0,18.0,44.0,18.0,18.0,15.0,42.0,84.0,20.0,24.0,42.0,73.0,16.0,12.0,16.0,11.0,11.0,26.0,15.0,14.0,34.0,27.0,53.0,52.0,34.0,24.0,30.0,17.0,36.0,13.0,173.0,23.0,30.0,46.0
38.75,60.0,42.0,51.0,49.0,34.0,280.0,34.0,33.0,41.0,32.0,35.0,89.0,50.0,229.0,11.0,20.0,75.0,25.0,19.0,24.0,33.0,21.0,65.0,272.0,40.0,18.0,31.0,18.0,19.0,43.0,250.0,39.0,27.0,21.0,22.0,55.0,136.0,19.0,41.0,37.0,20.0,64.0,86.0,30.0,17.0,23.0,17.0,26.0,55.0,27.0,18.0,17.0,280.0,11.0,16.0,262.0,16.0,11.0,14.0,57.0,33.0,24.0,231.0,17.0,43.0,18.0,18.0,14.0,43.0,83.0,17.0,21.0,42.0,72.0,15.0,11.0,15.0,11.0,11.0,24.0,12.0,11.0,32.0,25.0,50.0,48.0,33.0,21.0,28.0,15.0,38.0,11.0,170.0,20.0,27.0,45.0
39.0,62.0,37.0,47.0,43.0,31.0,279.0,30.0,31.0,39.0,31.0,37.0,91.0,49.0,228.0,12.0,17.0,69.0,23.0,18.0,23.0,33.0,21.0,67.0,274.0,36.0,17.0,30.0,19.0,18.0,44.0,243.0,39.0,29.0,22.0,21.0,58.0,136.0,17.0,37.0,31.0,21.0,58.0,84.0,28.0,20.0,26.0,20.0,27.0,57.0,29.0,20.0,14.0,282.0,11.0,17.0,260.0,17.0,13.0,16.0,60.0,33.0,25.0,227.0,16.0,44.0,16.0,20.0,13.0,44.0,88.0,15.0,26.0,41.0,73.0,15.0,14.0,17.0,11.0,11.0,27.0,14.0,14.0,34.0,28.0,51.0,45.0,29.0,20.0,23.0,14.0,39.0,15.0,179.0,24.0,31.0,50.0
39.25,61.0,43.0,50.0,48.0,35.0,281.0,31.0,32.0,41.0,33.0,36.0,91.0,50.0,231.0,14.0,21.0,74.0,28.0,18.0,26.0,35.0,20.0,65.0,273.0,39.0,17.0,30.0,20.0,21.0,45.0,247.0,40.0,32.0,22.0,23.0,59.0,136.0,18.0,41.0,35.0,19.0,62.0,83.0,32.0,19.0,25.0,20.0,28.0,58.0,26.0,20.0,17.0,282.0,11.0,17.0,262.0,18.0,11.0,15.0,58.0,36.0,25.0,230.0,17.0,43.0,18.0,20.0,14.0,44.0,85.0,18.0,24.0,41.0,75.0,15.0,13.0,15.0,11.0,11.0,24.0,13.0,12.0,34.0,27.0,51.0,47.0,31.0,22.0,28.0,16.0,37.0,13.0,174.0,24.0,31.0,48.0
39.5,63.0,45.0,55.0,52.0,38.0,283.0,36.0,37.0,44.0,34.0,39.0,91.0,51.0,233.0,15.0,23.0,80.0,28.0,20.0,25.0,38.0,22.0,67.0,274.0,43.0,20.0,32.0,19.0,21.0,46.0,253.0,43.0,36.0,21.0,24.0,59.0,138.0,19.0,44.0,41.0,23.0,68.0,87.0,34.0,20.0,26.0,19.0,29.0,58.0,28.0,19.0,17.0,283.0,13.0,18.0,266.0,17.0,11.0,15.0,61.0,35.0,25.0,236.0,18.0,44.0,19.0,21.0,16.0,44.0,85.0,20.0,24.0,41.0,73.0,17.0,15.0,16.0,11.0,11.0,26.0,14.0,15.0,34.0,29.0,50.0,46.0,34.0,24.0,29.0,19.0,37.0,12.0,173.0,25.0,31.0,47.0
39.75,61.0,43.0,47.0,48.0,35.0,283.0,32.0,30.0,40.0,30.0,34.0,87.0,50.0,231.0,14.0,20.0,77.0,25.0,20.0,22.0,35.0,18.0,63.0,271.0,41.0,15.0,29.0,19.0,18.0,43.0,251.0,39.0,35.0,19.0,21.0,56.0,136.0,17.0,40.0,37.0,20.0,66.0,86.0,34.0,16.0,22.0,16.0,24.0,56.0,24.0,19.0,16.0,281.0,11.0,15.0,262.0,14.0,11.0,13.0,57.0,33.0,25.0,233.0,15.0,40.0,15.0,16.0,14.0,42.0,82.0,16.0,20.0,39.0,72.0,13.0,13.0,16.0,11.0,11.0,22.0,12.0,11.0,29.0,24.0,49.0,46.0,31.0,24.0,26.0,15.0,33.0,11.0,171.0,22.0,26.0,44.0
40.0,62.0,43.0,48.0,48.0,36.0,282.0,32.0,33.0,40.0,31.0,37.0,88.0,51.0,231.0,12.0,18.0,76.0,25.0,19.0,22.0,33.0,18.0,64.0,271.0,40.0,19.0,30.0,19.0,19.0,42.0,250.0,39.0,37.0,21.0,23.0,56.0,136.0,17.0,42.0,37.0,19.0,65.0,85.0,31.0,18.0,23.0,16.0,24.0,57.0,25.0,19.0,16.0,282.0,11.0,16.0,263.0,16.0,11.0,14.0,57.0,32.0,23.0,233.0,16.0,40.0,16.0,18.0,13.0,43.0,83.0,17.0,23.0,40.0,72.0,13.0,11.0,15.0,11.0,11.0,25.0,13.0,11.0,32.0,27.0,50.0,47.0,30.0,20.0,26.0,13.0,35.0,11.0,174.0,22.0,29.0,48.0
40.25,62.0,44.0,49.0,47.0,36.0,284.0,33.0,32.0,39.0,32.0,36.0,87.0,50.0,231.0,14.0,20.0,79.0,26.0,20.0,22.0,34.0,21.0,64.0,273.0,41.0,18.0,30.0,20.0,19.0,45.0,252.0,41.0,40.0,21.0,23.0,57.0,138.0,20.0,41.0,36.0,21.0,66.0,88.0,33.0,18.0,25.0,16.0,27.0,59.0,28.0,21.0,15.0,281.0,11.0,16.0,264.0,15.0,11.0,12.0,59.0,33.0,23.0,234.0,15.0,43.0,15.0,19.0,12.0,42.0,84.0,17.0,22.0,38.0,72.0,14.0,11.0,15.0,11.0,11.0,23.0,12.0,11.0,31.0,26.0,49.0,45.0,31.0,21.0,26.0,16.0,35.0,12.0,175.0,22.0,29.0,47.0
40.5,64.0,45.0,52.0,52.0,37.0,283.0,35.0,34.0,43.0,34.0,37.0,90.0,54.0,234.0,16.0,22.0,81.0,28.0,21.0,25.0,36.0,25.0,66.0,274.0,43.0,21.0,32.0,22.0,21.0,45.0,252.0,43.0,42.0,23.0,24.0,61.0,137.0,19.0,43.0,39.0,23.0,67.0,87.0,33.0,21.0,28.0,20.0,28.0,57.0,29.0,23.0,19.0,285.0,12.0,18.0,265.0,20.0,13.0,18.0,62.0,38.0,27.0,236.0,18.0,45.0,19.0,19.0,17.0,46.0,84.0,20.0,23.0,43.0,73.0,18.0,15.0,18.0,11.0,11.0,25.0,16.0,13.0,34.0,27.0,55.0,48.0,36.0,24.0,29.0,16.0,39.0,13.0,177.0,25.0,31.0,48.0
40.75,61.0,45.0,51.0,53.0,36.0,283.0,34.0,31.0,42.0,31.0,36.0,88.0,52.0,234.0,14.0,19.0,82.0,26.0,19.0,23.0,35.0,18.0,65.0,272.0,45.0,18.0,31.0,20.0,21.0,45.0,254.0,41.0,41.0,23.0,23.0,57.0,138.0,20.0,41.0,40.0,21.0,68.0,87.0,31.0,19.0,24.0,18.0,25.0,60.0,29.0,21.0,17.0,282.0,11.0,16.0,265.0,16.0,11.0,16.0,59.0,35.0,26.0,236.0,15.0,42.0,18.0,19.0,16.0,41.0,85.0,17.0,22.0,41.0,72.0,16.0,13.0,17.0,11.0,11.0,25.0,13.0,15.0,32.0,25.0,52.0,47.0,33.0,25.0,29.0,15.0,33.0,12.0,174.0,20.0,28.0,47.0
41.0,61.0,45.0,48.0,50.0,36.0,283.0,30.0,31.0,39.0,30.0,35.0,85.0,51.0,234.0,12.0,19.0,79.0,26.0,18.0,21.0,33.0,18.0,64.0,272.0,41.0,18.0,30.0,18.0,19.0,46.0,251.0,39.0,43.0,20.0,23.0,58.0,136.0,18.0,43.0,36.0,19.0,65.0,86.0,31.0,18.0,23.0,16.0,25.0,56.0,27.0,20.0,16.0,282.0,11.0,15.0,263.0,17.0,11.0,13.0,58.0,35.0,25.0,236.0,15.0,43.0,16.0,20.0,12.0,41.0,82.0,15.0,20.0,41.0,72.0,15.0,11.0,13.0,11.0,11.0,23.0,12.0,12.0,31.0,23.0,52.0,47.0,33.0,23.0,27.0,15.0,35.0,11.0,176.0,21.0,28.0,47.0
41.25,58.0,41.0,48.0,47.0,32.0,281.0,28.0,30.0,39.0,32.0,35.0,88.0,48.0,230.0,12.0,18.0,74.0,24.0,16.0,22.0,34.0,17.0,63.0,274.0,38.0,17.0,27.0,20.0,18.0,41.0,248.0,40.0,45.0,21.0,19.0,57.0,135.0,14.0,38.0,33.0,19.0,59.0,82.0,30.0,18.0,22.0,16.0,26.0,57.0,25.0,17.0,14.0,283.0,11.0,14.0,263.0,17.0,11.0,14.0,57.0,33.0,24.0,233.0,13.0,43.0,15.0,18.0,13.0,39.0,83.0,15.0,23.0,38.0,73.0,12.0,13.0,15.0,11.0,11.0,24.0,11.0,11.0,31.0,23.0,46.0,44.0,30.0,19.0,24.0,12.0,35.0,11.0,176.0,24.0,30.0,47.0
41.5,62.0,44.0,50.0,50.0,36.0,283.0,32.0,32.0,42.0,33.0,38.0,90.0,48.0,232.0,13.0,20.0,81.0,28.0,17.0,22.0,34.0,20.0,64.0,273.0,41.0,17.0,30.0,18.0,19.0,44.0,254.0,40.0,49.0,21.0,21.0,58.0,136.0,17.0,41.0,40.0,20.0,66.0,87.0,33.0,17.0,22.0,17.0,26.0,57.0,25.0,20.0,17.0,284.0,11.0,15.0,265.0,16.0,11.0,15.0,60.0,33.0,24.0,235.0,17.0,43.0,17.0,17.0,15.0,41.0,83.0,17.0,21.0,40.0,71.0,14.0,11.0,14.0,11.0,11.0,22.0,13.0,14.0,33.0,26.0,51.0,48.0,33.0,23.0,27.0,15.0,35.0,11.0,176.0,21.0,32.0,47.0
41.75,63.0,45.0,52.0,50.0,35.0,286.0,32.0,34.0,41.0,35.0,38.0,88.0,50.0,234.0,16.0,23.0,84.0,26.0,22.0,23.0,37.0,22.0,66.0,272.0,44.0,19.0,31.0,21.0,20.0,45.0,254.0,42.0,49.0,22.0,24.0,59.0,137.0,19.0,43.0,40.0,21.0,69.0,87.0,32.0,20.0,24.0,17.0,28.0,58.0,28.0,20.0,17.0,282.0,12.0,16.0,267.0,17.0,11.0,14.0,59.0,33.0,23.0,238.0,17.0,41.0,18.0,20.0,15.0,43.0,83.0,19.0,23.0,41.0,74.0,15.0,12.0,17.0,11.0,11.0,22.0,15.0,14.0,33.0,27.0,50.0,46.0,32.0,22.0,26.0,15.0,35.0,11.0,176.0,21.0,33.0,46.0
42.0,63.0,46.0,49.0,50.0,35.0,287.0,34.0,33.0,41.0,32.0,36.0,87.0,51.0,236.0,16.0,21.0,83.0,26.0,19.0,24.0,36.0,22.0,64.0,273.0,43.0,18.0,30.0,21.0,19.0,44.0,254.0,41.0,51.0,20.0,22.0,58.0,138.0,18.0,42.0,40.0,21.0,69.0,87.0,36.0,18.0,24.0,17.0,27.0,58.0,26.0,21.0,16.0,284.0,11.0,17.0,265.0,16.0,11.0,14.0,58.0,35.0,26.0,238.0,17.0,42.0,20.0,19.0,13.0,41.0,84.0,18.0,23.0,41.0,71.0,16.0,13.0,18.0,11.0,11.0,25.0,14.0,13.0,32.0,25.0,50.0,47.0,31.0,23.0,27.0,18.0,34.0,12.0,176.0,20.0,29.0,44.0
42.25,62.0,42.0,50.0,48.0,37.0,285.0,33.0,32.0,38.0,32.0,35.0,89.0,51.0,235.0,14.0,20.0,79.0,26.0,21.0,24.0,36.0,20.0,64.0,275.0,42.0,20.0,32.0,21.0,20.0,44.0,253.0,42.0,51.0,22.0,21.0,58.0,138.0,17.0,41.0,39.0,21.0,65.0,85.0,34.0,19.0,27.0,18.0,29.0,58.0,28.0,20.0,16.0,286.0,11.0,15.0,266.0,20.0,11.0,15.0,59.0,34.0,25.0,236.0,18.0,44.0,20.0,19.0,14.0,43.0,84.0,17.0,24.0,42.0,74.0,16.0,15.0,18.0,11.0,11.0,28.0,14.0,13.0,32.0,27.0,50.0,48.0,34.0,23.0,26.0,17.0,37.0,12.0,181.0,24.0,29.0,48.0
42.5,64.0,47.0,52.0,52.0,38.0,286.0,36.0,37.0,42.0,34.0,37.0,91.0,53.0,237.0,14.0,22.0,85.0,28.0,22.0,26.0,37.0,23.0,67.0,274.0,44.0,21.0,32.0,23.0,23.0,46.0,254.0,42.0,55.0,24.0,25.0,62.0,138.0,18.0,43.0,39.0,23.0,67.0,89.0,34.0,18.0,27.0,20.0,28.0,60.0,30.0,21.0,18.0,285.0,13.0,18.0,268.0,18.0,12.0,15.0,60.0,36.0,26.0,238.0,19.0,44.0,19.0,20.0,17.0,44.0,86.0,20.0,24.0,41.0,74.0,17.0,14.0,17.0,12.0,11.0,27.0,15.0,14.0,33.0,27.0,53.0,48.0,34.0,25.0,30.0,17.0,38.0,13.0,181.0,22.0,33.0,48.0
42.75,56.0,36.0,43.0,43.0,27.0,279.0,25.0,25.0,35.0,24.0,30.0,83.0,44.0,231.0,11.0,16.0,68.0,22.0,12.0,17.0,29.0,16.0,60.0,270.0,32.0,14.0,26.0,15.0,15.0,39.0,245.0,36.0,51.0,17.0,16.0,53.0,132.0,14.0,34.0,27.0,15.0,56.0,78.0,25.0,17.0,18.0,13.0,21.0,54.0,22.0,15.0,12.0,282.0,11.0,13.0,261.0,15.0,11.0,11.0,57.0,31.0,22.0,229.0,12.0,41.0,13.0,17.0,11.0,39.0,84.0,15.0,20.0,36.0,69.0,11.0,11.0,13.0,11.0,11.0,21.0,11.0,11.0,28.0,22.0,44.0,39.0,26.0,16.0,19.0,11.0,34.0,11.0,179.0,20.0,29.0,45.0
43.0,61.0,44.0,51.0,45.0,34.0,285.0,30.0,29.0,40.0,31.0,31.0,88.0,50.0,234.0,13.0,17.0,79.0,26.0,19.0,22.0,34.0,20.0,61.0,273.0,40.0,16.0,31.0,18.0,18.0,42.0,252.0,41.0,55.0,22.0,22.0,57.0,137.0,18.0,41.0,37.0,19.0,63.0,83.0,31.0,19.0,23.0,17.0,26.0,57.0,28.0,19.0,18.0,285.0,11.0,16.0,263.0,15.0,11.0,14.0,57.0,34.0,25.0,236.0,18.0,41.0,18.0,19.0,12.0,42.0,86.0,16.0,23.0,40.0,72.0,16.0,12.0,16.0,11.0,11.0,23.0,13.0,11.0,31.0,24.0,50.0,49.0,34.0,24.0,27.0,16.0,35.0,11.0,182.0,23.0,28.0,45.0
43.25,63.0,44.0,50.0,51.0,35.0,285.0,32.0,31.0,39.0,31.0,34.0,87.0,51.0,235.0,13.0,19.0,86.0,24.0,21.0,25.0,34.0,20.0,64.0,272.0,42.0,20.0,31.0,19.0,19.0,45.0,254.0,42.0,58.0,21.0,20.0,58.0,136.0,20.0,41.0,38.0,19.0,65.0,87.0,33.0,18.0,24.0,18.0,27.0,60.0,28.0,20.0,17.0,284.0,11.0,17.0,266.0,15.0,11.0,14.0,57.0,34.0,26.0,239.0,15.0,45.0,17.0,19.0,14.0,40.0,83.0,17.0,22.0,39.0,70.0,15.0,12.0,16.0,11.0,11.0,24.0,13.0,13.0,32.0,26.0,50.0,47.0,33.0,23.0,29.0,15.0,35.0,11.0,180.0,23.0,29.0,46.0
43.5,59.0,41.0,48.0,48.0,33.0,284.0,29.0,28.0,36.0,30.0,34.0,87.0,49.0,234.0,11.0,19.0,82.0,24.0,15.0,22.0,32.0,16.0,61.0,270.0,39.0,17.0,29.0,18.0,19.0,43.0,251.0,36.0,58.0,19.0,20.0,54.0,135.0,14.0,40.0,35.0,18.0,62.0,83.0,29.0,18.0,21.0,14.0,23.0,58.0,26.0,20.0,13.0,283.0,11.0,13.0,264.0,15.0,11.0,12.0,57.0,33.0,22.0,238.0,16.0,40.0,14.0,16.0,11.0,41.0,81.0,15.0,21.0,40.0,71.0,13.0,11.0,14.0,11.0,11.0,21.0,11.0,11.0,30.0,23.0,49.0,45.0,30.0,22.0,24.0,13.0,35.0,11.0,179.0,20.0,28.0,45.0
43.75,64.0,48.0,53.0,51.0,36.0,286.0,32.0,35.0,41.0,34.0,35.0,91.0,51.0,237.0,15.0,24.0,90.0,28.0,18.0,24.0,37.0,21.0,65.0,274.0,44.0,22.0,32.0,23.0,21.0,46.0,256.0,41.0,66.0,23.0,24.0,59.0,139.0,20.0,43.0,40.0,21.0,69.0,90.0,35.0,19.0,25.0,19.0,27.0,62.0,29.0,22.0,17.0,285.0,13.0,18.0,267.0,19.0,11.0,15.0,60.0,36.0,27.0,242.0,18.0,44.0,21.0,19.0,17.0,41.0,85.0,18.0,23.0,43.0,73.0,18.0,13.0,17.0,11.0,11.0,26.0,14.0,13.0,32.0,27.0,55.0,49.0,36.0,24.0,28.0,17.0,36.0,11.0,182.0,24.0,31.0,47.0
44.0,64.0,46.0,53.0,50.0,36.0,287.0,34.0,34.0,43.0,33.0,38.0,89.0,51.0,236.0,15.0,21.0,94.0,28.0,22.0,24.0,39.0,21.0,66.0,274.0,45.0,19.0,30.0,21.0,23.0,46.0,256.0,43.0,65.0,21.0,23.0,59.0,137.0,18.0,44.0,40.0,23.0,68.0,88.0,34.0,20.0,25.0,19.0,27.0,61.0,29.0,20.0,17.0,287.0,13.0,17.0,267.0,16.0,12.0,15.0,60.0,34.0,26.0,241.0,16.0,44.0,18.0,19.0,16.0,43.0,85.0,19.0,23.0,41.0,74.0,16.0,13.0,16.0,11.0,11.0,24.0,13.0,12.0,31.0,27.0,51.0,51.0,34.0,23.0,28.0,17.0,37.0,12.0,182.0,22.0,30.0,46.0
44.25,62.0,43.0,51.0,50.0,37.0,287.0,31.0,32.0,38.0,32.0,34.0,87.0,50.0,236.0,13.0,18.0,92.0,26.0,19.0,22.0,36.0,17.0,64.0,272.0,42.0,18.0,30.0,18.0,19.0,44.0,256.0,42.0,65.0,21.0,22.0,56.0,137.0,17.0,42.0,39.0,19.0,68.0,87.0,32.0,19.0,21.0,18.0,26.0,59.0,25.0,19.0,16.0,285.0,11.0,17.0,267.0,16.0,11.0,12.0,57.0,34.0,21.0,240.0,14.0,42.0,17.0,18.0,13.0,40.0,83.0,18.0,21.0,41.0,71.0,14.0,11.0,14.0,11.0,11.0,24.0,13.0,12.0,32.0,25.0,49.0,46.0,32.0,23.0,28.0,16.0,35.0,11.0,180.0,22.0,30.0,45.0
44.5,64.0,43.0,50.0,48.0,32.0,286.0,32.0,32.0,40.0,32.0,34.0,86.0,50.0,235.0,12.0,20.0,89.0,27.0,19.0,23.0,35.0,22.0,66.0,273.0,42.0,16.0,30.0,19.0,19.0,44.0,253.0,43.0,68.0,23.0,22.0,58.0,134.0,18.0,40.0,37.0,20.0,63.0,86.0,32.0,19.0,26.0,19.0,27.0,59.0,28.0,21.0,16.0,285.0,11.0,16.0,266.0,18.0,12.0,15.0,57.0,35.0,25.0,238.0,17.0,46.0,17.0,20.0,14.0,43.0,85.0,18.0,23.0,39.0,76.0,16.0,12.0,16.0,11.0,11.0,24.0,11.0,14.0,31.0,27.0,51.0,44.0,33.0,21.0,27.0,16.0,36.0,14.0,185.0,23.0,33.0,47.0
44.75,60.0,41.0,47.0,47.0,33.0,285.0,27.0,30.0,37.0,27.0,32.0,86.0,47.0,234.0,11.0,19.0,89.0,25.0,18.0,22.0,35.0,17.0,61.0,270.0,37.0,17.0,29.0,19.0,20.0,43.0,249.0,37.0,67.0,20.0,20.0,56.0,134.0,16.0,39.0,34.0,19.0,62.0,84.0,30.0,16.0,22.0,16.0,25.0,56.0,25.0,18.0,16.0,283.0,11.0,13.0,265.0,15.0,11.0,13.0,56.0,32.0,22.0,239.0,14.0,40.0,15.0,17.0,12.0,40.0,82.0,17.0,21.0,38.0,71.0,13.0,11.0,13.0,11.0,11.0,22.0,11.0,11.0,32.0,23.0,46.0,43.0,28.0,20.0,24.0,13.0,33.0,11.0,180.0,22.0,30.0,45.0
45.0,62.0,44.0,49.0,50.0,37.0,287.0,31.0,32.0,39.0,32.0,36.0,86.0,52.0,238.0,14.0,21.0,95.0,28.0,22.0,24.0,35.0,21.0,65.0,274.0,43.0,21.0,31.0,20.0,20.0,44.0,255.0,41.0,71.0,22.0,23.0,59.0,137.0,20.0,43.0,39.0,22.0,65.0,87.0,34.0,19.0,25.0,19.0,29.0,61.0,30.0,19.0,18.0,286.0,12.0,17.0,266.0,19.0,11.0,17.0,60.0,36.0,26.0,239.0,16.0,42.0,19.0,20.0,13.0,42.0,84.0,20.0,23.0,41.0,72.0,17.0,13.0,16.0,11.0,11.0,25.0,14.0,13.0,33.0,27.0,51.0,47.0,33.0,24.0,28.0,16.0,36.0,13.0,185.0,21.0,29.0,47.0
45.25,60.0,39.0,49.0,47.0,33.0,286.0,29.0,31.0,40.0,29.0,35.0,87.0,48.0,233.0,12.0,18.0,95.0,23.0,16.0,24.0,36.0,18.0,62.0,271.0,41.0,15.0,31.0,17.0,19.0,43.0,251.0,40.0,73.0,20.0,20.0,56.0,134.0,16.0,40.0,36.0,19.0,63.0,82.0,31.0,18.0,23.0,16.0,25.0,58.0,24.0,19.0,14.0,284.0,11.0,16.0,266.0,16.0,11.0,11.0,59.0,33.0,22.0,239.0,14.0,43.0,17.0,16.0,12.0,39.0,84.0,16.0,22.0,40.0,69.0,14.0,11.0,15.0,11.0,11.0,23.0,11.0,11.0,30.0,25.0,48.0,43.0,31.0,21.0,24.0,12.0,35.0,11.0,182.0,21.0,29.0,46.0
45.5,61.0,40.0,47.0,46.0,33.0,287.0,30.0,30.0,38.0,30.0,34.0,86.0,50.0,235.0,11.0,19.0,96.0,24.0,18.0,21.0,34.0,18.0,62.0,271.0,40.0,18.0,29.0,19.0,19.0,43.0,254.0,41.0,74.0,22.0,20.0,55.0,134.0,16.0,41.0,35.0,17.0,63.0,83.0,29.0,18.0,22.0,16.0,25.0,60.0,27.0,19.0,15.0,285.0,11.0,15.0,267.0,16.0,11.0,14.0,59.0,33.0,25.0,238.0,15.0,43.0,16.0,18.0,14.0,40.0,81.0,16.0,20.0,38.0,72.0,12.0,12.0,16.0,11.0,11.0,24.0,12.0,11.0,30.0,28.0,48.0,44.0,30.0,22.0,27.0,17.0,35.0,11.0,186.0,20.0,30.0,46.0
45.75,65.0,45.0,53.0,49.0,37.0,288.0,34.0,34.0,42.0,32.0,35.0,88.0,53.0,238.0,14.0,21.0,103.0,26.0,21.0,24.0,38.0,22.0,62.0,274.0,44.0,21.0,32.0,21.0,20.0,45.0,255.0,42.0,80.0,23.0,23.0,57.0,138.0,22.0,44.0,40.0,22.0,66.0,87.0,32.0,20.0,25.0,17.0,27.0,62.0,30.0,23.0,19.0,287.0,13.0,18.0,267.0,18.0,12.0,16.0,62.0,38.0,27.0,241.0,17.0,45.0,18.0,20.0,15.0,45.0,86.0,18.0,24.0,44.0,75.0,18.0,13.0,19.0,11.0,11.0,24.0,12.0,14.0,33.0,27.0,51.0,48.0,36.0,25.0,30.0,16.0,36.0,12.0,188.0,24.0,31.0,48.0
46.0,58.0,41.0,45.0,47.0,33.0,286.0,30.0,31.0,37.0,31.0,32.0,84.0,47.0,236.0,12.0,20.0,101.0,26.0,17.0,22.0,34.0,15.0,61.0,271.0,41.0,17.0,29.0,16.0,18.0,42.0,254.0,41.0,79.0,19.0,21.0,56.0,135.0,15.0,41.0,35.0,19.0,63.0,83.0,30.0,16.0,22.0,16.0,25.0,59.0,27.0,18.0,16.0,285.0,11.0,15.0,266.0,12.0,11.0,13.0,57.0,33.0,25.0,240.0,16.0,41.0,17.0,17.0,12.0,40.0,83.0,16.0,20.0,39.0,72.0,14.0,12.0,14.0,11.0,11.0,23.0,11.0,11.0,31.0,24.0,49.0,46.0,33.0,22.0,25.0,13.0,33.0,11.0,185.0,19.0,28.0,44.0
46.25,63.0,40.0,49.0,47.0,35.0,288.0,31.0,32.0,39.0,34.0,35.0,87.0,52.0,237.0,13.0,19.0,104.0,26.0,19.0,24.0,36.0,20.0,62.0,275.0,39.0,19.0,32.0,19.0,20.0,43.0,253.0,41.0,81.0,22.0,20.0,56.0,136.0,17.0,43.0,37.0,21.0,63.0,85.0,32.0,19.0,24.0,17.0,28.0,60.0,28.0,20.0,17.0,288.0,11.0,17.0,268.0,18.0,12.0,14.0,58.0,36.0,26.0,241.0,19.0,45.0,18.0,20.0,14.0,43.0,84.0,17.0,23.0,40.0,72.0,15.0,14.0,16.0,11.0,11.0,24.0,14.0,12.0,32.0,25.0,52.0,45.0,32.0,24.0,27.0,14.0,38.0,12.0,188.0,22.0,31.0,47.0
46.5,64.0,44.0,52.0,52.0,37.0,288.0,33.0,34.0,41.0,34.0,37.0,88.0,52.0,238.0,14.0,23.0,112.0,28.0,23.0,25.0,39.0,22.0,65.0,274.0,44.0,20.0,31.0,23.0,22.0,45.0,257.0,43.0,86.0,23.0,23.0,58.0,138.0,20.0,43.0,40.0,23.0,68.0,90.0,32.0,21.0,25.0,20.0,29.0,61.0,30.0,22.0,17.0,286.0,15.0,18.0,268.0,16.0,11.0,15.0,59.0,34.0,27.0,243.0,19.0,46.0,19.0,21.0,15.0,42.0,85.0,21.0,25.0,42.0,73.0,15.0,14.0,15.0,11.0,11.0,23.0,14.0,13.0,34.0,28.0,50.0,48.0,36.0,24.0,27.0,18.0,35.0,13.0,188.0,24.0,33.0,47.0
46.75,61.0,41.0,47.0,45.0,31.0,287.0,30.0,30.0,37.0,31.0,32.0,83.0,47.0,238.0,12.0,18.0,108.0,22.0,20.0,20.0,34.0,16.0,61.0,271.0,39.0,16.0,30.0,17.0,17.0,42.0,254.0,40.0,85.0,19.0,19.0,53.0,135.0,17.0,40.0,35.0,18.0,62.0,83.0,29.0,16.0,23.0,14.0,24.0,59.0,26.0,19.0,14.0,284.0,11.0,14.0,265.0,14.0,11.0,11.0,56.0,32.0,23.0,240.0,15.0,41.0,16.0,15.0,12.0,39.0,82.0,13.0,20.0,39.0,71.0,14.0,11.0,15.0,11.0,11.0,21.0,11.0,11.0,30.0,21.0,49.0,43.0,31.0,21.0,26.0,13.0,34.0,11.0,186.0,18.0,28.0,42.0
47.0,61.0,45.0,51.0,50.0,37.0,288.0,33.0,34.0,39.0,30.0,35.0,85.0,51.0,238.0,12.0,21.0,117.0,26.0,20.0,25.0,38.0,19.0,64.0,273.0,41.0,19.0,29.0,18.0,22.0,44.0,257.0,41.0,92.0,22.0,23.0,56.0,138.0,19.0,41.0,38.0,21.0,65.0,86.0,31.0,18.0,24.0,18.0,25.0,60.0,27.0,19.0,16.0,284.0,11.0,16.0,269.0,16.0,11.0,13.0,57.0,35.0,25.0,242.0,15.0,43.0,17.0,17.0,14.0,40.0,83.0,17.0,21.0,39.0,74.0,15.0,11.0,14.0,11.0,11.0,25.0,13.0,13.0,32.0,25.0,49.0,45.0,31.0,21.0,27.0,15.0,36.0,11.0,185.0,20.0,33.0,47.0
47.25,62.0,44.0,51.0,49.0,36.0,289.0,31.0,33.0,40.0,33.0,37.0,88.0,51.0,238.0,13.0,23.0,119.0,27.0,22.0,23.0,37.0,22.0,66.0,273.0,41.0,19.0,31.0,20.0,21.0,44.0,257.0,42.0,96.0,22.0,23.0,58.0,137.0,19.0,43.0,38.0,23.0,67.0,86.0,32.0,18.0,25.0,19.0,27.0,61.0,27.0,20.0,17.0,287.0,13.0,19.0,269.0,18.0,11.0,15.0,61.0,35.0,26.0,243.0,18.0,43.0,20.0,19.0,14.0,41.0,83.0,18.0,22.0,40.0,75.0,15.0,15.0,17.0,11.0,11.0,24.0,13.0,14.0,32.0,28.0,50.0,48.0,34.0,22.0,27.0,16.0,37.0,13.0,189.0,23.0,32.0,46.0
47.5,62.0,43.0,52.0,51.0,36.0,291.0,33.0,33.0,40.0,32.0,36.0,89.0,51.0,241.0,15.0,21.0,121.0,27.0,20.0,25.0,40.0,21.0,66.0,273.0,44.0,21.0,31.0,20.0,22.0,45.0,258.0,41.0,100.0,22.0,22.0,59.0,139.0,20.0,44.0,40.0,21.0,67.0,88.0,33.0,20.0,26.0,20.0,27.0,63.0,28.0,20.0,20.0,288.0,13.0,18.0,269.0,18.0,11.0,16.0,60.0,36.0,27.0,243.0,17.0,44.0,19.0,18.0,15.0,43.0,86.0,20.0,21.0,40.0,75.0,15.0,15.0,16.0,11.0,11.0,26.0,13.0,13.0,33.0,27.0,52.0,47.0,34.0,25.0,32.0,18.0,36.0,12.0,189.0,21.0,34.0,46.0
47.75,61.0,42.0,49.0,48.0,34.0,289.0,29.0,34.0,41.0,33.0,36.0,89.0,49.0,239.0,14.0,21.0,121.0,25.0,20.0,25.0,36.0,20.0,65.0,273.0,40.0,18.0,31.0,20.0,20.0,43.0,255.0,42.0,101.0,22.0,22.0,59.0,134.0,17.0,41.0,37.0,20.0,65.0,85.0,34.0,18.0,25.0,17.0,29.0,61.0,28.0,20.0,19.0,286.0,11.0,16.0,269.0,18.0,11.0,15.0,60.0,34.0,25.0,243.0,15.0,44.0,17.0,18.0,13.0,45.0,84.0,18.0,23.0,39.0,72.0,15.0,12.0,18.0,11.0,11.0,22.0,12.0,11.0,31.0,26.0,47.0,43.0,30.0,21.0,26.0,14.0,34.0,12.0,190.0,24.0,34.0,47.0
