Data File    , C:\Program Files\Biolog\OL_DC_23\PMX\Data_2013\09\PMX_443_130917_C_28.OKA,,,,,,,,,,,,,,,,,,,,,,,,,,,,,,,,,,,,,,,,,,,,,,,,,,,,,,,,,,,,,,,,,,,,,,,,,,,,,,,,,,,,,,,,,,,,,,,
Set up Time  ,Sep 17 2013 3:38 PM,,,,,,,,,,,,,,,,,,,,,,,,,,,,,,,,,,,,,,,,,,,,,,,,,,,,,,,,,,,,,,,,,,,,,,,,,,,,,,,,,,,,,,,,,,,,,,,
Position     ,15-B,,,,,,,,,,,,,,,,,,,,,,,,,,,,,,,,,,,,,,,,,,,,,,,,,,,,,,,,,,,,,,,,,,,,,,,,,,,,,,,,,,,,,,,,,,,,,,,
Plate Type   ,PM 2-A,,,,,,,,,,,,,,,,,,,,,,,,,,,,,,,,,,,,,,,,,,,,,,,,,,,,,,,,,,,,,,,,,,,,,,,,,,,,,,,,,,,,,,,,,,,,,,,
Strain Type  ,---,,,,,,,,,,,,,,,,,,,,,,,,,,,,,,,,,,,,,,,,,,,,,,,,,,,,,,,,,,,,,,,,,,,,,,,,,,,,,,,,,,,,,,,,,,,,,,,
Sample Number,,,,,,,,,,,,,,,,,,,,,,,,,,,,,,,,,,,,,,,,,,,,,,,,,,,,,,,,,,,,,,,,,,,,,,,,,,,,,,,,,,,,,,,,,,,,,,,,
Strain Name  ,,,,,,,,,,,,,,,,,,,,,,,,,,,,,,,,,,,,,,,,,,,,,,,,,,,,,,,,,,,,,,,,,,,,,,,,,,,,,,,,,,,,,,,,,,,,,,,,
Strain Number,ECI-1909 (3),,,,,,,,,,,,,,,,,,,,,,,,,,,,,,,,,,,,,,,,,,,,,,,,,,,,,,,,,,,,,,,,,,,,,,,,,,,,,,,,,,,,,,,,,,,,,,,
Other        ,PM2a,,,,,,,,,,,,,,,,,,,,,,,,,,,,,,,,,,,,,,,,,,,,,,,,,,,,,,,,,,,,,,,,,,,,,,,,,,,,,,,,,,,,,,,,,,,,,,,
,,,,,,,,,,,,,,,,,,,,,,,,,,,,,,,,,,,,,,,,,,,,,,,,,,,,,,,,,,,,,,,,,,,,,,,,,,,,,,,,,,,,,,,,,,,,,,,,
Hour,  A01,  A02,  A03,  A04,  A05,  A06,  A07,  A08,  A09,  A10,  A11,  A12,  B01,  B02,  B03,  B04,  B05,  B06,  B07,  B08,  B09,  B10,  B11,  B12,  C01,  C02,  C03,  C04,  C05,  C06,  C07,  C08,  C09,  C10,  C11,  C12,  D01,  D02,  D03,  D04,  D05,  D06,  D07,  D08,  D09,  D10,  D11,  D12,  E01,  E02,  E03,  E04,  E05,  E06,  E07,  E08,  E09,  E10,  E11,  E12,  F01,  F02,  F03,  F04,  F05,  F06,  F07,  F08,  F09,  F10,  F11,  F12,  G01,  G02,  G03,  G04,  G05,  G06,  G07,  G08,  G09,  G10,  G11,  G12,  H01,  H02,  H03,  H04,  H05,  H06,  H07,  H08,  H09,  H10,  H11,  H12
0,0,0,0,0,0,0,0,0,0,0,0,6,0,0,0,0,0,0,0,0,0,0,0,0,0,0,0,0,0,0,0,0,0,0,0,0,0,0,0,0,0,0,0,0,0,0,0,0,2,0,0,0,0,0,0,0,0,0,0,0,0,0,0,0,0,0,0,0,0,0,0,0,0,0,0,0,0,0,0,0,0,0,0,0,0,0,0,0,0,0,0,0,29,0,0,0
0.25,0,0,0,0,0,0,0,0,0,0,0,6,0,0,0,0,0,0,0,0,0,0,0,0,0,0,0,0,0,0,0,0,0,0,0,0,0,0,0,0,0,0,0,0,0,0,0,0,2,0,0,0,0,0,0,0,0,0,0,0,0,0,0,0,0,0,0,0,0,0,0,0,0,0,0,0,0,0,0,0,0,0,0,0,0,0,0,0,0,0,0,0,29,0,0,0
0.5,0,0,0,0,0,0,0,0,0,0,0,9,0,0,0,0,0,0,0,0,0,0,0,0,0,0,0,0,0,0,0,0,0,0,0,0,0,0,0,0,0,0,0,0,0,0,0,0,2,0,0,0,0,0,0,0,0,0,0,0,0,0,0,0,0,0,0,0,0,0,0,0,0,0,0,0,0,0,0,0,0,0,0,0,0,0,0,0,0,0,0,0,29,0,0,0
0.75,0,0,0,0,0,0,0,0,0,0,0,8,0,0,0,0,0,0,0,0,0,0,0,0,0,0,0,0,0,0,0,0,0,0,0,0,0,0,0,0,0,0,0,0,0,0,0,0,4,0,0,0,0,0,0,0,0,0,0,0,0,0,0,0,0,0,0,0,0,0,0,0,0,0,0,0,0,0,0,0,0,0,0,0,0,0,0,0,0,0,0,0,28,0,0,0
1,0,0,0,0,0,0,0,0,0,0,0,8,0,0,0,0,0,0,0,0,0,0,0,0,0,0,0,0,0,0,0,0,0,0,0,0,0,0,0,0,0,0,0,0,0,0,0,0,7,0,0,0,0,0,0,0,0,0,0,0,0,0,0,0,0,0,0,0,0,0,0,0,0,0,0,0,0,0,0,0,0,0,0,0,0,0,0,0,0,0,0,0,28,0,0,0
1.25,0,0,0,0,0,0,0,0,0,0,0,12,0,0,0,0,0,0,0,0,0,0,0,0,0,0,0,0,0,0,0,0,0,0,0,0,0,0,0,0,0,0,0,0,0,0,0,0,7,0,0,0,0,0,0,0,0,0,0,0,0,0,0,0,0,0,0,0,0,0,0,0,0,0,0,0,0,0,0,0,0,0,0,0,0,0,0,0,0,0,0,0,28,0,0,0
1.5,0,0,0,0,0,0,0,0,0,0,0,12,0,0,0,0,0,0,0,0,0,0,0,0,0,0,0,0,0,0,0,0,0,0,0,0,0,0,0,0,0,0,0,0,0,0,0,0,7,0,0,0,0,0,0,0,0,0,0,0,0,0,0,0,0,0,0,0,0,0,0,0,0,0,0,0,0,0,0,0,0,0,0,0,0,0,0,0,0,0,0,0,28,0,0,0
1.75,0,0,0,0,0,0,0,0,0,0,0,12,0,0,0,0,0,0,0,0,0,0,0,0,0,0,0,0,0,0,0,0,0,0,0,0,0,0,0,0,0,0,0,0,0,0,0,0,7,0,0,0,0,0,0,0,0,0,0,0,0,0,0,0,0,0,0,0,0,0,0,0,0,0,0,0,0,0,0,0,0,0,0,0,0,0,0,0,0,0,0,0,28,0,0,0
2,0,0,0,0,0,0,0,0,0,0,0,10,0,0,0,0,0,0,0,0,0,0,0,0,0,0,0,0,0,0,0,0,0,0,0,0,0,0,0,0,0,0,0,0,0,0,0,0,5,0,0,0,0,0,0,0,0,0,0,0,0,0,0,0,0,0,0,0,0,0,0,0,0,0,0,0,0,0,0,0,0,0,0,0,0,0,0,0,0,0,0,0,26,0,0,0
2.25,0,0,0,0,0,0,0,0,0,0,0,16,0,0,0,0,0,0,0,0,0,0,0,0,0,0,0,0,0,0,0,0,0,0,0,0,0,0,0,0,0,0,0,0,0,0,0,0,5,0,0,0,0,0,0,0,0,0,0,0,0,0,0,0,0,0,0,0,0,0,0,0,0,0,0,0,0,0,0,0,0,0,0,0,0,0,0,0,0,0,0,0,26,0,0,0
2.5,0,0,0,0,0,0,0,0,0,0,0,14,0,0,0,0,0,0,0,0,0,0,0,0,0,0,0,0,0,0,0,0,0,0,0,0,0,0,0,0,0,0,0,0,0,0,0,0,3,0,0,0,0,0,0,0,0,0,0,0,0,0,0,0,0,0,0,0,0,0,0,0,0,0,0,0,0,0,0,0,0,0,0,0,0,0,0,0,0,0,0,0,24,0,0,0
2.75,0,0,0,0,0,0,0,0,0,0,0,14,0,0,0,0,0,0,0,0,0,0,0,0,0,0,0,0,0,0,0,0,0,0,0,0,0,0,0,0,0,0,0,0,0,0,0,0,3,0,0,0,0,0,0,0,0,0,0,0,0,0,0,0,0,0,0,0,0,0,0,0,0,0,0,0,0,0,0,0,0,0,0,0,0,0,0,0,0,0,0,0,24,0,0,0
3,0,0,0,0,0,0,0,0,0,0,0,17,0,0,0,0,0,0,0,0,0,0,0,0,0,0,0,0,0,0,0,0,0,0,0,0,0,0,0,0,0,0,0,0,0,0,0,0,1,0,0,0,0,0,0,0,0,0,0,0,0,0,0,0,0,0,0,0,0,0,0,0,0,0,0,0,0,0,0,0,0,0,0,0,0,0,0,0,0,0,0,0,22,0,0,0
3.25,0,0,0,0,0,5,0,0,0,0,0,18,0,0,0,0,0,0,0,0,0,0,0,0,0,0,0,0,0,0,0,0,0,0,0,0,0,0,0,0,0,0,0,0,0,0,0,0,0,0,0,0,0,0,0,0,0,0,0,0,0,0,0,0,0,0,0,0,0,0,0,0,0,0,0,0,0,0,0,0,0,0,0,0,0,0,0,0,0,0,0,0,21,0,0,0
3.5,0,0,0,0,0,8,0,0,0,0,0,22,0,0,0,0,0,0,0,0,0,0,0,0,0,0,0,0,0,0,0,0,0,0,0,0,0,0,0,0,0,0,0,0,0,0,0,0,0,0,0,0,0,0,0,0,0,0,0,0,0,0,0,0,0,0,0,0,0,0,0,0,0,0,0,0,0,0,0,0,0,0,0,0,0,0,0,0,0,0,0,0,18,0,0,0
3.75,0,0,0,0,0,12,0,0,0,0,0,22,0,0,0,0,0,0,0,0,0,0,0,0,0,0,0,0,0,0,0,0,0,0,0,0,0,0,0,0,0,0,0,0,0,0,0,0,0,0,0,0,0,0,0,0,0,0,0,0,0,0,0,0,0,0,0,0,0,0,0,0,0,0,0,0,0,0,0,0,0,0,0,0,0,0,0,0,0,0,0,0,18,0,0,0
4,0,0,0,0,0,18,0,0,0,0,1,23,0,2,0,0,0,0,0,0,0,0,0,0,0,0,0,0,0,0,0,0,0,0,0,0,0,0,0,0,0,0,0,0,0,0,0,0,0,0,0,0,0,0,0,0,0,0,0,0,0,0,0,0,0,0,0,0,0,0,0,0,0,0,0,0,0,0,0,0,0,0,0,0,0,0,0,0,0,0,0,0,18,0,0,0
4.25,0,0,0,0,0,23,0,0,0,0,0,19,0,6,0,0,0,0,0,0,0,0,0,0,0,0,0,0,0,0,0,0,0,0,0,0,3,0,0,0,0,0,0,0,0,0,0,0,0,0,0,0,0,0,0,0,0,0,0,0,0,0,0,0,0,0,0,0,0,0,0,0,0,0,0,0,0,0,0,0,0,0,0,0,0,0,0,0,0,0,0,0,13,0,0,0
4.5,0,0,0,0,0,30,0,0,0,0,0,19,0,10,0,0,1,0,0,0,0,0,0,0,0,0,0,0,0,0,0,0,0,0,0,0,4,0,0,0,0,0,0,0,0,0,0,0,0,0,0,0,0,0,0,0,0,0,0,0,1,0,0,0,0,0,0,0,0,0,0,0,0,0,0,0,0,0,0,0,0,0,0,0,0,0,0,0,0,0,0,0,13,0,0,1
4.75,0,0,0,0,0,36,0,0,0,0,0,21,0,12,0,0,2,0,0,0,0,0,1,0,0,0,0,0,0,0,0,0,0,0,0,0,8,0,0,0,0,0,0,0,0,0,0,0,0,0,0,0,0,0,0,0,0,0,0,0,1,0,0,0,0,0,0,0,0,0,0,0,0,0,0,0,0,0,0,0,0,0,0,0,0,0,0,0,0,0,0,0,13,0,0,4
5,0,0,0,0,0,43,0,0,0,0,0,20,0,17,0,0,5,0,0,0,0,0,4,0,0,0,0,0,0,0,0,0,0,0,0,0,12,0,0,0,0,0,0,0,0,0,0,0,0,0,0,0,1,0,0,0,0,0,0,0,2,0,0,0,0,0,0,0,0,0,0,0,0,0,0,0,0,0,0,0,0,0,0,0,0,0,0,0,0,0,0,0,12,0,0,5
5.25,0,0,0,0,0,45,0,0,0,0,0,21,0,20,0,0,5,0,0,0,0,0,4,0,0,0,0,0,0,0,0,0,0,0,0,0,12,0,0,0,0,0,0,0,0,0,0,0,0,0,0,0,1,0,0,0,0,0,0,0,2,0,0,0,0,0,0,0,0,0,0,0,0,0,0,0,0,0,0,0,0,0,0,0,0,0,0,0,0,0,0,0,12,0,0,5
5.5,0,0,0,0,0,51,0,0,0,0,0,21,0,23,0,0,5,0,0,0,0,0,4,0,0,0,0,0,0,0,0,0,0,0,0,0,15,0,0,0,0,0,0,0,0,0,0,0,0,0,0,0,6,0,0,0,0,0,0,0,2,0,0,0,0,0,0,0,0,0,0,0,0,0,0,0,0,0,0,0,0,0,0,0,0,0,0,0,0,0,0,0,12,0,0,5
5.75,0,0,0,0,0,56,0,0,0,0,0,21,0,27,0,0,5,0,0,0,0,0,4,0,0,0,0,0,0,0,0,0,0,0,0,0,18,0,0,0,0,0,0,0,0,0,0,0,0,0,0,0,8,0,0,0,0,0,0,0,2,0,3,0,0,0,0,0,0,0,0,0,0,0,0,0,0,0,0,0,0,0,0,0,0,0,0,0,0,0,0,0,12,0,0,6
6,0,0,0,0,0,62,0,0,0,0,0,21,0,32,0,0,5,0,0,0,0,0,4,0,0,0,0,0,0,0,0,0,0,0,0,0,21,0,0,0,0,0,0,0,0,0,0,0,0,0,0,0,11,0,0,0,0,0,0,0,2,0,7,0,0,0,0,0,0,0,0,0,0,0,0,0,0,0,0,0,0,0,0,0,0,0,0,0,0,0,0,0,12,0,0,6
6.25,0,0,0,0,0,66,0,0,0,0,0,21,0,37,0,0,5,0,0,0,0,0,4,0,0,0,0,0,0,0,0,0,0,0,1,0,26,0,0,0,0,0,0,0,0,0,0,0,0,0,0,0,14,0,0,0,0,0,0,0,2,0,14,0,0,0,0,0,0,1,0,0,0,0,0,0,0,0,0,0,0,0,0,0,0,0,0,0,0,0,0,0,12,0,0,6
6.5,0,0,0,0,0,73,0,0,0,0,1,22,0,42,0,0,5,0,0,0,0,0,6,4,0,0,0,0,0,0,0,0,0,0,1,0,31,0,0,0,0,0,0,0,0,0,0,0,0,0,0,0,18,0,0,0,0,0,0,0,6,0,19,0,0,0,0,0,0,1,0,0,0,0,0,0,0,0,0,0,0,0,0,0,0,0,0,0,0,0,0,0,11,0,0,8
6.75,0,0,0,0,0,75,0,0,0,0,0,21,0,44,0,0,4,0,0,0,0,0,5,3,0,0,0,0,0,0,0,0,0,0,0,0,31,0,0,0,0,0,0,0,0,0,0,0,0,0,0,0,17,0,0,0,0,0,0,0,5,0,22,0,0,0,0,0,0,0,0,0,0,0,0,0,0,0,0,0,0,0,0,0,0,0,0,0,0,0,0,0,10,0,0,7
7,0,0,0,0,0,78,0,0,0,0,3,23,0,51,0,0,4,0,0,0,0,0,6,11,0,0,0,0,0,0,2,0,0,0,2,0,40,0,0,0,0,0,0,0,0,0,0,0,0,0,0,0,21,0,0,0,0,0,0,0,5,0,30,0,0,0,0,0,0,2,0,0,0,0,0,0,0,0,0,0,0,0,0,0,0,0,0,0,0,0,0,0,10,0,0,10
7.25,0,0,0,0,0,82,0,0,0,0,2,22,0,52,0,0,3,0,0,0,0,0,5,10,0,0,0,0,0,0,1,0,0,0,1,0,43,0,0,0,0,0,0,0,0,0,0,0,0,0,0,0,24,0,0,0,0,0,0,0,4,0,32,0,0,0,0,0,0,1,0,0,0,0,0,0,0,0,0,0,0,0,0,0,0,0,0,0,0,0,0,0,9,0,0,9
7.5,0,0,0,0,0,84,0,0,0,0,2,22,0,59,0,0,3,0,0,0,0,0,5,12,0,0,0,0,0,0,4,0,0,0,1,0,44,0,0,0,0,0,0,0,0,0,0,0,0,0,0,0,25,0,0,0,0,0,0,0,4,0,36,0,0,0,0,0,0,1,0,0,0,0,0,0,0,0,0,0,0,0,0,0,0,0,0,0,0,0,0,0,9,0,0,9
7.75,0,0,0,0,0,89,0,0,0,0,2,22,0,62,0,0,3,0,0,0,0,0,5,21,0,0,0,0,0,0,7,0,0,0,1,0,49,0,0,0,0,0,0,0,0,0,0,0,0,0,0,0,29,0,0,0,0,0,0,0,4,0,43,0,0,0,0,0,0,1,0,0,0,0,0,0,0,0,0,0,0,0,0,0,0,0,0,0,0,0,0,0,9,0,0,9
8,0,0,0,0,0,93,0,0,0,0,2,22,0,66,0,0,3,0,0,0,0,0,6,22,0,0,0,0,0,0,7,0,0,0,1,0,53,0,0,0,0,0,0,0,0,0,0,0,0,0,0,0,30,0,0,0,0,0,0,0,4,0,48,0,0,0,0,0,0,2,0,0,0,0,0,0,0,0,0,0,0,0,0,0,0,0,0,0,0,0,0,0,9,0,0,9
8.25,0,0,0,0,0,100,0,0,0,0,2,22,0,71,0,0,3,0,0,0,0,0,6,24,0,0,0,0,0,0,11,0,0,0,1,0,58,0,0,0,0,0,0,0,0,0,0,0,0,0,0,0,31,0,0,0,0,0,0,0,4,0,50,0,0,0,0,0,0,2,0,0,0,0,0,0,0,0,0,0,0,0,0,0,0,0,0,0,0,0,0,0,9,0,0,9
8.5,0,0,0,0,0,102,0,0,0,0,2,22,0,75,0,0,3,0,0,0,0,0,6,25,0,0,0,0,0,0,11,0,0,0,1,0,60,0,0,0,0,0,0,0,0,0,0,0,0,0,0,0,33,0,0,0,0,0,0,0,4,0,55,0,0,0,0,0,0,2,0,0,0,0,0,0,0,0,0,0,0,0,0,0,0,0,0,0,0,0,0,0,9,0,0,9
8.75,0,0,0,0,0,102,0,0,0,0,2,22,0,78,0,0,3,0,0,0,0,0,6,32,0,0,0,0,0,0,12,0,0,0,1,0,65,0,0,0,0,0,0,0,0,0,0,0,0,0,0,0,36,0,0,0,0,0,0,0,4,0,59,0,0,0,0,0,0,2,0,0,0,0,0,0,0,0,0,0,0,0,0,0,0,0,0,0,0,0,0,0,9,0,0,9
9,0,0,0,0,0,107,0,0,0,0,2,22,0,83,0,0,3,0,0,0,0,0,6,34,0,0,0,0,0,0,14,0,0,0,1,0,71,0,0,0,0,0,0,0,0,0,0,0,0,0,0,0,37,0,0,0,0,0,0,0,4,0,66,0,0,0,0,0,0,2,0,0,0,0,0,0,0,0,0,0,0,0,0,0,0,0,0,0,0,0,0,0,9,0,0,9
9.25,0,0,0,0,0,112,0,2,0,0,4,23,0,87,0,0,3,0,0,0,0,0,9,43,0,0,0,0,0,0,19,0,0,0,2,8,73,0,0,0,0,0,0,0,0,0,0,0,0,0,0,0,41,0,0,0,0,0,0,0,5,0,71,0,0,0,0,0,0,7,0,0,0,0,0,0,0,0,0,0,0,0,0,0,0,0,0,0,0,0,0,0,9,0,0,11
9.5,0,0,0,0,0,113,0,2,0,0,4,23,0,90,0,0,5,0,0,0,0,0,9,43,0,0,0,0,0,0,19,0,0,0,2,8,80,0,0,0,0,0,0,0,0,0,0,0,0,0,0,0,42,0,0,0,0,0,0,0,5,0,74,0,0,0,0,0,0,7,0,0,0,0,0,0,0,0,0,0,0,0,0,0,0,0,0,0,0,0,0,0,9,0,0,11
9.75,0,0,0,0,0,117,0,2,0,0,4,23,0,93,0,0,5,0,0,0,0,0,9,43,0,0,0,0,0,0,19,0,0,0,2,8,82,0,0,0,0,0,0,0,0,0,0,0,0,0,0,0,43,0,0,0,0,0,0,0,5,0,76,0,0,0,0,0,0,7,0,0,0,0,0,0,0,0,0,0,0,0,0,0,0,0,0,0,0,0,0,0,9,0,0,11
10,0,0,0,0,0,120,0,2,0,0,4,23,0,97,0,0,5,0,0,0,0,0,9,47,0,0,0,0,0,0,22,0,0,0,2,8,89,0,0,0,0,0,0,0,0,0,0,0,0,0,0,0,46,0,0,0,0,0,0,0,5,0,81,0,0,0,0,0,0,7,0,0,0,0,0,0,0,0,0,0,0,0,0,0,0,0,0,0,0,0,0,0,9,0,0,11
10.25,0,0,0,0,0,122,0,2,0,0,4,23,0,98,0,0,5,0,0,0,0,0,9,53,0,0,0,0,0,0,23,0,0,0,2,8,91,0,0,0,0,0,0,0,0,0,0,0,0,0,0,0,49,0,0,0,0,0,0,0,5,0,84,0,0,0,0,0,0,7,0,0,0,0,0,0,0,0,0,0,0,0,0,0,0,0,0,0,0,0,0,0,9,0,0,11
10.5,0,0,0,0,0,126,0,2,0,0,4,23,0,100,0,0,5,0,0,0,0,0,9,54,0,0,0,0,0,0,26,0,0,0,2,8,96,0,0,0,0,0,0,0,0,0,0,0,0,0,0,0,49,0,0,0,0,0,0,0,5,0,88,0,0,0,0,0,0,7,0,0,0,0,0,0,0,0,0,0,0,0,0,0,0,0,0,0,0,0,0,0,9,0,0,11
10.75,0,0,0,0,0,128,0,2,0,0,4,23,0,103,0,0,5,0,0,0,0,0,9,59,0,0,0,0,0,0,29,0,0,0,2,8,101,0,0,0,0,0,0,0,0,0,0,0,0,0,0,0,54,0,0,0,0,0,0,0,5,0,92,0,0,0,0,0,0,7,0,0,0,0,0,0,0,0,0,0,0,0,0,0,0,0,0,0,0,0,0,0,9,0,0,11
11,0,0,0,0,0,130,0,2,0,0,4,23,0,106,0,0,5,0,0,0,0,0,9,61,0,0,0,0,0,0,30,0,0,0,2,8,106,0,0,0,0,0,0,0,0,0,0,0,0,0,0,0,55,0,0,0,0,0,0,0,5,0,94,0,0,0,0,0,0,7,0,0,0,0,0,0,0,0,0,0,0,0,0,0,0,0,0,0,0,0,0,0,9,0,0,11
11.25,0,0,0,0,0,133,0,2,0,0,4,23,0,108,0,0,5,0,0,0,0,0,9,61,0,0,0,0,0,0,31,0,0,0,2,8,110,0,0,0,0,0,0,0,0,0,0,0,0,0,0,0,58,0,0,0,0,0,0,0,5,0,97,0,0,0,0,0,0,7,0,0,0,0,0,0,0,0,0,0,0,0,0,0,0,0,0,0,0,0,0,0,9,0,0,11
11.5,0,0,0,0,0,137,0,2,0,0,4,23,0,108,0,0,5,0,0,0,0,0,9,67,0,0,0,0,0,0,34,0,0,0,2,8,112,0,0,0,0,0,0,0,0,0,0,0,0,0,0,0,59,0,0,0,0,0,0,0,5,0,99,0,0,0,0,0,0,7,0,0,0,0,0,0,0,0,0,0,0,0,0,0,0,0,0,0,0,0,0,0,9,0,0,11
11.75,0,0,0,0,0,139,0,2,0,0,4,23,0,111,0,0,5,0,0,0,0,0,9,73,0,0,0,0,0,0,36,0,0,0,2,8,120,0,0,0,0,0,0,0,0,0,0,0,0,0,0,0,62,0,0,0,0,0,0,0,5,0,106,0,0,0,0,0,0,7,0,0,0,0,0,0,0,0,0,0,0,0,0,0,0,0,0,0,0,0,0,0,9,0,0,11
12,0,0,0,0,0,141,0,2,0,0,4,23,0,111,0,0,5,0,0,0,0,0,9,73,0,0,0,0,0,0,39,0,0,0,2,8,122,0,0,0,0,0,0,0,0,0,0,0,0,0,0,0,64,0,0,0,0,0,0,0,5,0,106,0,0,0,0,0,0,7,0,0,0,0,0,0,0,0,0,0,0,0,0,0,0,0,0,0,0,0,0,0,9,0,0,11
12.25,0,0,0,0,0,144,0,0,0,0,5,22,0,108,0,0,2,0,0,0,0,0,7,80,0,0,0,0,0,0,37,0,0,0,0,6,119,0,0,0,0,0,0,0,0,0,0,0,0,0,0,0,63,0,0,0,0,0,0,0,2,0,106,0,0,0,0,0,0,4,0,0,0,0,0,0,0,0,0,0,0,0,0,0,0,0,0,0,0,0,0,0,6,0,0,8
12.5,0,0,0,0,0,144,0,0,0,0,5,22,0,109,0,0,2,0,0,0,0,0,7,80,0,0,0,0,0,0,40,0,0,0,0,6,127,0,0,0,0,0,0,0,0,0,0,0,0,0,0,0,63,0,0,0,0,0,0,0,2,0,108,0,0,0,0,0,0,4,0,0,0,0,0,0,0,0,0,0,0,0,0,0,0,0,0,0,0,0,0,0,6,0,0,8
12.75,0,0,0,0,0,146,0,0,0,0,5,22,0,112,0,0,2,0,0,0,0,0,7,80,0,0,0,0,0,0,44,0,0,0,0,6,131,0,0,0,0,0,0,0,0,0,0,0,0,0,0,0,68,0,0,0,0,0,0,0,2,0,112,0,0,0,0,0,0,4,0,0,0,0,0,0,0,0,0,0,0,0,0,0,0,0,0,0,0,0,0,0,7,0,0,8
13,0,0,0,0,0,146,0,0,0,0,5,22,0,114,0,0,2,0,0,0,0,0,7,87,0,0,0,0,0,0,45,0,0,0,0,6,133,0,0,0,0,0,0,0,0,0,0,0,0,0,0,0,68,0,0,0,0,0,0,0,2,0,113,0,0,0,0,0,0,4,0,0,0,0,0,0,0,0,0,0,0,0,0,0,0,0,0,0,0,0,0,0,7,0,0,8
13.25,0,0,0,0,0,148,0,0,0,0,5,22,0,115,0,0,2,0,0,0,0,0,7,87,0,0,0,0,0,0,46,0,0,0,0,6,136,0,0,0,0,0,0,0,0,0,0,0,0,0,0,0,72,0,0,0,0,0,0,0,2,0,115,0,0,0,0,0,0,4,0,0,0,0,0,0,0,0,0,0,0,0,0,0,0,0,0,0,0,0,0,0,8,0,0,8
13.5,0,0,0,0,0,151,0,0,0,0,5,22,0,118,0,0,2,0,0,0,0,0,7,93,0,0,0,0,0,0,50,0,0,0,0,6,144,0,0,0,0,0,0,0,0,0,0,0,0,0,0,0,74,0,0,0,0,0,0,0,2,0,119,0,0,0,0,0,0,4,0,0,0,0,0,0,0,0,0,0,0,0,0,0,0,0,0,0,0,0,0,0,8,0,0,8
13.75,0,0,0,0,0,152,0,0,0,0,5,22,0,120,0,0,2,0,0,0,0,0,7,99,0,0,0,0,0,0,52,0,0,0,0,6,146,0,0,0,0,0,0,0,0,0,0,0,0,0,0,0,77,0,0,0,0,0,0,0,3,0,121,0,0,0,0,0,0,4,0,0,0,0,0,0,0,0,0,0,0,0,0,0,0,0,0,0,0,0,0,0,9,0,0,8
14,0,0,0,0,0,154,0,0,0,0,2,19,0,120,0,0,0,0,0,0,0,0,4,98,0,0,0,0,0,0,50,0,0,0,0,3,143,0,0,0,0,0,0,0,0,0,0,0,0,0,0,0,77,0,0,0,0,0,0,0,0,0,121,0,0,0,0,0,0,1,0,0,0,0,0,0,0,0,0,0,0,0,0,0,0,0,0,0,0,0,0,0,6,0,0,5
14.25,0,0,0,0,0,155,0,0,0,0,2,19,0,120,0,0,0,0,0,0,0,0,4,102,0,0,0,0,0,0,51,0,0,0,0,3,147,0,0,0,0,0,0,0,0,0,0,0,0,0,0,0,80,0,0,0,0,0,0,0,0,0,124,0,0,0,0,0,0,1,0,0,0,0,0,0,0,0,0,0,0,0,0,0,0,0,0,0,0,0,0,0,8,0,0,5
14.5,0,0,0,0,0,155,0,0,0,0,2,19,0,120,0,0,0,0,0,0,0,0,4,102,0,0,0,0,0,0,51,0,0,0,0,3,148,0,0,0,0,0,0,0,0,0,0,0,0,0,0,0,80,0,0,0,0,0,0,0,0,0,124,0,0,0,0,0,0,1,0,0,0,0,0,0,0,0,0,0,0,0,0,0,0,0,0,0,0,0,0,0,8,0,0,5
14.75,0,0,0,0,0,155,0,0,0,0,2,19,0,120,0,0,0,0,0,0,0,0,4,104,0,0,0,0,0,0,52,0,0,0,0,3,152,0,0,0,0,0,0,0,0,0,0,0,0,0,0,0,80,0,0,0,0,0,0,0,0,0,126,0,0,0,0,0,0,1,0,0,0,0,0,0,0,0,0,0,0,0,0,0,0,0,0,0,0,0,0,0,8,0,0,5
15,0,0,0,0,0,157,0,0,0,0,2,19,0,122,0,0,0,0,0,0,0,0,4,108,0,0,0,0,0,0,56,0,0,0,0,3,156,0,0,0,0,0,0,0,0,0,0,0,0,0,0,0,84,0,0,0,0,0,0,0,0,0,128,0,0,0,0,0,0,1,0,0,0,0,0,0,0,0,0,0,0,0,0,0,0,0,0,0,0,0,0,0,8,0,0,5
15.25,0,0,0,0,0,159,0,0,0,0,2,19,0,123,0,0,0,0,0,0,0,0,4,112,0,0,0,0,0,0,57,0,0,0,0,3,158,0,0,0,0,0,0,0,0,0,0,0,0,0,0,0,88,0,0,0,0,0,0,0,0,0,131,0,0,0,0,0,0,1,0,0,0,0,0,0,0,0,0,0,0,0,0,0,0,0,0,0,0,0,0,0,9,0,0,5
15.5,0,0,0,0,0,160,0,0,0,0,2,19,0,124,0,0,0,0,0,0,0,0,4,116,0,0,0,0,0,0,58,0,0,0,0,3,159,0,0,0,0,0,0,0,0,0,0,0,0,0,0,0,90,0,0,0,0,0,0,0,0,0,135,0,0,0,0,0,0,1,0,0,0,0,0,0,0,0,0,0,0,0,0,0,0,0,0,0,0,0,0,0,10,0,0,5
15.75,0,0,0,0,0,162,0,0,0,0,2,19,0,124,0,0,0,0,0,0,0,0,4,119,0,0,0,0,0,0,60,0,0,0,0,3,165,0,0,0,0,0,0,0,0,0,0,0,0,0,0,0,91,0,0,0,0,0,0,0,0,0,137,0,0,0,0,0,0,1,0,0,0,0,0,0,0,0,0,0,0,0,0,0,0,0,0,0,0,0,0,0,11,0,0,5
16,0,0,0,0,0,164,0,0,0,0,2,19,0,126,0,0,0,0,0,0,0,0,4,120,0,0,0,0,0,0,60,0,0,0,0,3,165,0,0,0,0,0,0,0,0,0,0,0,0,0,0,0,93,0,0,0,0,0,0,0,0,0,137,0,0,0,0,0,0,1,0,0,0,0,0,0,0,0,0,0,0,0,0,0,0,0,0,0,0,0,0,0,11,0,0,5
16.25,0,0,0,0,0,164,0,0,0,0,2,19,0,127,0,0,0,0,0,0,0,0,4,123,0,0,0,0,0,0,62,0,0,0,0,3,168,0,0,0,0,0,0,0,0,0,0,0,0,0,0,0,94,0,0,0,0,0,0,0,0,0,138,0,0,0,0,0,0,1,0,0,0,0,0,0,0,0,0,0,0,0,0,0,0,0,0,0,0,0,0,0,11,0,0,5
16.5,0,0,0,0,0,166,0,0,0,0,2,19,0,129,0,0,0,0,0,0,0,0,4,127,0,0,0,0,0,0,63,0,0,0,0,3,169,0,0,0,0,0,0,0,0,0,0,0,0,0,0,0,99,0,0,0,0,0,0,0,0,0,142,0,0,0,0,0,0,1,0,0,0,0,0,0,0,0,0,0,0,0,0,0,0,0,0,0,0,0,0,0,12,0,0,5
16.75,0,0,0,0,0,167,0,0,0,0,2,19,0,131,0,0,0,0,0,0,0,0,4,128,0,0,0,0,0,0,64,0,0,0,0,3,173,0,0,0,0,0,0,0,0,0,0,0,0,0,0,0,101,0,0,0,0,0,0,0,0,0,142,0,0,0,0,0,0,1,0,0,0,0,0,0,0,0,0,0,0,0,0,0,0,0,0,0,0,0,0,0,13,0,0,5
17,0,0,0,0,0,169,0,0,0,0,2,19,0,131,0,0,0,0,0,0,0,0,4,130,0,0,0,0,0,0,64,0,0,0,0,3,173,0,0,0,0,0,0,0,0,0,0,0,0,0,0,0,102,0,0,0,0,0,0,0,0,0,143,0,0,0,0,0,0,1,0,0,0,0,0,0,0,0,0,0,0,0,0,0,0,0,0,0,0,0,0,0,13,0,0,5
17.25,0,0,0,0,0,169,0,0,0,0,2,19,0,132,0,0,0,0,0,0,0,0,4,132,0,0,0,0,0,0,66,0,0,0,0,3,174,0,0,0,0,0,0,0,0,0,0,0,0,0,0,0,102,0,0,0,0,0,0,0,0,0,143,0,0,0,0,0,0,1,0,0,0,0,0,0,0,0,0,0,0,0,0,0,0,0,0,0,0,0,0,0,13,0,0,5
17.5,0,0,0,0,0,171,0,0,0,0,2,19,0,137,0,0,0,0,0,0,0,0,4,138,0,0,0,0,0,0,72,0,0,0,0,3,179,0,0,0,0,0,0,0,0,0,0,0,0,0,0,0,110,0,0,0,0,0,0,0,2,0,149,0,0,0,0,0,0,1,0,0,0,0,0,0,0,0,0,0,0,0,0,0,0,0,0,0,0,0,0,0,18,0,0,5
17.75,0,0,0,0,0,171,0,0,0,0,2,19,0,137,0,0,0,0,0,0,0,0,4,138,0,0,0,0,0,0,72,0,0,0,0,3,179,0,0,0,0,0,0,0,0,0,0,0,0,0,0,0,110,0,0,0,0,0,0,0,2,0,149,0,0,0,0,0,0,1,0,0,0,0,0,0,0,0,0,0,0,0,0,0,0,0,0,0,0,0,0,0,18,0,0,5
18,0,0,0,0,0,173,0,0,0,0,1,18,0,136,0,0,0,0,0,0,0,0,3,143,0,0,0,0,0,0,71,0,0,0,0,3,178,0,0,0,0,0,0,0,0,0,0,0,0,0,0,0,109,0,0,0,0,0,0,0,1,0,150,0,0,0,0,0,0,1,0,0,0,0,0,0,0,0,0,0,0,0,0,0,0,0,0,0,0,0,0,0,17,0,0,4
18.25,0,0,0,0,0,174,0,0,0,0,1,18,0,136,0,0,0,0,0,0,0,0,3,143,0,0,0,0,0,0,71,0,0,0,0,3,183,0,0,0,0,0,0,0,0,0,0,0,0,0,0,0,113,0,0,0,0,0,0,0,3,0,153,0,0,0,0,0,0,1,0,0,0,0,0,0,0,0,0,0,0,0,0,0,0,0,0,0,0,0,0,0,19,0,0,5
18.5,0,0,0,0,0,175,0,0,0,0,1,18,0,139,0,0,0,0,0,0,0,0,3,143,0,0,0,0,0,0,71,0,0,0,0,3,183,0,0,0,0,0,0,0,0,0,0,0,0,0,0,0,114,0,0,0,0,0,0,0,3,0,153,0,0,0,0,0,0,1,0,0,0,0,0,0,0,0,0,0,0,0,0,0,0,0,0,0,0,0,0,0,19,0,0,5
18.75,0,0,0,0,0,176,0,0,0,0,1,18,0,139,0,0,0,0,0,0,0,0,3,148,0,0,0,0,0,0,72,0,0,0,0,5,184,0,0,0,0,0,0,0,0,0,0,0,0,0,0,0,117,0,0,0,0,0,0,0,3,0,156,0,0,0,0,0,0,1,0,0,0,0,0,0,0,0,0,0,0,0,0,0,0,0,0,0,0,0,0,0,20,0,0,5
19,0,0,0,0,0,176,0,0,0,0,1,18,0,139,0,0,0,0,0,0,0,0,3,148,0,0,0,0,0,0,72,0,0,0,0,5,185,0,0,0,0,0,0,0,0,0,0,0,0,0,0,0,117,0,0,0,0,0,0,0,3,0,156,0,0,0,0,0,0,1,0,0,0,0,0,0,0,0,0,0,0,0,0,0,0,0,0,0,0,0,0,0,20,0,0,5
19.25,0,0,0,0,0,176,0,0,0,0,1,18,0,139,0,0,0,0,0,0,0,0,3,149,0,0,0,0,0,0,72,0,0,0,0,5,186,0,0,0,0,0,0,0,0,0,0,0,0,0,0,0,119,0,0,0,0,0,0,0,3,0,156,0,0,0,0,0,0,1,0,0,0,0,0,0,0,0,0,0,0,0,0,0,0,0,0,0,0,0,0,0,20,0,0,5
19.5,0,0,0,0,0,178,0,0,0,0,1,18,0,140,0,0,0,0,0,0,0,0,3,149,0,0,0,0,0,0,73,0,0,0,0,5,189,0,0,0,0,0,0,0,0,0,0,0,0,0,0,0,121,0,0,0,0,0,0,0,3,0,158,0,0,0,0,0,0,1,0,0,0,0,0,0,0,0,0,0,0,0,0,0,0,0,0,0,0,0,0,0,20,0,0,5
19.75,0,0,0,0,0,178,0,0,0,0,1,18,0,140,0,0,0,0,0,0,0,0,3,153,0,0,0,0,0,0,73,0,0,0,0,5,189,0,0,0,0,0,0,0,0,0,0,0,0,0,0,0,121,0,0,0,0,0,0,0,3,0,158,0,0,0,0,0,0,1,0,0,0,0,0,0,0,0,0,0,0,0,0,0,0,0,0,0,0,0,0,0,20,0,0,5
20,0,0,0,0,0,179,0,0,0,0,1,18,0,142,0,0,0,0,0,0,0,0,3,154,0,0,0,0,0,0,73,0,0,0,0,5,189,0,0,0,0,0,0,0,0,0,0,0,0,0,0,0,124,0,0,0,0,0,0,0,3,0,159,0,0,0,0,0,0,1,0,0,0,0,0,0,0,0,0,0,0,0,0,0,0,0,0,0,0,0,0,0,20,0,0,5
20.25,0,0,0,0,0,180,0,0,0,0,1,18,0,144,0,0,0,0,0,0,0,0,3,156,0,0,0,0,0,0,73,0,0,0,0,5,190,0,0,0,0,0,0,0,0,0,0,0,0,0,0,0,125,0,0,0,0,0,0,0,3,0,163,0,0,0,0,0,0,1,0,0,0,0,0,0,0,0,0,0,0,0,0,0,0,0,0,0,0,0,0,0,20,0,0,5
20.5,0,0,0,0,0,181,0,0,0,0,1,18,0,146,0,0,0,0,0,0,0,0,3,156,0,0,0,0,0,0,77,0,0,0,0,5,192,0,0,0,0,0,0,0,0,0,0,0,0,0,0,0,128,0,0,0,0,0,0,0,3,0,163,0,0,0,0,0,0,1,0,0,0,0,0,0,0,0,0,0,0,0,0,0,0,0,0,0,0,0,0,0,20,0,0,5
20.75,0,0,0,0,0,181,0,0,0,0,1,18,0,147,0,0,0,0,0,0,0,0,3,160,0,0,0,0,0,0,78,0,0,0,0,5,195,0,0,0,0,0,0,0,0,0,0,0,0,0,0,0,132,0,0,0,0,0,0,0,3,0,165,0,0,0,0,0,0,1,0,0,0,0,0,0,0,0,0,0,0,0,0,0,0,0,0,0,0,0,0,0,20,0,0,5
21,0,0,0,0,0,184,0,0,0,0,1,18,0,147,0,0,0,0,0,0,0,0,3,162,0,0,0,0,0,0,78,0,0,0,0,5,195,0,0,0,0,0,0,0,0,0,0,0,0,0,0,0,132,0,0,0,0,0,0,0,3,0,166,0,0,0,0,0,0,2,0,0,0,0,0,0,0,0,0,0,0,0,0,0,0,0,0,0,0,0,0,0,20,0,0,5
21.25,0,0,0,0,0,184,0,0,0,0,1,18,0,147,0,0,0,0,0,0,0,0,3,165,0,0,0,0,0,0,78,0,0,0,0,5,197,0,0,0,0,0,0,0,0,0,0,0,0,0,0,0,132,0,0,0,0,0,0,0,3,0,167,0,0,0,0,0,0,2,0,0,0,0,0,0,0,0,0,0,0,0,0,0,0,0,0,0,0,0,0,0,20,0,0,5
21.5,0,0,0,0,0,184,0,0,0,0,1,18,0,151,0,0,0,0,0,0,0,0,3,165,0,0,0,0,0,0,79,0,0,0,0,5,197,0,0,0,0,0,0,0,0,0,0,0,0,0,0,0,135,0,0,0,0,0,0,0,3,0,167,0,0,0,0,0,0,2,0,0,0,0,0,0,0,0,0,0,0,0,0,0,0,0,0,0,0,0,0,0,20,0,0,5
21.75,0,0,0,0,0,184,0,0,0,0,1,18,0,151,0,0,0,0,0,0,0,0,3,168,0,0,0,0,0,0,79,0,0,0,0,5,197,0,0,0,0,0,0,0,0,0,0,0,0,0,0,0,135,0,0,0,0,0,0,0,3,0,169,0,0,0,0,0,0,2,0,0,0,0,0,0,0,0,0,0,0,0,0,0,0,0,0,0,0,0,0,0,20,0,0,5
22,0,0,0,0,0,185,0,0,0,0,1,18,0,154,0,0,0,0,0,0,0,0,3,174,0,0,0,0,0,0,81,0,0,0,0,5,199,0,0,0,0,0,0,0,0,0,0,0,0,0,0,0,136,0,0,0,0,0,0,0,3,0,170,0,0,0,0,0,0,2,0,0,0,0,0,0,0,0,0,0,0,0,0,0,0,0,0,0,0,0,0,0,21,0,0,5
22.25,0,0,0,0,0,187,0,0,0,0,1,18,0,155,0,0,0,0,0,0,0,0,3,177,0,0,0,0,0,0,81,0,0,0,0,5,200,0,0,0,0,0,0,0,0,0,0,0,0,0,0,0,140,0,0,0,0,0,0,0,3,0,172,0,0,0,0,0,0,2,0,0,0,0,0,0,0,0,0,0,0,0,0,0,0,0,0,0,0,0,0,0,21,0,0,5
22.5,0,0,0,0,0,187,0,0,0,0,1,18,0,155,0,0,0,0,0,0,0,0,3,177,0,0,0,0,0,0,81,0,0,0,0,5,200,0,0,0,0,0,0,0,0,0,0,0,0,0,0,0,140,0,0,0,0,0,0,0,3,0,172,0,0,0,0,0,0,2,0,0,0,0,0,0,0,0,0,0,0,0,0,0,0,0,0,0,0,0,0,0,21,0,0,5
22.75,0,0,0,0,0,188,0,0,0,0,1,18,0,157,0,0,0,0,0,0,0,0,3,180,0,0,0,0,0,0,82,0,0,0,0,5,203,0,0,0,0,0,0,0,0,0,0,0,0,0,0,0,141,0,0,0,0,0,0,0,3,0,173,0,0,0,0,0,0,2,0,0,0,0,0,0,0,0,0,0,0,0,0,0,0,0,0,0,0,0,0,0,23,0,0,5
23,0,0,0,0,0,188,0,0,0,0,1,18,0,157,0,0,0,0,0,0,0,0,3,180,0,0,0,0,0,0,82,0,0,0,0,5,203,0,0,0,0,0,0,0,0,0,0,0,0,0,0,0,141,0,0,0,0,0,0,0,3,0,173,0,0,0,0,0,0,2,0,0,0,0,0,0,0,0,0,0,0,0,0,0,0,0,0,0,0,0,0,0,23,0,0,5
23.25,0,0,0,0,0,188,0,0,0,0,1,18,0,157,0,0,0,0,0,0,0,0,3,181,0,0,0,0,0,0,82,0,0,0,0,5,203,0,0,0,0,0,0,0,0,0,0,0,0,0,0,0,141,0,0,0,0,0,0,0,3,0,174,0,0,0,0,0,0,2,0,0,0,0,0,0,0,0,0,0,0,0,0,0,0,0,0,0,0,0,0,0,23,0,0,5
23.5,0,0,0,0,0,188,0,0,0,0,1,18,0,157,0,0,0,0,0,0,0,0,3,181,0,0,0,0,0,0,82,0,0,0,0,5,203,0,0,0,0,0,0,0,0,0,0,0,0,0,0,0,143,0,0,0,0,0,0,0,3,0,174,0,0,0,0,0,0,2,0,0,0,0,0,0,0,0,0,0,0,0,0,0,0,0,0,0,0,0,0,0,23,0,0,5
23.75,0,0,0,0,0,189,0,0,0,0,1,18,0,161,0,0,0,0,0,0,0,0,3,185,0,0,0,0,0,0,84,0,0,0,0,5,205,0,0,0,0,0,0,0,0,0,0,0,0,0,0,0,144,0,0,0,0,0,0,0,3,0,177,0,0,0,0,0,0,2,0,0,0,0,0,0,0,0,0,0,0,0,0,0,0,0,0,0,0,0,0,0,23,0,0,5
24,0,0,0,0,0,189,0,0,0,0,1,18,0,161,0,0,0,0,0,0,0,0,3,187,0,0,0,0,0,0,84,0,0,0,0,5,205,0,0,0,0,0,0,0,0,0,0,0,0,0,0,0,144,0,0,0,0,0,0,0,3,0,178,0,0,0,0,0,0,2,0,0,0,0,0,0,0,0,0,0,0,0,0,0,0,0,0,0,0,0,0,0,24,0,0,5
24.25,0,0,0,0,0,190,0,0,0,0,1,18,0,162,0,0,0,0,0,0,0,0,3,188,0,0,0,0,0,0,85,0,0,0,0,5,206,0,0,0,0,0,0,0,0,0,0,0,0,0,0,0,146,0,0,0,0,0,0,0,3,0,179,0,0,0,0,0,0,2,0,0,0,0,0,0,0,0,0,0,0,0,0,0,0,0,0,0,0,0,0,0,25,0,0,5
24.5,0,0,0,0,0,191,0,0,0,0,1,18,0,162,0,0,0,0,0,0,0,0,3,189,0,0,0,0,0,0,85,0,0,0,0,5,206,0,0,0,0,0,0,0,0,0,0,0,0,0,0,0,146,0,0,0,0,0,0,0,3,0,181,0,0,0,0,0,0,2,0,0,0,0,0,0,0,0,0,0,0,0,0,0,0,0,0,0,0,0,0,0,26,0,0,5
24.75,0,0,0,0,0,191,0,0,0,0,1,18,0,167,0,0,0,0,0,0,0,0,3,189,0,0,0,0,0,0,86,0,0,0,0,5,206,0,0,0,0,0,0,0,0,0,0,0,0,0,0,0,148,0,0,0,0,0,0,0,3,0,181,0,0,0,0,0,0,2,0,0,0,0,0,0,0,0,0,0,0,0,0,0,0,0,0,0,0,0,0,0,26,0,0,5
25,0,0,0,0,0,191,0,0,0,0,1,18,0,167,0,0,0,0,0,0,0,0,3,192,0,0,0,0,0,0,86,0,0,0,0,5,207,0,0,0,0,0,0,0,0,0,0,0,0,0,0,0,148,0,0,0,0,0,0,0,3,0,181,0,0,0,0,0,0,2,0,0,0,0,0,0,0,0,0,0,0,0,0,0,0,0,0,0,0,0,0,0,26,0,0,5
25.25,0,0,0,0,0,191,0,0,0,0,1,18,0,167,0,0,0,0,0,0,0,0,3,194,0,0,0,0,0,0,86,0,0,0,0,5,207,0,0,0,0,0,0,0,0,0,0,0,0,0,0,0,150,0,0,0,0,0,0,0,5,0,182,0,0,0,0,0,0,4,0,0,0,0,0,0,0,0,0,0,0,0,0,0,0,0,0,0,0,0,0,0,28,0,0,5
25.5,0,0,0,0,0,191,0,0,0,0,1,18,0,167,0,0,0,0,0,0,0,0,3,194,0,0,0,0,0,0,86,0,0,0,0,5,208,0,0,0,0,0,0,0,0,0,0,0,0,0,0,0,150,0,0,0,0,0,0,0,5,0,182,0,0,0,0,0,0,4,0,0,0,0,0,0,0,0,0,0,0,0,0,0,0,0,0,0,0,0,0,0,28,0,0,5
25.75,0,0,0,0,0,192,0,0,0,0,0,17,0,170,0,0,0,0,0,0,0,0,2,195,0,0,0,0,0,0,91,0,0,0,0,4,210,0,0,0,0,0,0,0,0,0,0,0,0,0,0,0,153,0,0,0,0,0,0,0,4,0,183,0,0,0,0,0,0,3,0,0,0,0,0,0,0,0,0,0,0,0,0,0,0,0,0,0,0,0,0,0,27,0,0,4
26,0,0,0,0,0,192,0,0,0,0,0,17,0,170,0,0,0,0,0,0,0,0,2,196,0,0,0,0,0,0,91,0,0,0,0,4,210,0,0,0,0,0,0,0,0,0,0,0,0,0,0,0,153,0,0,0,0,0,0,0,4,0,184,0,0,0,0,0,0,3,0,0,0,0,0,0,0,0,0,0,0,0,0,0,0,0,0,0,0,0,0,0,27,0,0,4
26.25,0,0,0,0,0,192,0,0,0,0,0,17,0,170,0,0,0,0,0,0,0,0,2,196,0,0,0,0,0,0,91,0,0,0,0,4,210,0,0,0,0,0,0,0,0,0,0,0,0,0,0,0,153,0,0,0,0,0,0,0,4,0,184,0,0,0,0,0,0,3,0,0,0,0,0,0,0,0,0,0,0,0,0,0,0,0,0,0,0,0,0,0,27,0,0,4
26.5,0,0,0,0,0,192,0,0,0,0,0,17,0,170,0,0,0,0,0,0,0,0,2,196,0,0,0,0,0,0,91,0,0,0,0,4,210,0,0,0,0,0,0,0,0,0,0,0,0,0,0,0,153,0,0,0,0,0,0,0,4,0,184,0,0,0,0,0,0,3,0,0,0,0,0,0,0,0,0,0,0,0,0,0,0,0,0,0,0,0,0,0,27,0,0,4
26.75,0,0,0,0,0,192,0,0,0,0,0,17,0,171,0,0,0,0,0,0,0,0,2,199,0,0,0,0,0,0,91,0,0,0,0,4,211,0,0,0,0,0,0,0,0,0,0,0,0,0,0,0,153,0,0,0,0,0,0,0,4,0,185,0,0,0,0,0,0,3,0,0,0,0,0,0,0,0,0,0,0,0,0,0,0,0,0,0,0,0,0,0,27,0,0,4
27,0,0,0,0,0,195,0,0,0,0,0,17,0,172,0,0,0,0,0,0,0,0,2,201,0,0,0,0,0,0,92,0,0,0,0,4,213,0,0,0,0,0,0,0,0,0,0,0,0,0,0,0,155,0,0,0,0,0,0,0,4,0,188,0,0,0,0,0,0,3,0,0,0,0,0,0,0,0,0,0,0,0,0,0,0,0,0,0,0,0,0,0,31,0,0,4
27.25,0,0,0,0,0,195,0,0,0,0,0,17,0,172,0,0,0,0,0,0,0,0,2,201,0,0,0,0,0,0,92,0,0,0,0,4,213,0,0,0,0,0,0,0,0,0,0,0,0,0,0,0,155,0,0,0,0,0,0,0,4,0,188,0,0,0,0,0,0,3,0,0,0,0,0,0,0,0,0,0,0,0,0,0,0,0,0,0,0,0,0,0,31,0,0,4
27.5,0,0,0,0,0,195,0,0,0,0,0,17,0,172,0,0,0,0,0,0,0,0,2,201,0,0,0,0,0,0,92,0,0,0,0,4,213,0,0,0,0,0,0,0,0,0,0,0,0,0,0,0,155,0,0,0,0,0,0,0,4,0,188,0,0,0,0,0,0,3,0,0,0,0,0,0,0,0,0,0,0,0,0,0,0,0,0,0,0,0,0,0,31,0,0,5
27.75,0,0,0,0,0,195,0,0,0,0,0,17,0,172,0,0,0,0,0,0,0,0,2,201,0,0,0,0,0,0,92,0,0,0,0,4,213,0,0,0,0,0,0,0,0,0,0,0,0,0,0,0,155,0,0,0,0,0,0,0,4,0,188,0,0,0,0,0,0,3,0,0,0,0,0,0,0,0,0,0,0,0,0,0,0,0,0,0,0,0,0,0,31,0,0,5
28,0,0,0,0,0,195,0,0,0,0,0,17,0,172,0,0,0,0,0,0,0,0,2,202,0,0,0,0,0,0,92,0,0,0,0,4,213,0,0,0,0,0,0,0,0,0,0,0,0,0,0,0,155,0,0,0,0,0,0,0,4,0,189,0,0,0,0,0,0,3,0,0,0,8,0,0,0,0,0,0,0,0,0,0,0,0,0,0,0,0,0,0,31,0,0,5
28.25,0,0,0,0,0,195,0,0,0,0,0,17,0,173,0,0,0,0,0,0,0,0,2,202,0,0,0,0,0,0,92,0,0,0,0,4,213,0,0,0,0,0,0,0,0,0,0,0,0,0,0,0,156,0,0,0,0,0,0,0,4,0,189,0,0,0,0,0,0,3,0,0,0,9,0,0,0,0,0,0,0,0,0,0,0,0,0,0,0,0,0,0,31,0,0,5
28.5,0,0,0,0,0,195,0,0,0,0,0,17,0,173,0,0,0,0,0,0,0,0,2,205,0,0,0,0,0,0,92,0,0,0,0,4,213,0,0,0,0,0,0,0,0,0,0,0,0,0,0,0,157,0,0,0,0,0,0,0,4,0,189,0,0,0,0,0,0,3,0,0,0,11,0,0,0,0,0,0,0,0,0,0,0,0,0,0,0,0,0,0,31,0,0,5
28.75,0,0,0,0,0,195,0,0,0,0,0,17,0,175,0,0,0,0,0,0,0,0,2,205,0,0,0,0,0,0,92,0,0,0,0,4,216,0,0,0,0,0,0,0,0,0,0,0,0,0,0,0,159,0,0,0,0,0,0,0,4,0,190,0,0,0,0,0,0,3,0,0,0,18,0,0,0,0,0,0,0,0,0,0,0,0,0,0,0,0,0,0,31,0,0,5
29,0,0,0,0,0,195,0,0,0,0,0,17,0,175,0,0,0,0,0,0,0,0,2,205,0,0,0,0,0,0,92,0,0,0,0,4,216,0,0,0,0,0,0,0,0,0,0,0,0,0,0,0,160,0,0,0,0,0,0,0,4,0,190,0,0,0,0,0,0,3,0,0,0,22,0,0,0,0,0,0,0,0,0,0,0,0,0,0,0,0,0,0,31,0,0,5
29.25,0,0,0,0,0,196,0,0,0,0,0,17,0,175,0,0,0,0,0,0,0,0,2,207,0,0,0,0,0,0,92,0,0,0,0,4,216,0,0,0,0,0,0,0,0,0,0,0,0,0,0,0,161,0,0,0,0,0,0,0,4,0,190,0,0,0,0,0,0,3,0,0,0,24,0,0,0,0,0,0,0,0,0,0,0,0,0,0,0,0,0,0,32,0,0,5
29.5,0,0,0,0,0,196,0,0,0,0,0,17,0,175,0,0,0,0,0,0,0,0,2,207,0,0,0,0,0,0,92,0,0,0,0,4,216,0,0,0,0,0,0,0,0,0,0,0,0,0,0,0,161,0,0,0,0,0,0,0,4,0,192,0,0,0,0,0,0,3,0,0,0,29,0,0,0,0,0,0,0,0,0,0,0,0,0,0,0,0,0,0,32,0,0,5
29.75,0,0,0,0,0,196,0,0,0,0,0,17,0,176,0,0,0,0,0,0,0,0,2,208,0,0,0,0,0,0,92,0,0,0,0,4,216,0,0,0,0,0,0,0,0,0,0,0,0,0,0,0,165,0,0,0,0,0,0,0,4,0,192,0,0,0,0,0,0,3,0,0,0,29,0,0,0,0,0,0,0,0,0,0,0,0,0,0,0,0,0,0,32,0,0,5
30,0,0,0,0,0,196,0,0,0,0,0,17,0,176,0,0,0,0,0,0,0,0,2,208,0,0,0,0,0,0,93,0,0,0,0,4,216,0,0,0,0,0,0,0,0,0,0,0,0,0,0,0,165,0,0,0,0,0,0,0,4,0,193,0,0,0,0,0,0,3,0,0,0,34,0,0,0,0,0,0,0,0,0,0,0,0,0,0,0,0,0,0,34,0,0,5
30.25,0,0,0,0,0,196,0,0,0,0,0,17,0,178,0,0,0,0,0,0,0,0,2,210,0,0,0,0,0,0,96,0,0,0,0,4,217,0,0,0,0,0,0,0,0,0,0,0,0,0,0,0,165,0,0,0,0,0,0,0,4,0,193,0,0,0,0,0,0,3,0,0,0,36,0,0,0,0,0,0,0,0,0,0,0,0,0,0,0,0,0,0,34,0,0,5
30.5,0,0,0,0,0,198,0,0,0,0,0,17,0,179,0,0,0,0,0,0,0,0,2,211,0,0,0,0,0,0,96,0,0,0,0,4,217,0,0,0,0,0,0,0,0,0,0,0,0,0,0,0,165,0,0,0,0,0,0,0,4,0,194,0,0,0,0,0,0,3,0,0,0,40,0,0,0,0,0,0,0,0,0,0,0,0,0,0,0,0,0,0,36,0,0,5
30.75,0,0,0,0,0,198,0,0,0,0,0,17,0,179,0,0,0,0,0,0,0,0,2,211,0,0,0,0,0,0,96,0,0,0,0,4,218,0,0,0,0,0,0,0,0,0,0,0,0,0,0,0,165,0,0,0,0,0,0,0,4,0,194,0,0,0,0,0,0,3,0,0,0,42,0,0,0,0,0,0,0,0,0,0,0,0,0,0,0,0,0,0,36,0,0,5
31,0,0,0,0,0,198,0,0,0,0,0,17,0,179,0,0,0,0,0,0,0,0,2,212,0,0,0,0,0,0,96,0,0,0,0,4,218,0,0,0,0,0,0,0,0,0,0,0,0,0,0,0,165,0,0,0,0,0,0,0,4,0,196,0,0,0,0,0,0,3,0,0,0,45,0,0,0,0,0,0,0,0,0,0,0,0,0,0,0,0,0,0,38,0,0,5
31.25,0,0,0,0,0,198,0,0,0,0,0,17,0,179,0,0,0,0,0,0,0,0,2,212,0,0,0,0,0,0,96,0,0,0,0,4,218,0,0,0,0,0,0,0,0,0,0,0,0,0,0,0,165,0,0,0,0,0,0,0,4,0,196,0,0,0,0,0,0,3,0,0,0,45,0,0,0,0,0,0,0,0,0,0,0,0,0,0,0,0,0,0,38,0,0,5
31.5,0,0,0,0,0,198,0,0,0,0,0,17,0,179,0,0,0,0,0,0,0,0,2,212,0,0,0,0,0,0,96,0,0,0,0,4,218,0,0,0,0,0,0,0,0,0,0,0,0,0,0,0,166,0,0,0,0,0,0,0,4,0,197,0,0,0,0,0,0,3,0,0,0,48,0,0,0,0,0,0,0,0,0,0,0,0,0,0,0,0,0,0,39,0,0,5
31.75,0,0,0,0,0,198,0,0,0,0,0,17,0,179,0,0,0,0,0,0,0,0,2,212,0,0,0,0,0,0,96,0,0,0,0,4,220,0,0,0,0,0,0,0,0,0,0,0,0,0,0,0,167,0,0,0,0,0,0,0,4,0,198,0,0,0,0,0,0,3,0,0,0,50,0,0,0,0,0,0,0,0,0,0,0,0,0,0,0,0,0,0,42,0,0,5
32,0,0,0,0,0,198,0,0,0,0,0,17,0,181,0,0,0,0,0,0,0,0,2,212,0,0,0,0,0,0,96,0,0,0,0,4,220,0,0,0,0,0,0,0,0,0,0,0,0,0,0,0,167,0,0,0,0,0,0,0,4,0,198,0,0,0,0,0,0,3,0,0,0,51,0,0,0,0,0,0,0,0,0,0,0,0,0,0,0,0,0,0,42,0,0,5
32.25,0,0,0,0,0,199,0,0,0,0,0,17,0,181,0,0,0,0,0,0,0,0,2,215,0,0,0,0,0,0,97,0,0,0,0,4,220,0,0,0,0,0,0,0,0,0,0,0,0,0,0,0,168,0,0,0,0,0,0,0,4,0,198,0,0,0,0,0,0,3,0,0,0,53,0,0,0,0,0,0,0,0,0,0,0,0,0,0,0,0,0,0,43,0,0,5
32.5,0,0,0,0,0,199,0,0,0,0,0,17,0,181,0,0,0,0,0,0,0,0,2,215,0,0,0,0,0,0,97,0,0,0,0,4,220,0,0,0,0,0,0,0,0,0,0,0,0,0,0,0,169,0,0,0,0,0,0,0,4,0,199,0,0,0,0,0,0,3,0,0,0,54,0,0,0,0,0,0,0,0,0,0,0,0,0,0,0,0,0,0,43,0,0,5
32.75,0,0,0,0,0,199,0,0,0,0,0,17,0,181,0,0,0,0,0,0,0,0,2,215,0,0,0,0,0,0,97,0,0,0,0,4,220,0,0,0,0,0,0,0,0,0,0,0,0,0,0,0,169,0,0,0,0,0,0,0,4,0,199,0,0,0,0,0,0,3,0,0,0,57,0,0,0,0,0,0,0,0,0,0,0,0,0,0,0,0,0,0,46,0,0,5
33,0,0,0,0,0,200,0,0,0,0,0,17,0,181,0,0,0,0,0,0,0,0,2,215,0,0,0,0,0,0,97,0,0,0,0,4,220,0,0,0,0,0,0,0,0,0,0,0,0,0,0,0,171,0,0,0,0,0,0,0,4,0,201,0,0,0,0,0,0,3,0,0,0,60,0,0,0,0,0,0,0,0,0,0,0,0,0,0,0,0,0,0,51,0,0,5
33.25,0,0,0,0,0,200,0,0,0,0,0,17,0,181,0,0,0,0,0,0,0,0,2,216,0,0,0,0,0,0,99,0,0,0,0,4,220,0,0,0,0,0,0,0,0,0,0,0,0,0,0,0,171,0,0,0,0,0,0,0,4,0,201,0,0,0,0,0,0,3,0,0,0,60,0,0,0,0,0,0,0,0,0,0,0,0,0,0,0,0,0,0,51,0,0,5
33.5,0,0,0,0,0,200,0,0,0,0,0,17,0,181,0,0,0,0,0,0,0,0,2,216,0,0,0,0,0,0,99,0,0,0,0,4,220,0,0,0,0,0,0,0,0,0,0,0,0,0,0,0,171,0,0,0,0,0,0,0,4,0,201,0,0,0,0,0,0,3,0,0,0,61,0,0,0,0,0,0,0,0,0,0,0,0,0,0,0,0,0,0,51,0,0,5
33.75,0,0,0,0,0,200,0,0,0,0,0,17,0,181,0,0,0,0,0,0,0,0,2,216,0,0,0,0,0,0,99,0,0,0,0,4,220,0,0,0,0,0,0,0,0,0,0,0,0,0,0,0,172,0,0,0,0,0,0,0,4,0,201,0,0,0,0,0,0,3,0,0,0,61,0,0,0,0,0,0,0,0,0,0,0,0,0,0,0,0,0,0,54,0,0,5
34,0,0,0,0,0,200,0,0,0,0,0,17,0,181,0,0,0,0,0,0,0,0,2,216,0,0,0,0,0,0,99,0,0,0,0,4,220,0,0,0,0,0,0,0,0,0,0,0,0,0,0,0,174,0,0,0,0,0,0,0,4,0,201,0,0,0,0,0,0,3,0,0,0,64,0,0,0,0,0,0,0,0,0,0,0,0,0,0,0,0,0,0,55,0,0,5
34.25,0,0,0,0,0,200,0,0,0,0,0,17,0,181,0,0,0,0,0,0,0,0,2,216,0,0,0,0,0,0,99,0,0,0,0,4,220,0,0,0,0,0,0,0,0,0,0,0,0,0,0,0,174,0,0,0,0,0,0,0,4,0,201,0,0,0,0,0,0,3,0,0,0,66,0,0,0,0,0,0,0,0,0,0,0,0,0,0,0,0,0,0,57,0,0,5
34.5,0,0,0,0,0,200,0,0,0,0,0,17,0,183,0,0,0,0,0,0,0,0,2,216,0,0,0,0,0,0,102,0,0,0,0,4,221,0,0,0,0,0,0,0,0,0,0,0,0,0,0,0,177,0,0,0,0,0,0,0,4,0,201,0,0,0,0,0,0,3,0,0,0,66,0,0,0,0,0,0,0,0,0,0,0,0,0,0,0,0,0,0,57,0,0,5
34.75,0,0,0,0,0,201,0,0,0,0,0,17,0,183,0,0,0,0,0,0,0,0,2,217,0,0,0,0,0,0,102,0,0,0,0,4,221,0,0,0,0,0,0,0,0,0,0,0,0,0,0,0,178,0,0,0,0,0,0,0,4,0,201,0,0,0,0,0,0,3,0,0,0,68,0,0,0,0,0,0,0,0,0,0,0,0,0,0,0,0,0,0,58,0,0,5
35,0,0,0,0,0,201,0,0,0,0,0,17,0,183,0,0,0,0,0,0,0,0,2,217,0,0,0,0,0,0,102,0,0,0,0,4,221,0,0,0,0,0,0,0,0,0,0,0,0,0,0,0,178,0,0,0,0,0,0,0,4,0,202,0,0,0,0,0,0,3,0,0,0,69,0,0,0,0,0,0,0,0,0,0,0,0,0,0,0,0,0,0,60,0,0,5
35.25,0,0,0,0,0,202,0,0,0,0,0,17,0,183,0,0,0,0,0,0,0,0,2,217,0,0,0,0,0,0,102,0,0,0,0,4,221,0,0,0,0,0,0,0,0,0,0,0,0,0,0,0,178,0,0,0,0,0,0,0,4,0,203,0,0,0,0,0,0,3,0,0,0,71,0,0,0,0,0,0,0,0,0,0,0,0,0,0,0,0,0,0,62,0,0,5
35.5,0,0,0,0,0,202,0,0,0,0,0,17,0,183,0,0,0,0,0,0,0,0,2,217,0,0,0,0,0,0,104,0,0,0,0,4,221,0,0,0,0,0,0,0,0,0,0,0,0,0,0,0,181,0,0,0,0,0,0,0,4,0,203,0,0,0,0,0,0,3,0,0,0,71,0,0,0,0,0,0,0,0,0,0,0,0,0,0,0,0,0,0,65,0,0,5
35.75,0,0,0,0,0,202,0,0,0,0,0,17,0,183,0,0,0,0,0,0,0,0,2,217,0,0,0,0,0,0,104,0,0,0,0,4,221,0,0,0,0,0,0,0,0,0,0,0,0,0,0,0,181,0,0,0,0,0,0,0,4,0,204,0,0,0,0,0,0,3,0,0,0,72,0,0,0,0,0,0,0,0,0,0,0,0,0,0,0,0,0,0,65,0,0,5
36,0,0,0,0,0,202,0,0,0,0,0,17,0,183,0,0,0,0,0,0,0,0,2,217,0,0,0,0,0,0,104,0,0,0,0,4,221,0,0,0,0,0,0,0,0,0,0,0,0,0,0,0,182,0,0,0,0,0,0,0,4,0,204,0,0,0,0,0,0,3,0,0,0,76,0,0,0,0,0,0,0,0,0,0,0,0,0,0,0,0,0,0,66,0,0,5
36.25,0,0,0,0,0,202,0,0,0,0,0,17,0,183,0,0,0,0,0,0,0,0,2,217,0,0,0,0,0,0,104,0,0,0,0,4,221,0,0,0,0,0,0,0,0,0,0,0,0,0,0,0,182,0,0,0,0,0,0,0,4,0,205,0,0,0,0,0,0,3,0,0,0,76,0,0,0,0,0,0,0,0,0,0,0,0,0,0,0,0,0,0,69,0,0,5
36.5,0,0,0,0,0,202,0,0,0,0,0,17,0,185,0,0,1,0,0,0,0,0,2,218,0,0,0,0,0,0,105,0,0,0,0,4,221,0,0,0,0,0,0,0,0,0,0,0,0,0,0,0,183,0,0,0,0,0,0,0,4,0,205,0,0,0,0,0,0,3,0,0,0,76,0,0,0,0,0,0,0,0,0,0,0,0,0,0,0,0,0,0,69,0,0,5
36.75,0,0,0,0,0,202,0,0,0,0,0,17,0,185,0,0,3,0,0,0,0,0,2,218,0,0,0,0,0,0,105,0,0,0,0,4,221,0,0,0,0,0,0,0,0,0,0,0,0,0,0,0,186,0,0,0,0,0,0,0,4,0,205,0,0,0,0,0,0,3,0,0,0,76,0,0,0,0,0,0,0,0,0,0,0,0,0,0,0,0,0,0,70,0,0,5
37,0,0,0,0,0,202,0,0,0,0,0,17,0,185,0,0,5,0,0,0,0,0,2,218,0,0,0,0,0,0,105,0,0,0,0,4,221,0,0,0,0,0,0,0,0,0,0,0,0,0,0,0,186,0,0,0,0,0,0,0,4,0,205,0,0,0,0,0,0,3,0,0,0,80,0,0,0,0,0,0,0,0,0,0,0,0,0,0,0,0,0,0,75,0,0,5
37.25,0,0,0,0,0,202,0,0,0,0,0,17,0,186,0,0,8,0,0,0,0,0,2,220,0,0,0,0,0,0,106,0,0,0,0,4,221,0,0,0,0,0,0,0,0,0,0,0,0,0,0,0,189,0,0,0,0,0,0,0,4,0,205,0,0,0,0,0,0,3,0,0,0,80,0,0,0,0,0,0,0,0,0,0,0,0,0,0,0,0,0,0,75,0,0,5
37.5,0,0,0,0,0,203,0,0,0,0,0,17,0,186,0,0,11,0,0,0,0,0,2,220,0,0,0,0,0,0,106,0,0,0,0,4,221,0,0,0,0,0,0,0,0,0,0,0,0,0,0,0,189,0,0,0,0,0,0,0,4,0,207,0,0,0,0,0,0,3,0,0,0,81,0,0,0,0,0,0,0,0,0,0,0,0,0,0,0,0,0,0,75,0,0,5
37.75,0,0,0,0,0,205,0,0,0,0,0,17,0,189,0,0,16,0,0,0,0,0,2,221,0,0,0,0,0,0,111,0,0,0,0,4,221,0,0,0,0,0,0,0,0,0,0,0,0,0,0,0,190,0,0,0,0,0,0,0,4,0,207,0,0,0,0,0,0,3,0,0,0,84,0,0,0,0,0,0,0,0,0,0,0,0,0,0,0,0,0,0,77,0,0,5
38,0,0,0,0,0,205,0,0,0,0,0,17,0,189,0,0,18,0,0,0,0,0,2,221,0,0,0,0,0,0,111,0,0,0,0,4,221,0,0,0,0,0,0,0,0,0,0,0,0,0,0,0,192,0,0,0,0,0,0,0,4,0,207,0,0,0,0,0,0,3,0,0,0,86,0,0,0,0,0,0,0,0,0,0,0,0,0,0,0,0,0,0,77,0,0,5
38.25,0,0,0,0,0,205,0,0,0,0,0,17,0,189,0,0,18,0,0,0,0,0,2,221,0,0,0,0,0,0,111,0,0,0,0,4,221,0,0,0,0,0,0,0,0,0,0,0,0,0,0,0,192,0,0,0,0,0,0,0,4,0,207,0,0,0,0,0,0,3,0,0,0,87,0,0,0,0,0,0,0,0,0,0,0,0,0,0,0,0,0,0,79,0,0,5
38.5,0,0,0,0,0,205,0,0,0,0,0,17,0,189,0,0,21,0,0,0,0,0,2,221,0,0,0,0,0,0,111,0,0,0,0,4,221,0,0,0,0,0,0,0,0,0,0,0,0,0,0,0,192,0,0,0,0,0,0,0,4,0,209,0,0,0,0,0,0,3,0,0,0,91,0,0,0,0,0,0,0,0,0,0,0,0,0,0,0,0,0,0,82,0,0,5
38.75,0,0,0,0,0,205,0,0,0,0,0,17,0,189,0,0,24,0,0,0,0,0,2,221,0,0,0,0,0,0,111,0,0,0,0,4,221,0,0,0,0,0,0,0,0,0,0,0,0,0,0,0,193,0,0,0,0,0,0,0,4,0,209,0,0,0,0,0,0,3,0,0,0,91,0,0,0,0,0,0,0,0,0,0,0,0,0,0,0,0,0,0,82,0,0,5
39,0,0,0,0,0,205,0,0,0,0,0,17,0,189,0,0,27,0,0,0,0,0,2,221,0,0,0,0,0,0,111,0,0,0,0,4,221,0,0,0,0,0,0,0,0,0,0,0,0,0,0,0,194,0,0,0,0,0,0,0,4,0,209,0,0,0,0,0,0,3,0,0,0,93,0,0,0,0,0,0,0,0,0,0,0,0,0,0,0,0,0,0,82,0,0,5
39.25,0,0,0,0,0,205,0,0,0,0,0,17,0,189,0,0,29,0,0,0,0,0,2,221,0,0,0,0,0,0,111,0,0,0,0,4,221,0,0,0,0,0,0,0,0,0,0,0,0,0,0,0,194,0,0,0,0,0,0,0,4,0,209,0,0,0,0,0,0,3,0,0,0,93,0,0,0,0,0,0,0,0,0,0,0,0,0,0,0,0,0,0,83,0,0,5
39.5,0,0,0,0,0,205,0,0,0,0,0,17,0,189,0,0,34,0,0,0,0,0,2,221,0,0,0,0,0,0,114,0,0,0,0,4,221,0,0,0,0,0,0,0,0,0,0,0,0,0,0,0,196,0,0,0,0,0,0,0,4,0,209,0,0,0,0,0,0,3,0,0,0,95,0,0,0,0,0,0,0,0,0,0,0,0,0,0,0,0,0,0,86,0,0,5
39.75,0,0,0,0,0,205,0,0,0,0,0,17,0,189,0,0,38,0,0,0,0,0,2,223,0,0,0,0,0,0,114,0,0,0,0,4,221,0,0,0,0,0,0,0,0,0,0,0,0,0,0,0,197,0,0,0,0,0,0,0,4,0,210,0,0,0,0,0,0,3,0,0,0,95,0,0,0,0,0,0,0,0,0,0,0,0,0,0,0,0,0,0,86,0,0,5
40,0,0,0,0,0,205,0,0,0,0,0,17,0,189,0,0,39,0,0,0,0,0,2,223,0,0,0,0,0,0,114,0,0,0,0,4,221,0,0,0,0,0,0,0,0,0,0,0,0,0,0,0,198,0,0,0,0,0,0,0,4,0,210,0,0,0,0,0,0,3,0,0,0,95,0,0,0,0,0,0,0,0,0,0,0,0,0,0,0,0,0,0,86,0,0,5
40.25,0,0,0,0,0,205,0,0,0,0,0,17,0,189,0,0,42,0,0,0,0,0,2,223,0,0,0,0,0,0,114,0,0,0,0,4,221,0,0,0,0,0,0,0,0,0,0,0,0,0,0,0,198,0,0,0,0,0,0,0,4,0,211,0,0,0,0,0,0,3,0,0,0,98,0,0,0,0,0,0,0,0,0,0,0,0,0,0,0,0,0,0,88,0,0,5
40.5,0,0,0,0,0,207,0,0,0,0,0,17,0,189,0,0,45,0,0,0,0,0,2,223,0,0,0,0,0,0,115,0,0,0,0,4,221,0,0,0,0,0,0,0,0,0,0,0,0,0,0,0,198,0,0,0,0,0,0,0,4,0,211,0,0,0,0,0,0,3,0,0,0,99,0,0,0,0,0,0,0,0,0,0,0,0,0,0,0,0,0,0,90,0,0,5
40.75,0,0,0,0,0,207,0,0,0,0,0,17,0,190,0,0,46,0,0,0,0,0,2,223,0,0,0,0,0,0,115,0,0,0,0,4,221,0,0,0,0,0,0,0,0,0,0,0,0,0,0,0,199,0,0,0,0,0,0,0,4,0,211,0,0,0,0,0,0,3,0,0,0,99,0,0,0,0,0,0,0,0,0,0,0,0,0,0,0,0,0,0,90,0,0,5
41,0,0,0,0,0,207,0,0,0,0,0,17,0,192,0,0,53,0,0,0,0,0,2,223,0,0,0,0,0,0,116,0,0,0,0,4,221,0,0,0,0,0,0,0,0,0,0,0,0,0,0,0,200,0,0,0,0,0,0,0,4,0,211,0,0,0,0,0,0,3,0,0,0,101,0,0,0,0,0,0,0,0,0,0,0,0,0,0,0,0,0,0,91,0,0,5
41.25,0,0,0,0,0,207,0,0,0,0,0,17,0,192,0,0,53,0,0,0,0,0,2,223,0,0,0,0,0,0,116,0,0,0,0,4,221,0,0,0,0,0,0,0,0,0,0,0,0,0,0,0,200,0,0,0,0,0,0,0,4,0,211,0,0,0,0,0,0,3,0,0,0,102,0,0,0,0,0,0,0,0,0,0,0,0,0,0,0,0,0,0,91,0,0,5
41.5,0,0,0,0,0,207,0,0,0,0,0,17,0,192,0,0,54,0,0,0,0,0,2,223,0,0,0,0,0,0,116,0,0,0,0,4,221,0,0,0,0,0,0,0,0,0,0,0,0,0,0,0,200,0,0,0,0,0,0,0,4,0,212,0,0,0,0,0,0,3,0,0,0,106,0,0,0,0,0,0,0,0,0,0,0,0,0,0,0,0,0,0,95,0,0,5
41.75,0,0,0,0,0,207,0,0,0,0,0,17,0,192,0,0,59,0,0,0,0,0,2,223,0,0,0,0,0,0,116,0,0,0,0,4,221,0,0,0,0,0,0,0,0,0,0,0,0,0,0,0,202,0,0,0,0,0,0,0,4,0,212,0,0,0,0,0,0,3,0,0,0,106,0,0,0,0,0,0,0,0,0,0,0,0,0,0,0,0,0,0,96,0,0,5
42,0,0,0,0,0,207,0,0,0,0,0,17,0,192,0,0,60,0,0,0,0,0,2,223,0,0,0,0,0,0,116,0,0,0,0,4,221,0,0,0,0,0,0,0,0,0,0,0,0,0,0,0,202,0,0,0,0,0,0,0,4,0,212,0,0,0,0,0,0,3,0,0,0,106,0,0,0,0,0,0,0,0,0,0,0,0,0,0,0,0,0,0,96,0,0,5
42.25,0,0,0,0,0,207,0,0,0,0,0,17,0,192,0,0,62,0,0,0,0,0,2,223,0,0,0,0,0,0,116,0,0,0,0,4,221,0,0,0,0,0,0,0,0,0,0,0,0,0,0,0,203,0,0,0,0,0,0,0,4,0,213,0,0,0,0,0,0,3,0,0,0,107,0,0,0,0,0,0,0,0,0,0,0,0,0,0,0,0,0,0,96,0,0,5
42.5,0,0,0,0,0,207,0,0,0,0,0,17,0,192,0,0,68,0,0,0,0,0,2,223,0,0,0,0,0,0,118,0,0,0,0,4,221,0,0,0,0,0,0,0,0,0,0,0,0,0,0,0,204,0,0,0,0,0,0,0,4,0,213,0,0,0,0,0,0,3,0,0,0,107,0,0,0,0,0,0,0,0,0,0,0,0,0,0,0,0,0,0,96,0,0,5
42.75,0,0,0,0,0,208,0,0,0,0,0,17,0,192,0,0,70,0,0,0,0,0,2,223,0,0,0,0,0,0,118,0,0,0,0,4,221,0,0,0,0,0,0,0,0,0,0,0,0,0,0,0,205,0,0,0,0,0,0,0,4,0,213,0,0,0,0,0,0,3,0,0,0,108,0,0,0,0,0,0,0,0,0,0,0,0,0,0,0,0,0,0,98,0,0,5
43,0,0,0,0,0,208,0,0,0,0,0,17,0,193,0,0,72,0,0,0,0,0,2,223,0,0,0,0,0,0,120,0,0,0,0,4,221,0,0,0,0,0,0,0,0,0,0,0,0,0,0,0,205,0,0,0,0,0,0,0,4,0,213,0,0,0,0,0,0,3,0,0,0,109,0,0,0,0,0,0,0,0,0,0,0,0,0,0,0,0,0,0,98,0,0,5
43.25,0,0,0,0,0,208,0,0,0,0,0,17,0,193,0,0,72,0,0,0,0,0,2,223,0,0,0,0,0,0,120,0,0,0,0,4,221,0,0,0,0,0,0,0,0,0,0,0,0,0,0,0,205,0,0,0,0,0,0,0,4,0,213,0,0,0,0,0,0,3,0,0,0,109,0,0,0,0,0,0,0,0,0,0,0,0,0,0,0,0,0,0,98,0,0,5
43.5,0,0,0,0,0,208,0,0,0,0,0,17,0,195,0,0,79,0,0,0,0,0,2,223,0,0,0,0,0,0,121,0,0,0,0,4,221,0,0,0,0,0,0,0,0,0,0,0,0,0,0,0,207,0,0,0,0,0,0,0,4,0,213,0,0,0,0,0,0,3,0,0,0,110,0,0,0,0,0,0,0,0,0,0,0,0,0,0,0,0,0,0,99,0,0,5
43.75,0,0,0,0,0,208,0,0,0,0,0,17,0,195,0,0,81,0,0,0,0,0,2,223,0,0,0,0,0,0,122,0,0,0,0,4,221,0,0,0,0,0,0,0,0,0,0,0,0,0,0,0,207,0,0,0,0,0,0,0,4,0,213,0,0,0,0,0,0,3,0,0,0,110,0,0,0,0,0,0,0,0,0,0,0,0,0,0,0,0,0,0,99,0,0,5
44,0,0,0,0,0,209,0,0,0,0,0,17,0,195,0,0,81,0,0,0,0,0,2,223,0,0,0,0,0,0,122,0,0,0,0,4,221,0,0,0,0,0,0,0,0,0,0,0,0,0,0,0,207,0,0,0,0,0,0,0,4,0,214,0,0,0,0,0,0,3,0,0,0,111,0,0,0,0,0,0,0,0,0,0,0,0,0,0,0,0,0,0,99,0,0,5
44.25,0,0,0,0,0,209,0,0,0,0,0,17,0,195,0,0,85,0,0,0,0,0,2,223,0,0,0,0,0,0,122,0,0,0,0,4,221,0,0,0,0,0,0,0,0,0,0,0,0,0,0,0,207,0,0,0,0,0,0,0,4,0,214,0,0,0,0,0,0,3,0,0,0,113,0,0,0,0,0,0,0,0,0,0,0,0,0,0,0,0,0,0,101,0,0,5
44.5,0,0,0,0,0,209,0,0,0,0,0,17,0,195,0,0,86,0,0,0,0,0,2,223,0,0,0,0,0,0,122,0,0,0,0,4,221,0,0,0,0,0,0,0,0,0,0,0,0,0,0,0,207,0,0,0,0,0,0,0,4,0,215,0,0,0,0,0,0,3,0,0,0,117,0,0,0,0,0,0,0,0,0,0,0,0,0,0,0,0,0,0,106,0,0,5
44.75,0,0,0,0,0,209,0,0,0,0,0,17,0,195,0,0,90,0,0,0,0,0,2,223,0,0,0,0,0,0,122,0,0,0,0,4,221,0,0,0,0,0,0,0,0,0,0,0,0,0,0,0,208,0,0,0,0,0,0,0,4,0,215,0,0,0,0,0,0,3,0,0,0,117,0,0,0,0,0,0,0,0,0,0,0,0,0,0,0,0,0,0,106,0,0,5
45,0,0,0,0,0,209,0,0,0,0,0,17,0,198,0,0,95,0,0,0,0,0,2,223,0,0,0,0,0,0,125,0,0,0,0,4,221,0,0,0,0,0,0,0,0,0,0,0,0,0,0,0,211,0,0,0,0,0,0,0,4,0,215,0,0,0,0,0,0,3,0,0,0,117,0,0,0,0,0,0,0,0,0,0,0,0,0,0,0,0,0,0,106,0,0,5
45.25,0,0,0,0,0,210,0,0,0,0,0,17,0,198,0,0,96,0,0,0,0,0,2,223,0,0,0,0,0,0,125,0,0,0,0,4,221,0,0,0,0,0,0,0,0,0,0,0,0,0,0,0,211,0,0,0,0,0,0,0,4,0,215,0,0,0,0,0,0,3,0,0,0,117,0,0,0,0,0,0,0,0,0,0,0,0,0,0,0,0,0,0,106,0,0,5
45.5,0,0,0,0,0,210,0,0,0,0,0,17,0,198,0,0,96,0,0,0,0,0,2,223,0,0,0,0,0,0,125,0,0,0,0,4,221,0,0,0,0,0,0,0,0,0,0,0,0,0,0,0,211,0,0,0,0,0,0,0,4,0,215,0,0,0,0,0,0,3,0,0,0,117,0,0,0,0,0,0,0,0,0,0,0,0,0,0,0,0,0,0,106,0,0,5
45.75,0,0,0,0,0,210,0,0,0,0,0,17,0,198,0,0,102,0,0,0,0,0,2,224,0,0,0,0,0,0,127,0,0,0,0,4,221,0,0,0,0,0,0,0,0,0,0,0,0,0,0,0,211,0,0,0,0,0,0,0,4,0,215,0,0,0,0,0,0,3,0,0,0,122,0,0,0,0,0,0,0,0,0,0,0,0,0,0,0,0,0,0,107,0,0,5
46,0,0,0,0,0,211,0,0,0,0,0,17,0,200,0,0,106,0,0,0,0,0,2,224,0,0,0,0,0,0,129,0,0,0,0,4,221,0,0,0,0,0,0,0,0,0,0,0,0,0,0,0,211,0,0,0,0,0,0,0,4,0,215,0,0,0,0,0,0,3,0,0,0,122,0,0,0,0,0,0,0,0,0,0,0,0,0,0,0,0,0,0,110,0,0,5
46.25,0,0,0,0,0,211,0,0,0,0,0,17,0,200,0,0,106,0,0,0,0,0,2,224,0,0,0,0,0,0,129,0,0,0,0,4,221,0,0,0,0,0,0,0,0,0,0,0,0,0,0,0,211,0,0,0,0,0,0,0,4,0,215,0,0,0,0,0,0,3,0,0,0,122,0,0,0,0,0,0,0,0,0,0,0,0,0,0,0,0,0,0,110,0,0,5
46.5,0,0,0,0,0,211,0,0,0,0,0,17,0,200,0,0,108,0,0,0,0,0,2,224,0,0,0,0,0,0,129,0,0,0,0,4,221,0,0,0,0,0,0,0,0,0,0,0,0,0,0,0,212,0,0,0,0,0,0,0,4,0,215,0,0,0,0,0,0,3,0,0,0,122,0,0,0,0,0,0,0,0,0,0,0,0,0,0,0,0,0,0,110,0,0,5
46.75,0,0,0,0,0,211,0,0,0,0,0,17,0,200,0,0,108,0,0,0,0,0,2,224,0,0,0,0,0,0,129,0,0,0,0,4,221,0,0,0,0,0,0,0,0,0,0,0,0,0,0,0,212,0,0,0,0,0,0,0,4,0,217,0,0,0,0,0,0,3,0,0,0,122,0,0,0,0,0,0,0,0,0,0,0,0,0,0,0,0,0,0,111,0,0,5
47,0,0,0,0,0,211,0,0,0,0,0,17,0,200,0,0,109,0,0,0,0,0,2,224,0,0,0,0,0,0,129,0,0,0,0,4,221,0,0,0,0,0,0,0,0,0,0,0,0,0,0,0,212,0,0,0,0,0,0,0,4,0,217,0,0,0,0,0,0,3,0,0,0,124,0,0,0,0,0,0,0,0,0,0,0,0,0,0,0,0,0,0,111,0,0,5
47.25,0,0,0,0,0,211,0,0,0,0,0,17,0,200,0,0,112,0,0,0,0,0,2,224,0,0,0,0,0,0,129,0,0,0,0,4,221,0,0,0,0,0,0,0,0,0,0,0,0,0,0,0,212,0,0,0,0,0,0,0,5,0,217,0,0,0,0,0,0,3,0,0,0,124,0,0,0,0,0,0,0,0,0,0,0,0,0,0,0,0,0,0,111,0,0,5
47.5,0,0,0,0,0,211,0,0,0,0,0,17,0,200,0,0,112,0,0,0,0,0,2,224,0,0,0,0,0,0,129,0,0,0,0,4,221,0,0,0,0,0,0,0,0,0,0,0,0,0,0,0,212,0,0,0,0,0,0,0,5,0,217,0,0,0,0,0,0,3,0,0,0,124,0,0,0,0,0,0,0,0,0,0,0,0,0,0,0,0,0,0,111,0,0,5
47.75,0,0,0,0,0,211,0,0,0,0,0,17,0,200,0,0,116,0,0,0,0,0,2,224,0,0,0,0,0,0,129,0,0,0,0,4,221,0,0,0,0,0,0,0,0,0,0,0,0,0,0,0,212,0,0,0,0,0,0,0,5,0,217,0,0,0,0,0,0,3,0,0,0,124,0,0,0,0,0,0,0,0,0,0,0,0,0,0,0,0,0,0,116,0,0,5
