Data File    , C:\Program Files\Biolog\OL_DC_23\PMX\Data_2013\09\PMX_443_130912_B_18.OKA,,,,,,,,,,,,,,,,,,,,,,,,,,,,,,,,,,,,,,,,,,,,,,,,,,,,,,,,,,,,,,,,,,,,,,,,,,,,,,,,,,,,,,,,,,,,,,,
Set up Time  ,Sep 12 2013 3:07 PM,,,,,,,,,,,,,,,,,,,,,,,,,,,,,,,,,,,,,,,,,,,,,,,,,,,,,,,,,,,,,,,,,,,,,,,,,,,,,,,,,,,,,,,,,,,,,,,
Position     , 9-B,,,,,,,,,,,,,,,,,,,,,,,,,,,,,,,,,,,,,,,,,,,,,,,,,,,,,,,,,,,,,,,,,,,,,,,,,,,,,,,,,,,,,,,,,,,,,,,
Plate Type   ,PM 2-,,,,,,,,,,,,,,,,,,,,,,,,,,,,,,,,,,,,,,,,,,,,,,,,,,,,,,,,,,,,,,,,,,,,,,,,,,,,,,,,,,,,,,,,,,,,,,,
Strain Type  ,---,,,,,,,,,,,,,,,,,,,,,,,,,,,,,,,,,,,,,,,,,,,,,,,,,,,,,,,,,,,,,,,,,,,,,,,,,,,,,,,,,,,,,,,,,,,,,,,
Sample Number,,,,,,,,,,,,,,,,,,,,,,,,,,,,,,,,,,,,,,,,,,,,,,,,,,,,,,,,,,,,,,,,,,,,,,,,,,,,,,,,,,,,,,,,,,,,,,,,
Strain Name  ,,,,,,,,,,,,,,,,,,,,,,,,,,,,,,,,,,,,,,,,,,,,,,,,,,,,,,,,,,,,,,,,,,,,,,,,,,,,,,,,,,,,,,,,,,,,,,,,
Strain Number,ECI-504 (3),,,,,,,,,,,,,,,,,,,,,,,,,,,,,,,,,,,,,,,,,,,,,,,,,,,,,,,,,,,,,,,,,,,,,,,,,,,,,,,,,,,,,,,,,,,,,,,
Other        ,PM2A,,,,,,,,,,,,,,,,,,,,,,,,,,,,,,,,,,,,,,,,,,,,,,,,,,,,,,,,,,,,,,,,,,,,,,,,,,,,,,,,,,,,,,,,,,,,,,,
,,,,,,,,,,,,,,,,,,,,,,,,,,,,,,,,,,,,,,,,,,,,,,,,,,,,,,,,,,,,,,,,,,,,,,,,,,,,,,,,,,,,,,,,,,,,,,,,
Hour,  A01,  A02,  A03,  A04,  A05,  A06,  A07,  A08,  A09,  A10,  A11,  A12,  B01,  B02,  B03,  B04,  B05,  B06,  B07,  B08,  B09,  B10,  B11,  B12,  C01,  C02,  C03,  C04,  C05,  C06,  C07,  C08,  C09,  C10,  C11,  C12,  D01,  D02,  D03,  D04,  D05,  D06,  D07,  D08,  D09,  D10,  D11,  D12,  E01,  E02,  E03,  E04,  E05,  E06,  E07,  E08,  E09,  E10,  E11,  E12,  F01,  F02,  F03,  F04,  F05,  F06,  F07,  F08,  F09,  F10,  F11,  F12,  G01,  G02,  G03,  G04,  G05,  G06,  G07,  G08,  G09,  G10,  G11,  G12,  H01,  H02,  H03,  H04,  H05,  H06,  H07,  H08,  H09,  H10,  H11,  H12
0,0,0,0,0,0,0,0,0,0,0,0,8,0,0,0,0,0,0,0,0,0,0,0,0,0,0,0,0,0,0,0,0,0,0,0,0,0,0,0,0,0,0,0,0,0,0,0,0,0,0,0,0,0,0,0,0,0,0,0,0,0,0,0,0,0,0,0,0,0,0,0,0,0,0,0,0,0,0,0,0,0,0,0,0,0,0,0,0,0,0,0,0,22,0,0,0
0.25,0,0,0,0,0,0,0,0,0,0,0,9,0,0,0,0,0,0,0,0,0,0,0,0,0,0,0,0,0,0,0,0,0,0,0,0,0,0,0,0,0,0,0,0,0,0,0,0,0,0,0,0,0,0,0,0,0,0,0,0,0,0,0,0,0,0,0,0,0,0,0,0,0,0,0,0,0,0,0,0,0,0,0,0,0,0,0,0,0,0,0,0,22,0,0,0
0.5,0,0,0,0,0,0,0,0,0,0,1,13,0,0,0,0,0,0,0,0,0,0,0,0,0,0,0,0,0,0,0,0,0,0,0,0,0,0,0,0,0,0,0,0,0,0,0,2,5,0,0,0,0,0,0,0,0,0,0,0,0,0,0,0,0,0,0,0,0,0,0,0,0,0,0,0,0,0,0,0,0,0,0,0,0,0,0,0,0,0,0,0,23,0,0,0
0.75,0,0,0,0,0,0,0,0,0,0,1,15,0,0,0,0,0,0,0,0,0,0,0,0,0,0,0,0,0,0,0,0,0,0,0,0,0,0,0,0,0,0,0,0,0,0,0,2,7,0,0,0,0,0,0,0,0,0,0,0,0,0,0,0,0,0,0,0,0,0,0,0,0,0,0,0,0,0,0,0,0,0,0,0,0,0,0,0,0,0,0,0,24,0,0,0
1,0,0,0,0,0,0,0,0,0,0,4,16,0,0,0,0,0,0,0,0,0,0,0,0,0,0,0,0,0,0,0,0,0,0,0,0,0,0,0,0,0,0,0,0,0,0,0,2,8,0,0,0,0,0,0,0,0,0,0,0,0,0,0,0,0,0,0,0,0,0,0,0,0,0,0,0,0,0,0,0,0,0,0,0,0,0,0,0,0,0,0,0,24,0,0,0
1.25,0,0,0,0,0,0,0,0,0,0,3,15,0,0,0,0,0,0,0,0,0,0,0,0,0,0,0,0,0,0,0,0,0,0,0,0,0,0,0,0,0,0,0,0,0,0,0,1,7,0,0,0,0,0,0,0,0,0,0,0,0,0,0,0,0,0,0,0,0,0,0,0,0,0,0,0,0,0,0,0,0,0,0,0,0,0,0,0,0,0,0,0,23,0,0,0
1.5,0,0,0,0,0,0,0,0,0,0,3,15,0,0,0,0,0,0,0,0,0,0,0,0,0,0,0,0,0,0,0,0,0,0,0,0,0,0,0,0,0,0,0,0,0,0,0,1,7,0,0,0,0,0,0,0,0,0,0,0,0,0,0,0,0,0,0,0,0,0,0,0,0,0,0,0,0,0,0,0,0,0,0,0,0,0,0,0,0,0,0,0,23,0,0,0
1.75,0,0,0,0,0,0,0,0,0,0,2,14,0,0,0,0,0,0,0,0,0,0,0,0,0,0,0,0,0,0,0,0,0,0,0,0,0,0,0,0,0,0,0,0,0,0,0,0,6,0,0,0,0,0,0,0,0,0,0,0,0,0,0,0,0,0,0,0,0,0,0,0,0,0,0,0,0,0,0,0,0,0,0,0,0,0,0,0,0,0,0,0,22,0,0,0
2,0,0,0,0,0,0,0,0,0,0,0,12,0,0,0,0,0,0,0,0,0,0,0,0,0,0,0,0,0,0,0,0,0,0,0,0,0,0,0,0,0,0,0,0,0,0,0,0,4,0,0,0,0,0,0,0,0,0,0,0,0,0,0,0,0,0,0,0,0,0,0,0,0,0,0,0,0,0,0,0,0,0,0,0,0,0,0,0,0,0,0,0,20,0,0,0
2.25,0,0,0,0,0,0,0,0,0,0,0,12,0,0,0,0,0,0,0,0,0,0,0,0,0,0,0,0,0,0,0,0,0,0,0,0,0,0,0,0,0,0,0,0,0,0,0,0,4,0,0,0,0,0,0,0,0,0,0,0,0,0,0,0,0,0,0,0,0,0,0,0,0,0,0,0,0,0,0,0,0,0,0,0,0,0,0,0,0,0,0,0,20,0,0,0
2.5,0,0,0,0,0,0,0,0,0,0,0,12,0,0,0,0,0,0,0,0,0,0,0,0,0,0,0,0,0,0,0,0,0,0,0,0,0,0,0,0,0,0,0,0,0,0,0,0,4,0,0,0,0,0,0,0,0,0,0,0,0,0,0,0,0,0,0,0,0,0,0,0,0,0,0,0,0,0,0,0,0,0,0,0,0,0,0,0,0,0,0,0,20,0,0,0
2.75,0,0,0,0,0,0,0,0,0,0,3,13,0,0,0,0,0,0,0,0,0,0,0,0,0,0,0,0,0,0,0,0,0,0,0,0,0,0,0,0,0,0,0,0,0,0,0,0,4,0,0,0,0,0,0,0,0,0,0,0,0,0,0,0,0,0,0,0,0,0,0,0,0,0,0,0,0,0,0,0,0,0,0,0,0,0,0,0,0,0,0,0,20,0,0,0
3,0,0,0,0,0,0,0,0,0,0,3,13,0,0,0,0,0,0,0,0,0,0,0,0,0,0,0,0,0,0,0,0,0,0,0,0,0,0,0,0,0,0,0,0,0,0,0,0,4,0,0,0,0,0,0,0,0,0,0,0,0,0,0,0,0,0,0,0,0,0,0,0,0,0,0,0,0,0,0,0,0,0,0,0,0,0,0,0,0,0,0,0,20,0,0,0
3.25,0,0,0,0,0,0,0,0,0,0,0,15,0,0,0,0,0,0,0,0,0,0,0,0,0,0,0,0,0,0,0,0,0,0,0,0,0,0,0,0,0,0,0,0,0,0,0,0,0,0,0,0,0,0,0,0,0,0,0,0,0,0,0,0,0,0,0,0,0,0,0,0,0,0,0,0,0,0,0,0,0,0,0,0,0,0,0,0,0,0,0,0,15,0,0,0
3.5,0,0,0,0,0,0,0,0,0,0,0,17,0,0,0,0,0,0,0,0,0,0,0,0,0,0,0,0,0,0,0,0,0,0,0,0,0,0,0,0,0,0,0,0,0,0,0,0,0,0,0,0,0,0,0,0,0,0,0,0,0,0,0,0,0,0,0,0,0,0,0,0,0,0,0,0,0,0,0,0,0,0,0,0,0,0,0,0,0,0,0,0,13,0,0,0
3.75,0,0,0,0,0,8,0,1,0,0,9,25,0,0,0,0,0,0,0,0,0,0,0,0,0,0,0,0,0,0,0,0,0,0,0,0,0,0,0,0,0,0,0,0,0,0,0,0,0,0,0,0,0,0,0,0,0,0,0,0,0,0,0,0,0,0,0,0,0,0,0,0,0,0,0,0,0,0,0,0,0,0,0,0,0,0,0,0,0,0,0,0,9,0,0,0
4,0,0,0,0,0,8,0,1,0,0,9,25,0,0,0,0,0,0,0,0,0,0,0,0,0,0,0,0,0,0,0,0,0,0,0,0,0,0,0,0,0,0,0,0,0,0,0,0,0,0,0,0,0,0,0,0,0,0,0,0,0,0,0,0,0,0,0,0,0,0,0,0,0,0,0,0,0,0,0,0,0,0,0,0,0,0,0,0,0,0,0,0,9,0,0,0
4.25,0,0,0,0,0,14,0,1,0,0,9,25,0,1,0,0,0,0,0,0,0,0,0,0,0,0,0,0,0,0,0,0,0,0,0,0,0,0,0,0,0,0,0,0,0,0,0,0,0,0,0,0,0,0,0,0,0,0,0,0,0,0,0,0,0,0,0,0,0,0,0,0,0,0,0,0,0,0,0,0,0,0,0,0,0,0,0,0,0,0,0,0,9,0,0,0
4.5,0,0,0,0,0,24,0,2,0,0,9,25,0,4,0,0,0,0,0,0,0,0,0,0,0,0,0,0,0,0,0,0,0,0,0,0,4,0,0,0,0,0,0,0,0,0,0,0,0,0,0,0,0,0,0,0,0,0,0,0,0,0,0,0,0,0,0,0,0,0,0,0,0,0,0,0,0,0,0,0,0,0,0,0,0,0,0,0,0,0,0,0,9,0,0,0
4.75,0,0,0,0,0,31,0,5,0,0,9,25,0,9,0,0,0,0,0,0,0,0,2,0,0,0,0,0,0,0,0,0,0,0,0,0,7,0,0,0,0,0,0,0,0,0,0,0,0,0,0,0,0,0,0,0,0,0,0,0,2,0,0,0,0,0,0,0,0,0,0,0,0,0,0,0,0,0,0,0,0,0,0,0,0,0,0,0,0,0,0,0,9,0,0,5
5,0,0,0,0,0,36,0,3,0,0,7,23,0,10,0,0,0,0,0,0,0,0,1,0,0,0,0,0,0,0,0,0,0,0,0,0,8,0,0,0,0,0,0,0,0,0,0,0,0,0,0,0,0,0,0,0,0,0,0,0,0,0,0,0,0,0,0,0,0,0,0,0,0,0,0,0,0,0,0,0,0,0,0,0,0,0,0,0,0,0,0,0,7,0,0,3
5.25,0,0,0,0,0,44,0,4,0,0,7,23,0,15,0,0,0,0,0,0,0,0,2,0,0,0,0,0,0,0,0,0,0,0,0,0,12,0,0,0,0,0,0,0,0,0,0,0,0,0,0,0,0,0,0,0,0,0,0,0,2,0,0,0,0,0,0,0,0,0,0,0,0,0,0,0,0,0,0,0,0,0,0,0,0,0,0,0,0,0,0,0,8,0,0,3
5.5,0,0,0,0,0,50,0,4,0,0,6,22,0,20,0,0,0,0,0,0,0,0,4,0,0,0,0,0,0,0,0,0,0,0,0,0,15,0,0,0,0,0,0,0,0,0,0,0,0,0,0,0,3,0,0,0,0,0,0,0,1,0,2,0,0,0,0,0,0,0,0,0,0,0,0,0,0,0,0,0,0,0,0,0,0,0,0,0,0,0,0,0,7,0,0,2
5.75,0,0,0,0,0,58,0,4,0,0,5,21,0,24,0,0,0,0,0,0,0,0,4,0,0,0,0,0,0,0,0,0,0,0,0,0,18,0,0,0,0,0,0,0,0,0,0,0,0,0,0,0,7,0,0,0,0,0,0,0,0,0,6,0,0,0,0,0,0,0,0,0,0,0,0,0,0,0,0,0,0,0,0,0,0,0,0,0,0,0,0,0,6,0,0,1
6,0,0,0,0,0,63,0,4,0,0,5,21,0,30,0,0,0,0,0,0,0,0,4,0,0,0,0,0,0,0,1,0,0,0,0,0,23,0,0,0,0,0,0,0,0,0,0,0,0,0,0,0,12,0,0,0,0,0,0,0,0,0,15,0,0,0,0,0,0,0,0,0,0,0,0,0,0,0,0,0,0,0,0,0,0,0,0,0,0,0,0,0,6,0,0,1
6.25,0,0,0,0,0,70,0,6,0,0,4,19,0,35,0,0,0,0,0,0,0,0,5,0,0,0,0,0,0,0,5,0,0,0,0,0,27,0,0,0,0,0,0,0,0,0,0,0,0,0,0,0,18,0,0,0,0,0,0,0,1,0,20,0,0,0,0,0,0,0,0,0,0,0,0,0,0,0,0,0,0,0,0,0,0,0,0,0,0,0,0,0,5,0,0,2
6.5,0,0,0,0,0,74,0,6,0,0,4,19,0,36,0,0,0,0,0,0,0,0,5,0,0,0,0,0,0,0,5,0,0,0,0,0,27,0,0,0,0,0,0,0,0,0,0,0,0,0,0,0,18,0,0,0,0,0,0,0,1,0,21,0,0,0,0,0,0,0,0,0,0,0,0,0,0,0,0,0,0,0,0,0,0,0,0,0,0,0,0,0,5,0,0,2
6.75,0,0,0,0,0,81,0,6,0,0,4,19,0,45,0,0,0,0,0,0,0,0,5,0,0,0,0,0,0,0,10,0,0,0,0,0,34,0,0,0,0,0,0,0,0,0,0,0,0,0,0,0,27,0,0,0,0,0,0,0,1,0,32,0,0,0,0,0,0,0,0,0,0,0,0,0,0,0,0,0,0,0,0,0,0,0,0,0,0,0,0,0,5,0,0,2
7,0,0,0,0,0,88,0,6,0,0,4,18,0,50,0,0,0,0,0,0,0,0,4,0,0,0,0,0,0,0,12,0,0,0,0,0,42,0,0,0,0,0,0,0,0,0,0,0,0,0,0,0,30,0,0,0,0,0,0,0,0,0,36,0,0,0,0,0,0,0,0,0,0,0,0,0,0,0,0,0,0,0,0,0,0,0,0,0,0,0,0,0,4,0,0,1
7.25,0,0,0,0,0,94,0,6,0,0,4,18,0,56,0,0,0,0,0,0,0,0,4,0,0,0,0,0,0,0,16,0,0,0,0,0,47,0,0,0,0,0,0,0,0,0,0,0,0,0,0,0,36,0,0,0,0,0,0,0,0,0,43,0,0,0,0,0,0,0,0,0,0,0,0,0,0,0,0,0,0,0,0,0,0,0,0,0,0,0,0,0,4,0,0,1
7.5,0,0,0,0,0,97,0,6,0,0,4,18,0,61,0,0,0,0,0,0,0,0,4,3,0,0,0,0,0,0,18,0,0,0,0,0,52,0,0,0,0,0,0,0,0,0,0,0,0,0,0,0,40,0,0,0,0,0,0,0,0,0,49,0,0,0,0,0,0,0,0,0,0,0,0,0,0,0,0,0,0,0,0,0,0,0,0,0,0,0,0,0,4,0,0,1
7.75,0,0,0,0,0,103,0,6,0,0,4,18,0,70,0,0,0,0,0,0,0,0,4,7,0,0,0,0,0,0,23,0,0,0,0,0,57,0,0,0,0,0,0,0,0,0,0,0,0,0,0,0,47,0,0,0,0,0,0,0,0,0,55,0,0,0,0,0,0,0,0,0,0,0,0,0,0,0,0,0,0,0,0,0,0,0,0,0,0,0,0,0,4,0,0,1
8,0,0,0,0,0,104,0,6,0,0,4,18,0,73,0,0,0,0,0,0,0,0,4,10,0,0,0,0,0,0,23,0,0,0,0,0,58,0,0,0,0,0,0,0,0,0,0,0,0,0,0,0,48,0,0,0,0,0,0,0,0,0,59,0,0,0,0,0,0,0,0,0,0,0,0,0,0,0,0,0,0,0,0,0,0,0,0,0,0,0,0,0,4,0,0,1
8.25,0,0,0,0,0,115,0,6,0,0,4,18,0,85,0,0,0,0,0,0,0,0,5,17,0,0,0,0,0,0,32,0,0,0,0,0,71,0,0,0,0,0,0,0,0,0,0,0,0,0,0,0,57,0,0,0,0,0,0,0,0,0,70,0,0,0,0,0,0,0,0,0,0,0,0,0,0,0,0,0,0,0,0,0,0,0,0,0,0,0,0,0,4,0,0,1
8.5,0,0,0,0,0,120,0,6,0,0,4,18,0,92,0,0,0,0,0,0,0,0,5,20,0,0,0,0,0,0,36,0,0,0,0,0,77,0,0,0,0,0,0,0,0,0,0,0,0,0,0,0,64,0,0,0,0,0,0,0,0,0,79,0,0,0,0,0,0,0,0,0,0,0,0,0,0,0,0,0,0,0,0,0,0,0,0,0,0,0,0,0,4,0,0,1
8.75,0,0,0,0,0,121,0,6,0,0,4,18,0,95,0,0,0,0,0,0,0,0,5,23,0,0,0,0,0,0,38,0,0,0,0,0,80,0,0,0,0,0,0,0,0,0,0,0,0,0,0,0,66,0,0,0,0,0,0,0,0,0,83,0,0,0,0,0,0,0,0,0,0,0,0,0,0,0,0,0,0,0,0,0,0,0,0,0,0,0,0,0,4,0,0,1
9,0,0,0,0,0,125,0,6,0,0,4,18,0,100,0,0,0,0,0,0,0,0,5,27,0,0,0,0,0,0,41,0,0,0,0,0,85,0,0,0,0,0,0,0,0,0,0,0,0,0,0,0,73,0,0,0,0,0,0,0,0,0,88,0,0,0,0,0,0,0,0,0,0,0,0,0,0,0,0,0,0,0,0,0,0,0,0,0,0,0,0,0,4,0,0,1
9.25,0,0,0,0,0,130,0,6,0,0,4,18,0,106,0,0,0,0,0,0,0,0,5,31,0,0,0,0,0,0,47,0,0,0,0,0,93,0,0,0,0,0,0,0,0,0,0,0,0,0,0,0,80,0,0,0,0,0,0,0,0,0,94,0,0,0,0,0,0,0,0,0,0,0,0,0,0,0,0,0,0,0,0,0,0,0,0,0,0,0,0,0,4,0,0,1
9.5,0,0,0,0,0,131,0,6,0,0,4,18,0,109,0,0,0,0,0,0,0,0,5,34,0,0,0,0,0,0,47,0,0,0,0,0,98,0,0,0,0,0,0,0,0,0,0,0,0,0,0,0,82,0,0,0,0,0,0,0,0,0,98,0,0,0,0,0,0,0,0,0,0,0,0,0,0,0,0,0,0,0,0,0,0,0,0,0,0,0,0,0,4,0,0,1
9.75,0,0,0,0,0,140,0,6,0,0,4,18,0,119,0,0,0,0,0,0,0,0,5,42,0,0,0,0,0,0,56,0,0,0,0,0,110,0,0,0,0,0,0,0,0,0,0,0,0,0,0,0,91,0,0,0,0,0,0,0,1,0,106,0,0,0,0,0,0,0,0,0,0,0,0,0,0,0,0,0,0,0,0,0,0,0,0,0,0,0,0,0,4,0,0,1
10,0,0,0,0,0,140,0,6,0,0,4,18,0,120,0,0,0,0,0,0,0,0,5,45,0,0,0,0,0,0,59,0,0,0,0,0,114,0,0,0,0,0,0,0,0,0,0,0,0,0,0,0,94,0,0,0,0,0,0,0,1,0,114,0,0,0,0,0,0,0,0,0,0,0,0,0,0,0,0,0,0,0,0,0,0,0,0,0,0,0,0,0,4,0,0,1
10.25,0,0,0,0,0,145,0,6,0,0,4,18,0,124,0,0,0,0,0,0,0,0,5,53,0,0,0,0,0,0,63,0,0,0,0,0,121,0,0,0,0,0,0,0,0,0,0,0,0,0,0,0,100,0,0,0,0,0,0,0,5,0,120,0,0,0,0,0,0,0,0,0,0,0,0,0,0,0,0,0,0,0,0,0,0,0,0,0,0,0,0,0,5,0,0,1
10.5,0,0,0,0,0,147,0,6,0,0,4,18,0,128,0,0,0,0,0,0,0,0,5,55,0,0,0,0,0,0,68,0,0,0,0,0,126,0,0,0,0,0,0,0,0,0,0,0,0,0,0,0,106,0,0,0,0,0,0,0,5,0,125,0,0,0,0,0,0,0,0,0,0,0,0,0,0,0,0,0,0,0,0,0,0,0,0,0,0,0,0,0,6,0,0,1
10.75,0,0,0,0,0,151,0,6,0,0,4,18,0,130,0,0,0,0,0,0,0,0,5,59,0,0,0,0,0,0,70,0,0,0,0,0,131,0,0,0,0,0,0,0,0,0,0,0,0,0,0,0,110,0,0,0,0,0,0,0,5,0,130,0,0,0,0,0,0,0,0,0,0,0,0,0,0,0,0,0,0,0,0,0,0,0,0,0,0,0,0,0,6,0,0,1
11,0,0,0,0,0,154,0,6,0,0,4,18,0,133,0,0,0,0,0,0,0,0,5,64,0,0,0,0,0,0,74,0,0,0,0,0,139,0,0,0,0,0,0,0,0,0,0,0,0,0,0,0,115,0,0,0,0,0,0,0,5,0,135,0,0,0,0,0,0,0,0,0,0,0,0,0,0,0,0,0,0,0,0,0,0,0,0,0,0,0,0,0,6,0,0,1
11.25,0,0,0,0,0,155,0,6,0,0,4,18,0,135,0,0,0,0,0,0,0,0,5,69,0,0,0,0,0,0,78,0,0,0,0,0,142,0,0,0,0,0,0,0,0,0,0,0,0,0,0,0,118,0,0,0,0,0,0,0,5,0,139,0,0,0,0,0,0,0,0,0,0,0,0,0,0,0,0,0,0,0,0,0,0,0,0,0,0,0,0,0,6,0,0,1
11.5,0,0,0,0,0,157,0,6,0,0,4,18,0,137,0,0,0,0,0,0,0,0,5,74,0,0,0,0,0,0,81,0,0,0,0,0,147,0,0,0,0,0,0,0,0,0,0,0,0,0,0,0,121,0,0,0,0,0,0,0,6,0,143,0,0,0,0,0,0,0,0,0,0,1,0,0,0,0,0,0,0,0,0,0,0,0,0,0,0,0,0,0,6,0,0,1
11.75,0,0,0,0,0,161,0,6,0,0,3,17,0,140,0,0,0,0,0,0,0,0,4,79,0,0,0,0,0,0,84,0,0,0,0,0,150,0,0,0,0,0,0,0,0,0,0,0,0,0,0,0,126,0,0,0,0,0,0,0,6,0,144,0,0,0,0,0,0,0,0,0,0,4,0,0,0,0,0,0,0,0,0,0,0,0,0,0,0,0,0,0,5,0,0,0
12,0,0,0,0,0,163,0,3,0,0,0,14,0,140,0,0,0,0,0,0,0,0,3,81,0,0,0,0,0,0,86,0,0,0,0,0,156,0,0,0,0,0,0,0,0,0,0,0,0,0,0,0,128,0,0,0,0,0,0,0,3,0,145,0,0,0,0,0,0,0,0,0,0,3,0,0,0,0,0,0,0,0,0,0,0,0,0,0,0,0,0,0,2,0,0,0
12.25,0,0,0,0,0,163,0,3,0,0,0,14,0,140,0,0,0,0,0,0,0,0,3,82,0,0,0,0,0,0,86,0,0,0,0,0,156,0,0,0,0,0,0,0,0,0,0,0,0,0,0,0,128,0,0,0,0,0,0,0,3,0,148,0,0,0,0,0,0,0,0,0,0,3,0,0,0,0,0,0,0,0,0,0,0,0,0,0,0,0,0,0,2,0,0,0
12.5,0,0,0,0,0,163,0,3,0,0,0,14,0,140,0,0,0,0,0,0,0,0,3,89,0,0,0,0,0,0,90,0,0,0,0,0,159,0,0,0,0,0,0,0,0,0,0,0,0,0,0,0,131,0,0,0,0,0,0,0,3,0,150,0,0,0,0,0,0,0,0,0,0,4,0,0,0,0,0,0,0,0,0,0,0,0,0,0,0,0,0,0,2,0,0,0
12.75,0,0,0,0,0,167,0,4,0,0,0,14,0,140,0,0,0,0,0,0,0,0,3,96,0,0,0,0,0,0,95,0,0,0,0,0,166,0,0,0,0,0,0,0,0,0,0,0,0,0,0,0,135,0,0,0,0,0,0,0,3,0,155,0,0,0,0,0,0,0,0,0,0,9,0,0,0,0,0,0,0,0,0,0,0,0,0,0,0,0,0,0,2,0,0,0
13,0,0,0,0,0,167,0,4,0,0,0,14,0,141,0,0,0,0,0,0,0,0,3,97,0,0,0,0,0,0,96,0,0,0,0,0,168,0,0,0,0,0,0,0,0,0,0,0,0,0,0,0,136,0,0,0,0,0,0,0,3,0,160,0,0,0,0,0,0,0,0,0,0,11,0,0,0,0,0,0,0,0,0,0,0,0,0,0,0,0,0,0,2,0,0,0
13.25,0,0,0,0,0,169,0,4,0,0,0,14,0,142,0,0,0,0,0,0,0,0,3,102,0,0,0,0,0,0,100,0,0,0,0,0,172,0,0,0,0,0,0,0,0,0,0,0,0,0,0,0,140,0,0,0,0,0,0,0,3,0,162,0,0,0,0,0,0,0,0,0,0,13,0,0,0,0,0,0,0,0,0,0,0,0,0,0,0,0,0,0,2,0,0,0
13.5,0,0,0,0,0,173,0,4,0,0,0,14,0,147,0,0,0,0,0,0,0,0,3,107,0,0,0,0,0,0,103,0,0,0,0,0,177,0,0,0,0,0,0,0,0,0,0,0,0,0,0,0,142,0,0,0,0,0,0,0,3,0,164,0,0,0,0,0,0,0,0,0,0,16,0,0,0,0,0,0,0,0,0,0,0,0,0,0,0,0,0,0,2,0,0,0
13.75,0,0,0,0,0,173,0,4,0,0,0,14,0,150,0,0,0,0,0,0,0,0,3,112,0,0,0,0,0,0,106,0,0,0,0,0,177,0,0,0,0,0,0,0,0,0,0,0,0,0,0,0,144,0,0,0,0,0,0,0,3,0,167,0,0,0,0,0,0,0,0,0,0,24,0,0,0,0,0,0,0,0,0,0,0,0,0,0,0,0,0,0,3,0,0,0
14,0,0,0,0,0,173,0,4,0,0,0,14,0,150,0,0,0,0,0,0,0,0,3,116,0,0,0,0,0,0,108,0,0,0,0,0,177,0,0,0,0,0,0,0,0,0,0,0,0,0,0,0,144,0,0,0,0,0,0,0,3,0,169,0,0,0,0,0,0,0,0,0,0,24,0,0,0,0,0,0,0,0,0,0,0,0,0,0,0,0,0,0,3,0,0,0
14.25,0,0,0,0,0,175,0,4,0,0,0,14,0,150,0,0,0,0,0,0,0,0,3,119,0,0,0,0,0,0,109,0,0,0,0,0,180,0,0,0,0,0,0,0,0,0,0,0,0,0,0,0,146,0,0,0,0,0,0,0,3,0,170,0,0,0,0,0,0,0,0,0,0,24,0,0,0,0,0,0,0,0,0,0,0,0,0,0,0,0,0,0,3,0,0,0
14.5,0,0,0,0,0,177,0,4,0,0,0,14,0,153,0,0,0,0,0,0,0,0,3,126,0,0,0,0,0,0,112,0,0,0,0,0,186,0,0,0,0,0,0,0,0,0,0,0,0,0,0,0,151,0,0,0,0,0,0,0,3,0,174,0,0,0,0,0,0,0,0,0,0,26,0,0,0,0,0,0,0,0,0,0,0,0,0,0,0,0,0,0,3,0,0,0
14.75,0,0,0,0,0,178,0,4,0,0,0,14,0,153,0,0,0,0,0,0,0,0,3,128,0,0,0,0,0,0,118,0,0,0,0,0,187,0,0,0,0,0,0,0,0,0,0,0,0,0,0,0,151,0,0,0,0,0,0,0,3,0,175,0,0,0,0,0,0,0,0,0,0,29,0,0,0,0,0,0,0,0,0,0,0,0,0,0,0,0,0,0,3,0,0,0
15,0,0,0,0,0,182,0,8,0,0,5,17,0,153,0,0,0,0,0,0,0,0,8,136,0,0,0,0,0,0,122,0,0,0,0,0,190,0,0,0,0,0,0,0,0,0,0,0,0,0,0,0,153,0,0,0,0,0,0,0,4,0,180,0,0,0,0,0,0,1,0,0,0,29,0,0,0,0,0,0,0,0,0,0,0,0,0,0,0,0,0,0,6,0,0,0
15.25,0,0,0,0,0,182,0,8,0,0,5,17,0,154,0,0,0,0,0,0,0,0,8,137,0,0,0,0,0,0,122,0,0,0,0,0,191,0,0,0,0,0,0,0,0,0,0,0,0,0,0,0,155,0,0,0,0,0,0,0,4,0,180,0,0,0,0,0,0,1,0,0,0,34,0,0,0,0,0,0,0,0,0,0,0,0,0,0,0,0,0,0,6,0,0,0
15.5,0,0,0,0,0,182,0,8,0,0,5,17,0,154,0,0,0,0,0,0,0,0,8,139,0,0,0,0,0,0,124,0,0,0,0,0,192,0,0,0,0,0,0,0,0,0,0,0,0,0,0,0,155,0,0,0,0,0,0,0,4,0,183,0,0,0,0,0,0,1,0,0,0,37,0,0,0,0,0,0,0,0,0,0,0,0,0,0,0,0,0,0,6,0,0,0
15.75,0,0,0,0,0,183,0,8,0,0,5,17,0,159,0,0,0,0,0,0,0,0,8,143,0,0,0,0,0,0,127,0,0,0,0,0,195,0,0,0,0,0,0,0,0,0,0,0,0,0,0,0,158,0,0,0,0,0,0,0,4,0,185,0,0,0,0,0,0,1,0,0,0,38,0,0,0,0,0,0,0,0,0,0,0,0,0,0,0,0,0,0,6,0,0,0
16,0,0,0,0,0,185,0,8,0,0,5,17,0,161,0,0,0,0,0,0,0,0,8,143,0,0,0,0,0,0,128,0,0,0,0,0,195,0,0,0,0,0,0,0,0,0,0,0,0,0,0,0,158,0,0,0,0,0,0,0,4,0,187,0,0,0,0,0,0,1,0,0,0,45,0,0,0,0,0,0,0,0,0,0,0,0,0,0,0,0,0,0,6,0,0,0
16.25,0,0,0,0,0,185,0,8,0,0,5,17,0,161,0,0,0,0,0,0,0,0,8,150,0,0,0,0,0,0,133,0,0,0,0,0,195,0,0,0,0,0,0,0,0,0,0,0,0,0,0,0,160,0,0,19,0,0,0,0,5,0,190,0,0,0,0,0,0,1,0,0,0,45,2,0,0,0,0,0,0,0,0,0,0,0,0,0,0,0,0,0,6,0,0,0
16.5,0,0,0,0,0,185,0,8,0,0,5,17,0,161,0,0,0,0,0,0,0,0,8,151,0,0,0,0,0,0,134,0,0,0,0,0,196,0,0,0,0,0,0,0,0,0,0,0,0,0,0,0,161,0,0,19,0,0,0,0,5,0,191,0,0,0,0,0,0,1,0,0,0,45,2,0,0,0,0,0,0,0,0,0,0,0,0,0,0,0,0,0,6,0,0,0
16.75,0,0,0,0,0,189,0,8,0,0,5,17,0,164,0,0,0,0,0,0,0,0,8,158,0,0,0,0,0,0,140,0,0,0,0,0,200,0,0,0,0,0,0,0,0,0,0,0,0,0,0,0,166,0,0,23,0,0,0,0,5,0,194,0,0,0,0,0,0,1,0,0,0,52,14,0,0,0,0,0,0,0,0,0,0,0,0,0,0,0,0,0,7,0,0,0
17,0,0,0,0,0,189,0,8,0,0,5,17,0,164,0,0,0,0,0,0,0,0,8,158,0,0,0,0,0,0,140,0,0,0,0,0,200,0,0,0,0,0,0,0,0,0,0,0,0,0,0,0,166,0,0,23,0,0,0,0,5,0,194,0,0,0,0,0,0,1,0,0,0,52,14,0,0,0,0,0,0,0,0,0,0,0,0,0,0,0,0,0,7,0,0,0
17.25,0,0,0,0,0,189,0,8,0,0,5,17,0,164,0,0,0,0,0,0,0,0,8,160,0,0,0,0,0,0,141,0,0,0,0,0,202,0,0,0,0,0,0,0,0,0,0,0,0,0,0,0,166,0,0,23,0,0,0,0,5,0,194,0,0,0,0,0,0,1,0,0,0,52,16,0,0,0,0,0,0,0,0,0,0,0,0,0,0,0,0,0,7,0,0,0
17.5,0,0,0,0,0,190,0,8,0,0,5,17,0,164,0,0,0,0,0,0,0,0,8,162,0,0,0,0,0,0,143,0,0,0,0,0,202,0,0,0,0,0,0,0,0,0,0,0,0,0,0,0,166,0,0,23,0,0,0,0,5,0,197,0,0,0,0,0,0,1,0,0,0,55,22,0,0,0,0,0,0,0,0,0,0,0,0,0,0,0,0,0,7,0,0,0
17.75,0,0,0,0,0,190,0,8,0,0,5,17,0,164,0,0,0,0,0,0,0,0,8,164,0,0,0,0,0,0,144,0,0,0,0,0,205,0,0,0,0,0,0,0,0,0,0,0,0,0,0,0,166,0,0,23,0,0,0,0,5,0,197,0,0,0,0,0,0,1,0,0,0,55,22,0,0,0,0,0,0,0,0,0,0,0,0,0,0,0,0,0,7,0,0,0
18,0,0,0,0,0,191,0,8,0,0,5,17,0,164,0,0,2,0,0,0,0,0,8,169,0,0,0,0,0,0,145,0,0,0,0,0,205,0,0,0,0,0,0,0,0,0,0,0,0,0,0,0,166,0,0,23,0,0,0,0,5,0,199,0,0,0,0,0,0,1,0,0,0,59,28,0,0,0,0,0,0,0,0,0,0,0,0,0,0,0,0,0,7,0,0,0
18.25,0,0,0,0,0,193,0,8,0,0,5,17,0,164,0,0,6,0,0,0,0,0,8,174,0,0,0,0,0,0,148,0,0,0,0,0,206,0,0,0,0,0,0,0,0,0,0,0,0,0,0,0,169,0,0,23,0,0,0,0,5,0,199,0,0,0,0,0,0,1,0,0,0,59,30,0,0,0,0,0,0,0,0,0,0,0,0,0,0,0,0,0,7,0,0,0
18.5,0,0,0,0,0,193,0,8,0,0,5,17,0,164,0,0,12,0,0,0,0,0,8,177,0,0,0,0,0,0,148,0,0,0,0,0,206,0,0,0,0,0,0,0,0,0,0,0,0,0,0,0,169,0,0,23,0,0,0,0,5,0,202,0,0,0,0,0,0,1,0,0,0,65,33,0,0,0,0,0,0,0,0,0,0,0,0,0,0,0,0,0,7,0,0,0
18.75,0,0,0,0,0,193,0,8,0,0,5,17,0,164,0,0,16,0,0,0,0,0,8,182,0,0,0,0,0,0,151,0,0,0,0,0,206,0,0,0,0,0,0,0,0,0,0,0,0,0,0,0,170,0,0,23,0,0,0,0,5,0,202,0,0,0,0,0,0,1,0,0,0,67,40,0,0,0,0,0,0,0,0,0,0,0,0,0,0,0,0,0,8,0,0,0
19,0,0,0,0,0,193,0,8,0,0,5,17,0,164,0,0,19,0,0,0,0,0,8,185,0,0,0,0,0,0,152,0,0,0,0,0,208,0,0,0,0,0,0,0,0,0,0,0,0,0,0,0,170,0,0,23,0,0,0,0,5,0,203,0,0,0,0,0,0,1,0,0,0,69,40,0,0,0,0,0,0,0,0,0,0,0,0,0,0,0,0,0,8,0,0,0
19.25,0,0,0,0,0,194,0,8,0,0,5,17,0,166,0,0,25,0,0,0,0,0,8,189,0,0,0,0,0,0,153,0,0,0,0,0,208,0,0,0,0,0,0,0,0,0,0,0,0,0,0,0,171,0,0,23,0,0,0,0,5,0,204,0,0,0,0,0,0,1,0,0,0,69,42,0,0,0,0,0,0,0,0,0,0,0,0,0,0,0,0,0,8,0,0,0
19.5,0,0,0,0,0,196,0,8,0,0,5,17,0,170,0,0,28,0,0,0,0,0,8,192,0,0,0,0,0,0,153,0,0,0,0,0,209,0,0,0,0,0,0,0,0,0,0,0,0,0,0,0,171,0,0,23,0,0,0,0,5,0,206,0,0,0,0,0,0,1,0,0,0,72,45,0,0,0,0,0,0,0,0,0,0,0,0,0,0,0,0,0,9,0,0,0
19.75,0,0,0,0,0,195,0,9,0,0,8,15,0,166,0,0,32,0,0,0,0,0,7,191,0,0,0,0,0,0,152,0,0,0,0,0,208,0,0,0,0,0,0,0,0,0,0,0,0,0,0,0,169,0,0,19,0,0,0,0,1,0,202,0,0,0,0,0,0,0,0,0,0,68,46,0,0,0,0,0,0,0,0,0,0,0,0,0,0,0,0,0,11,0,0,0
20,0,0,0,0,0,195,0,9,0,0,8,15,0,175,0,0,35,0,0,0,0,0,7,195,0,0,0,0,0,0,154,0,0,0,0,0,208,0,0,0,0,0,0,0,0,0,0,0,0,0,0,0,173,0,0,19,0,0,0,0,1,0,202,0,0,0,0,0,0,0,0,0,0,72,46,0,0,0,0,0,0,0,0,0,0,0,0,0,0,0,0,0,11,0,0,0
20.25,0,0,0,0,0,195,0,9,0,0,8,15,0,175,0,0,38,0,0,0,0,0,7,196,0,0,0,0,0,0,154,0,0,0,0,0,208,0,0,0,0,0,0,0,0,0,0,0,0,0,0,0,173,0,0,19,0,0,0,0,1,0,203,0,0,0,0,0,0,0,0,0,0,73,49,0,0,0,0,0,0,0,0,0,0,0,0,0,0,0,0,0,11,0,0,0
20.5,0,0,0,0,0,195,0,9,0,0,8,15,0,175,0,0,44,0,0,0,0,0,7,200,0,0,0,0,0,0,154,0,0,0,0,0,208,0,0,0,0,0,0,0,0,0,0,0,0,0,0,0,173,0,0,19,0,0,0,0,1,0,208,0,0,0,0,0,0,0,0,0,0,76,54,0,0,0,0,0,0,0,0,0,0,0,0,0,0,0,0,0,14,0,0,0
20.75,0,0,0,0,0,196,0,9,0,0,8,15,0,175,0,0,50,0,0,0,0,0,7,201,0,0,0,0,0,0,159,0,0,0,0,0,210,0,0,0,0,0,0,0,0,0,0,0,0,0,0,0,175,0,0,19,0,0,0,0,4,0,208,0,0,0,0,0,0,0,0,0,0,82,62,0,0,0,0,0,0,0,0,0,0,0,0,0,0,0,0,0,21,0,0,0
21,0,0,0,0,0,196,0,9,0,0,8,15,0,175,0,0,50,0,0,0,0,0,7,201,0,0,0,0,0,0,159,0,0,0,0,0,210,0,0,0,0,0,0,0,0,0,0,0,0,0,0,0,175,0,0,19,0,0,0,0,4,0,208,0,0,0,0,0,0,0,0,0,0,82,62,0,0,0,0,0,0,0,0,0,0,0,0,0,0,0,0,0,21,0,0,0
21.25,0,0,0,0,0,196,0,9,0,0,8,15,0,177,0,0,50,0,0,0,0,0,7,201,0,0,0,0,0,0,159,0,0,0,0,0,210,0,0,0,0,0,0,0,0,0,0,0,0,0,0,0,175,0,0,19,0,0,0,0,4,0,208,0,0,0,0,0,0,0,0,0,0,82,62,0,0,0,0,0,0,0,0,0,0,0,0,0,0,0,0,0,21,0,0,0
21.5,0,0,0,0,0,196,0,9,0,0,8,15,0,177,0,0,59,0,0,0,0,0,7,204,0,0,0,0,0,0,159,0,0,0,0,0,210,0,0,0,0,0,0,0,0,0,0,0,0,0,0,0,175,0,0,19,0,0,0,0,4,0,208,0,0,0,0,0,0,0,0,0,0,84,68,0,0,0,0,0,0,0,0,0,0,0,0,0,0,0,0,0,24,0,0,0
21.75,0,0,0,0,0,196,0,9,0,0,8,15,0,183,0,0,63,0,0,0,0,0,7,204,0,0,0,0,0,0,159,0,0,0,0,0,212,0,0,0,0,0,0,0,0,0,0,0,0,0,0,0,176,0,0,19,0,0,0,0,4,0,209,0,0,0,0,0,0,0,0,0,0,84,68,0,0,0,0,0,0,0,0,0,0,0,0,0,0,0,0,0,24,0,0,0
22,0,0,0,0,0,196,0,9,0,0,8,15,0,183,0,0,68,0,0,0,0,0,7,206,0,0,0,0,0,0,162,0,0,0,0,0,212,0,0,0,0,0,0,0,0,0,0,0,0,0,0,0,178,0,0,19,0,0,0,0,4,0,210,0,0,0,0,0,0,0,0,0,0,84,68,0,0,0,0,0,0,0,0,0,0,0,0,0,0,0,0,0,25,0,0,0
22.25,0,0,0,0,0,196,0,9,0,0,8,15,0,185,0,0,70,0,0,0,0,0,7,207,0,0,0,0,0,0,162,0,0,0,0,0,213,0,0,0,0,0,0,0,0,0,0,0,0,0,0,0,180,0,0,19,0,0,0,0,4,0,210,0,0,0,0,0,0,0,0,0,0,87,71,0,0,0,0,0,0,0,0,0,0,0,0,0,0,0,0,0,25,0,0,0
22.5,0,0,0,0,0,197,0,9,0,0,8,15,0,185,0,0,75,0,0,0,0,0,7,207,0,0,0,0,0,0,162,0,0,0,0,0,213,0,0,0,0,0,0,0,0,0,0,0,0,0,0,0,180,0,0,19,0,0,0,0,4,0,211,0,0,0,0,0,0,0,0,0,0,90,75,0,0,0,0,0,0,0,0,0,0,0,0,0,0,0,0,0,26,0,0,0
22.75,0,0,0,0,0,197,0,9,0,0,8,15,0,185,0,0,76,0,0,0,0,0,7,209,0,0,0,0,0,0,162,0,0,0,0,0,213,0,0,0,0,0,0,0,0,0,0,0,0,0,0,0,181,0,0,19,0,0,0,0,4,0,212,0,0,0,0,0,0,0,0,0,0,93,77,0,0,0,0,0,0,0,0,0,0,0,0,0,0,0,0,0,34,0,0,0
23,0,0,0,0,0,197,0,9,0,0,8,15,0,186,0,0,80,0,0,0,0,0,7,209,0,0,0,0,0,0,162,0,0,0,0,0,213,0,0,0,0,0,0,0,0,0,0,0,0,0,0,0,181,0,0,19,0,0,0,0,4,0,214,0,0,0,0,0,0,0,0,0,0,95,80,0,0,0,0,0,0,0,0,0,0,0,0,0,0,0,0,0,34,0,0,0
23.25,0,0,0,0,0,197,0,9,0,0,8,15,0,192,0,0,85,0,0,0,0,0,7,210,0,0,0,0,0,0,164,0,0,0,0,0,214,0,0,0,0,0,0,0,0,0,0,0,0,0,0,0,183,0,0,19,0,0,0,0,4,0,214,0,0,0,0,0,0,0,0,0,0,95,81,0,0,0,0,0,0,0,0,0,0,0,0,0,0,0,0,0,34,0,0,0
23.5,0,0,0,0,0,197,0,9,0,0,8,15,0,192,0,0,86,0,0,0,0,0,7,211,0,0,0,0,0,0,164,0,0,0,0,0,214,0,0,0,0,0,0,0,0,0,0,0,0,0,0,0,183,0,0,19,0,0,0,0,4,0,214,0,0,0,0,0,0,0,0,0,0,95,82,0,0,0,0,0,0,0,0,0,0,0,0,0,0,0,0,0,36,0,0,0
23.75,0,0,0,0,0,198,0,9,0,0,8,15,0,192,0,0,91,0,0,0,0,0,7,212,0,0,0,0,0,0,164,0,0,0,0,0,214,0,0,0,0,0,0,0,0,0,0,0,0,0,0,0,183,0,0,19,0,0,0,0,4,0,214,0,0,0,0,0,0,0,0,0,0,96,89,0,0,0,0,0,0,0,0,0,0,0,0,0,0,0,0,0,41,0,0,0
24,0,0,0,0,0,198,0,9,0,0,8,15,0,193,0,0,96,0,0,0,0,0,7,212,0,0,0,0,0,0,166,0,0,0,0,0,215,0,0,0,0,0,0,0,0,0,0,0,0,0,0,0,186,0,0,19,0,0,0,0,4,0,214,0,0,0,0,0,0,0,0,0,0,97,89,0,0,0,0,0,0,0,0,0,0,0,0,0,0,0,0,0,43,0,0,0
24.25,0,0,0,0,0,198,0,9,0,0,8,15,0,193,0,0,99,0,0,0,0,0,7,212,0,0,0,0,0,0,166,0,0,0,0,0,215,0,0,0,0,0,0,0,0,0,0,0,0,0,0,0,187,0,0,19,0,0,0,0,4,0,215,0,0,0,0,0,0,0,0,0,0,102,91,0,0,0,0,0,0,0,0,0,0,0,0,0,0,0,0,0,43,0,0,0
24.5,0,0,0,0,0,200,0,9,0,0,8,15,0,193,0,0,100,0,0,0,0,0,7,215,0,0,0,0,0,0,166,0,0,0,0,0,215,0,0,0,0,0,0,0,0,0,0,0,0,0,0,0,188,0,0,19,0,0,0,0,4,0,218,0,0,0,0,0,0,0,0,0,0,103,97,0,0,0,0,0,0,0,0,0,0,0,0,0,0,0,0,0,46,0,0,0
24.75,0,0,0,0,0,200,0,9,0,0,8,15,0,201,0,0,107,0,0,0,0,0,7,215,0,0,0,0,0,0,166,0,0,0,0,0,215,0,0,0,0,0,0,0,0,0,0,0,0,0,0,0,191,0,0,19,0,0,0,0,4,0,218,0,0,0,0,0,0,0,0,0,0,109,97,0,0,0,0,0,0,0,0,0,0,0,0,0,0,0,0,0,46,0,0,0
25,0,0,0,0,0,200,0,9,0,0,8,15,0,201,0,0,107,0,0,0,0,0,7,215,0,0,0,0,0,0,166,0,0,0,0,0,215,0,0,0,0,0,0,0,0,0,0,0,0,0,0,0,191,0,0,19,0,0,0,0,4,0,218,0,0,0,0,0,0,0,0,0,0,109,101,0,0,0,0,0,0,0,0,0,0,0,0,0,0,0,0,0,52,0,0,0
25.25,0,0,0,0,0,201,0,9,0,0,8,15,0,201,0,0,110,0,0,0,0,0,7,215,0,0,0,0,0,0,169,0,0,0,0,0,217,0,0,0,0,0,0,0,0,0,0,0,0,0,0,0,192,0,0,19,0,0,0,0,4,0,218,0,0,0,0,0,0,0,0,0,0,109,101,0,0,0,0,0,0,0,0,0,0,0,0,0,0,0,0,0,52,0,0,0
25.5,0,0,0,0,0,201,0,9,0,0,8,15,0,201,0,0,111,0,0,0,0,0,7,215,0,0,0,0,0,0,169,0,0,0,0,0,217,0,0,0,0,0,0,0,0,0,0,0,0,0,0,0,192,0,0,19,0,0,0,0,4,0,219,0,0,0,0,0,0,0,0,0,0,109,101,0,0,0,0,0,0,0,0,0,0,0,0,0,0,0,0,0,54,0,0,0
25.75,0,0,0,0,0,201,0,9,0,0,8,15,0,201,0,0,114,0,0,0,0,0,7,215,0,0,0,0,0,0,169,0,0,0,0,0,217,0,0,0,0,0,0,0,0,0,0,0,0,0,0,0,194,0,0,19,0,0,0,0,4,0,220,0,0,0,0,0,0,0,0,0,0,110,101,0,0,0,0,0,0,0,0,0,0,0,0,0,0,0,0,0,57,0,0,0
26,0,0,0,0,0,201,0,9,0,0,8,15,0,201,0,0,115,0,0,0,0,0,7,217,0,0,0,0,0,0,169,0,0,0,0,0,217,0,0,0,0,0,0,0,0,0,0,0,0,0,0,0,194,0,0,19,0,0,0,0,4,0,220,0,0,0,0,0,0,0,0,0,0,110,110,0,0,0,0,0,0,0,0,0,0,0,0,0,0,0,0,0,61,0,0,0
26.25,0,0,0,0,0,201,0,9,0,0,8,15,0,201,0,0,119,0,0,0,0,0,7,217,0,0,0,0,0,0,169,0,0,0,0,0,217,0,0,0,0,0,0,0,0,0,0,0,0,0,0,0,196,0,0,19,0,0,0,0,4,0,221,0,0,0,0,0,0,0,0,0,0,110,110,0,0,0,0,0,0,0,0,0,0,0,0,0,0,0,0,0,61,0,0,0
26.5,0,0,0,0,0,202,0,9,0,0,8,15,0,201,0,0,120,0,0,0,0,0,7,217,0,0,0,0,0,0,169,0,0,0,0,0,217,0,0,0,0,0,0,0,0,0,0,0,0,0,0,0,198,0,0,19,0,0,0,0,4,0,221,0,0,0,0,0,0,0,0,0,0,112,112,0,0,0,0,0,0,0,0,0,0,0,0,0,0,0,0,0,63,0,0,0
26.75,0,0,0,0,0,202,0,9,0,0,8,15,0,201,0,0,124,0,0,0,0,0,7,217,0,0,0,0,0,0,169,0,0,0,0,0,217,0,0,0,0,0,0,0,0,0,0,0,0,0,0,0,198,0,0,19,0,0,0,0,4,0,221,0,0,0,0,0,0,0,0,0,0,112,112,0,0,0,0,0,0,0,0,0,0,0,0,0,0,0,0,0,65,0,0,0
27,0,0,0,0,0,202,0,9,0,0,8,15,0,201,0,0,124,0,0,0,0,0,7,217,0,0,0,0,0,0,169,0,0,0,0,0,217,0,0,0,0,0,0,0,0,0,0,0,0,0,0,0,198,0,0,19,0,0,0,0,4,0,222,0,0,0,0,0,0,0,0,0,0,115,117,0,0,0,0,0,0,0,0,0,0,0,0,0,0,0,0,0,72,0,0,0
27.25,0,0,0,0,0,202,0,9,0,0,8,15,0,201,0,0,124,0,0,0,0,0,7,217,0,0,0,0,0,0,169,0,0,0,0,0,217,0,0,0,0,0,0,0,0,0,0,0,0,0,0,0,198,0,0,19,0,0,0,0,4,0,222,0,0,0,0,0,0,0,0,0,0,116,118,0,0,0,0,0,0,0,0,0,0,0,0,0,0,0,0,0,73,0,0,0
27.5,0,0,0,0,0,202,0,9,0,0,8,15,0,202,0,0,129,0,0,0,0,0,7,217,0,0,0,0,0,0,171,0,0,0,0,0,218,0,0,0,0,0,0,0,0,0,0,0,0,0,0,0,202,0,0,19,0,0,0,0,4,0,224,0,0,0,0,0,0,0,0,0,0,119,121,0,0,0,0,0,0,0,0,0,0,0,0,0,0,0,0,0,75,0,0,0
27.75,0,0,0,0,0,203,0,9,0,0,8,15,0,203,0,0,134,0,0,0,0,0,7,221,0,0,0,0,0,0,172,0,0,0,0,0,220,0,0,0,0,0,0,0,0,0,0,0,0,0,0,0,205,0,0,19,0,0,0,0,4,0,224,0,0,0,0,0,0,0,0,0,0,119,122,0,0,0,0,0,0,0,0,0,0,0,0,0,0,0,0,0,75,0,0,0
28,0,0,0,0,0,203,0,9,0,0,8,15,0,203,0,0,134,0,0,0,0,0,7,221,0,0,0,0,0,0,172,0,0,0,0,0,220,0,0,0,0,0,0,0,0,0,0,0,0,0,0,0,205,0,0,19,0,0,0,0,4,0,224,0,0,0,0,0,0,0,0,0,0,119,124,0,0,0,0,0,0,0,0,0,0,0,0,0,0,0,0,0,80,0,0,0
28.25,0,0,0,0,0,203,0,9,0,0,8,15,0,203,0,0,134,0,0,0,0,0,7,221,0,0,0,0,0,0,172,0,0,0,0,0,220,0,0,0,0,0,0,0,0,0,0,0,0,0,0,0,205,0,0,19,0,0,0,0,4,0,224,0,0,0,0,0,0,0,0,0,0,121,128,0,0,0,0,0,0,0,0,0,0,0,0,0,0,0,0,0,85,0,0,0
28.5,0,0,0,0,0,203,0,9,0,0,8,15,0,205,0,0,136,0,0,0,0,0,7,221,0,0,0,0,0,0,172,0,0,0,0,0,220,0,0,0,0,0,0,0,0,0,0,0,0,0,0,0,205,0,0,19,0,0,0,0,4,0,224,0,0,0,0,0,0,0,0,0,0,122,128,0,0,0,0,0,0,0,0,0,0,0,0,0,0,0,0,0,85,0,0,0
28.75,0,0,0,0,0,203,0,9,0,0,8,15,0,205,0,0,136,0,0,0,0,0,7,221,0,0,0,0,0,0,172,0,0,0,0,0,220,0,0,0,0,0,0,0,0,0,0,0,0,0,0,0,205,0,0,19,0,0,0,0,4,0,224,0,0,0,0,0,0,0,0,0,0,122,128,0,0,0,0,0,0,0,0,0,0,0,0,0,0,0,0,0,85,0,0,0
29,0,0,0,0,0,203,0,9,0,0,8,15,0,205,0,0,136,0,0,0,0,0,7,221,0,0,0,0,0,0,172,0,0,0,0,0,220,0,0,0,0,0,0,0,0,0,0,0,0,0,0,0,205,0,0,19,0,0,0,0,4,0,224,0,0,0,0,0,0,0,0,0,0,122,128,0,0,0,0,0,0,0,0,0,0,0,0,0,0,0,0,0,85,0,0,0
29.25,0,0,0,0,0,203,0,9,0,0,8,15,0,206,0,0,137,0,0,0,0,0,7,221,0,0,0,0,0,0,172,0,0,0,0,0,220,0,0,0,0,0,0,0,0,0,0,0,0,0,0,0,207,0,0,19,0,0,0,0,4,0,224,0,0,0,0,0,0,0,0,0,0,122,128,0,0,0,0,0,0,0,0,0,0,0,0,0,0,0,0,0,85,0,0,0
29.5,0,0,0,0,0,203,0,9,0,0,8,15,0,206,0,0,141,0,0,0,0,0,7,221,0,0,0,0,0,0,173,0,0,0,0,0,221,0,0,0,0,0,0,0,0,0,0,0,0,0,0,0,208,0,0,19,0,0,0,0,4,0,226,0,0,0,0,0,0,0,0,0,0,126,131,0,0,0,0,0,0,0,0,0,0,0,0,0,0,0,0,0,89,0,0,0
29.75,0,0,0,0,0,204,0,9,0,0,8,15,0,209,0,0,144,0,0,0,0,0,7,221,0,0,0,0,0,0,174,0,0,0,0,0,221,0,0,0,0,0,0,0,0,0,0,0,0,0,0,0,211,0,0,19,0,0,0,0,4,0,226,0,0,0,0,0,0,0,0,0,0,126,132,0,0,0,0,0,0,0,0,0,0,0,0,0,0,0,0,0,89,0,0,0
30,0,0,0,0,0,204,0,9,0,0,8,15,0,209,0,0,144,0,0,0,0,0,7,221,0,0,0,0,0,0,174,0,0,0,0,0,221,0,0,0,0,0,0,0,0,0,0,0,0,0,0,0,211,0,0,19,0,0,0,0,4,0,226,0,0,0,0,0,0,0,0,0,0,128,138,0,0,0,0,0,0,0,0,0,0,0,0,0,0,0,0,0,97,0,0,0
30.25,0,0,0,0,0,204,0,9,0,0,8,15,0,209,0,0,144,0,0,0,0,0,7,221,0,0,0,0,0,0,174,0,0,0,0,0,221,0,0,0,0,0,0,0,0,0,0,0,0,0,0,0,212,0,0,19,0,0,0,0,4,0,228,0,0,0,0,0,0,0,0,0,0,132,138,0,0,0,0,0,0,0,0,0,0,0,0,0,0,0,0,0,97,0,0,0
30.5,0,0,0,0,0,204,0,9,0,0,8,15,0,209,0,0,144,0,0,0,0,0,7,221,0,0,0,0,0,0,174,0,0,0,0,0,221,0,0,0,0,0,0,0,0,0,0,0,0,0,0,0,212,0,0,19,0,0,0,0,4,0,228,0,0,9,0,0,0,0,0,0,0,132,140,0,0,0,0,0,0,0,0,0,0,0,0,0,0,0,0,0,99,0,0,0
30.75,0,0,0,0,0,204,0,9,0,0,8,15,0,209,0,0,144,0,0,0,0,0,7,221,0,0,0,0,0,0,174,0,0,0,0,0,221,0,0,0,0,0,0,0,0,0,0,0,0,0,0,0,212,0,0,19,0,0,0,0,4,0,228,0,0,21,0,0,0,0,0,0,0,132,141,0,0,0,0,0,0,0,0,0,0,0,0,0,0,0,0,0,99,0,0,0
31,0,0,0,0,0,205,0,9,0,0,8,15,0,209,0,0,147,0,0,0,0,0,7,221,0,0,0,0,0,0,175,0,0,0,0,0,221,0,0,0,0,0,0,0,0,0,0,0,0,0,0,0,214,0,0,19,0,0,0,0,4,0,228,0,0,21,0,0,0,0,0,0,0,132,142,0,0,0,0,0,0,0,0,0,0,0,0,0,0,0,0,0,99,0,0,0
31.25,0,0,0,0,0,205,0,9,0,0,8,15,0,209,0,0,147,0,0,0,0,0,7,221,0,0,0,0,0,0,175,0,0,0,0,0,221,0,0,0,0,0,0,0,0,0,0,0,0,0,0,0,215,0,0,19,0,0,0,0,4,0,228,0,0,21,0,0,0,0,0,0,0,133,146,0,0,0,0,0,0,0,0,0,0,0,0,0,0,0,0,0,102,0,0,0
31.5,0,0,0,0,0,205,0,9,0,0,8,15,0,209,0,0,148,0,0,0,0,0,7,221,0,0,0,0,0,0,175,0,0,0,0,0,221,0,0,0,0,0,0,0,0,0,0,0,0,0,0,0,215,0,0,19,0,0,0,0,4,0,228,0,0,21,0,0,0,0,0,0,0,133,147,0,0,0,0,0,0,0,0,0,0,0,0,0,0,0,0,0,103,0,0,0
31.75,0,0,0,0,0,205,0,9,0,0,8,15,0,209,0,0,148,0,0,0,0,0,7,221,0,0,0,0,0,0,175,0,0,0,0,0,221,0,0,0,0,0,0,0,0,0,0,0,0,0,0,0,216,0,0,19,0,0,0,0,4,0,228,0,0,21,0,0,0,0,0,0,0,134,149,0,0,0,0,0,0,0,0,0,0,0,0,0,0,0,0,0,107,0,0,0
32,0,0,0,0,0,205,0,9,0,0,8,15,0,209,0,0,150,0,0,0,0,0,7,221,0,0,0,0,0,0,175,0,0,0,0,0,221,0,0,0,0,0,0,0,0,0,0,0,0,0,0,0,216,0,0,19,0,0,0,0,4,0,228,0,0,21,0,0,0,0,0,0,0,134,151,0,0,0,0,0,0,0,0,0,0,0,0,0,0,0,0,0,107,0,0,0
32.25,0,0,0,0,0,206,0,9,0,0,8,15,0,211,0,0,154,0,0,0,0,0,7,221,0,0,0,0,0,0,178,0,0,0,0,0,223,0,0,0,0,0,0,0,0,0,0,0,0,0,0,0,216,0,0,19,0,0,0,0,4,0,229,0,0,21,0,0,0,0,0,0,0,139,151,0,0,0,0,0,0,0,0,0,0,0,0,0,0,0,0,0,107,0,0,0
32.5,0,0,0,0,0,206,0,9,0,0,8,15,0,211,0,0,154,0,0,0,0,0,7,221,0,0,0,0,0,0,178,0,0,0,0,0,223,0,0,0,0,0,0,0,0,0,0,0,0,0,0,0,217,0,0,19,0,0,0,0,4,0,230,0,0,21,0,0,0,0,0,0,0,140,152,0,0,0,0,0,0,0,0,0,0,0,0,0,0,0,0,0,111,0,0,0
32.75,0,0,0,0,0,206,0,9,0,0,8,15,0,211,0,0,154,0,0,0,0,0,7,221,0,0,0,0,0,0,178,0,0,0,0,0,223,0,0,0,0,0,0,0,0,0,0,0,0,0,0,0,218,0,0,19,0,0,0,0,4,0,230,0,0,21,0,0,0,0,0,0,0,141,156,0,0,0,0,0,0,0,0,0,0,0,0,0,0,0,0,0,116,0,0,0
33,0,0,0,0,0,206,0,9,0,0,8,15,0,212,0,0,158,0,0,0,0,0,7,222,0,0,0,0,0,0,178,0,0,0,0,0,223,0,0,0,0,0,0,0,0,0,0,0,0,0,0,0,218,0,0,19,0,0,0,0,4,0,230,0,0,21,0,0,0,0,0,0,0,141,156,0,0,0,0,0,0,0,0,0,0,0,0,0,0,0,0,0,116,0,0,0
33.25,0,0,0,0,0,206,0,9,0,0,8,15,0,212,0,0,158,0,0,0,0,0,7,222,0,0,0,0,0,0,178,0,0,0,0,0,223,0,0,0,0,0,0,0,0,0,0,0,0,0,0,0,218,0,0,19,0,0,0,0,4,0,230,0,0,21,0,0,0,0,0,0,0,141,156,0,0,0,0,0,0,0,0,0,0,0,0,0,0,0,0,0,116,0,0,0
33.5,0,0,0,0,0,206,0,9,0,0,8,15,0,212,0,0,161,0,0,0,0,0,7,222,0,0,0,0,0,0,178,0,0,0,0,0,223,0,0,0,0,0,0,0,0,0,0,0,0,0,0,0,219,0,0,19,0,0,0,0,4,0,230,0,0,21,0,0,0,0,0,0,0,141,156,0,0,0,0,0,0,0,0,0,0,0,0,0,0,0,0,0,116,0,0,0
33.75,0,0,0,0,0,207,0,9,0,0,8,15,0,212,0,0,161,0,0,0,0,0,7,222,0,0,0,0,0,0,179,0,0,0,0,0,223,0,0,0,0,0,0,0,0,0,0,0,0,0,0,0,219,0,0,19,0,0,0,0,4,0,230,0,0,21,0,0,0,0,0,0,0,143,160,0,0,0,0,0,0,0,0,0,0,0,0,0,0,0,0,0,118,0,0,0
34,0,0,0,0,0,207,0,9,0,0,8,15,0,212,0,0,161,0,0,0,0,0,7,222,0,0,0,0,0,0,179,0,0,0,0,0,223,0,0,0,0,0,0,0,0,0,0,0,0,0,0,0,219,0,0,19,0,0,0,0,4,0,230,0,0,21,0,0,0,0,0,0,0,144,161,0,0,0,0,0,0,0,0,0,0,0,0,0,0,0,0,0,118,0,0,0
34.25,0,0,0,0,0,207,0,9,0,0,8,15,0,217,0,0,167,0,0,0,0,0,7,222,0,0,0,0,0,0,182,0,0,0,0,0,224,0,0,0,0,0,0,0,0,0,0,0,0,0,0,0,223,0,0,19,0,0,0,0,4,0,232,0,0,21,0,0,0,0,0,0,0,150,161,0,0,0,0,0,0,0,0,0,0,0,0,0,0,0,0,0,118,0,0,0
34.5,0,0,0,0,0,208,0,9,0,0,8,15,0,217,0,0,167,0,0,0,0,0,7,222,0,0,0,0,0,0,182,0,0,0,0,0,224,0,0,0,0,0,0,0,0,0,0,0,0,0,0,0,223,0,0,19,0,0,0,0,4,0,232,0,0,21,0,0,0,1,0,0,0,150,164,0,0,0,0,0,0,0,0,0,0,0,0,0,0,0,0,0,121,0,0,0
34.75,0,0,0,0,0,209,0,9,0,0,8,15,0,217,0,0,167,0,0,0,0,0,7,222,0,0,0,0,0,0,182,0,0,0,0,0,224,0,0,0,0,0,0,0,0,0,0,0,0,0,0,0,223,0,0,19,0,0,0,0,4,0,233,0,0,21,0,0,0,1,0,0,0,150,164,0,0,0,0,0,0,0,0,0,0,0,0,0,0,0,0,0,123,0,0,0
35,0,0,0,0,0,209,0,9,0,0,8,15,0,217,0,0,167,0,0,0,0,0,7,222,0,0,0,0,0,0,182,0,0,0,0,0,224,0,0,0,0,0,0,0,0,0,0,0,0,0,0,0,223,0,0,19,0,0,0,0,4,0,233,0,0,21,0,0,0,2,0,0,0,150,170,0,0,0,0,0,0,0,0,0,0,0,0,0,0,0,0,0,127,0,0,0
35.25,0,0,0,0,0,209,0,9,0,0,8,15,0,217,0,0,167,0,0,0,0,0,7,222,0,0,0,0,0,0,182,0,0,0,0,0,224,0,0,0,0,0,0,0,0,0,0,0,0,0,0,0,223,0,0,19,0,0,0,0,4,0,233,0,0,21,0,0,0,2,0,0,0,150,170,0,0,0,0,0,0,0,0,0,0,0,0,0,0,0,0,0,127,0,0,0
35.5,0,0,0,0,0,209,0,9,0,0,8,15,0,217,0,0,167,0,0,0,0,0,7,222,0,0,0,0,0,0,182,0,0,0,0,0,225,0,0,0,0,0,0,0,0,0,0,0,0,0,0,0,223,0,0,19,0,0,0,0,4,0,233,0,0,21,0,0,0,2,0,0,0,150,170,0,0,0,0,0,0,0,0,0,0,0,0,0,0,0,0,0,127,0,0,0
35.75,0,0,0,0,0,209,0,9,0,0,8,15,0,217,0,0,170,0,0,0,0,0,7,222,0,0,0,0,0,0,182,0,0,0,0,0,225,0,0,0,0,0,0,0,0,0,0,0,0,0,0,0,223,0,0,19,0,0,0,0,4,0,233,0,0,21,0,0,0,2,0,0,0,150,170,0,0,0,0,0,0,0,0,0,0,0,0,0,0,0,0,0,127,0,0,0
36,0,0,0,0,0,209,0,9,0,0,8,15,0,217,0,0,170,0,0,0,0,0,7,222,0,0,0,0,0,0,182,0,0,0,0,0,225,0,0,0,0,0,0,0,0,0,0,0,0,0,0,0,223,0,0,19,0,0,0,0,4,0,233,0,0,21,0,0,0,2,0,0,0,151,172,0,0,0,0,0,0,0,0,0,0,0,0,0,0,0,0,0,127,0,0,0
36.25,0,0,0,0,0,209,0,9,0,0,8,15,0,217,0,0,170,0,0,0,0,0,7,222,0,0,0,0,0,0,182,0,0,0,0,0,225,0,0,0,0,0,0,0,0,0,0,0,0,0,0,0,223,0,0,19,0,0,0,0,4,0,233,0,0,21,0,0,0,2,0,0,0,152,172,0,0,0,0,0,0,0,0,0,0,0,0,0,0,0,0,0,131,0,0,0
36.5,0,0,0,0,0,209,0,9,0,0,8,15,0,217,0,0,170,0,0,0,0,0,7,222,0,0,0,0,0,0,182,0,0,0,0,0,225,0,0,0,0,0,0,0,0,0,0,0,0,0,0,0,223,0,0,19,0,0,0,0,4,0,233,0,0,21,0,0,0,2,0,0,0,153,172,0,0,0,0,0,0,0,0,0,0,0,0,0,0,0,0,0,131,0,0,0
36.75,0,0,0,0,0,209,0,9,0,0,8,15,0,217,0,0,170,0,0,0,0,0,7,222,0,0,0,0,0,0,182,0,0,0,0,0,225,0,0,0,0,0,0,0,0,0,0,0,0,0,0,0,223,0,0,19,0,0,0,0,4,0,233,0,0,21,0,0,0,2,0,0,0,153,172,0,0,0,0,0,0,0,0,0,0,0,0,0,0,0,0,0,131,0,0,0
37,0,0,0,0,0,209,0,9,0,0,8,15,0,217,0,0,170,0,0,0,0,0,7,222,0,0,0,0,0,0,183,0,0,0,0,0,225,0,0,0,0,0,0,0,0,0,0,0,0,0,0,0,223,0,0,19,0,0,0,0,4,0,233,0,0,21,0,0,0,2,0,0,0,153,175,0,0,0,0,0,0,0,0,0,0,0,0,0,0,0,0,0,131,0,0,0
37.25,0,0,0,0,0,209,0,9,0,0,8,15,0,217,0,0,170,0,0,0,0,0,7,222,0,0,0,0,0,0,183,0,0,0,0,0,225,0,0,0,0,0,0,0,0,0,0,0,0,0,0,0,223,0,0,19,0,0,0,0,4,0,233,0,0,21,0,0,0,2,0,0,0,153,175,0,0,0,0,0,0,0,0,0,0,0,0,0,0,0,0,0,131,0,0,0
37.5,0,0,0,0,0,209,0,9,0,0,8,15,0,217,0,0,170,0,0,0,0,0,7,222,0,0,0,0,0,0,183,0,0,0,0,0,225,0,0,0,0,0,0,0,0,0,0,0,0,0,0,0,223,0,0,19,0,0,0,0,4,0,233,0,0,21,0,0,0,2,0,0,0,157,175,0,0,0,0,0,0,0,0,0,0,0,0,0,0,0,0,0,135,0,0,0
37.75,0,0,0,0,0,209,0,9,0,0,8,15,0,217,0,0,173,0,0,0,0,0,7,223,0,0,0,0,0,0,184,0,0,0,0,0,225,0,0,0,0,0,0,0,0,0,0,0,0,0,0,0,223,0,0,19,0,0,0,0,4,0,233,0,0,21,0,0,0,2,0,0,0,157,175,0,0,0,0,0,0,0,0,0,0,0,0,0,0,0,0,0,135,0,0,0
38,0,0,0,0,0,209,0,9,0,0,8,15,0,217,0,0,173,0,0,0,0,0,7,223,0,0,0,0,0,0,184,0,0,0,0,0,225,0,0,0,0,0,0,0,0,0,0,0,0,0,0,0,223,0,0,19,0,0,0,0,4,0,233,0,0,21,0,0,0,2,0,0,0,159,180,0,0,0,0,0,0,0,0,0,0,0,0,0,0,0,0,0,139,0,0,0
38.25,0,0,0,0,0,209,0,9,0,0,8,15,0,217,0,0,173,0,0,0,0,0,7,223,0,0,0,0,0,0,185,0,0,0,0,0,225,0,0,0,0,0,0,0,0,0,0,0,0,0,0,0,223,0,0,19,0,0,0,0,4,0,233,0,0,21,0,0,0,2,0,0,0,159,180,0,0,0,0,0,0,0,0,0,0,0,0,0,0,0,0,0,139,0,0,0
38.5,0,0,0,0,0,209,0,9,0,0,8,15,0,217,0,0,173,0,0,0,0,0,7,223,0,0,0,0,0,0,185,0,0,0,0,0,225,0,0,0,0,0,0,0,0,0,0,0,0,0,0,0,223,0,0,19,0,0,0,0,4,0,233,0,0,21,0,0,0,2,0,0,0,160,183,0,0,0,0,0,0,0,0,0,0,0,0,0,0,0,0,0,142,0,0,0
38.75,0,0,0,0,0,209,0,9,0,0,8,15,0,217,0,0,173,0,0,0,0,0,7,223,0,0,0,0,0,0,185,0,0,0,0,0,225,0,0,0,0,0,0,0,0,0,0,0,0,0,0,0,223,0,0,19,0,0,0,0,4,0,233,0,0,21,0,0,0,2,0,0,0,160,183,0,0,0,0,0,0,0,0,0,0,0,0,0,0,0,0,0,142,0,0,0
39,0,0,0,0,0,209,0,9,0,0,8,15,0,217,0,0,173,0,0,0,0,0,7,223,0,0,0,0,0,0,185,0,0,0,0,0,225,0,0,0,0,0,0,0,0,0,0,0,0,0,0,0,223,0,0,19,0,0,0,0,4,0,233,0,0,21,0,0,0,2,0,0,0,163,183,0,0,0,0,0,0,0,0,0,0,0,0,0,0,0,0,0,144,0,0,0
39.25,0,0,0,0,0,211,0,9,0,0,8,15,0,217,0,0,179,0,0,0,0,0,7,223,0,0,0,0,0,0,186,0,0,0,0,0,225,0,0,0,0,0,0,0,0,0,0,0,0,0,0,0,224,0,0,19,0,0,0,0,4,0,233,0,0,21,0,0,0,2,0,0,0,163,183,0,0,0,0,0,0,0,0,0,0,0,0,0,0,0,0,0,144,0,0,0
39.5,0,0,0,0,0,211,0,9,0,0,8,15,0,217,0,0,179,0,0,0,0,0,7,223,0,0,0,0,0,0,186,0,0,0,0,0,225,0,0,0,0,0,0,0,0,0,0,0,0,0,0,0,225,0,0,19,0,0,0,0,4,0,233,0,0,21,0,0,0,2,0,0,0,163,183,0,0,0,0,0,0,0,0,0,0,0,0,0,0,0,0,0,144,0,0,0
39.75,0,0,0,0,0,211,0,9,0,0,8,15,0,217,0,0,179,0,0,0,0,0,7,223,0,0,0,0,0,0,186,0,0,0,0,0,225,0,0,0,0,0,0,0,0,0,0,0,0,0,0,0,225,0,0,19,0,0,0,0,4,0,234,0,0,21,0,0,0,2,0,0,0,167,185,0,0,0,0,0,0,0,0,0,0,0,0,0,0,0,0,0,145,0,0,0
40,0,0,0,0,0,211,0,9,0,0,8,15,0,217,0,0,179,0,0,0,0,0,7,223,0,0,0,0,0,0,186,0,0,0,0,0,225,0,0,0,0,0,0,0,0,0,0,0,0,0,0,0,225,0,0,19,0,0,0,0,4,0,237,0,0,21,0,0,0,2,0,0,0,173,185,0,0,0,0,0,0,0,0,0,0,0,0,0,0,0,0,0,149,0,0,0
40.25,0,0,0,0,0,211,0,9,0,0,8,15,0,217,0,0,179,0,0,0,0,0,7,223,0,0,0,0,0,0,186,0,0,0,0,0,225,0,0,0,0,0,0,0,0,0,0,0,0,0,0,0,225,0,0,19,0,0,0,0,4,0,237,0,0,21,0,0,0,2,0,0,0,173,189,0,0,0,0,0,0,0,0,0,0,0,0,0,0,0,0,0,156,0,0,0
40.5,0,0,0,0,0,211,0,9,0,0,8,15,0,217,0,0,179,0,0,0,0,0,7,223,0,0,0,0,0,0,186,0,0,0,0,0,225,0,0,0,0,0,0,0,0,0,0,0,0,0,0,0,225,0,0,19,0,0,0,0,4,0,237,0,0,21,0,0,0,2,0,0,0,173,189,0,0,0,0,0,0,0,0,0,0,0,0,0,0,0,0,0,156,0,0,0
40.75,0,0,0,0,0,211,0,9,0,0,8,15,0,217,0,0,179,0,0,0,0,0,7,223,0,0,0,0,0,0,186,0,0,0,0,0,225,0,0,0,0,0,0,0,0,0,0,0,0,0,0,0,225,0,0,19,0,0,0,0,4,0,237,0,0,21,0,0,0,2,0,0,0,173,189,0,0,0,0,0,0,0,0,0,0,0,0,0,0,0,0,0,156,0,0,0
41,0,0,0,0,0,211,0,9,0,0,8,15,0,217,0,0,179,0,0,0,0,0,7,223,0,0,0,0,0,0,186,0,0,0,0,0,225,0,0,0,0,0,0,0,0,0,0,0,0,0,0,0,225,0,0,19,0,0,0,0,4,0,237,0,0,21,0,0,0,2,0,0,0,173,189,0,0,0,0,0,0,0,0,0,0,0,0,0,0,0,0,0,156,0,0,0
41.25,0,0,0,0,0,211,0,9,0,0,8,15,0,217,0,0,179,0,0,0,0,0,7,223,0,0,0,0,0,0,187,0,0,0,0,0,225,0,0,0,0,0,0,0,0,0,0,0,0,0,0,0,225,0,0,19,0,0,0,0,4,0,237,0,0,21,0,0,0,2,0,0,0,173,189,0,0,0,0,0,0,0,0,0,0,0,0,0,0,0,0,0,156,0,0,0
41.5,0,0,0,0,0,211,0,9,0,0,8,15,0,217,0,0,180,0,0,0,0,0,7,224,0,0,0,0,0,0,188,0,0,0,0,0,225,0,0,0,0,0,0,0,0,0,0,0,0,0,0,0,226,0,0,19,0,0,0,0,4,0,237,0,0,21,0,0,0,2,0,0,0,173,189,0,0,0,0,0,0,0,0,0,0,0,0,0,0,0,0,0,156,0,0,0
41.75,0,0,0,0,0,211,0,9,0,0,8,15,0,217,0,0,180,0,0,0,0,0,7,224,0,0,0,0,0,0,188,0,0,0,0,0,225,0,0,0,0,0,0,0,0,0,0,0,0,0,0,0,226,0,0,19,0,0,0,0,4,0,237,0,0,21,0,0,0,2,0,0,0,173,189,0,0,0,0,0,0,0,0,0,0,0,0,0,0,0,0,0,156,0,0,0
42,0,0,0,0,0,211,0,9,0,0,8,15,0,217,0,0,182,0,0,0,0,0,7,224,0,0,0,0,0,0,188,0,0,0,0,0,225,0,0,0,0,0,0,0,0,0,0,0,0,0,0,0,226,0,0,19,0,0,0,0,4,0,237,0,0,21,0,0,0,2,0,0,0,173,189,0,0,0,0,0,0,0,0,0,0,0,0,0,0,0,0,0,156,0,0,0
42.25,0,0,0,0,0,211,0,9,0,0,8,15,0,217,0,0,184,0,0,0,0,0,7,224,0,0,0,0,0,0,189,0,0,0,0,0,225,0,0,0,0,0,0,0,0,0,0,0,0,0,0,0,226,0,0,19,0,0,0,0,4,0,237,0,0,21,0,0,0,2,0,0,0,175,189,0,0,0,0,0,0,0,0,0,0,0,0,0,0,0,0,0,156,0,0,0
42.5,0,0,0,0,0,211,0,9,0,0,8,15,0,217,0,0,184,0,0,0,0,0,7,224,0,0,0,0,0,0,190,0,0,0,0,0,225,0,0,0,0,0,0,0,0,0,0,0,0,0,0,0,227,0,0,19,0,0,0,0,4,0,237,0,0,21,0,0,0,2,0,0,0,175,193,0,0,0,0,0,0,0,0,0,0,0,0,0,0,0,0,0,156,0,0,0
42.75,0,0,0,0,0,211,0,9,0,0,8,15,0,217,0,0,184,0,0,0,0,0,7,224,0,0,0,0,0,0,190,0,0,0,0,0,225,0,0,0,0,0,0,0,0,0,0,0,0,0,0,0,227,0,0,19,0,0,0,0,4,0,237,0,0,21,0,0,0,2,0,0,0,177,194,0,0,0,0,0,0,0,0,0,0,0,0,0,0,0,0,0,163,0,0,0
43,0,0,0,0,0,211,0,9,0,0,8,15,0,217,0,0,184,0,0,0,0,0,7,224,0,0,0,0,0,0,190,0,0,0,0,0,225,0,0,0,0,0,0,0,0,0,0,0,0,0,0,0,227,0,0,19,0,0,0,0,4,0,238,0,0,21,0,0,0,2,0,0,0,181,194,0,0,0,0,0,0,0,0,0,0,0,0,0,0,0,0,0,164,0,0,0
43.25,0,0,0,0,0,213,0,9,0,0,8,15,0,217,0,0,184,0,0,0,0,0,7,224,0,0,0,0,0,0,191,0,0,0,0,0,225,0,0,0,0,0,0,0,0,0,0,0,0,0,0,0,227,0,0,19,0,0,0,0,4,0,238,0,0,21,0,0,0,2,0,0,0,181,194,0,0,0,0,0,0,0,0,0,0,0,0,0,0,0,0,0,164,0,0,0
43.5,0,0,0,0,0,213,0,9,0,0,8,15,0,217,0,0,184,0,0,0,0,0,7,224,0,0,0,0,0,0,191,0,0,0,0,0,225,0,0,0,0,0,0,0,0,0,0,0,0,0,0,0,227,0,0,19,0,0,0,0,4,0,238,0,0,21,0,0,0,2,0,0,0,181,196,0,0,0,0,0,0,0,0,0,0,0,0,0,0,0,0,0,169,0,0,0
43.75,0,0,0,0,0,213,0,9,0,0,8,15,0,217,0,0,184,0,0,0,0,0,7,224,0,0,0,0,0,0,191,0,0,0,0,0,225,0,0,0,0,0,0,0,0,0,0,0,0,0,0,0,227,0,0,19,0,0,0,0,4,0,238,0,0,21,0,0,0,2,0,0,0,181,196,0,0,0,0,0,0,0,0,0,0,0,0,0,0,0,0,0,169,0,0,0
44,0,0,0,0,0,214,0,9,0,0,8,15,0,217,0,0,184,0,0,0,0,0,7,224,0,0,0,0,0,0,191,0,0,0,0,0,225,0,0,0,0,0,0,0,0,0,0,0,0,0,0,0,227,0,0,19,0,0,0,0,4,0,238,0,0,21,0,0,0,2,0,0,0,181,198,0,0,0,0,0,0,0,0,0,0,0,0,0,0,0,0,0,169,0,0,0
44.25,0,0,0,0,0,214,0,9,0,0,8,15,0,217,0,0,184,0,0,0,0,0,7,224,0,0,0,0,0,0,191,0,0,0,0,0,225,0,0,0,0,0,0,0,0,0,0,0,0,0,0,0,227,0,0,19,0,0,0,0,4,0,238,0,0,21,0,0,0,2,0,0,0,181,198,0,0,0,0,0,0,0,0,0,0,0,0,0,0,0,0,0,169,0,0,0
44.5,0,0,0,0,0,214,0,9,0,0,8,15,0,217,0,0,184,0,0,0,0,0,7,224,0,0,0,0,0,0,191,0,0,0,0,0,225,0,0,0,0,0,0,0,0,0,0,0,0,0,0,0,227,0,0,19,0,0,0,0,4,0,238,0,0,21,0,0,0,2,0,0,0,181,198,0,0,0,0,0,0,0,0,0,0,0,0,0,0,0,0,0,170,0,0,0
44.75,0,0,0,0,0,214,0,9,0,0,8,15,0,217,0,0,184,0,0,0,0,0,7,224,0,0,0,0,0,0,191,0,0,0,0,0,225,0,0,0,0,0,0,0,0,0,0,0,0,0,0,0,227,0,0,19,0,0,0,0,4,0,238,0,0,21,0,0,0,2,0,0,0,181,198,0,0,0,0,0,0,0,0,0,0,0,0,0,0,0,0,0,170,0,0,0
45,0,0,0,0,0,214,0,9,0,0,8,15,0,217,0,0,184,0,0,0,0,0,7,224,0,0,0,0,0,0,191,0,0,0,0,0,225,0,0,0,0,0,0,0,0,0,0,0,0,0,0,0,228,0,0,19,0,0,0,0,4,0,238,0,0,21,0,0,0,2,0,0,0,182,198,0,0,0,0,0,0,0,0,0,0,0,0,0,0,0,0,0,170,0,0,0
45.25,0,0,0,0,0,214,0,9,0,0,8,15,0,217,0,0,184,0,0,0,0,0,7,224,0,0,0,0,0,0,191,0,0,0,0,0,225,0,0,0,0,0,0,0,0,0,0,0,0,0,0,0,228,0,0,19,0,0,0,0,4,0,238,0,0,21,0,0,0,2,0,0,0,184,198,0,0,0,0,0,0,0,0,0,0,0,0,0,0,0,0,0,170,0,0,0
45.5,0,0,0,0,0,214,0,9,0,0,8,15,0,217,0,0,184,0,0,0,0,0,7,225,0,0,0,0,0,0,191,0,0,0,0,0,225,0,0,0,0,0,0,0,0,0,0,0,0,0,0,0,228,0,0,19,0,0,0,0,4,0,238,0,0,21,0,0,0,2,0,0,0,184,199,0,0,0,0,0,0,0,0,0,0,0,0,0,0,0,0,0,170,0,0,0
45.75,0,0,0,0,0,215,0,9,0,0,8,15,0,217,0,0,184,0,0,0,0,0,7,225,0,0,0,0,0,0,191,0,0,0,0,0,225,0,0,0,0,0,0,0,0,0,0,0,0,0,0,0,228,0,0,19,0,0,0,0,4,0,238,0,0,21,0,0,0,2,0,0,0,186,199,0,0,0,0,0,0,0,0,0,0,0,0,0,0,0,0,0,170,0,0,0
46,0,0,0,0,0,215,0,9,0,0,8,15,0,217,0,0,184,0,0,0,0,0,7,225,0,0,0,0,0,0,191,0,0,0,0,0,225,0,0,0,0,0,0,0,0,0,0,0,0,0,0,0,228,0,0,19,0,0,0,0,4,0,238,0,0,21,0,0,0,2,0,0,0,186,199,0,0,0,0,0,0,0,0,0,0,0,0,0,0,0,0,0,171,0,0,0
46.25,0,0,0,0,0,215,0,9,0,0,8,15,0,217,0,0,184,0,0,0,0,0,7,225,0,0,0,0,0,0,191,0,0,0,0,0,225,0,0,0,0,0,0,0,0,0,0,0,0,0,0,0,228,0,0,19,0,0,0,0,4,0,238,0,0,21,0,0,0,2,0,0,0,187,199,0,0,0,0,0,0,0,0,0,0,0,0,0,0,0,0,0,172,0,0,0
46.5,0,0,0,0,0,215,0,9,0,0,8,15,0,217,0,0,184,0,0,0,0,0,7,225,0,0,0,0,0,0,191,0,0,0,0,0,225,0,0,2,0,0,0,0,0,0,0,0,0,0,0,0,228,0,0,19,0,0,0,0,4,0,238,0,0,21,0,0,0,2,0,0,0,189,202,0,0,0,0,0,0,0,0,0,0,0,0,0,0,0,0,0,176,0,0,0
46.75,0,0,0,0,0,215,0,9,0,0,8,15,0,217,0,0,184,0,0,0,0,0,7,225,0,0,0,0,0,0,191,0,0,0,0,0,225,0,0,8,0,0,0,0,0,0,0,0,0,0,0,0,228,0,0,19,0,0,0,0,4,0,238,0,0,21,0,0,0,2,0,0,0,190,202,0,0,0,0,0,0,0,0,0,0,0,0,0,0,0,0,0,177,0,0,0
47,0,0,0,0,0,215,0,9,0,0,8,15,0,217,0,0,184,0,0,0,0,0,7,225,0,0,0,0,0,0,191,0,0,0,0,0,225,0,0,10,0,0,0,0,0,0,0,0,0,0,0,0,228,0,0,19,0,0,0,0,4,0,238,0,0,21,0,0,0,2,0,0,0,190,202,0,0,0,0,0,0,0,0,0,0,0,0,0,0,0,0,0,177,0,0,0
47.25,0,0,0,0,0,215,0,9,0,0,8,15,0,217,0,0,184,0,0,0,0,0,7,225,0,0,0,0,0,0,191,0,0,0,0,0,225,0,0,11,0,0,0,0,0,0,0,0,0,0,0,0,228,0,0,19,0,0,0,0,4,0,238,0,0,21,0,0,0,2,0,0,0,190,202,0,0,0,0,0,0,0,0,0,0,0,0,0,0,0,0,0,177,0,0,0
47.5,0,0,0,0,0,215,0,9,0,0,8,15,0,217,0,0,184,0,0,0,0,0,7,225,0,0,0,0,0,0,191,0,0,0,0,0,225,0,0,17,0,0,0,0,0,0,0,0,0,0,0,0,228,0,0,19,0,0,0,0,4,0,238,0,0,21,0,0,0,2,0,0,0,191,202,0,0,0,0,0,0,0,0,0,0,0,0,0,0,0,0,0,177,0,0,0
47.75,0,0,0,0,0,215,0,9,0,0,8,15,0,217,0,0,186,0,0,0,0,0,7,225,0,0,0,0,0,0,192,0,0,0,0,0,225,0,0,20,0,0,0,0,0,0,0,0,0,0,0,0,228,0,0,19,0,0,0,0,4,0,238,0,0,21,0,0,0,2,0,0,0,191,202,0,0,0,0,0,0,0,0,0,0,0,0,0,0,0,0,0,177,0,0,0
