Data File    , C:\Program Files\Biolog\OL_DC_23\PMX\Data_2014\03\PMX_443_140305_A_25.OKA,,,,,,,,,,,,,,,,,,,,,,,,,,,,,,,,,,,,,,,,,,,,,,,,,,,,,,,,,,,,,,,,,,,,,,,,,,,,,,,,,,,,,,,,,,,,,,,
Set up Time  ,Mar 05 2014 10:12 AM,,,,,,,,,,,,,,,,,,,,,,,,,,,,,,,,,,,,,,,,,,,,,,,,,,,,,,,,,,,,,,,,,,,,,,,,,,,,,,,,,,,,,,,,,,,,,,,
Position     ,13-A,,,,,,,,,,,,,,,,,,,,,,,,,,,,,,,,,,,,,,,,,,,,,,,,,,,,,,,,,,,,,,,,,,,,,,,,,,,,,,,,,,,,,,,,,,,,,,,
Plate Type   ,PM 9-,,,,,,,,,,,,,,,,,,,,,,,,,,,,,,,,,,,,,,,,,,,,,,,,,,,,,,,,,,,,,,,,,,,,,,,,,,,,,,,,,,,,,,,,,,,,,,,
Strain Type  ,---,,,,,,,,,,,,,,,,,,,,,,,,,,,,,,,,,,,,,,,,,,,,,,,,,,,,,,,,,,,,,,,,,,,,,,,,,,,,,,,,,,,,,,,,,,,,,,,
Sample Number,,,,,,,,,,,,,,,,,,,,,,,,,,,,,,,,,,,,,,,,,,,,,,,,,,,,,,,,,,,,,,,,,,,,,,,,,,,,,,,,,,,,,,,,,,,,,,,,
Strain Name  ,2616,,,,,,,,,,,,,,,,,,,,,,,,,,,,,,,,,,,,,,,,,,,,,,,,,,,,,,,,,,,,,,,,,,,,,,,,,,,,,,,,,,,,,,,,,,,,,,,
Strain Number,ECI-2616 (1),,,,,,,,,,,,,,,,,,,,,,,,,,,,,,,,,,,,,,,,,,,,,,,,,,,,,,,,,,,,,,,,,,,,,,,,,,,,,,,,,,,,,,,,,,,,,,,
Other        ,PM9,,,,,,,,,,,,,,,,,,,,,,,,,,,,,,,,,,,,,,,,,,,,,,,,,,,,,,,,,,,,,,,,,,,,,,,,,,,,,,,,,,,,,,,,,,,,,,,
,,,,,,,,,,,,,,,,,,,,,,,,,,,,,,,,,,,,,,,,,,,,,,,,,,,,,,,,,,,,,,,,,,,,,,,,,,,,,,,,,,,,,,,,,,,,,,,,
Hour,  A01,  A02,  A03,  A04,  A05,  A06,  A07,  A08,  A09,  A10,  A11,  A12,  B01,  B02,  B03,  B04,  B05,  B06,  B07,  B08,  B09,  B10,  B11,  B12,  C01,  C02,  C03,  C04,  C05,  C06,  C07,  C08,  C09,  C10,  C11,  C12,  D01,  D02,  D03,  D04,  D05,  D06,  D07,  D08,  D09,  D10,  D11,  D12,  E01,  E02,  E03,  E04,  E05,  E06,  E07,  E08,  E09,  E10,  E11,  E12,  F01,  F02,  F03,  F04,  F05,  F06,  F07,  F08,  F09,  F10,  F11,  F12,  G01,  G02,  G03,  G04,  G05,  G06,  G07,  G08,  G09,  G10,  G11,  G12,  H01,  H02,  H03,  H04,  H05,  H06,  H07,  H08,  H09,  H10,  H11,  H12
0,16,11,44,27,16,11,21,32,37,21,21,42,53,15,29,23,25,29,38,26,29,22,51,61,32,29,11,11,23,29,33,15,29,17,39,48,24,33,15,14,23,39,32,40,11,14,11,16,33,44,11,17,28,31,11,11,11,12,26,30,39,13,11,11,11,11,13,11,20,14,27,32,32,20,18,47,21,15,23,25,33,31,48,44,59,33,28,30,21,28,34,32,42,39,75,50
0.25,18,11,46,27,16,11,21,32,37,23,21,42,55,15,30,23,25,29,39,28,33,22,51,61,36,34,11,11,23,29,34,15,29,18,39,52,25,35,16,14,27,39,32,40,11,15,14,18,34,44,11,18,38,37,13,11,11,15,26,34,40,15,11,11,11,11,14,11,22,16,27,38,33,20,18,47,22,15,27,27,33,37,48,50,59,33,28,30,24,28,39,33,47,46,81,54
0.5,18,11,46,27,16,11,21,32,37,28,21,46,55,15,30,23,25,30,43,31,35,25,51,67,36,34,11,16,23,29,34,15,29,19,39,59,25,35,18,14,27,39,32,40,11,15,14,18,34,44,11,20,46,37,13,11,11,15,26,35,40,15,11,11,11,11,14,11,22,16,27,38,33,20,18,47,22,15,27,27,33,37,48,50,59,33,28,30,24,28,39,33,47,46,81,54
0.75,18,11,46,27,16,11,21,32,37,31,21,46,55,15,31,23,25,30,43,31,35,25,51,67,36,34,11,16,23,29,37,15,29,19,39,59,25,35,18,14,27,39,32,40,11,15,14,18,34,44,11,20,46,38,13,11,11,15,26,35,40,15,11,11,11,11,14,11,22,16,27,38,33,20,18,47,22,15,27,27,33,37,48,50,59,33,28,30,24,28,39,33,47,46,81,54
1,18,11,46,27,16,11,21,32,37,31,23,47,55,15,31,23,25,30,43,31,38,25,51,70,36,34,15,17,23,29,37,15,29,19,43,63,25,35,21,16,27,39,32,40,11,15,16,18,34,44,11,23,46,38,13,11,11,15,26,38,40,15,11,11,11,11,14,12,22,16,27,38,33,20,20,47,22,15,27,28,33,37,48,50,59,33,28,30,24,28,39,33,47,46,81,54
1.25,18,11,46,27,16,11,21,32,37,31,23,47,55,15,31,23,25,30,43,32,38,25,51,70,36,37,15,17,23,29,37,15,29,19,43,63,25,35,21,17,27,39,32,40,11,15,16,18,34,44,11,23,46,38,13,11,11,15,26,38,40,15,11,11,11,11,14,12,22,16,27,38,33,20,20,47,22,15,27,28,33,37,48,50,59,33,28,30,24,28,39,33,47,46,81,54
1.5,18,11,46,27,16,11,21,32,37,31,23,47,55,15,31,23,25,30,43,32,38,25,51,70,36,37,15,17,23,29,37,15,29,19,43,63,25,35,21,18,27,39,33,40,11,15,16,18,34,44,11,23,46,38,13,11,11,15,26,39,40,15,11,11,11,11,14,14,22,16,27,38,33,20,20,47,22,15,27,32,33,37,48,50,59,33,28,30,24,28,39,33,49,46,81,59
1.75,18,11,46,27,16,11,21,32,37,31,23,47,55,15,31,23,25,30,43,32,38,25,51,70,36,37,15,17,23,29,37,15,29,19,43,63,25,35,21,18,27,39,33,40,11,15,16,18,34,44,11,23,46,38,13,11,11,15,26,39,40,15,11,11,11,11,14,14,22,16,27,38,33,20,20,47,22,15,27,32,33,37,48,50,59,33,28,30,24,28,39,33,49,46,81,59
2,21,11,46,27,16,11,21,32,37,36,24,47,55,15,31,23,25,30,43,35,38,28,51,70,36,37,15,17,23,29,41,15,29,19,44,63,25,35,23,19,28,39,38,40,11,17,19,23,34,44,12,23,46,38,15,11,11,17,26,39,40,15,11,11,11,11,15,18,22,18,27,38,33,20,23,47,22,15,27,33,34,37,48,50,59,33,28,30,24,28,41,33,49,46,81,60
2.25,21,11,46,27,16,11,21,32,37,36,24,47,55,15,31,23,25,30,43,35,38,28,51,70,36,37,15,17,23,29,41,15,29,19,44,64,25,35,24,19,28,39,38,40,11,17,19,23,34,44,12,23,46,38,15,11,11,17,26,39,40,15,11,11,11,11,15,18,22,18,27,38,33,20,23,47,22,15,27,33,34,37,48,50,59,33,28,30,24,28,41,33,49,46,81,60
2.5,21,11,46,27,16,11,21,32,37,36,24,47,55,15,31,23,25,30,43,35,38,28,51,70,36,37,15,17,23,29,41,15,29,19,45,64,25,35,24,19,28,39,38,40,11,17,19,23,34,44,12,23,46,38,15,11,11,17,26,39,40,15,11,11,11,11,15,18,22,18,27,38,33,20,23,47,22,15,27,33,34,37,48,50,59,33,28,30,24,28,41,33,49,46,81,60
2.75,21,11,46,27,16,11,21,32,37,36,24,47,55,15,31,23,25,30,43,35,38,28,51,70,36,37,15,17,23,29,41,15,29,19,45,64,25,35,24,19,28,39,38,40,11,17,19,23,34,44,12,23,46,38,15,11,11,17,26,39,40,15,11,11,11,11,15,18,22,18,27,38,33,20,23,47,22,15,27,33,34,37,48,50,59,33,28,30,24,28,41,33,49,46,81,60
3,22,11,46,27,16,11,21,32,37,36,24,47,55,15,31,23,25,30,43,35,38,31,51,70,36,37,15,17,23,29,41,15,29,19,45,65,25,35,29,19,28,39,38,40,13,18,19,23,34,44,12,23,46,38,15,11,11,17,26,39,40,15,11,11,11,11,15,18,22,18,27,38,33,20,23,47,22,15,27,33,34,37,48,50,59,33,28,30,24,28,41,33,49,46,81,60
3.25,25,11,46,27,16,11,21,32,37,36,24,47,55,15,31,23,25,30,43,35,38,31,51,70,36,37,15,17,23,29,41,15,29,19,45,66,25,35,32,19,28,39,38,40,17,18,20,23,34,44,12,23,46,38,17,11,11,17,26,39,40,15,11,11,11,11,15,18,22,18,27,38,33,20,23,47,22,15,27,33,34,37,48,50,59,33,28,30,25,30,41,33,49,46,81,60
3.5,27,12,46,27,16,11,21,32,37,36,24,47,55,15,31,23,25,30,43,35,38,31,51,70,36,37,15,17,23,29,41,15,29,19,45,66,25,35,34,19,28,39,38,40,17,19,20,25,34,44,13,23,46,38,18,11,11,17,26,39,40,15,11,11,11,11,15,18,22,18,27,38,33,21,23,47,22,15,27,33,34,37,48,50,59,34,29,30,27,31,41,33,49,46,81,60
3.75,29,12,46,27,16,11,21,32,37,37,24,47,55,15,31,23,25,30,43,35,38,31,51,70,36,38,15,17,23,29,41,15,29,19,45,66,25,35,34,19,28,39,38,40,25,26,21,28,34,44,13,25,46,38,18,12,11,17,26,39,40,16,11,11,11,11,15,18,22,18,27,38,36,25,23,47,22,15,27,33,41,37,48,50,59,42,36,31,33,33,41,33,49,46,81,60
4,33,16,46,27,16,11,21,32,37,38,24,47,55,15,31,23,25,30,43,37,38,33,51,70,36,38,15,17,23,29,41,16,29,19,45,68,26,35,34,24,28,39,39,40,29,34,28,32,34,44,15,25,46,38,27,17,14,18,26,40,48,20,11,11,13,11,15,18,22,18,27,38,48,36,29,47,22,15,27,33,49,43,48,52,68,53,48,44,48,45,50,39,49,46,81,60
4.25,35,16,46,27,16,11,21,32,37,38,24,47,55,15,31,23,25,30,43,37,38,33,51,70,36,38,15,17,23,29,41,16,29,19,45,68,26,35,34,24,28,39,39,40,29,34,28,33,34,44,15,25,46,38,27,17,14,18,26,40,48,20,11,11,13,11,15,18,22,18,27,38,48,36,31,47,22,15,27,33,49,43,48,52,68,57,51,44,48,45,50,39,49,46,81,60
4.5,41,16,46,27,16,11,21,32,37,38,24,47,55,15,31,23,25,30,43,37,38,33,51,70,36,38,15,17,23,29,41,16,29,19,46,68,26,35,34,24,32,39,39,40,40,40,36,41,34,44,15,25,46,38,31,19,16,18,26,40,48,20,11,11,13,11,15,18,22,18,27,38,54,40,39,47,22,15,27,33,54,48,48,58,73,63,59,54,57,52,59,45,49,46,81,60
4.75,45,18,46,27,16,11,21,32,37,38,24,47,55,15,31,23,25,30,43,37,38,33,51,70,36,38,15,17,23,29,41,16,29,19,46,68,26,35,34,24,32,39,39,40,50,47,42,46,34,44,15,25,46,38,38,22,19,18,26,40,53,27,11,11,13,11,15,18,22,18,27,38,75,66,62,47,22,15,27,33,58,51,49,59,83,73,68,63,65,60,63,50,49,46,81,60
5,55,25,46,27,16,11,21,32,37,38,25,47,55,15,31,23,25,30,43,37,38,33,51,70,36,38,15,17,23,29,41,17,29,19,46,68,28,35,34,24,41,39,43,40,92,83,53,55,36,44,15,25,46,38,46,30,25,18,26,41,74,42,11,12,13,11,15,19,22,18,27,38,110,115,98,62,22,15,27,33,77,62,57,68,92,80,78,72,75,67,74,57,50,46,81,60
5.25,64,29,46,27,16,11,21,32,37,38,25,47,55,15,31,23,25,30,43,37,38,33,51,70,36,41,15,17,23,29,41,17,29,19,46,68,31,35,34,24,64,40,43,40,133,120,82,68,49,44,17,25,46,38,47,30,25,18,26,41,114,62,11,14,13,11,15,19,22,18,27,38,147,162,158,102,22,15,27,33,110,94,76,74,100,87,83,79,78,69,78,59,50,46,81,60
5.5,111,37,46,27,16,11,21,32,37,39,25,47,55,15,32,23,26,30,43,37,38,33,51,70,36,41,15,17,23,29,41,17,29,19,46,68,40,35,34,24,127,81,62,40,171,157,121,112,69,44,17,25,46,38,101,42,33,18,26,41,176,124,11,25,14,11,15,19,22,18,27,38,178,193,204,139,22,15,27,33,149,134,124,105,117,101,95,88,87,78,120,72,50,46,81,60
5.75,143,44,46,27,16,11,21,32,37,42,25,47,55,15,35,23,32,30,43,37,38,33,51,70,36,41,15,17,23,29,41,17,29,19,46,68,45,35,34,24,182,135,95,43,201,187,154,145,90,44,19,25,46,38,147,57,42,18,26,41,222,175,12,33,16,11,15,19,22,18,27,38,208,212,226,169,22,15,27,33,178,168,154,154,132,116,105,98,94,85,173,82,52,46,81,60
6,163,54,46,27,16,11,21,32,37,42,25,47,55,15,35,23,32,30,43,37,39,33,51,70,36,41,15,17,23,29,41,17,29,19,47,68,50,35,35,26,208,177,132,65,223,210,184,168,107,44,19,26,46,38,177,78,54,18,26,41,243,198,12,38,20,11,15,19,22,18,27,38,231,228,237,196,22,15,27,33,198,191,177,181,140,123,111,105,99,92,199,94,63,46,81,60
6.25,183,97,46,27,16,11,21,32,37,42,25,47,55,15,35,23,32,30,43,37,39,33,51,70,36,43,15,17,23,29,41,17,29,19,47,68,67,35,35,29,229,205,160,83,244,231,209,188,127,44,20,26,46,38,207,104,76,18,26,41,257,213,13,47,25,11,15,19,22,18,27,38,250,242,249,219,22,15,27,33,217,213,198,199,149,135,121,113,106,98,216,120,76,46,81,60
6.5,198,125,53,27,16,11,21,32,37,42,25,47,55,15,35,23,32,30,43,37,44,36,51,70,36,43,15,17,23,29,43,21,29,22,52,70,103,38,37,31,242,221,186,110,258,245,229,213,143,44,20,28,46,38,224,134,101,22,26,42,264,225,13,54,34,11,15,23,24,18,27,38,262,254,256,231,22,15,27,33,231,226,217,219,160,143,126,121,115,106,230,164,92,51,81,61
6.75,211,146,63,27,16,11,21,32,37,42,27,53,55,15,35,23,32,30,43,39,50,38,51,70,36,43,16,20,23,29,46,24,29,25,58,72,130,44,39,34,253,235,204,133,266,256,245,233,147,44,20,31,46,38,240,158,128,25,28,48,274,235,13,60,43,13,17,27,29,23,27,42,269,265,264,241,24,20,31,33,241,236,231,238,173,150,133,125,122,112,240,193,99,60,81,67
7,223,161,84,29,16,11,21,32,37,42,29,53,55,15,35,23,32,30,43,40,50,41,51,70,36,43,16,20,23,29,50,24,29,25,58,73,147,44,39,35,261,245,214,148,274,265,257,250,159,44,20,31,46,39,250,181,149,25,28,48,282,243,16,71,48,14,17,27,29,23,27,42,276,273,270,246,24,20,31,33,255,245,243,249,219,154,138,129,123,114,247,209,100,60,81,67
7.25,235,177,104,30,16,11,21,32,37,42,29,53,55,15,37,23,34,30,43,40,50,41,51,70,36,46,16,20,23,29,50,24,29,25,58,73,163,51,39,35,267,253,224,156,282,276,267,261,169,44,25,31,46,40,266,197,163,25,28,48,287,249,16,84,51,14,17,27,29,23,27,42,280,277,275,250,24,20,31,33,258,254,249,260,252,161,142,133,127,117,255,224,100,60,81,67
7.5,245,190,123,36,16,11,21,32,37,42,29,53,55,15,37,23,34,30,43,42,50,41,51,70,36,47,16,20,23,29,50,24,29,25,58,73,175,63,39,35,273,257,233,167,285,280,274,269,182,52,25,31,46,43,271,213,177,25,28,48,292,256,16,98,59,14,17,27,29,23,27,42,284,282,279,257,24,20,31,33,264,261,254,267,268,164,144,137,130,120,262,233,100,63,81,67
7.75,253,202,138,40,16,11,21,32,37,42,29,53,55,15,39,23,34,30,43,43,50,41,51,70,36,47,16,20,23,29,50,24,29,25,58,73,188,87,41,35,276,262,240,178,286,280,278,275,195,70,25,31,46,43,274,227,187,25,28,48,294,262,16,113,67,14,17,27,29,23,27,42,288,284,282,260,25,20,31,33,267,263,259,272,285,167,147,138,132,122,272,236,115,90,81,67
8,259,218,157,48,19,11,21,32,37,42,29,53,60,23,39,23,34,30,43,44,50,42,51,70,36,47,16,21,23,29,51,25,29,25,58,73,204,112,47,42,281,266,249,191,288,283,281,281,211,95,25,31,46,43,278,240,201,29,30,48,298,271,19,132,82,17,22,30,32,26,27,46,290,288,285,265,32,23,34,33,274,267,265,275,293,172,152,141,137,124,278,244,129,106,81,70
8.25,265,230,168,52,19,11,21,32,37,42,29,53,60,23,39,23,34,30,43,45,50,42,51,70,36,49,16,21,23,29,51,25,29,25,58,73,215,126,47,42,283,268,253,198,291,288,286,284,221,113,25,31,46,43,282,246,208,29,30,48,299,276,19,147,85,17,22,30,32,26,27,46,292,290,288,267,32,23,34,33,277,272,267,278,299,174,156,143,137,126,285,249,129,115,81,70
8.5,271,238,179,63,24,11,21,32,37,42,29,53,60,23,41,23,34,30,43,46,50,42,51,70,36,49,16,21,23,29,51,25,29,25,58,73,227,144,49,42,285,273,258,204,293,290,287,288,234,139,25,31,46,45,285,252,214,29,30,48,302,279,19,160,96,17,22,30,32,26,27,46,293,291,289,271,32,23,34,33,280,274,270,282,305,178,156,145,140,131,289,255,133,126,81,70
8.75,276,246,191,76,27,11,21,32,37,42,29,53,60,23,41,23,34,30,43,46,50,42,51,70,36,52,16,21,23,29,51,25,29,25,58,73,237,156,51,42,286,273,261,211,294,290,289,289,241,151,27,33,46,45,287,256,220,29,30,48,302,281,19,172,101,17,22,30,32,26,27,46,294,293,290,272,32,23,34,33,280,276,270,285,310,178,158,148,141,131,294,257,137,131,93,70
9,278,254,199,92,32,13,23,32,37,42,29,53,63,23,41,23,34,30,43,49,50,42,51,70,36,52,16,21,23,29,51,25,29,25,58,73,245,170,59,47,287,276,265,217,296,291,290,292,254,171,28,33,46,45,288,263,229,29,30,48,304,282,20,186,116,17,22,30,32,26,27,46,296,293,292,276,39,23,34,33,284,278,275,285,312,185,163,151,145,134,296,263,152,136,108,75
9.25,285,260,205,102,33,13,23,32,37,42,29,53,63,23,46,23,39,31,43,52,50,42,51,70,36,52,16,21,23,29,51,25,29,25,58,73,250,181,68,47,287,277,266,221,299,295,293,294,261,186,32,33,46,47,293,266,231,29,30,48,304,285,22,194,121,17,22,30,32,26,27,46,296,296,294,277,39,23,34,33,284,281,275,289,315,203,164,152,147,136,300,265,154,138,123,75
9.5,287,265,213,116,38,14,23,32,37,42,29,53,63,23,48,23,39,32,43,52,50,42,51,70,36,52,16,21,23,29,51,25,29,25,58,73,256,192,82,50,290,280,268,225,300,295,294,296,268,198,35,33,46,51,294,268,236,29,30,48,306,287,25,204,130,17,22,30,32,26,27,46,298,296,296,280,41,23,34,33,288,282,276,290,316,247,167,154,147,136,303,270,161,144,138,75
9.75,289,271,222,128,43,20,33,32,44,42,30,53,63,26,48,23,39,32,43,52,52,42,51,70,36,52,17,26,23,29,51,27,29,28,58,73,262,201,96,57,290,280,270,234,300,295,294,296,271,200,38,33,46,51,294,270,241,32,30,48,306,288,25,208,141,17,22,30,32,26,27,46,298,296,296,280,42,23,34,33,288,282,277,290,318,270,167,157,148,140,303,272,174,152,152,83
10,294,277,227,139,46,20,33,32,44,42,30,53,63,26,48,23,39,32,43,52,52,42,51,70,36,52,17,26,23,29,51,27,29,28,58,73,267,210,107,60,294,283,273,237,301,297,298,299,276,213,43,33,46,51,297,274,246,32,30,48,306,288,26,218,145,17,22,30,32,26,27,46,300,297,297,280,43,23,34,33,289,286,279,293,320,282,171,160,153,143,306,277,174,153,154,87
10.25,297,278,234,148,49,21,33,32,44,42,30,54,63,26,48,23,42,32,43,52,52,42,51,70,36,56,18,26,23,29,51,27,30,28,59,73,272,217,118,67,294,283,275,241,302,299,298,299,279,219,51,33,46,51,298,274,248,32,30,48,306,291,28,224,151,17,22,30,32,26,27,46,300,297,297,280,44,23,34,33,289,286,281,295,322,293,175,162,155,145,306,277,181,164,164,105
10.5,299,283,237,160,57,23,33,32,44,42,30,54,63,26,49,23,42,32,43,54,52,42,51,70,36,56,18,26,23,29,51,27,32,28,59,73,277,225,131,80,296,285,276,244,304,300,299,301,285,232,60,33,46,53,298,278,250,32,30,48,310,291,31,231,164,17,22,30,32,26,27,46,302,299,298,284,52,23,34,33,291,286,281,295,322,298,177,163,157,146,310,283,187,173,168,119
10.75,299,287,244,171,67,28,40,32,44,42,30,54,63,27,49,23,42,32,43,54,52,42,51,70,36,56,18,32,27,29,51,28,32,28,59,73,281,232,144,97,296,286,278,250,304,300,299,301,288,238,76,33,46,53,298,281,256,39,30,48,310,292,34,235,182,19,25,38,32,26,27,46,302,302,298,285,61,25,35,33,292,287,283,295,322,302,177,166,157,147,310,284,201,186,179,142
11,303,291,248,181,76,33,43,32,44,42,30,54,63,27,49,23,42,32,43,54,52,43,51,70,36,56,20,33,29,30,51,29,32,31,59,73,283,236,157,110,296,287,279,254,304,300,299,302,290,244,93,33,46,53,298,282,257,41,31,48,310,292,38,240,190,20,25,41,33,26,27,46,303,302,300,287,66,26,36,33,294,290,285,297,323,305,182,168,161,149,311,287,210,196,189,159
11.25,304,291,252,188,85,33,43,32,44,42,30,54,63,27,49,23,42,32,43,54,52,43,51,70,36,56,20,33,29,30,51,29,32,31,59,73,285,239,162,119,296,287,279,254,304,300,299,302,292,247,107,33,46,53,298,282,259,42,31,48,310,292,39,240,198,20,25,44,33,26,27,47,303,302,300,287,69,26,36,33,294,290,285,297,323,306,182,168,161,149,311,289,211,203,193,170
11.5,305,295,254,191,91,33,43,32,44,42,30,54,63,27,49,23,42,32,43,54,52,43,51,70,36,56,20,33,29,30,51,29,32,31,59,73,290,247,172,122,296,287,279,256,305,301,300,302,293,253,121,33,46,53,302,283,259,42,31,48,310,293,39,244,198,20,25,44,33,26,27,47,303,302,300,287,69,26,36,33,294,290,286,298,323,308,182,168,162,150,311,291,211,208,198,177
11.75,305,296,261,199,102,37,48,32,44,42,30,54,63,27,49,23,42,32,43,54,52,43,51,70,36,56,20,33,33,30,51,29,34,31,59,73,292,249,180,132,296,289,281,258,305,301,301,302,294,256,135,33,46,53,302,283,264,46,31,48,310,293,42,246,206,20,25,44,33,26,27,47,303,302,300,287,77,26,36,33,294,290,286,298,324,310,183,169,163,151,314,294,214,211,204,182
12,305,297,263,204,108,39,53,34,44,42,30,54,63,27,49,23,42,32,43,54,52,43,51,70,36,56,22,35,35,33,51,29,34,33,59,73,292,253,188,142,296,289,281,262,305,301,301,302,294,257,146,33,46,53,302,285,264,53,31,48,310,293,44,248,212,20,25,50,33,26,27,47,303,302,300,287,80,26,36,33,294,290,286,298,324,310,184,170,163,151,314,294,221,220,211,192
12.25,309,301,263,212,120,40,53,34,44,42,30,54,63,27,49,23,42,32,43,54,52,43,51,70,36,56,22,37,37,36,51,30,35,33,59,73,295,258,197,155,297,292,281,263,305,301,301,302,296,265,157,33,46,53,302,286,266,60,31,48,310,294,51,252,225,20,25,53,33,26,27,47,303,302,300,289,93,26,36,33,294,292,286,298,324,312,186,172,165,152,314,297,230,229,221,199
12.5,309,302,267,218,128,45,58,39,44,42,30,54,63,29,49,23,42,32,43,54,52,43,51,70,36,56,24,40,40,38,51,35,37,36,59,73,297,259,205,166,297,292,282,265,305,301,301,303,296,265,168,33,46,53,302,286,267,69,31,48,311,294,51,253,229,20,28,59,33,26,27,47,303,302,300,289,96,26,36,33,296,292,286,299,324,313,187,172,165,152,314,299,233,233,225,206
12.75,310,302,270,222,138,49,59,39,44,42,30,54,63,29,49,23,42,32,43,54,52,43,51,70,36,56,24,41,43,39,51,36,38,36,59,73,298,261,210,172,297,292,283,266,305,301,301,303,296,268,180,33,46,53,302,286,269,76,31,48,311,294,53,254,232,20,28,62,33,26,27,47,304,302,300,290,100,26,36,33,296,292,286,299,324,313,190,172,166,152,314,299,234,236,229,211
13,311,306,275,225,148,53,62,39,44,42,30,54,63,29,49,26,45,32,43,54,52,44,51,70,36,56,28,41,47,40,51,36,43,37,59,73,300,269,218,177,299,292,283,268,306,304,302,303,297,272,190,33,46,53,305,287,270,83,31,48,311,295,58,259,233,20,28,65,33,26,27,47,304,305,301,293,106,26,36,33,296,296,288,302,327,316,197,176,169,157,315,303,236,238,234,217
13.25,312,307,276,230,157,58,67,40,44,42,30,54,63,32,49,27,45,32,43,54,52,44,51,70,38,56,30,44,52,45,51,39,43,39,61,73,302,269,226,187,299,293,284,269,308,304,302,303,299,276,203,33,46,53,305,289,271,93,31,48,312,295,63,261,242,20,29,71,33,26,27,47,305,305,303,293,115,26,36,33,296,296,288,302,328,316,203,176,169,157,316,304,241,246,242,226
13.5,312,309,279,234,164,66,75,46,44,42,30,54,66,34,49,29,45,32,43,54,52,44,51,70,41,56,32,48,55,49,56,43,46,44,67,73,303,272,234,197,299,294,284,272,308,304,302,303,300,276,215,33,46,53,305,290,273,108,31,48,312,296,67,261,247,24,35,79,35,28,29,47,306,305,303,294,122,27,37,33,298,296,289,302,328,316,209,176,170,157,316,304,251,252,249,232
13.75,313,309,283,240,168,68,83,47,44,42,30,59,66,34,49,31,51,33,43,54,52,44,51,70,41,56,34,48,57,50,56,44,49,45,71,73,303,276,235,199,300,294,284,272,308,304,302,304,300,276,222,33,46,53,305,290,273,110,31,48,312,296,67,262,247,24,35,79,35,28,29,47,306,305,303,295,122,27,37,33,298,296,290,303,328,316,214,178,170,157,317,304,251,252,249,235
14,314,310,283,242,177,79,87,48,44,42,30,59,66,34,49,35,51,33,43,54,52,45,51,70,41,56,35,49,61,54,59,47,49,45,71,73,304,277,242,206,300,294,285,272,308,304,302,305,300,278,230,33,46,53,305,291,273,117,31,48,312,296,67,262,249,24,35,82,35,28,29,47,306,305,303,296,130,27,37,33,298,296,290,305,328,317,219,178,171,157,318,307,251,252,252,238
14.25,314,310,285,246,182,84,94,49,44,42,30,59,66,35,49,36,52,33,43,54,52,45,51,70,41,56,37,50,66,57,61,49,50,45,71,73,305,279,246,211,300,294,285,272,308,304,303,305,301,278,237,33,46,53,307,291,273,123,31,48,312,297,71,263,250,24,35,86,35,28,29,47,306,307,303,296,132,27,37,33,298,296,291,305,328,318,222,178,171,157,318,308,251,255,255,242
14.5,314,311,286,250,188,90,102,55,44,42,30,59,66,37,50,38,54,35,44,54,52,46,52,70,43,57,38,53,73,62,67,52,56,49,73,73,305,279,250,218,300,294,286,273,308,304,303,305,301,279,245,33,46,53,307,291,273,129,31,48,312,297,71,264,254,24,35,91,35,28,29,47,306,307,303,297,140,27,37,33,298,296,291,305,328,318,227,178,171,157,318,308,254,260,258,244
14.75,315,311,287,256,198,102,112,61,44,42,30,59,70,44,52,43,58,37,53,55,52,52,59,70,51,62,44,60,84,71,78,58,59,55,79,73,306,282,256,228,301,295,286,277,308,304,303,305,301,282,253,33,46,53,307,293,275,143,31,48,313,298,79,267,263,28,48,102,35,28,29,47,308,307,303,298,152,28,39,33,299,296,291,305,329,318,231,180,174,159,318,309,264,267,265,250
15,315,313,292,259,203,106,119,61,44,42,30,59,70,44,54,44,61,40,53,55,52,52,59,70,51,65,45,63,91,74,81,59,60,55,82,73,307,285,260,230,303,296,288,277,309,305,303,305,301,282,256,33,46,53,307,293,276,143,31,48,313,298,79,267,263,28,48,102,35,28,29,47,308,307,303,298,152,28,39,33,299,297,291,305,330,320,234,180,174,161,319,309,264,267,266,253
15.25,315,313,297,265,209,117,134,73,44,42,34,59,70,45,54,49,70,42,63,57,52,55,66,70,52,71,48,71,100,83,92,67,65,65,93,73,307,285,263,236,303,297,288,277,309,305,303,305,301,282,263,35,46,53,307,293,276,154,32,48,313,299,80,267,265,28,50,110,35,29,29,48,308,307,303,298,155,28,39,33,299,297,291,305,330,320,236,181,174,161,319,309,266,270,269,255
15.5,315,313,297,266,213,124,137,75,44,42,34,59,70,47,54,49,70,43,68,57,52,57,68,70,56,71,50,78,106,90,97,69,68,65,96,73,307,285,266,243,303,297,288,279,309,305,303,305,301,282,265,35,46,53,307,293,276,160,32,49,313,299,83,267,269,30,57,115,37,29,29,49,308,307,304,298,163,29,39,33,299,297,291,305,330,320,237,181,174,162,319,310,270,273,271,257
15.75,315,313,298,270,219,128,138,76,44,42,34,59,72,50,58,49,72,43,68,57,52,57,68,70,56,74,54,78,111,95,97,70,69,65,96,73,307,287,268,247,303,297,289,279,310,305,303,306,303,283,265,35,46,53,308,293,276,160,32,49,313,300,86,268,269,30,57,115,37,29,29,49,308,308,304,299,167,29,39,33,299,298,292,306,330,320,241,181,175,162,319,310,270,274,272,261
16,315,313,301,270,222,132,147,79,44,42,34,59,72,51,59,51,75,45,70,57,54,58,69,70,56,77,54,83,118,101,103,72,72,65,100,73,307,287,270,250,303,297,289,279,310,305,304,306,303,283,267,35,46,53,308,293,276,165,32,49,314,300,86,269,269,30,57,116,37,29,29,49,308,308,304,299,169,29,39,33,300,298,292,306,330,320,241,182,175,162,319,311,271,275,276,262
16.25,315,313,301,275,227,141,151,85,44,42,34,59,76,56,61,53,81,49,78,57,56,59,73,70,61,83,58,91,126,108,109,76,75,68,104,73,307,287,273,256,303,297,289,279,310,306,304,308,303,283,269,36,46,53,308,294,276,172,32,49,314,300,89,269,272,34,57,121,37,29,29,49,308,308,304,300,175,29,39,33,300,298,292,306,330,320,243,182,175,162,319,313,273,278,276,265
16.5,315,314,301,277,231,151,160,91,44,42,34,59,85,61,70,58,85,53,87,59,61,63,80,70,68,90,65,100,136,119,119,81,79,77,114,73,308,287,278,261,303,297,289,281,310,306,304,308,304,283,271,42,46,53,308,294,278,180,32,49,314,300,97,270,276,41,67,132,37,29,29,49,308,308,304,300,187,29,40,34,300,298,292,306,330,320,245,182,176,162,319,313,278,283,281,267
16.75,315,314,301,280,235,154,166,97,44,42,34,59,85,61,70,59,91,55,91,60,63,64,84,70,68,92,68,104,140,120,122,83,82,78,117,73,309,289,280,266,303,297,289,281,310,306,304,308,304,284,272,42,46,53,309,295,278,180,32,49,314,300,97,270,276,41,67,132,37,29,29,49,308,308,305,300,187,29,40,34,300,298,293,306,330,321,247,182,176,162,319,313,278,283,281,269
17,315,314,301,283,239,161,174,101,46,42,34,59,87,65,73,64,99,57,98,65,66,67,89,70,68,98,72,109,149,130,128,87,88,84,123,76,309,290,281,269,303,297,290,281,310,306,305,308,304,284,273,46,46,53,309,296,278,185,32,49,314,300,97,271,277,41,67,135,37,29,29,49,308,308,305,300,191,29,40,34,300,298,293,306,330,321,247,183,176,162,319,313,279,285,285,269
17.25,315,314,301,286,241,162,179,106,46,42,34,59,87,67,75,67,104,60,102,65,68,68,91,71,69,101,76,113,153,134,130,87,92,88,129,79,310,292,282,270,303,297,290,281,310,306,305,308,304,284,273,52,46,53,309,296,278,187,32,49,314,300,97,271,277,41,67,135,37,29,29,49,308,308,305,300,194,29,40,34,300,298,293,306,330,321,247,184,176,162,319,313,279,285,285,271
17.5,315,314,301,288,245,176,190,114,49,42,34,59,93,76,82,73,110,68,116,74,75,76,103,75,77,108,84,123,162,145,142,96,95,96,140,82,310,292,285,274,303,297,290,283,310,306,305,308,304,285,277,62,46,53,309,296,279,196,32,49,314,300,99,271,279,45,74,144,37,29,29,49,308,308,305,300,204,29,40,34,300,298,293,307,331,321,248,184,176,162,319,313,284,289,290,274
17.75,315,314,302,292,251,183,199,123,54,44,36,59,97,86,87,82,121,78,126,84,82,83,111,81,82,115,90,133,167,153,153,101,106,108,154,96,310,292,288,278,303,298,292,284,310,306,305,308,304,285,280,80,46,53,309,296,279,202,39,54,314,302,101,273,282,49,80,154,42,33,34,52,308,308,305,301,210,33,44,39,300,298,293,307,332,321,249,184,180,164,319,313,286,295,292,276
18,316,316,302,294,252,185,199,123,54,44,36,59,110,92,95,85,121,78,127,84,83,84,111,81,87,121,99,137,175,159,153,104,108,108,154,96,311,292,291,283,306,299,292,284,311,306,305,308,305,286,280,84,46,53,309,296,280,202,39,54,314,302,109,275,282,51,80,154,42,33,34,52,308,308,306,303,219,33,44,39,300,299,293,307,332,321,250,186,180,164,319,313,286,295,294,279
18.25,316,316,307,299,254,190,207,128,55,44,36,59,110,92,95,90,131,85,134,88,88,88,115,84,88,123,103,141,181,166,157,107,116,111,157,96,311,293,292,283,306,299,292,284,311,306,305,308,305,286,280,93,46,53,309,296,280,202,39,54,314,302,109,275,282,51,80,154,42,33,34,52,308,308,306,303,221,33,44,39,300,300,294,308,332,322,251,186,180,164,319,314,287,295,295,280
18.5,316,317,307,302,255,197,209,136,55,44,36,59,112,97,102,94,137,89,139,91,90,91,121,84,93,129,109,146,186,173,162,110,122,115,161,96,311,294,292,285,306,300,292,284,312,307,305,308,305,286,280,104,46,53,309,296,280,203,39,54,314,302,109,275,283,51,80,154,42,33,34,52,308,308,306,303,229,33,44,39,300,300,294,308,332,322,252,186,180,164,319,314,287,295,295,281
18.75,317,317,307,302,258,205,216,142,59,45,36,59,124,110,110,102,145,98,150,100,101,99,127,90,106,140,116,159,193,181,173,118,134,125,175,103,311,294,293,289,306,300,292,286,312,307,305,308,305,288,280,128,46,53,309,297,282,213,39,54,314,302,120,277,288,61,90,167,43,36,34,52,308,308,306,303,240,35,46,39,303,300,294,308,332,323,253,187,181,165,319,314,292,298,300,284
19,317,317,310,304,260,205,216,142,66,45,36,59,126,110,114,104,150,98,150,100,101,99,127,90,106,142,121,159,197,185,173,118,139,125,175,103,314,295,296,289,306,300,292,286,312,308,305,308,305,288,280,144,46,53,310,297,282,213,39,54,314,302,120,277,288,61,90,167,43,36,34,52,308,308,306,304,240,35,46,39,303,300,294,308,332,323,253,187,181,165,319,314,292,298,300,286
19.25,317,317,310,306,264,218,235,154,68,51,46,59,126,117,115,117,166,114,168,119,111,113,144,103,107,147,125,169,201,195,184,125,152,139,194,114,314,295,296,290,306,300,294,286,312,308,305,308,305,288,284,171,46,53,310,297,282,214,39,54,315,302,120,277,288,61,90,173,43,36,34,52,308,308,306,304,243,35,46,39,303,300,294,308,332,323,253,187,181,165,320,314,292,298,301,288
19.5,317,317,310,308,267,224,242,164,73,52,46,59,126,124,121,124,173,121,176,125,117,120,148,111,113,154,129,175,206,200,190,129,161,145,202,124,314,295,296,291,306,300,295,287,312,308,305,308,305,288,284,184,46,53,310,297,282,216,39,54,315,302,120,277,288,61,93,175,44,36,34,52,308,308,306,304,246,35,46,39,303,300,294,308,333,323,253,187,181,165,320,314,292,298,301,288
19.75,317,317,310,311,269,227,249,171,77,56,48,59,127,131,127,129,179,128,185,132,125,124,153,115,115,158,136,179,211,207,194,133,168,151,204,126,314,295,296,292,306,300,295,287,312,308,305,308,305,288,286,196,46,53,310,297,282,217,39,54,315,302,120,277,289,61,93,178,44,36,34,52,309,308,306,304,250,35,46,39,303,300,294,308,333,323,253,188,181,167,320,314,292,300,303,291
20,317,317,310,312,269,228,249,175,77,56,48,59,130,135,131,133,183,129,188,135,127,124,153,115,117,163,138,182,213,211,197,135,173,151,204,126,314,296,297,293,306,300,295,287,312,308,306,308,305,288,286,203,46,53,310,297,282,217,39,54,315,302,120,277,289,61,93,178,44,36,34,52,309,308,307,304,253,35,46,39,303,300,294,309,333,323,253,188,181,167,320,314,292,300,303,293
20.25,317,317,310,312,271,235,256,183,83,56,48,59,134,143,141,139,191,137,197,146,133,131,160,118,125,171,144,188,220,217,201,140,182,159,213,126,314,296,297,295,306,300,295,287,312,308,306,308,305,288,286,215,46,53,310,298,282,217,39,54,315,302,121,277,289,61,94,184,44,36,34,52,309,308,307,304,257,35,46,39,303,300,294,309,333,323,256,188,181,167,320,314,293,300,303,294
20.5,318,317,310,314,271,242,256,186,86,58,53,59,143,152,151,146,195,141,204,153,142,137,168,120,132,176,155,196,227,223,208,151,191,167,217,127,314,296,299,298,306,302,295,289,312,308,306,308,306,289,286,226,54,53,310,299,284,223,39,54,315,303,133,280,292,66,103,189,48,36,35,52,310,308,307,304,267,35,46,39,303,300,295,309,334,323,256,189,182,167,320,315,295,301,306,298
20.75,318,317,310,314,271,243,260,192,89,59,54,59,143,155,151,148,201,148,208,161,145,141,173,120,133,177,155,198,229,225,209,151,194,169,220,127,314,296,299,298,306,302,295,289,312,308,306,308,306,289,286,230,56,53,310,299,284,223,39,54,315,303,133,280,292,66,103,189,48,36,35,52,310,309,307,304,267,35,46,39,303,300,295,309,334,323,256,189,182,167,320,315,295,301,306,298
21,318,317,310,315,273,251,266,200,98,64,57,59,147,165,161,159,210,156,215,172,153,148,180,130,140,184,165,206,235,231,216,157,203,179,230,138,314,296,299,298,306,302,297,289,312,308,306,308,306,289,287,240,65,53,310,299,284,223,39,54,315,303,139,280,292,66,106,194,54,36,35,52,310,309,307,304,268,35,46,39,303,300,295,309,334,323,256,189,183,167,320,315,295,302,306,298
21.25,318,317,310,316,273,257,270,206,104,67,58,59,153,170,166,164,215,162,221,181,161,156,186,137,144,191,168,209,238,234,219,162,209,185,236,146,314,296,299,298,306,302,297,289,312,308,306,308,306,289,287,246,73,53,310,299,284,225,39,54,316,303,143,280,292,66,107,199,57,36,35,52,310,309,307,304,272,35,46,39,303,300,295,309,334,324,256,189,183,167,320,315,295,303,306,299
21.5,318,317,310,317,275,257,270,209,104,67,58,59,157,174,176,164,219,162,222,181,161,156,186,137,144,195,175,211,240,238,219,162,210,185,236,146,314,299,301,301,309,302,297,289,313,309,306,308,306,289,287,246,76,53,311,299,284,225,39,54,316,303,147,280,292,66,107,199,57,36,35,52,310,309,307,304,273,35,46,39,303,300,295,309,334,325,257,189,183,167,320,316,295,303,306,301
21.75,318,317,310,317,277,262,275,214,108,72,58,59,161,180,181,176,223,171,232,194,170,161,195,140,150,198,181,218,245,242,225,170,217,193,242,148,314,299,301,301,309,302,297,291,313,309,306,308,306,289,287,254,93,53,311,299,284,225,39,54,316,305,155,280,294,66,110,201,60,36,35,52,310,309,307,304,276,35,46,39,303,300,295,309,334,325,258,190,184,168,320,316,295,303,307,301
22,318,318,310,319,277,266,278,224,117,78,58,59,167,184,186,182,231,180,237,201,175,166,200,147,158,205,187,223,249,244,229,176,223,199,247,157,314,299,301,301,309,302,297,291,313,309,306,308,306,289,287,257,103,53,311,299,284,225,39,54,316,305,161,282,294,69,113,204,63,40,35,52,310,309,307,304,277,35,46,39,303,301,295,310,334,325,259,191,184,169,322,316,295,303,308,303
22.25,318,318,310,320,277,267,279,226,119,81,58,59,171,184,191,187,234,186,241,205,179,167,203,148,160,207,191,225,251,249,231,179,227,203,247,158,315,299,301,302,309,302,297,291,313,309,307,308,306,289,287,259,113,53,312,299,284,225,39,54,317,305,166,284,295,69,113,205,63,40,35,52,310,309,307,304,279,35,46,39,303,301,297,310,334,325,260,192,184,169,322,316,295,304,308,303
22.5,318,318,310,320,277,269,279,227,120,83,58,59,172,187,196,189,237,189,244,210,181,173,207,148,164,210,195,229,254,250,234,182,230,205,247,158,315,299,301,303,309,302,297,291,313,309,307,308,306,289,287,261,128,53,312,299,284,225,39,54,317,305,171,284,295,69,114,205,66,42,35,52,310,309,307,304,280,35,46,39,303,301,297,310,334,325,260,192,184,169,322,316,296,304,309,304
22.75,318,318,310,320,278,277,288,238,135,92,58,59,178,194,202,199,244,197,251,220,189,188,210,162,171,217,199,232,257,254,237,186,235,213,254,174,315,299,302,303,309,303,297,291,313,309,307,308,306,289,287,265,143,53,312,299,284,225,39,54,317,305,177,284,296,69,119,211,74,47,35,52,310,309,307,304,282,35,46,39,303,301,297,310,334,325,260,193,184,169,322,316,296,305,309,305
23,318,318,310,321,278,278,288,238,138,98,61,59,183,197,209,203,245,201,255,223,194,191,220,162,179,218,204,237,261,256,241,191,239,216,254,174,315,299,302,304,309,303,297,292,313,309,307,308,306,289,287,268,155,55,312,299,284,228,39,54,317,305,182,286,296,74,123,212,81,54,35,52,310,309,309,305,285,35,46,39,303,301,297,310,334,325,262,193,184,169,322,316,296,307,309,306
23.25,318,318,310,321,279,278,288,241,142,98,61,59,189,203,215,205,247,201,255,223,195,191,220,162,179,223,209,237,263,259,242,191,240,216,254,174,315,300,305,304,309,303,297,292,313,309,307,309,306,289,287,268,158,62,312,299,284,228,39,54,317,305,186,288,296,74,123,212,81,54,35,52,310,309,309,305,285,35,46,39,303,301,297,310,334,325,262,193,185,169,322,316,296,307,309,308
23.5,319,319,310,322,279,279,288,243,144,98,61,59,193,209,220,210,249,205,258,227,201,197,225,162,185,226,216,241,264,261,244,193,244,221,254,174,315,300,305,305,309,304,297,292,314,311,309,310,306,289,287,268,172,71,313,299,284,228,39,54,317,305,193,288,296,74,125,212,81,59,35,52,310,309,309,305,287,35,46,39,303,303,297,310,334,325,262,193,185,169,322,316,296,307,310,308
23.75,319,319,310,322,279,287,293,250,159,111,66,59,194,215,221,219,255,216,265,241,209,210,234,174,197,230,218,247,268,263,249,203,248,230,264,187,315,300,305,305,309,304,298,293,314,311,309,310,306,289,288,274,189,74,313,299,285,230,39,54,317,305,198,289,298,77,132,222,93,69,35,55,310,309,309,305,289,35,46,39,303,303,297,310,334,327,262,194,185,171,322,316,297,308,311,310
24,319,319,310,323,279,287,293,250,159,111,66,59,199,217,229,219,255,216,265,241,209,210,234,174,197,233,222,247,268,265,249,203,249,230,264,187,315,300,305,307,311,304,298,293,314,311,309,310,306,289,288,274,193,86,314,299,285,230,39,54,317,305,202,290,298,77,132,222,93,69,35,55,310,309,309,306,289,35,46,39,303,303,297,310,334,327,262,194,185,171,322,316,297,308,311,310
24.25,319,319,310,323,279,288,295,258,172,116,66,59,200,222,229,227,262,225,271,247,216,219,237,181,206,236,224,251,271,266,253,207,254,237,269,195,315,300,305,307,311,304,298,293,314,311,309,310,306,289,288,276,208,89,314,299,285,230,39,54,317,305,206,290,298,77,136,228,98,76,35,55,310,309,309,306,289,35,46,39,303,303,297,310,334,327,263,194,185,171,322,316,299,308,311,310
24.5,319,319,310,323,279,290,295,258,174,118,66,59,206,226,233,230,264,226,271,249,220,222,240,181,209,239,228,253,271,269,256,209,255,239,269,195,315,300,305,307,311,304,298,293,314,311,309,310,306,289,288,276,217,100,314,299,285,230,39,54,317,305,210,290,298,77,138,229,98,79,35,55,310,309,309,306,289,35,46,39,303,303,297,310,334,327,263,194,185,171,322,316,299,308,311,310
24.75,319,319,310,324,279,290,295,260,174,118,66,59,209,230,236,232,264,228,273,249,223,222,243,181,211,243,233,254,273,270,257,212,256,239,269,195,315,300,305,307,311,304,298,293,314,311,309,310,306,289,288,276,230,113,314,300,285,230,39,54,317,305,214,290,298,77,140,229,98,83,35,55,310,309,309,306,289,35,46,39,303,303,297,310,334,327,264,194,185,171,322,316,299,308,311,311
25,319,319,310,325,279,290,295,260,174,119,66,59,214,233,241,235,264,233,275,252,225,226,246,181,221,246,237,259,276,271,258,218,260,243,269,195,317,300,305,307,311,305,298,293,314,311,309,310,306,289,288,278,239,125,314,300,285,230,39,54,317,305,220,293,298,80,146,233,105,94,35,55,311,309,309,307,291,35,46,39,303,303,297,310,334,327,267,195,185,171,322,316,299,308,311,312
25.25,319,319,310,325,279,292,295,265,186,125,66,59,215,237,244,242,269,237,279,257,228,230,251,185,221,249,239,261,277,273,261,222,262,245,269,199,317,300,306,307,311,306,298,293,314,311,309,310,306,289,288,278,245,136,314,300,285,230,39,54,317,305,221,293,300,80,148,236,105,97,35,55,311,309,309,307,291,35,46,39,303,303,297,310,334,327,267,195,187,171,322,316,299,308,311,312
25.5,319,319,310,325,279,294,297,267,194,132,66,59,216,241,245,246,272,242,281,261,235,235,253,189,224,252,240,261,278,275,264,225,263,248,273,205,317,300,306,307,311,306,298,293,314,311,309,310,306,289,288,279,247,143,314,300,285,230,39,54,317,305,223,293,300,80,152,239,111,101,35,56,311,309,309,307,291,35,46,39,303,303,297,310,334,327,267,195,187,171,322,316,299,309,311,314
25.75,319,319,310,325,279,294,298,267,196,134,66,59,219,245,248,248,272,244,282,264,235,239,257,190,231,253,243,263,279,276,264,229,265,251,275,208,317,300,306,307,311,306,298,294,314,311,309,310,306,289,288,279,251,155,314,300,285,230,39,54,317,305,226,293,300,81,156,243,117,109,35,59,311,309,309,307,292,35,46,39,303,303,297,310,334,327,268,195,187,171,322,316,299,309,312,315
26,319,320,310,325,284,294,298,274,205,135,66,59,228,249,255,251,274,244,282,264,238,240,257,190,231,257,247,266,280,279,267,229,266,251,275,208,317,300,309,309,311,306,298,294,314,311,309,310,306,289,288,279,251,171,314,300,285,230,39,54,317,305,228,294,300,81,160,243,117,109,35,59,311,309,309,307,292,35,46,39,303,303,297,310,334,328,270,195,189,171,322,316,299,309,313,315
26.25,319,320,310,325,284,295,299,274,205,142,68,59,228,249,255,253,276,248,285,269,242,243,263,198,239,257,249,267,280,279,267,235,268,256,278,216,317,300,309,309,311,306,298,294,314,311,309,310,306,289,288,281,251,173,314,300,285,231,39,54,317,305,232,294,301,85,164,249,128,121,39,68,311,309,309,307,293,35,46,39,303,303,297,310,334,328,270,195,189,171,322,316,300,310,313,315
26.5,319,320,310,325,284,296,301,274,209,148,70,59,228,250,255,255,277,252,287,271,243,247,267,199,243,257,250,269,280,279,269,238,268,257,279,220,317,300,309,309,311,306,298,294,314,311,309,310,306,289,288,281,251,181,314,300,285,231,39,54,317,305,233,294,301,86,167,249,134,128,39,72,311,309,309,307,293,35,46,39,303,303,297,310,334,328,270,195,189,171,322,316,300,310,313,315
26.75,319,320,310,325,284,299,303,275,217,151,70,59,228,254,257,260,280,256,289,275,247,250,267,206,246,260,252,270,281,279,272,239,269,259,281,221,317,300,309,309,311,306,298,294,314,311,309,310,306,289,288,281,251,187,314,300,285,231,39,54,317,305,233,294,301,86,172,252,134,128,44,81,311,309,309,307,293,36,46,39,303,303,297,310,334,328,271,195,189,171,322,316,300,310,313,315
27,319,320,310,325,284,299,303,280,222,151,70,59,236,259,264,261,281,256,289,275,248,250,267,212,246,264,257,271,284,282,272,239,271,259,281,221,318,301,309,310,311,306,298,294,314,311,309,310,306,289,288,281,251,205,314,300,285,231,39,54,317,305,234,296,301,86,174,252,134,129,44,81,311,309,309,307,293,36,46,39,303,303,297,310,334,328,272,195,189,171,322,316,300,310,313,317
27.25,319,320,310,325,284,299,303,280,223,158,70,59,236,259,264,263,281,259,289,275,249,251,267,217,248,264,258,271,284,282,272,241,271,261,281,222,318,301,309,310,311,306,298,294,314,311,309,310,306,289,288,281,251,206,314,300,285,231,39,54,317,305,236,296,301,87,180,253,135,139,47,91,311,309,309,307,293,36,46,39,303,303,297,310,334,328,272,195,189,171,322,316,300,310,313,317
27.5,321,321,310,325,284,300,303,280,223,165,70,59,238,262,265,265,281,262,291,276,254,254,270,221,254,266,262,274,286,284,276,246,273,265,281,224,319,301,309,310,312,307,298,296,315,311,309,310,308,289,288,284,272,218,314,301,286,232,39,54,317,306,241,296,301,97,187,256,149,153,55,98,311,309,309,310,296,39,46,39,303,303,298,310,334,328,275,197,189,172,322,316,301,311,313,318
27.75,321,321,310,325,284,301,303,280,230,171,70,59,238,265,266,268,284,263,293,279,255,255,270,226,254,267,264,274,286,285,276,247,274,265,281,225,319,301,309,311,312,307,298,296,315,311,309,310,308,289,288,284,272,224,314,301,286,232,39,54,318,306,241,297,303,97,189,256,149,153,59,106,311,309,310,310,296,39,46,39,303,303,298,310,334,329,276,200,189,172,322,317,301,311,313,318
28,321,321,310,325,284,301,303,280,236,176,70,59,240,265,267,271,286,264,294,281,258,258,270,234,255,268,265,276,288,287,277,249,274,268,281,229,319,301,309,311,312,307,298,296,315,311,309,311,308,289,288,284,272,228,314,301,286,232,39,54,318,306,241,297,303,97,194,258,149,156,64,114,311,309,310,310,296,39,46,39,303,303,298,310,336,329,276,200,189,173,322,318,301,312,314,319
28.25,321,321,310,325,284,302,304,280,236,176,70,59,241,267,269,271,286,266,294,281,258,258,270,234,255,268,266,278,288,287,277,250,275,268,281,231,319,301,309,311,312,307,298,296,315,311,309,311,308,289,288,284,272,231,314,301,286,232,39,54,318,306,241,297,303,97,196,258,151,160,67,118,311,309,310,310,296,39,46,39,303,303,298,310,336,329,276,200,189,173,322,318,301,312,314,319
28.5,321,321,310,325,284,302,306,280,241,181,76,59,242,269,269,273,287,271,294,283,262,261,274,239,260,269,267,279,288,287,280,253,277,270,286,236,319,301,309,311,312,307,298,296,315,311,309,311,308,289,288,284,272,232,314,301,287,233,39,54,318,306,244,297,303,99,201,260,162,167,73,129,311,309,310,310,296,43,46,39,303,303,298,310,336,329,279,200,189,173,322,318,301,312,314,319
28.75,321,321,310,325,284,303,308,282,244,188,78,59,242,270,270,274,289,272,296,284,262,263,276,242,262,271,268,279,288,287,280,255,277,270,286,239,319,301,309,311,312,307,298,296,315,311,309,311,308,289,288,285,272,236,314,301,287,233,39,54,318,306,244,297,303,101,203,261,168,175,81,139,311,309,310,310,296,46,46,39,303,303,298,310,336,329,279,200,189,173,322,318,301,312,314,319
29,321,321,310,325,284,304,309,284,250,195,80,60,243,270,272,278,289,274,297,287,264,266,277,246,267,272,268,279,288,288,280,259,278,271,289,246,319,301,309,311,312,307,298,296,315,311,309,311,308,289,288,285,272,237,314,301,287,235,41,56,319,306,244,297,303,102,207,263,175,176,90,150,311,309,310,310,296,52,46,40,303,303,298,310,336,329,279,200,189,173,322,318,301,312,314,320
29.25,321,321,310,325,284,306,311,287,256,201,82,63,243,272,273,280,292,276,298,289,268,266,277,249,270,273,268,281,290,289,282,260,280,274,290,250,319,301,309,311,312,307,298,297,315,311,309,311,308,289,288,285,272,238,314,301,287,235,41,57,319,306,245,297,304,104,209,265,180,179,99,161,311,309,310,310,296,57,46,40,303,303,298,310,336,329,280,201,190,175,322,318,302,312,315,320
29.5,321,321,310,325,287,306,311,287,256,201,82,63,251,274,277,280,292,276,298,289,268,266,277,249,270,273,272,282,290,289,282,260,280,274,290,250,320,301,310,312,312,307,298,297,315,311,309,311,308,289,288,285,272,246,314,301,287,235,41,57,319,306,245,297,304,104,211,265,180,182,99,161,311,309,310,310,296,57,46,40,303,303,298,310,336,329,282,201,190,175,322,318,302,312,315,320
29.75,321,321,310,325,291,306,311,291,259,201,82,63,254,278,281,280,292,276,299,289,268,266,277,249,270,275,274,284,292,292,283,260,280,274,290,250,320,301,313,314,314,308,298,297,315,311,309,311,308,289,288,285,272,252,315,301,287,235,41,57,319,306,247,297,304,106,218,265,180,185,111,175,311,309,310,310,296,59,46,40,303,303,298,311,336,330,284,201,190,175,322,318,302,312,315,320
30,321,321,310,325,291,306,311,291,259,201,82,63,254,278,281,281,292,279,299,289,268,267,280,249,270,275,274,284,292,292,283,262,280,275,290,250,320,301,313,314,314,308,298,297,315,311,309,311,308,289,288,285,272,252,315,301,287,235,41,57,319,306,247,297,304,111,218,265,187,192,111,178,311,309,310,311,297,65,46,40,303,303,298,311,336,330,284,201,190,176,322,318,302,313,315,321
30.25,321,321,310,325,291,306,311,291,259,201,82,63,254,278,281,281,292,280,299,289,268,269,284,249,271,275,275,284,292,292,283,265,280,276,292,256,320,301,313,314,314,308,299,298,315,311,309,311,308,289,288,289,272,252,315,301,290,236,41,57,319,306,252,298,304,121,222,268,202,202,117,186,311,309,310,311,299,75,48,43,303,303,298,311,336,330,285,202,190,176,322,318,302,313,315,321
30.5,321,321,310,325,292,306,311,291,259,201,82,63,254,278,281,281,292,280,299,289,270,269,284,249,271,275,275,284,292,292,283,265,280,276,292,256,320,301,313,314,314,308,299,298,315,311,309,311,308,289,288,289,272,252,315,301,290,236,41,57,319,306,252,298,304,121,222,268,202,202,122,192,311,309,310,311,299,75,48,43,303,303,298,311,336,330,285,202,190,176,322,318,302,313,315,321
30.75,321,321,310,325,296,306,311,291,259,201,82,63,255,280,282,282,292,280,300,289,271,269,284,249,271,275,277,284,293,292,283,265,280,276,292,256,321,301,313,314,314,308,299,298,315,311,309,311,308,289,288,289,272,256,315,301,290,236,41,57,319,306,252,298,304,121,225,268,202,202,126,200,311,309,310,311,299,75,48,43,303,303,298,311,336,330,286,202,190,176,322,318,302,313,315,321
31,321,321,310,325,299,306,311,291,262,201,82,63,256,280,283,282,292,280,300,289,272,269,284,249,271,275,277,285,293,293,283,265,281,276,292,256,321,301,313,314,314,308,299,298,315,311,309,311,308,289,288,289,272,257,315,301,290,236,41,57,319,306,252,298,304,121,227,268,202,204,135,207,311,309,310,311,299,77,48,43,303,303,298,311,336,330,286,202,190,176,322,318,302,313,315,321
31.25,321,321,310,325,302,306,311,291,266,203,82,63,256,280,283,284,294,282,302,289,275,269,284,249,271,277,279,285,294,294,283,265,281,276,292,256,321,301,313,314,314,308,299,298,315,312,309,311,308,289,288,289,272,257,315,301,290,236,41,57,319,306,252,298,304,122,230,268,202,207,143,214,311,309,310,311,299,85,48,43,303,303,298,311,336,330,287,203,190,176,322,318,302,313,315,321
31.5,321,321,310,325,302,306,311,291,271,209,82,63,259,282,283,284,294,283,302,291,275,271,284,249,271,277,279,287,295,294,285,265,282,278,292,256,322,301,313,314,314,308,299,298,315,312,309,311,308,289,288,289,272,257,315,301,290,236,41,57,319,307,252,298,305,127,233,268,210,210,157,223,311,309,310,312,299,91,48,43,303,303,298,311,336,330,288,203,190,177,322,318,302,314,316,321
31.75,321,321,310,325,302,306,314,291,271,214,86,63,259,282,283,287,294,286,303,294,275,271,284,249,276,278,279,287,295,294,285,269,282,279,292,256,322,301,313,314,314,308,299,298,315,312,309,311,308,289,288,289,272,257,315,302,290,236,41,57,319,307,252,298,305,132,234,268,215,216,159,227,311,309,310,312,299,98,48,43,303,303,298,311,336,330,291,203,191,177,322,318,302,314,316,321
32,321,321,310,325,302,306,314,291,271,214,86,63,259,282,283,287,294,287,303,294,275,271,285,249,276,278,279,287,295,294,285,270,282,280,292,256,322,301,313,314,314,308,299,299,315,312,309,311,308,289,288,289,272,257,315,302,290,236,41,57,319,307,252,298,305,135,235,268,217,219,161,232,311,309,310,312,299,101,48,43,303,303,298,311,336,330,291,203,191,177,322,318,302,314,316,321
32.25,321,321,310,325,303,306,314,291,271,214,86,63,259,282,283,287,295,289,303,294,275,273,285,249,276,278,279,287,295,294,286,270,282,280,292,256,322,301,313,314,314,308,299,299,315,312,309,311,308,289,295,289,272,257,315,302,290,236,41,57,319,307,252,299,306,138,238,269,220,220,168,237,311,309,310,312,299,107,48,43,303,303,298,311,336,330,291,204,192,177,322,318,302,314,316,321
32.5,321,321,310,325,303,306,314,291,271,215,86,63,259,282,283,288,295,289,303,294,276,273,287,249,276,278,281,287,295,294,286,271,283,281,292,256,322,301,313,314,314,308,299,299,315,312,309,311,308,289,295,289,272,257,315,302,290,236,41,57,319,307,252,299,306,145,239,269,226,224,174,241,311,309,310,312,299,113,48,43,303,303,298,311,336,331,293,204,192,177,322,318,302,315,316,322
32.75,321,321,310,325,303,306,315,291,271,218,88,63,259,282,283,288,295,290,303,294,277,274,289,249,276,278,281,287,295,294,286,272,283,281,292,256,322,301,313,314,314,308,299,300,315,312,309,311,308,289,295,289,272,257,315,302,290,238,41,57,319,307,252,299,307,148,241,271,230,227,179,245,311,309,310,312,300,118,48,43,303,303,298,311,336,331,293,205,192,177,322,318,302,315,316,323
33,321,321,310,325,304,306,315,291,271,218,88,63,259,282,283,288,295,290,303,294,277,274,289,249,276,278,281,288,296,294,287,273,283,283,292,256,322,301,313,314,314,308,299,300,315,312,309,311,308,289,295,289,272,257,315,302,290,238,41,57,319,307,252,299,307,152,241,271,231,228,181,247,311,309,310,312,300,124,48,43,303,303,298,311,336,331,293,205,192,179,322,318,302,315,316,323
33.25,321,321,310,325,307,306,315,291,271,218,88,63,265,283,286,288,295,290,304,294,277,274,289,249,276,278,284,288,297,296,287,273,283,283,292,256,322,301,313,314,314,308,299,300,315,312,309,311,308,289,295,289,272,258,315,302,290,238,41,57,319,308,253,301,307,158,245,271,231,228,187,250,311,309,310,313,300,127,48,43,303,303,298,311,336,331,295,205,193,179,322,318,302,315,316,323
33.5,321,321,310,325,307,306,315,291,273,218,88,63,266,283,286,288,295,290,304,294,277,274,289,249,276,278,284,288,297,296,287,273,283,283,292,256,322,301,313,314,314,308,299,300,315,312,309,311,308,290,295,289,272,259,315,303,290,238,41,57,319,308,254,301,307,160,247,271,233,230,193,254,311,309,311,313,301,134,48,43,303,303,298,311,336,332,295,205,195,179,322,318,302,315,316,323
33.75,321,321,310,325,308,306,315,296,284,227,91,63,266,285,288,290,297,290,304,295,280,274,289,249,276,280,284,288,297,299,287,273,285,283,292,256,323,301,313,314,314,308,299,300,315,312,309,311,308,290,295,289,272,259,315,303,290,238,41,57,319,308,254,301,308,160,247,271,233,230,201,259,311,309,311,313,301,136,48,43,303,303,298,311,336,332,295,206,195,180,322,318,302,315,316,323
34,321,321,310,325,308,306,315,296,284,227,91,63,268,285,289,290,297,290,304,295,280,274,289,249,276,280,285,291,298,299,288,273,285,283,292,256,324,301,313,315,315,308,299,300,315,312,309,311,308,291,295,289,272,259,315,303,290,238,41,57,319,308,254,301,308,168,249,271,233,234,201,259,311,309,312,313,301,143,48,43,303,303,298,311,336,332,297,207,195,180,322,318,302,315,316,323
34.25,321,321,310,325,308,306,317,296,284,227,92,63,268,285,289,290,297,292,304,296,280,275,290,249,277,280,285,291,298,299,288,274,285,284,292,256,324,301,313,315,315,308,299,300,315,312,309,311,308,291,295,289,272,259,315,303,290,238,41,57,319,308,254,301,308,169,250,273,240,234,203,259,311,309,312,313,301,149,48,43,303,303,298,311,336,332,297,207,195,180,322,318,302,315,316,323
34.5,321,321,310,325,308,306,317,296,284,227,92,63,268,286,290,290,297,292,304,296,280,275,290,249,277,280,285,291,298,299,289,274,285,284,292,256,324,301,313,315,315,308,299,300,315,312,309,311,308,291,295,289,272,259,315,303,290,238,41,57,319,308,254,301,309,171,250,273,240,234,208,265,311,309,312,313,301,149,48,43,303,303,298,311,336,332,297,207,195,180,322,318,302,315,316,323
34.75,321,321,310,325,308,306,317,296,284,227,92,63,268,286,290,291,298,292,306,296,281,275,290,249,277,280,285,291,298,299,289,274,285,284,292,256,324,301,314,316,315,308,299,300,315,312,309,311,308,291,295,289,272,259,315,303,290,238,41,57,319,308,254,301,309,171,250,273,240,234,212,268,311,309,312,313,301,154,48,43,303,303,298,311,336,332,297,207,195,180,322,318,302,315,316,324
35,321,321,310,325,308,306,317,296,284,227,92,63,269,286,291,291,298,292,306,296,281,275,290,249,277,280,288,291,299,299,289,274,285,284,292,256,324,301,314,316,315,309,299,300,315,312,309,311,309,291,295,289,272,259,315,303,290,238,41,57,319,308,256,301,309,179,253,273,240,239,212,268,311,309,312,313,302,158,48,43,303,303,298,311,336,333,299,207,195,180,322,318,302,315,317,324
35.25,321,321,310,325,308,306,320,296,285,233,99,63,269,286,291,294,298,295,306,297,282,277,290,249,278,280,288,291,299,299,289,275,285,284,292,256,324,301,314,316,315,309,299,300,315,312,309,311,309,291,295,289,272,259,315,303,290,238,41,57,319,308,256,301,309,179,253,273,248,240,219,268,311,309,312,313,302,167,48,43,303,303,298,311,336,333,299,207,195,180,322,318,303,315,317,324
35.5,321,321,310,325,308,306,320,296,285,234,100,63,269,286,291,294,298,296,306,298,283,277,291,249,278,280,288,291,299,299,290,275,286,285,292,256,324,301,314,316,315,309,299,300,315,312,309,311,309,291,295,289,272,260,315,303,290,238,41,57,319,308,256,301,309,182,253,273,250,240,221,268,311,309,312,313,302,171,48,43,303,303,298,311,336,333,300,207,196,181,322,318,303,315,317,324
35.75,321,321,310,325,308,306,321,296,285,234,100,63,269,286,291,294,298,296,306,298,283,278,294,249,278,280,288,291,299,299,291,275,286,285,293,256,324,301,314,316,315,309,299,300,315,312,309,311,309,291,295,289,272,260,315,303,290,239,41,57,319,308,258,301,309,186,255,273,250,243,221,268,311,309,312,313,302,174,48,43,303,303,298,311,336,333,300,207,196,181,322,318,303,315,317,324
36,321,321,310,325,308,306,321,296,285,234,100,63,269,287,291,294,298,296,306,298,283,278,294,249,278,280,288,291,299,299,291,275,287,286,293,256,324,301,314,316,315,309,299,300,315,312,309,311,309,291,295,289,272,260,315,303,290,239,41,57,319,308,258,301,309,186,256,273,250,243,221,270,311,309,312,313,302,174,48,43,303,303,298,311,336,333,300,207,196,181,322,318,303,315,317,324
36.25,321,321,310,325,308,306,321,296,285,234,100,63,269,287,291,294,298,297,306,298,283,278,294,249,278,280,288,291,299,299,291,275,287,286,293,256,324,301,314,316,315,309,299,300,315,312,309,311,309,291,295,289,272,260,315,303,290,239,41,57,319,308,258,301,309,187,257,273,250,243,227,270,311,309,312,313,302,178,48,43,303,303,298,311,336,333,301,208,196,181,322,318,303,315,317,324
36.5,321,321,310,325,308,306,321,296,289,240,100,63,269,287,291,296,300,298,307,299,283,278,294,249,279,280,288,291,299,299,291,276,287,286,293,256,324,301,314,316,315,309,299,300,315,312,309,311,309,291,296,289,272,260,315,303,290,239,41,57,319,308,258,301,309,188,258,274,252,243,230,272,311,309,312,313,302,183,48,43,303,303,298,311,336,333,301,208,196,181,322,318,303,315,317,324
36.75,321,321,310,325,308,306,321,296,289,240,100,63,269,287,291,296,300,298,307,299,283,278,294,249,279,280,288,291,299,299,292,276,287,287,293,256,324,301,314,316,315,309,299,300,315,312,309,311,309,291,296,289,272,260,315,303,290,239,41,57,319,308,260,301,309,192,259,274,252,245,230,272,311,309,312,313,302,185,48,43,303,303,298,311,337,333,301,208,196,182,322,318,303,315,317,325
37,321,321,310,325,308,306,321,296,289,240,100,63,269,287,291,296,300,298,307,299,283,278,294,249,279,280,288,291,299,299,292,276,287,287,293,256,324,301,314,316,315,309,299,300,315,312,309,311,309,291,296,289,272,260,315,303,290,239,41,57,319,308,260,301,310,192,259,274,252,245,230,274,311,309,312,313,302,186,48,43,303,303,298,311,337,333,304,208,196,182,322,318,303,315,317,325
37.25,321,321,310,325,308,306,321,296,289,240,100,63,269,287,291,296,300,298,307,299,283,278,294,249,279,280,288,291,299,299,292,276,287,287,293,256,324,301,314,316,315,309,299,300,315,312,309,311,309,291,296,289,272,260,315,303,290,239,41,57,319,308,261,301,310,195,261,274,252,246,231,274,311,309,312,313,302,190,48,43,303,303,298,311,337,333,305,209,196,182,322,318,303,316,317,325
37.5,321,321,310,325,308,306,321,296,289,240,100,63,269,287,291,296,300,298,307,299,283,278,294,249,279,280,288,291,299,299,292,276,287,287,293,256,324,301,314,316,315,309,299,300,315,312,309,311,309,291,296,289,272,261,315,303,290,239,41,57,319,308,261,301,310,198,261,274,252,247,231,274,311,309,312,313,302,193,48,43,303,303,298,311,337,333,305,209,196,182,322,318,303,316,317,325
37.75,321,321,310,325,308,306,322,296,289,240,104,63,269,287,291,296,300,298,307,299,283,278,294,249,279,280,288,291,299,299,293,277,287,287,293,256,324,301,314,316,315,309,299,300,315,312,309,311,309,291,296,289,272,261,315,303,291,239,41,57,319,308,262,301,311,200,261,274,257,250,234,275,311,309,312,313,302,199,48,43,303,303,298,311,337,333,305,209,196,182,322,318,303,316,317,325
38,321,321,310,325,308,306,324,296,289,240,108,63,269,287,291,296,300,299,307,300,283,280,295,250,279,280,288,291,299,299,294,277,288,287,294,256,324,301,314,316,315,309,299,302,315,312,309,311,309,291,296,289,272,263,315,303,292,239,41,57,319,308,264,301,311,202,261,275,259,251,235,275,311,309,312,313,302,204,48,43,303,303,298,311,337,333,306,209,197,182,322,318,303,316,317,325
38.25,321,321,310,325,308,306,324,296,289,240,108,63,271,287,291,296,300,299,307,300,283,280,295,250,279,280,291,292,300,301,294,277,288,287,294,256,326,301,314,316,315,309,299,302,315,312,309,312,309,292,296,289,272,263,315,303,292,239,41,57,319,308,265,301,311,207,263,275,259,251,236,277,311,309,312,313,303,204,48,43,303,303,298,311,337,333,306,209,197,184,322,318,303,316,317,325
38.5,321,321,310,325,308,306,325,296,290,240,114,63,271,287,291,296,300,299,307,300,283,280,295,250,279,280,291,292,300,301,294,277,288,287,294,256,326,301,314,316,315,309,299,302,315,312,309,312,309,292,296,289,272,263,315,303,292,239,41,57,319,308,267,301,311,207,263,275,261,252,238,277,311,309,312,313,303,209,48,43,303,303,298,311,337,333,306,209,198,184,322,318,303,316,317,325
38.75,321,321,310,325,308,306,325,296,290,240,114,63,271,287,291,296,300,300,308,300,283,280,295,250,280,281,291,292,300,301,294,277,288,287,294,256,326,301,314,316,315,309,299,302,315,312,309,312,309,292,296,289,272,263,315,303,292,239,41,57,319,308,267,301,311,207,265,276,261,253,238,277,311,309,312,313,303,211,48,43,303,303,298,311,337,333,306,209,198,184,322,318,303,316,317,325
39,321,321,310,325,308,307,325,297,295,248,122,63,271,287,291,298,303,301,309,301,285,280,295,250,280,281,291,292,300,301,294,277,290,287,294,256,326,301,314,316,315,309,299,302,315,312,309,312,309,292,296,289,272,263,315,303,292,239,41,57,319,308,267,301,311,207,265,276,261,253,242,280,311,309,312,313,303,215,48,43,303,303,298,311,337,333,306,209,198,184,322,318,303,316,317,325
39.25,321,321,310,325,308,307,325,297,295,248,122,63,271,287,291,298,303,301,310,302,285,280,295,250,280,282,291,292,300,301,294,278,290,289,294,256,326,301,314,316,315,309,299,302,315,312,309,312,309,292,296,289,272,263,315,303,292,239,41,57,319,308,267,301,311,208,267,276,261,253,242,280,311,309,312,313,303,216,48,43,303,303,298,311,337,333,308,211,198,184,322,318,303,316,317,325
39.5,321,321,310,325,308,307,325,297,295,248,122,63,271,287,291,298,303,301,310,302,285,280,295,250,280,282,291,292,300,301,294,278,290,290,294,256,326,301,314,316,315,309,299,302,315,312,309,312,309,292,296,289,272,263,315,303,292,239,41,57,319,308,268,301,311,210,267,276,261,255,242,280,311,309,312,313,303,219,48,43,303,303,298,311,337,333,309,211,198,184,322,318,303,316,317,325
39.75,321,321,310,325,308,307,325,297,295,248,122,63,271,287,291,298,303,301,310,302,285,280,295,250,280,282,291,292,300,302,294,278,290,290,294,256,326,301,314,316,315,309,299,302,315,312,309,312,309,292,296,289,272,263,315,303,292,239,41,57,319,308,268,301,311,212,267,276,261,255,242,280,311,309,312,313,303,220,48,43,303,303,298,311,337,333,309,211,198,184,322,318,303,316,317,325
40,321,321,310,325,308,307,325,297,295,248,126,63,271,287,291,298,303,301,310,302,285,281,295,250,280,282,291,292,300,302,295,278,290,290,294,256,326,301,314,316,315,309,299,302,315,312,309,312,309,292,296,289,272,263,315,303,292,239,41,57,319,308,269,301,311,215,267,276,264,255,243,280,311,309,312,313,303,224,48,43,303,303,298,311,337,333,310,211,198,184,322,318,303,316,317,325
40.25,321,321,310,325,308,307,325,297,295,248,132,63,271,287,291,299,303,302,310,302,285,282,295,250,281,282,291,293,300,302,296,279,290,290,294,256,326,301,314,316,315,309,300,302,315,312,309,312,309,292,296,289,272,264,315,303,292,240,41,57,319,308,269,301,311,215,267,276,264,255,247,280,311,309,312,313,303,226,48,43,303,303,298,311,337,333,310,211,198,185,322,318,303,316,317,325
40.5,322,321,310,325,308,307,325,297,295,248,132,63,271,288,294,299,303,302,310,302,285,282,295,250,281,282,291,293,302,302,296,279,291,290,294,256,326,301,315,316,315,309,300,302,315,312,309,312,309,292,296,289,272,264,315,303,292,240,41,57,319,308,270,301,311,216,268,276,264,256,247,280,311,309,312,313,303,226,48,43,303,303,298,311,337,335,310,211,198,185,322,318,303,316,317,325
40.75,322,321,310,325,308,307,325,297,295,248,132,63,271,289,294,299,303,302,310,302,287,282,295,250,281,282,291,294,303,304,296,279,291,290,294,256,326,301,315,317,315,309,300,302,315,312,309,312,309,292,296,289,272,264,315,303,292,240,41,57,319,308,270,301,312,216,270,276,264,256,247,280,311,309,312,313,303,226,48,43,303,303,298,311,337,335,311,211,198,186,322,318,303,316,317,325
41,322,321,310,325,308,307,325,297,295,248,138,63,271,289,294,299,303,303,310,302,287,282,295,250,282,282,291,294,303,304,296,279,291,290,294,256,326,301,315,317,315,309,300,302,315,312,309,312,309,292,296,289,272,264,315,303,292,241,41,57,319,308,270,301,312,219,270,277,267,257,248,280,311,309,312,313,303,235,48,43,303,303,298,311,337,335,312,212,198,186,322,318,303,316,317,325
41.25,322,321,310,325,308,307,325,297,295,248,139,63,271,289,294,300,303,303,310,302,287,282,295,250,282,282,291,294,303,304,296,279,291,290,294,256,326,301,315,317,315,309,300,302,315,312,309,312,309,292,296,289,272,265,315,303,292,241,41,57,319,308,271,301,312,221,270,278,267,257,251,280,311,309,312,313,303,236,48,43,303,303,298,311,337,335,313,212,199,186,322,318,303,317,317,325
41.5,322,321,310,325,308,307,325,297,295,248,141,63,271,289,294,300,303,303,310,302,287,282,295,250,282,282,291,294,303,304,296,279,291,290,294,256,326,301,315,317,315,309,300,302,315,312,309,312,309,292,296,289,272,265,315,304,292,241,41,57,319,308,271,301,312,221,270,278,267,258,251,280,311,309,312,313,303,236,48,43,303,303,298,311,337,335,313,212,199,186,322,318,303,317,317,325
41.75,322,321,310,325,308,307,325,297,295,248,141,63,271,289,294,300,303,303,310,302,287,282,295,250,282,282,292,294,303,304,296,279,291,290,294,256,326,301,315,317,315,309,300,302,315,312,309,312,309,292,296,289,272,265,315,304,292,241,41,57,319,308,272,301,312,222,271,278,267,260,251,280,311,309,312,313,303,236,48,43,303,303,298,311,337,335,313,212,199,186,322,318,303,317,317,325
42,322,321,310,325,308,307,325,297,295,248,146,63,271,289,294,300,303,303,311,302,287,282,297,250,282,282,292,294,303,304,296,279,291,291,294,256,326,301,315,317,316,309,300,303,315,312,309,312,309,292,296,289,272,267,315,304,293,241,41,57,319,308,273,301,312,225,272,280,270,261,251,280,311,309,312,313,303,242,48,43,303,303,298,311,337,335,314,212,201,187,322,318,303,317,318,326
42.25,322,321,310,325,308,307,325,297,295,248,146,63,271,289,294,300,303,303,311,302,287,282,297,250,282,282,292,294,303,304,296,279,291,291,294,256,326,301,315,317,316,309,300,303,315,312,309,312,309,292,296,289,272,267,315,304,293,241,41,57,319,308,273,301,312,225,272,280,270,261,251,280,311,309,312,313,303,242,48,43,303,303,298,311,337,335,314,212,201,187,322,318,303,317,318,326
42.5,322,321,310,325,308,307,325,297,295,248,152,63,271,289,294,300,303,303,311,303,288,283,297,250,282,282,292,294,303,304,296,279,291,291,294,256,326,301,315,317,316,309,300,303,315,312,309,312,309,292,296,289,272,267,315,304,293,241,41,57,319,308,273,301,313,225,272,280,270,261,254,280,311,309,312,313,303,244,48,43,303,303,298,311,337,335,314,212,201,187,322,318,303,317,318,326
42.75,322,321,310,325,308,307,325,297,295,248,152,63,271,293,297,300,303,303,311,303,288,283,297,250,282,283,293,295,303,305,297,279,292,291,294,256,326,301,315,317,316,309,300,303,315,312,309,312,309,292,296,289,272,267,315,304,293,241,41,57,319,308,274,301,313,225,276,280,270,261,254,283,311,309,312,313,303,244,48,43,303,303,298,311,337,335,315,212,201,187,322,318,303,317,318,326
43,322,321,310,325,308,307,325,297,295,248,152,63,271,293,297,300,303,303,311,303,288,283,297,250,282,283,293,295,304,305,297,279,292,291,294,256,326,301,315,317,316,309,300,303,315,312,309,312,309,292,296,289,272,267,315,304,293,241,41,57,319,308,275,301,313,227,276,280,270,261,254,283,311,309,312,313,303,244,48,43,303,303,298,311,337,335,316,212,201,187,322,318,303,317,318,326
43.25,322,321,310,325,308,307,325,297,295,248,152,63,271,293,297,300,303,303,311,303,289,283,297,250,282,283,293,295,304,305,297,279,292,291,294,256,326,301,315,317,316,309,300,303,315,312,309,312,309,292,297,289,272,267,315,304,293,241,41,57,319,308,277,301,314,228,276,280,270,262,254,283,311,309,312,313,304,246,48,43,303,303,298,311,337,335,316,212,201,187,322,318,303,317,318,326
43.5,322,321,310,325,308,307,325,299,295,248,153,63,271,293,297,300,304,303,311,303,289,283,297,250,282,283,293,295,304,305,297,279,292,291,294,256,326,301,315,317,316,309,300,303,315,312,309,312,309,292,297,289,272,267,315,304,293,241,41,57,319,308,277,301,314,229,276,280,270,262,254,284,311,309,312,313,304,247,48,43,303,303,298,311,337,335,316,212,201,187,322,318,303,317,318,326
43.75,322,321,310,325,308,307,326,299,296,249,155,63,271,293,297,301,304,306,312,303,289,284,297,250,283,283,293,295,304,305,297,280,292,292,294,256,326,301,315,317,316,309,300,303,315,312,309,312,309,292,297,289,272,267,315,304,293,242,41,57,319,308,277,301,314,233,276,280,271,263,256,284,311,309,312,313,304,252,48,43,303,303,298,311,337,335,319,212,201,187,322,318,303,317,318,326
44,322,321,310,325,308,307,326,299,296,249,155,63,271,293,297,301,304,306,313,303,289,284,297,250,283,285,294,295,304,305,297,280,293,292,294,256,326,301,315,317,316,309,300,303,315,312,309,312,309,292,297,289,272,267,315,304,293,242,41,57,319,308,277,301,314,233,278,280,271,263,256,285,311,309,312,313,304,252,48,43,303,303,298,311,337,335,319,212,201,187,322,318,303,317,318,326
44.25,322,321,310,325,308,307,326,299,296,249,155,63,271,293,297,301,304,306,313,303,289,284,297,250,283,285,294,295,304,305,297,280,293,292,295,256,326,301,315,317,316,309,300,303,315,312,309,312,309,292,297,289,272,267,315,304,293,242,41,57,319,308,277,301,314,236,278,281,271,263,256,285,311,309,312,313,304,253,48,43,303,303,298,311,337,335,319,212,201,187,322,318,303,317,318,326
44.5,322,321,310,325,308,307,326,299,296,249,155,63,271,293,297,301,304,306,313,303,290,284,297,250,283,285,294,297,304,307,299,280,295,293,295,256,326,301,315,318,316,309,301,303,315,312,309,312,309,292,297,289,272,267,315,304,293,242,41,57,319,308,279,301,314,236,279,281,271,263,256,287,311,309,312,313,304,253,48,43,303,303,298,311,337,335,319,212,203,189,322,318,303,317,318,326
44.75,322,321,310,325,308,307,326,299,296,249,155,63,271,293,297,301,304,306,313,303,290,284,297,250,283,285,294,297,304,307,299,280,295,293,295,257,326,301,315,318,316,309,301,303,315,312,309,312,309,292,297,289,272,267,315,304,293,244,43,57,319,308,279,301,314,239,279,282,273,264,259,287,311,309,312,313,304,259,48,43,303,303,298,311,337,335,319,212,203,189,322,318,303,317,318,326
45,322,321,310,325,308,307,326,299,296,249,155,63,271,293,297,301,304,306,313,303,290,285,297,250,283,285,294,297,304,307,299,280,295,294,295,257,326,301,315,318,316,309,301,304,315,312,309,312,309,294,297,290,272,267,315,304,294,244,43,57,319,308,279,301,314,241,279,283,274,265,261,287,311,309,312,313,305,261,48,43,303,303,298,311,337,335,320,212,203,189,322,318,303,317,318,326
45.25,322,321,310,325,308,307,326,299,296,249,155,63,271,293,297,301,304,306,313,303,290,285,297,250,283,285,294,297,304,307,299,281,295,294,295,257,326,301,315,318,316,309,301,304,315,312,309,312,309,294,297,290,272,267,315,304,294,244,43,57,319,309,279,301,314,243,279,283,274,265,261,287,311,309,312,313,305,261,48,43,303,303,298,311,337,335,320,212,203,189,322,318,303,317,318,326
45.5,322,321,310,325,308,307,326,299,296,249,155,63,271,293,297,301,304,306,313,303,290,285,298,250,283,285,294,297,304,307,299,281,295,294,296,257,326,301,315,318,316,309,301,304,315,312,309,312,309,294,297,290,272,267,315,304,294,244,43,57,319,309,279,301,314,245,279,283,276,267,262,287,311,309,312,313,305,261,48,43,303,303,298,311,337,335,320,212,203,189,322,318,303,317,318,326
45.75,322,321,310,325,308,307,326,299,296,249,155,63,271,293,297,301,304,306,313,303,290,285,298,250,283,285,294,297,304,307,299,281,295,294,296,257,326,301,315,318,316,309,301,304,315,312,309,312,309,294,297,290,272,267,315,304,294,244,43,57,319,309,279,301,314,245,279,283,276,268,262,287,311,309,312,313,305,262,48,43,303,303,298,311,337,335,321,212,203,189,322,318,303,317,319,326
46,322,321,310,325,308,307,326,299,296,249,155,63,271,293,297,301,304,306,313,303,290,285,298,250,283,285,294,297,304,307,299,281,295,294,296,257,326,301,315,318,316,309,301,304,315,312,309,312,309,294,297,290,272,267,315,304,294,244,43,57,319,309,279,301,314,246,279,284,276,268,262,287,311,309,312,313,305,262,48,43,303,303,298,311,337,335,321,212,203,189,322,318,303,317,319,326
46.25,322,321,310,325,308,307,326,299,298,253,159,63,271,293,297,301,304,306,313,303,290,285,298,250,283,285,294,297,304,307,299,281,295,294,296,258,326,301,315,318,316,309,301,304,315,312,309,312,309,294,297,290,272,267,315,304,294,244,43,57,319,309,279,301,314,247,279,284,276,268,262,287,311,309,312,313,305,262,48,43,303,303,298,311,337,335,321,212,203,189,322,318,303,317,319,326
46.5,322,321,310,325,308,307,326,299,298,253,159,63,271,293,297,301,304,306,313,303,290,285,298,250,283,285,294,297,304,307,300,281,295,294,296,258,326,301,315,318,316,309,301,304,315,312,309,312,309,294,297,290,272,267,315,304,294,244,43,57,319,309,279,301,314,250,279,284,276,268,262,287,311,309,312,313,305,262,48,43,303,303,298,311,337,335,321,212,203,189,322,318,303,317,319,326
46.75,322,321,310,325,308,307,326,299,298,253,159,63,271,293,297,301,304,306,313,303,290,286,298,250,283,285,294,297,304,307,300,281,295,294,296,258,326,301,315,318,316,309,301,304,315,312,309,312,309,294,298,290,272,267,315,304,294,244,43,57,319,309,280,301,314,250,279,284,276,268,262,287,311,309,312,313,305,264,48,43,303,303,298,311,337,335,323,212,203,189,322,318,303,317,319,326
47,322,321,310,325,308,307,326,299,298,253,159,63,271,293,297,301,304,306,313,303,290,286,298,250,283,285,294,297,304,307,300,281,295,294,296,258,326,301,315,318,316,309,301,304,315,312,309,312,309,294,298,290,272,267,315,304,294,244,43,57,319,309,280,301,314,252,279,284,276,269,264,287,311,309,312,313,305,264,48,43,303,303,298,311,337,336,323,212,203,189,322,318,303,317,319,326
47.25,322,321,310,325,308,307,326,299,298,253,159,63,271,293,297,301,304,306,313,303,290,286,298,250,283,285,294,297,304,307,300,281,295,294,296,258,326,301,315,318,316,309,301,304,315,312,309,312,309,294,298,290,272,267,315,304,294,244,43,57,319,309,280,301,314,252,279,284,276,269,264,287,311,309,312,313,305,264,48,43,303,303,298,311,337,336,323,212,203,189,322,318,303,317,319,326
47.5,322,321,310,325,308,307,326,299,298,253,159,63,271,293,298,301,304,306,313,303,290,286,298,250,283,285,296,297,305,307,300,281,295,294,296,258,326,301,315,318,316,309,301,304,315,312,309,312,309,294,298,290,272,267,315,304,294,244,43,57,319,309,281,301,315,253,281,284,276,269,264,289,311,309,312,313,305,264,48,43,303,303,298,311,337,336,323,212,203,189,322,318,303,317,319,326
47.75,322,321,310,325,308,307,326,299,299,253,159,63,271,293,298,301,304,306,313,303,290,286,298,250,283,285,296,297,305,307,300,281,295,294,296,258,326,301,315,318,316,309,301,304,315,312,309,312,309,294,298,290,272,267,315,304,294,244,43,57,319,309,281,301,315,255,281,284,276,269,265,289,311,309,312,313,305,267,48,43,303,303,298,311,337,336,323,212,203,189,322,318,303,317,319,326
