Data File    , C:\Program Files\Biolog\OL_DC_23\PMX\Data_2012\10\PMX_443_121009_C_14.OKA,,,,,,,,,,,,,,,,,,,,,,,,,,,,,,,,,,,,,,,,,,,,,,,,,,,,,,,,,,,,,,,,,,,,,,,,,,,,,,,,,,,,,,,,,,,,,,,
Set up Time  ,Oct 09 2012 11:37 AM,,,,,,,,,,,,,,,,,,,,,,,,,,,,,,,,,,,,,,,,,,,,,,,,,,,,,,,,,,,,,,,,,,,,,,,,,,,,,,,,,,,,,,,,,,,,,,,
Position     , 7-B,,,,,,,,,,,,,,,,,,,,,,,,,,,,,,,,,,,,,,,,,,,,,,,,,,,,,,,,,,,,,,,,,,,,,,,,,,,,,,,,,,,,,,,,,,,,,,,
Plate Type   ,PM20-B,,,,,,,,,,,,,,,,,,,,,,,,,,,,,,,,,,,,,,,,,,,,,,,,,,,,,,,,,,,,,,,,,,,,,,,,,,,,,,,,,,,,,,,,,,,,,,,
Strain Type  ,---,,,,,,,,,,,,,,,,,,,,,,,,,,,,,,,,,,,,,,,,,,,,,,,,,,,,,,,,,,,,,,,,,,,,,,,,,,,,,,,,,,,,,,,,,,,,,,,
Sample Number,,,,,,,,,,,,,,,,,,,,,,,,,,,,,,,,,,,,,,,,,,,,,,,,,,,,,,,,,,,,,,,,,,,,,,,,,,,,,,,,,,,,,,,,,,,,,,,,
Strain Name  ,E.coli,,,,,,,,,,,,,,,,,,,,,,,,,,,,,,,,,,,,,,,,,,,,,,,,,,,,,,,,,,,,,,,,,,,,,,,,,,,,,,,,,,,,,,,,,,,,,,,
Strain Number,ECI-2639,,,,,,,,,,,,,,,,,,,,,,,,,,,,,,,,,,,,,,,,,,,,,,,,,,,,,,,,,,,,,,,,,,,,,,,,,,,,,,,,,,,,,,,,,,,,,,,
Other        ,PM20 Replicate 3,,,,,,,,,,,,,,,,,,,,,,,,,,,,,,,,,,,,,,,,,,,,,,,,,,,,,,,,,,,,,,,,,,,,,,,,,,,,,,,,,,,,,,,,,,,,,,,

Hour,  A01,  A02,  A03,  A04,  A05,  A06,  A07,  A08,  A09,  A10,  A11,  A12,  B01,  B02,  B03,  B04,  B05,  B06,  B07,  B08,  B09,  B10,  B11,  B12,  C01,  C02,  C03,  C04,  C05,  C06,  C07,  C08,  C09,  C10,  C11,  C12,  D01,  D02,  D03,  D04,  D05,  D06,  D07,  D08,  D09,  D10,  D11,  D12,  E01,  E02,  E03,  E04,  E05,  E06,  E07,  E08,  E09,  E10,  E11,  E12,  F01,  F02,  F03,  F04,  F05,  F06,  F07,  F08,  F09,  F10,  F11,  F12,  G01,  G02,  G03,  G04,  G05,  G06,  G07,  G08,  G09,  G10,  G11,  G12,  H01,  H02,  H03,  H04,  H05,  H06,  H07,  H08,  H09,  H10,  H11,  H12
0,26,22,16,20,15,16,11,11,27,50,65,93,27,18,11,11,11,11,11,11,11,11,20,50,17,11,11,59,11,11,11,11,11,11,11,18,22,28,50,69,11,11,11,11,11,13,17,35,36,63,146,241,11,11,11,11,11,11,23,52,14,11,14,11,11,11,11,11,11,11,11,11,14,11,11,23,11,11,11,13,11,11,11,22,14,11,11,11,11,11,11,11,11,11,11,16
0.25,26,22,16,20,16,16,11,11,31,58,75,102,27,18,11,11,11,11,11,11,15,11,23,53,17,11,11,76,11,11,11,11,11,11,11,19,22,28,50,69,11,11,11,11,11,15,18,37,37,71,152,245,11,11,11,11,11,11,27,55,15,11,15,11,11,11,11,11,11,11,11,11,16,11,13,25,11,11,11,23,11,11,11,22,14,11,11,11,11,11,11,11,11,11,11,18
0.5,26,23,16,20,16,18,11,11,35,64,81,111,28,18,11,11,11,11,11,11,15,11,23,53,17,11,11,93,11,11,11,11,11,11,11,20,22,29,50,71,11,11,11,11,11,15,18,37,38,71,155,249,11,11,11,11,11,11,27,58,15,11,15,11,11,11,11,12,11,11,11,11,16,11,13,25,11,11,11,27,11,11,11,22,14,11,11,11,11,11,11,11,11,11,11,18
0.75,26,23,16,20,16,21,11,12,39,76,90,117,28,18,11,11,11,11,11,11,15,13,23,56,17,11,11,102,11,11,11,11,11,11,11,21,23,29,50,71,11,11,11,11,11,15,18,37,38,71,155,249,11,11,11,11,11,11,32,60,16,11,15,11,11,11,11,12,11,11,11,11,20,11,13,25,11,11,11,27,11,11,11,22,14,11,11,11,11,11,11,11,11,11,11,18
1,26,24,16,20,17,22,11,12,42,79,96,124,28,18,11,11,11,11,11,11,15,13,23,56,17,11,11,108,11,11,11,11,11,11,11,21,25,29,50,71,11,11,11,11,11,15,18,37,38,71,155,249,11,11,11,11,11,11,33,60,17,11,17,11,11,11,11,12,11,11,11,11,20,11,13,25,11,11,11,27,11,11,11,22,14,11,11,11,11,11,11,11,11,11,11,19
1.25,27,25,16,20,17,22,11,12,47,79,100,127,28,18,11,11,11,11,11,11,15,21,23,56,17,11,11,112,11,11,11,11,11,11,12,21,25,29,53,71,11,11,11,11,11,15,18,37,38,71,155,249,11,11,11,11,11,11,37,63,18,11,17,11,11,11,11,12,11,11,11,11,20,11,13,26,11,11,11,27,11,11,11,22,14,11,11,11,11,11,11,11,11,11,12,19
1.5,27,25,18,21,17,25,11,12,47,87,107,135,28,18,11,11,11,11,11,11,15,26,24,58,18,11,11,116,11,11,11,11,11,11,12,21,25,30,53,71,11,12,11,11,11,15,18,37,38,71,155,249,11,11,11,11,11,11,39,63,19,11,17,11,11,11,11,12,11,11,11,11,20,11,13,27,11,11,11,27,11,11,11,22,14,11,11,11,11,11,11,11,11,11,12,19
1.75,27,25,18,22,18,26,11,12,47,87,111,138,28,18,11,11,11,11,11,11,15,30,29,58,18,11,11,117,11,11,11,11,11,11,13,21,25,30,53,72,11,12,11,11,11,17,18,37,38,71,155,249,11,11,11,11,11,11,41,63,19,11,17,11,11,11,11,12,11,11,11,11,20,11,13,27,11,11,11,27,11,11,11,24,14,11,11,11,11,11,11,11,11,11,12,22
2,27,25,18,22,18,26,11,12,47,90,113,143,28,18,11,11,11,11,11,11,15,32,31,58,18,11,11,118,11,11,11,11,11,11,13,21,25,30,53,72,11,12,11,11,11,17,18,37,38,71,155,249,11,11,11,11,11,11,42,63,19,11,17,11,11,11,11,12,11,11,11,11,20,11,13,27,11,11,11,27,11,11,11,24,14,11,11,11,11,11,11,11,11,11,12,22
2.25,27,25,18,22,18,26,12,12,49,94,119,152,28,18,11,11,11,11,11,11,15,32,31,63,18,11,11,118,11,11,11,11,11,11,13,21,25,30,53,72,11,12,11,11,11,17,18,37,38,71,155,249,11,11,11,11,11,11,44,63,19,11,17,11,11,11,11,12,11,11,11,11,20,11,13,27,11,11,11,27,11,11,11,24,14,11,11,11,11,11,11,11,11,11,12,22
2.5,27,25,18,22,18,26,12,12,49,95,122,152,28,18,11,11,11,11,11,11,15,32,31,63,18,11,11,118,11,11,11,11,11,11,13,21,25,30,53,72,11,12,11,11,11,17,18,37,38,71,155,249,11,11,11,11,11,11,44,63,19,11,17,11,11,11,11,12,11,11,14,11,20,11,13,27,11,11,11,27,11,11,11,24,14,11,11,11,11,11,11,11,11,11,12,22
2.75,27,25,18,22,18,26,12,12,50,99,129,164,28,18,11,11,11,11,11,11,15,32,31,69,18,11,11,118,11,11,11,11,11,11,13,26,25,30,53,72,11,12,11,11,11,17,18,37,38,71,155,249,11,11,11,11,11,11,44,65,19,11,17,11,11,11,11,12,11,11,15,11,20,11,13,27,11,11,11,27,11,11,11,24,14,11,11,11,11,11,11,11,11,11,12,22
3,27,25,18,22,18,26,12,12,50,99,130,164,28,18,11,11,11,11,11,11,15,32,31,69,18,11,11,118,11,11,11,11,11,11,13,26,25,30,53,72,11,12,11,11,11,17,18,37,38,71,155,249,11,11,11,11,11,11,44,65,19,11,17,11,11,11,11,12,11,11,16,11,20,11,13,27,11,11,11,27,11,11,11,24,14,11,11,11,11,11,11,11,11,11,12,22
3.25,27,25,18,22,18,26,12,12,50,99,131,164,28,18,11,11,11,11,11,11,15,32,31,69,18,11,11,118,11,11,11,11,11,11,13,26,25,30,53,72,11,12,11,11,11,17,18,37,38,71,155,249,11,11,11,11,11,11,44,65,19,11,17,11,11,11,11,12,11,11,17,11,20,11,13,27,11,11,11,27,11,11,11,24,14,11,12,12,11,11,11,11,11,11,12,22
3.5,27,25,18,22,19,26,12,12,50,99,133,169,28,18,11,11,11,11,11,11,15,32,31,69,18,11,11,118,11,11,11,11,11,11,13,26,25,30,53,72,11,12,11,11,11,17,18,37,38,71,155,249,11,11,11,11,11,11,44,66,19,11,17,11,11,11,11,12,11,11,17,11,20,11,13,27,11,11,11,27,11,11,11,24,14,11,12,12,11,11,11,11,11,11,12,22
3.75,27,25,18,22,19,26,12,12,50,99,133,169,28,18,11,11,11,11,11,11,15,32,31,69,18,11,11,118,11,11,11,11,11,11,13,26,25,30,53,72,11,12,11,11,11,17,18,37,38,71,155,249,11,11,11,11,11,11,44,66,19,11,17,11,11,11,11,12,11,11,17,11,20,11,13,27,11,11,11,27,11,11,11,24,14,11,12,12,11,11,11,11,11,11,12,22
4,35,28,18,25,25,26,15,12,50,99,141,177,33,18,11,11,11,11,11,11,15,32,31,69,22,11,11,118,12,11,11,11,14,11,13,26,28,30,53,72,11,14,11,11,12,18,18,37,38,71,155,249,11,11,11,11,11,11,44,71,19,11,17,11,11,11,11,12,11,11,17,11,20,11,13,27,11,11,11,27,11,11,11,24,14,11,12,12,11,11,11,11,11,11,12,22
4.25,35,28,18,25,25,26,15,12,50,99,141,177,33,18,11,11,11,11,11,11,15,32,31,69,22,11,11,118,12,11,11,11,14,11,13,26,28,30,53,72,11,14,11,11,12,18,18,37,38,71,155,249,11,11,11,11,11,11,44,71,20,11,17,11,11,11,11,12,11,11,17,11,20,11,13,28,11,11,11,27,11,11,11,24,14,11,12,12,11,11,11,11,11,11,12,22
4.5,41,32,19,25,32,31,23,17,52,105,149,185,36,19,11,11,12,11,11,11,17,32,31,69,28,11,11,118,14,11,11,11,21,13,17,26,34,33,54,72,11,18,11,11,15,21,20,38,38,71,155,249,11,11,11,11,15,11,44,73,23,11,17,11,11,11,11,12,11,11,18,11,20,11,13,28,11,11,11,27,11,11,11,24,14,11,12,13,11,11,11,11,11,11,12,25
4.75,41,32,19,25,32,31,23,18,52,105,149,185,36,19,11,11,15,11,11,11,25,32,31,69,28,11,11,118,14,11,11,11,21,15,17,26,34,33,54,72,11,18,11,11,16,21,20,38,38,71,155,249,11,11,11,11,15,11,44,73,27,11,17,11,11,11,11,12,15,11,18,11,20,11,13,28,11,11,11,27,11,11,11,24,14,11,12,13,11,11,11,11,11,11,12,25
5,43,45,19,25,32,31,25,21,52,105,149,185,47,22,11,11,19,18,11,11,48,32,31,69,32,11,11,118,17,11,11,11,22,15,17,26,38,35,54,72,14,18,11,11,19,21,20,38,40,71,155,249,12,11,11,11,17,12,44,73,32,12,17,11,11,11,11,14,24,13,18,11,20,11,13,28,14,11,11,27,14,11,11,24,14,11,12,13,11,11,11,11,12,11,12,25
5.25,53,67,19,25,38,37,31,25,53,105,150,187,54,42,11,11,25,42,11,11,61,50,31,69,41,17,11,118,21,12,11,11,26,20,17,26,44,41,54,72,19,18,11,11,24,26,26,39,47,71,155,249,16,15,11,11,23,17,44,75,37,21,17,11,15,14,15,19,29,34,18,11,20,11,13,29,18,14,11,27,20,16,11,24,19,11,12,14,14,11,11,11,18,11,13,25
5.5,58,77,19,25,42,42,34,30,54,105,150,187,63,54,11,11,30,49,11,11,70,65,31,69,42,20,11,118,24,15,11,11,28,22,17,26,50,44,55,72,23,21,11,11,27,29,26,39,47,71,155,249,20,18,11,11,25,19,49,79,41,22,17,11,16,14,19,22,37,54,18,11,20,11,13,29,21,14,11,27,22,17,11,24,22,11,12,14,19,11,15,11,22,11,13,25
5.75,67,90,19,25,47,48,41,38,55,105,152,189,86,67,11,11,37,59,11,11,105,82,31,69,56,25,11,118,30,22,11,11,33,28,21,26,55,47,55,72,25,23,11,11,32,34,28,39,51,71,155,249,22,19,11,11,29,22,51,82,44,25,17,11,18,20,21,24,52,72,18,11,20,11,13,29,25,17,12,27,27,22,11,24,23,11,12,14,19,13,15,11,26,11,13,25
6,91,129,19,25,60,62,50,44,61,105,154,192,115,80,11,11,52,78,11,11,144,100,31,69,85,35,12,118,40,27,11,11,40,31,23,26,61,56,60,72,36,28,11,11,41,37,32,42,60,77,155,249,29,28,11,11,39,32,58,84,48,28,20,11,23,25,26,31,79,88,19,11,20,18,15,32,32,22,20,27,36,32,11,24,31,11,13,14,25,18,19,13,32,14,15,25
6.25,118,155,19,25,76,83,64,53,63,105,154,195,144,89,11,11,71,93,11,11,176,120,31,69,108,38,12,118,51,31,11,11,50,36,24,26,75,57,61,72,46,32,11,11,56,48,35,43,65,77,155,249,31,28,11,11,53,41,60,88,51,28,23,11,26,29,26,32,102,105,19,11,20,18,18,32,35,25,20,27,44,39,11,24,31,11,13,14,27,22,22,16,40,14,15,25
6.5,151,176,21,27,103,111,85,76,71,107,159,201,168,106,13,11,102,113,11,11,209,148,31,69,141,47,17,118,76,48,11,11,69,51,29,26,100,77,68,72,64,44,11,11,77,70,41,44,78,80,155,249,43,36,11,11,76,62,71,96,60,35,28,11,36,36,34,39,129,125,22,11,20,20,21,32,46,28,29,27,65,63,11,24,37,11,13,14,33,32,29,22,60,24,19,25
6.75,177,196,21,27,125,132,105,98,76,107,159,201,188,116,13,11,126,135,11,11,229,167,31,69,167,52,18,118,96,64,11,11,84,61,31,26,123,94,77,75,79,53,11,11,98,92,47,49,90,87,155,249,53,40,11,11,94,76,79,96,68,37,32,11,41,41,41,41,149,140,22,12,20,23,23,32,61,35,32,27,83,83,11,24,45,11,16,15,40,41,37,26,85,28,19,25
7,201,210,31,36,151,162,129,122,91,119,170,218,209,137,18,12,150,162,19,12,250,190,33,79,188,60,29,120,123,96,14,11,107,78,37,34,149,113,88,80,98,75,16,15,121,113,62,62,103,92,157,249,74,47,11,17,127,103,92,104,79,43,36,11,53,50,46,52,175,155,28,21,24,29,28,34,78,41,39,27,111,106,16,24,50,11,16,20,53,59,48,34,109,39,25,32
7.25,213,221,31,36,170,183,146,135,94,119,170,218,222,141,18,12,166,181,19,12,263,196,33,79,197,63,29,121,137,117,14,11,118,88,37,34,167,131,96,80,114,81,16,15,137,127,75,62,113,94,157,249,94,51,11,17,151,124,98,104,88,44,37,11,56,55,49,54,189,170,28,21,27,29,31,35,93,47,40,27,134,123,16,24,52,11,16,20,62,71,57,34,129,43,25,32
7.5,230,231,31,36,191,203,170,149,114,119,170,218,231,148,18,12,185,197,19,12,273,210,33,79,208,68,29,122,156,136,14,11,136,98,38,34,186,149,107,80,131,93,16,15,162,144,88,62,124,103,157,249,122,58,11,17,176,147,107,104,101,48,37,11,63,59,52,57,206,178,28,21,27,35,32,35,121,56,44,27,162,144,16,24,61,11,16,20,80,88,70,39,154,62,25,32
7.75,244,241,31,36,210,224,192,170,139,119,170,218,242,160,18,12,204,213,19,12,283,227,33,79,222,74,29,124,174,160,14,11,160,115,39,34,206,172,121,80,155,107,16,15,185,165,104,62,137,115,157,249,149,73,11,17,199,170,120,104,122,57,44,11,72,66,56,61,222,191,28,21,31,39,39,35,151,74,48,27,187,166,16,24,77,11,18,20,95,109,87,45,179,81,25,32
8,254,250,31,36,226,239,209,187,151,119,170,218,252,173,18,12,219,224,19,12,295,239,33,79,229,80,29,124,191,174,14,11,179,132,40,34,224,190,129,83,175,122,16,15,202,179,114,62,148,123,157,249,176,87,11,17,211,188,134,105,145,67,44,11,79,72,60,64,235,199,28,21,33,45,44,35,174,97,55,27,205,182,16,24,88,11,18,20,113,129,104,57,200,104,25,32
8.25,263,258,31,36,242,253,228,202,168,119,170,218,258,181,18,12,235,236,19,12,303,252,33,79,240,86,29,127,210,189,14,11,199,152,48,34,240,208,139,87,193,136,16,15,217,196,128,66,160,131,157,249,197,110,11,17,226,202,148,107,170,89,47,11,89,82,66,68,246,208,28,21,38,54,54,37,196,126,60,27,220,198,16,24,105,11,18,20,130,151,123,68,219,126,27,32
8.5,273,265,36,37,253,263,240,219,182,127,174,228,265,194,20,15,245,244,20,14,314,264,33,79,247,93,42,127,223,205,15,11,213,174,54,36,252,223,151,94,211,155,20,16,230,210,144,75,176,139,161,251,212,130,11,18,235,212,160,112,193,109,51,13,101,93,72,78,256,213,33,22,46,65,64,37,211,151,64,27,232,211,16,26,124,11,18,22,152,173,142,86,234,145,32,32
8.75,277,273,36,37,262,271,253,232,190,127,174,228,268,199,20,15,255,258,20,14,318,271,33,79,256,99,42,129,235,213,15,11,227,189,54,36,262,237,156,95,225,163,20,16,238,221,152,75,186,147,161,251,226,152,11,18,246,222,172,112,215,136,53,13,109,101,77,79,261,222,33,22,47,72,74,40,224,174,66,27,244,222,16,26,142,11,20,22,168,191,160,97,248,156,32,32
9,283,277,36,37,270,278,261,240,203,131,174,228,272,208,20,15,263,263,20,14,322,283,33,79,263,106,42,129,246,224,15,11,238,201,60,36,268,248,167,100,237,177,20,16,247,230,165,75,198,157,161,251,239,177,11,18,250,230,182,116,230,156,59,17,120,111,84,86,266,227,33,22,54,85,85,40,235,193,71,27,251,231,16,26,161,12,20,22,186,207,179,113,257,171,35,32
9.25,285,282,36,37,274,284,267,250,210,138,174,228,274,213,20,15,268,268,20,14,326,291,33,79,270,112,42,129,252,230,15,11,245,215,64,36,274,256,172,101,247,186,20,16,254,238,177,79,209,162,161,251,246,193,11,18,256,236,190,118,243,178,66,17,128,116,88,91,271,232,33,22,59,88,93,40,244,208,71,27,258,236,17,26,177,12,20,22,199,218,192,125,266,180,40,32
9.5,289,286,36,37,280,288,274,258,218,143,174,228,277,221,20,15,271,274,20,14,327,299,33,79,273,120,46,130,259,238,15,11,250,223,67,36,280,261,180,107,253,199,20,16,258,243,186,79,220,168,161,251,252,206,11,18,261,241,197,119,251,193,72,18,139,125,97,98,272,235,33,22,64,104,107,41,249,220,75,27,264,243,17,26,194,12,20,22,212,229,207,141,270,189,43,32
9.75,293,289,36,37,284,293,279,266,230,151,174,228,280,226,20,15,276,279,20,14,329,307,33,79,280,130,47,135,265,243,15,11,257,231,71,36,286,268,186,109,260,210,20,16,263,248,195,79,234,175,161,251,258,219,11,18,265,248,203,125,261,208,82,20,148,132,104,103,277,237,33,22,76,117,119,41,257,232,78,27,267,250,17,26,210,12,21,22,223,240,219,156,276,198,47,32
10,294,291,36,37,288,296,284,270,238,167,174,228,281,232,20,15,276,280,20,14,329,311,33,79,284,136,47,135,268,248,15,11,261,238,76,36,288,272,192,109,265,215,20,16,265,250,202,79,241,176,161,251,263,231,11,18,268,252,206,125,269,222,84,20,154,141,109,105,277,242,33,22,86,129,129,41,260,241,78,27,270,254,17,26,223,12,21,22,233,248,227,170,278,206,49,32
10.25,297,293,38,37,291,298,287,274,244,188,175,230,284,240,20,15,282,286,20,14,332,318,33,79,288,146,52,135,272,255,15,11,264,245,86,36,292,277,199,115,270,227,20,17,269,254,211,80,251,186,161,252,268,239,11,18,271,255,213,127,275,230,94,23,165,152,119,117,280,247,33,22,98,140,149,42,265,248,85,27,274,260,17,26,236,12,22,22,241,255,238,185,284,218,57,33
10.5,298,295,38,37,293,300,288,279,251,200,175,230,284,242,20,15,285,286,20,14,332,321,33,79,292,156,52,135,275,260,15,11,268,245,89,36,296,280,203,115,274,231,20,17,272,257,216,80,257,189,161,252,271,246,11,18,272,255,216,127,281,238,94,23,171,157,123,119,280,248,33,22,111,152,160,43,267,253,86,27,278,260,17,26,246,12,22,22,245,260,245,197,285,221,60,33
10.75,300,296,38,37,297,302,290,282,258,211,175,236,285,247,20,15,286,288,20,14,333,323,33,79,293,163,53,135,277,263,15,11,270,251,96,36,297,282,211,118,276,241,20,17,274,259,222,80,265,196,161,252,274,254,11,18,275,259,218,130,285,243,102,23,180,167,132,131,283,251,33,22,127,167,169,43,270,259,91,27,278,264,17,26,253,12,22,22,252,264,250,209,288,228,69,33
11,302,296,43,38,298,304,293,286,262,224,176,238,287,251,22,16,287,289,24,14,334,326,34,83,295,174,60,135,280,267,17,12,272,256,104,36,300,286,215,122,281,245,20,17,276,261,228,85,273,202,161,253,278,257,11,18,277,263,224,133,289,250,110,27,186,172,137,143,283,256,33,23,146,181,184,43,274,263,98,27,283,267,18,26,261,12,22,25,258,270,258,219,290,233,84,36
11.25,302,302,43,38,300,305,296,289,267,229,176,238,287,252,22,16,291,291,24,14,335,326,34,83,298,183,60,135,284,271,17,12,278,260,108,36,301,290,221,122,284,250,20,17,276,264,234,85,279,209,161,253,280,264,11,18,280,265,230,133,293,256,119,28,193,181,142,143,286,256,33,23,163,192,193,45,278,270,99,27,284,270,18,26,268,12,22,25,261,274,261,229,294,241,89,36
11.5,303,302,43,38,302,308,297,291,269,235,176,238,289,255,22,16,293,293,24,14,335,328,34,83,300,192,60,135,285,273,17,12,278,261,114,36,302,292,225,123,287,255,20,17,279,265,236,85,283,215,161,253,282,268,11,18,280,268,233,134,296,261,128,28,198,185,148,145,286,256,33,23,178,200,201,45,281,272,101,27,286,271,18,26,272,12,22,25,264,276,265,235,294,244,97,36
11.75,305,302,44,38,304,309,298,293,273,241,176,238,290,258,22,16,295,295,24,14,335,329,34,83,301,198,63,137,288,276,17,12,280,264,122,36,306,294,234,127,288,259,20,17,281,268,242,88,286,222,161,253,286,274,11,18,282,269,235,137,298,266,135,29,206,194,156,156,287,260,33,23,190,209,210,46,281,277,108,27,287,274,18,26,277,13,25,25,270,281,270,242,298,249,105,36
12,309,305,49,39,306,311,300,295,279,249,178,243,291,262,25,17,296,296,27,16,337,329,35,86,304,211,67,137,291,280,20,13,283,267,133,37,309,297,241,132,291,265,22,20,283,269,246,97,291,230,165,255,287,277,11,22,285,272,239,143,302,269,148,33,213,202,165,169,290,263,33,25,203,220,220,46,285,281,116,27,291,277,21,26,283,17,26,29,274,286,274,251,298,251,118,37
12.25,309,306,49,39,306,314,301,297,282,253,178,243,292,262,25,17,298,298,27,16,337,330,35,86,304,217,68,137,291,281,20,13,283,268,135,37,309,298,245,132,292,267,22,20,283,272,248,97,294,234,165,255,288,280,11,22,285,272,240,143,305,271,156,33,218,207,168,171,290,264,33,25,213,227,224,46,288,283,119,27,293,278,21,26,285,17,26,29,275,286,277,255,299,257,120,37
12.5,309,306,49,39,306,314,303,297,282,254,178,243,292,263,25,17,298,299,27,16,337,330,35,86,306,223,68,137,291,281,20,13,284,268,140,37,309,298,249,132,293,269,22,20,284,272,249,98,295,236,165,255,290,281,11,22,286,273,241,143,305,273,164,33,221,212,169,171,290,264,33,25,222,231,230,46,289,285,122,27,293,279,21,26,288,17,26,29,279,289,277,257,300,257,124,37
12.75,311,306,50,40,307,315,303,299,287,260,178,243,292,266,26,19,300,302,27,19,338,332,35,86,307,231,73,139,293,285,21,13,285,273,152,37,313,300,256,137,295,275,22,20,286,273,254,109,299,242,166,255,291,286,11,23,288,275,245,146,308,277,175,36,227,218,179,183,291,266,33,25,234,238,235,49,291,291,131,27,295,281,21,26,292,18,28,29,282,292,284,264,303,262,134,37
13,311,306,50,40,309,315,304,299,287,262,178,243,293,266,26,19,300,302,27,19,338,332,35,86,309,236,73,140,294,285,21,13,287,273,152,37,313,300,257,137,296,276,22,20,286,274,256,109,299,248,166,255,291,287,11,23,288,275,246,146,308,280,185,36,228,219,181,183,291,266,33,25,240,241,239,49,293,291,135,27,296,281,21,26,292,18,28,29,283,292,284,265,303,262,135,37
13.25,311,307,50,40,309,316,306,302,291,265,178,243,293,267,26,19,300,302,27,19,338,332,35,86,310,241,73,140,296,286,21,13,288,273,158,37,314,300,262,137,297,278,22,20,288,275,257,110,302,251,166,255,296,291,11,23,290,279,249,146,311,285,196,36,233,224,187,184,291,268,33,25,248,248,244,49,295,295,139,27,296,284,21,26,297,18,28,29,287,293,287,271,305,267,138,37
13.5,311,308,50,40,309,316,306,303,293,267,178,243,293,267,26,19,303,302,27,19,338,332,35,86,310,246,73,140,296,287,21,13,289,274,163,37,314,301,265,137,297,281,22,20,289,275,258,116,302,257,166,255,296,292,11,23,290,279,249,147,311,286,202,36,235,228,188,191,293,269,33,25,252,252,248,49,295,297,145,27,298,284,21,26,297,18,28,29,287,296,288,273,305,267,143,37
13.75,313,310,50,40,312,317,308,303,295,273,178,246,294,271,26,19,303,303,27,19,339,332,35,86,311,252,75,140,297,289,29,13,291,276,170,37,315,305,269,139,300,285,22,20,290,277,260,125,306,262,166,255,298,294,12,23,292,280,251,152,311,288,210,38,241,232,195,199,293,271,33,25,259,256,253,49,298,300,157,27,299,285,21,27,300,18,28,29,290,298,291,277,305,271,151,37
14,313,310,50,40,312,319,308,304,296,274,178,246,294,271,26,19,303,303,27,19,339,333,35,86,311,255,75,144,297,291,31,13,292,276,173,37,315,305,270,141,300,286,22,20,292,277,260,127,307,265,166,255,301,297,12,23,293,281,252,152,314,291,217,38,242,236,196,199,293,271,33,25,265,258,257,51,299,301,162,27,300,286,21,27,301,18,28,29,291,300,293,278,306,272,153,37
14.25,313,310,51,43,312,319,308,305,299,278,179,250,294,271,26,19,303,303,27,19,339,333,36,88,311,261,78,144,299,293,47,14,292,279,180,40,315,305,274,143,300,289,25,20,292,278,261,139,308,270,169,255,301,299,12,25,293,281,253,155,314,291,221,40,246,242,203,210,295,271,33,28,269,262,259,53,299,301,173,27,300,286,21,27,302,18,28,29,294,301,294,282,307,273,159,40
14.5,313,310,51,43,313,319,309,305,301,279,179,250,295,272,26,19,304,305,27,19,339,334,36,88,311,263,78,144,299,293,54,14,292,279,183,40,315,305,276,147,301,290,25,20,292,278,263,143,308,274,169,256,301,300,12,25,294,281,255,155,314,294,226,41,248,244,205,213,295,272,33,28,272,266,262,54,301,304,181,27,301,286,21,28,304,19,28,32,296,303,296,284,308,275,161,40
14.75,313,310,51,43,313,319,309,306,303,281,179,250,295,272,26,19,305,306,27,19,340,334,36,88,311,266,78,144,300,293,58,14,293,280,185,40,316,306,279,147,301,291,25,20,293,279,263,146,308,276,169,256,303,302,12,25,294,286,256,156,314,297,233,41,250,246,205,213,295,275,33,28,275,269,264,54,303,306,189,27,303,289,21,28,306,19,28,32,296,304,297,287,308,275,161,40
15,313,310,51,43,313,320,309,306,303,282,179,250,295,272,26,19,305,306,27,19,340,334,36,88,311,269,78,144,301,294,64,14,295,280,191,40,316,306,281,147,301,291,25,20,294,281,266,150,310,279,169,256,303,303,12,25,296,286,257,158,317,300,241,41,252,247,209,213,295,275,33,28,280,272,268,55,304,306,197,27,303,289,21,28,306,19,28,32,296,304,299,289,309,276,164,40
15.25,313,310,54,43,314,320,310,306,303,287,179,250,296,275,27,20,305,307,29,22,340,334,39,88,311,271,81,144,301,296,78,14,295,281,196,40,316,306,282,149,302,293,26,21,294,281,266,161,310,283,174,256,303,303,12,28,296,286,257,160,317,301,242,43,255,252,215,221,296,275,33,29,281,275,271,56,304,308,207,27,303,290,21,30,308,19,28,32,299,306,300,290,309,279,168,41
15.5,313,310,54,43,314,320,310,308,304,287,179,250,296,275,27,20,305,307,29,22,340,334,39,88,311,272,81,144,301,296,78,14,295,281,196,40,317,306,282,149,302,295,26,21,294,281,266,161,310,283,174,256,304,304,12,28,296,286,257,160,317,301,245,43,256,252,215,221,296,275,33,29,285,277,271,56,304,308,213,27,303,290,21,30,309,19,28,32,299,307,300,291,309,279,168,41
15.75,314,311,54,43,314,320,310,308,305,289,179,250,296,275,27,20,305,307,29,22,340,334,39,88,311,275,81,144,302,296,82,14,296,281,198,40,317,306,285,149,302,295,26,21,296,283,268,162,311,285,174,256,305,306,12,28,296,286,260,160,317,305,254,43,258,256,215,221,296,275,33,29,289,280,275,58,304,311,221,27,304,290,21,30,310,19,28,32,299,307,303,292,309,279,169,41
16,314,311,54,43,314,321,310,308,308,290,179,250,296,275,27,20,305,308,29,22,340,335,39,88,311,278,81,144,302,296,88,14,296,284,201,40,317,306,285,150,302,295,26,21,296,283,268,167,312,287,177,256,307,307,12,28,297,289,260,160,317,305,254,43,259,257,218,223,296,275,33,29,289,281,276,61,306,312,229,27,304,291,21,30,311,19,28,32,300,308,303,294,309,279,170,41
16.25,315,311,54,43,316,321,311,308,309,292,179,250,296,275,27,20,307,309,29,22,340,335,39,88,311,279,81,146,302,297,94,14,298,285,206,40,318,306,286,150,304,295,26,21,297,284,270,173,312,288,177,256,307,308,12,28,299,289,261,161,319,305,259,43,259,259,222,224,296,275,33,29,292,284,278,66,308,314,238,27,305,292,21,30,312,19,28,32,301,310,304,297,311,281,175,41
16.5,316,311,54,43,316,321,311,309,309,295,179,250,296,278,27,20,307,310,29,22,340,335,39,88,311,281,85,146,303,297,102,14,298,286,212,40,319,307,289,152,304,297,26,21,297,284,271,183,312,292,186,256,307,309,12,28,299,289,261,165,320,305,259,43,263,264,226,233,296,278,33,29,296,285,280,69,308,315,243,27,305,292,21,30,312,19,28,32,302,311,305,298,311,283,177,43
16.75,316,311,56,44,316,321,311,309,310,298,181,255,296,278,27,20,307,310,33,22,340,336,45,88,311,283,89,146,303,298,110,15,298,287,213,43,319,308,289,156,304,297,30,25,297,284,271,189,313,292,190,257,307,309,15,30,299,289,261,168,320,305,259,44,264,267,229,238,298,278,33,34,298,288,283,73,309,315,250,27,305,292,23,35,313,19,28,33,304,313,305,299,311,284,179,44
17,316,311,56,44,316,322,312,309,310,299,181,255,297,278,27,20,307,310,33,22,340,336,45,88,311,284,89,146,303,298,110,15,299,287,214,43,319,308,289,156,304,297,30,25,299,284,271,189,314,292,190,257,307,309,15,30,299,289,263,168,320,305,262,44,266,268,229,238,298,278,33,34,298,289,285,73,309,315,254,27,305,294,23,35,313,19,28,33,304,313,307,299,311,284,179,44
17.25,316,311,56,44,317,322,312,309,311,300,182,255,297,278,27,21,307,310,33,22,340,336,46,88,311,285,90,146,303,298,112,15,299,287,218,43,319,308,289,156,304,299,30,25,299,284,271,193,314,292,193,257,307,309,16,30,299,289,263,168,320,306,263,44,267,270,231,242,298,278,33,35,300,290,285,77,309,315,258,27,305,294,23,35,313,19,28,33,306,313,308,301,311,285,179,44
17.5,316,311,56,44,317,322,312,309,311,300,182,255,297,278,27,21,307,310,33,22,340,336,46,88,311,286,91,146,303,298,112,15,299,287,219,43,319,308,290,156,304,299,30,25,299,284,271,193,314,293,195,257,307,309,16,30,299,289,263,168,320,307,267,44,268,271,231,242,298,278,33,35,300,290,287,77,309,317,262,27,305,294,23,35,313,19,28,33,306,313,308,301,311,285,179,44
17.75,316,311,56,44,317,322,312,309,311,301,182,255,297,278,27,21,307,310,33,22,340,336,46,88,311,287,93,146,304,299,113,15,299,287,220,43,319,308,291,157,304,299,30,25,299,284,271,199,314,293,198,257,308,310,16,30,301,289,263,168,320,307,267,44,269,277,234,242,298,278,33,35,303,291,288,80,311,317,267,27,306,295,23,35,315,19,28,33,307,315,308,301,312,285,179,44
18,316,312,56,44,317,322,312,309,313,301,182,255,297,278,27,21,307,310,33,22,340,336,46,88,313,289,93,146,304,299,113,15,300,288,223,43,319,308,291,157,304,299,30,25,299,285,272,199,314,294,198,257,308,310,16,30,301,290,265,168,320,308,276,44,272,280,234,242,298,280,33,35,303,294,288,80,311,318,269,27,308,295,23,35,315,19,28,33,307,315,308,302,312,285,179,44
18.25,316,312,56,44,317,322,312,309,313,302,182,255,297,278,27,21,309,310,33,22,340,336,46,88,313,290,96,146,306,300,113,15,300,288,224,43,319,308,293,157,304,299,30,25,299,285,274,202,314,298,202,257,309,311,16,30,301,292,265,168,320,309,276,44,274,282,236,242,298,280,33,35,303,295,290,81,313,319,273,27,308,296,23,35,315,19,28,33,308,315,310,305,312,286,179,44
18.5,316,312,56,44,317,322,312,309,313,303,182,255,297,279,27,21,309,310,33,22,342,336,46,88,313,290,98,146,306,300,114,15,300,288,226,43,319,308,293,157,304,299,30,25,299,285,274,202,314,298,203,257,309,311,16,30,302,292,265,170,320,309,276,44,274,282,238,242,298,280,33,35,305,295,292,83,313,319,275,27,308,296,23,35,316,19,28,33,308,315,310,305,312,286,180,44
18.75,316,312,58,44,317,322,312,309,313,305,182,255,297,280,27,21,309,310,33,24,342,336,47,88,313,290,108,146,306,300,121,15,300,288,229,44,319,308,293,160,304,300,30,25,299,285,274,212,314,298,207,257,309,311,16,30,302,292,265,173,321,309,276,45,278,285,241,249,298,280,33,35,305,296,292,87,313,319,278,27,308,296,24,35,317,20,29,33,309,315,310,305,312,287,182,44
19,317,313,58,44,317,322,312,309,313,305,182,255,297,280,27,21,309,310,33,24,342,336,47,88,313,290,108,146,306,300,121,15,300,288,231,44,319,308,293,160,304,300,30,25,299,287,274,212,314,298,207,257,309,311,16,30,302,293,268,173,321,309,278,45,280,286,241,249,298,280,33,35,306,298,293,88,313,322,279,27,308,297,24,35,319,20,29,33,309,316,310,305,312,287,182,44
19.25,317,313,58,44,317,322,312,309,313,305,182,255,297,280,27,21,309,310,33,24,342,336,47,88,313,292,109,146,306,300,121,15,300,288,231,44,319,309,293,160,304,300,30,25,299,287,274,212,314,298,207,257,309,311,16,30,302,293,268,173,321,309,279,45,281,287,241,249,298,280,33,35,306,299,293,88,313,322,280,27,308,297,24,35,319,20,29,33,309,316,310,305,312,287,182,44
19.5,317,313,58,44,317,322,313,309,313,305,182,255,297,281,27,21,309,310,33,24,342,336,47,88,313,294,120,146,306,301,121,15,300,289,233,44,319,309,293,160,304,300,30,25,300,287,274,215,314,298,209,257,309,311,16,30,302,293,268,173,321,310,279,45,282,289,244,250,299,280,33,35,306,299,295,93,315,322,283,27,309,297,24,35,319,20,29,33,311,316,312,306,312,287,182,44
19.75,317,313,58,44,317,322,313,309,313,306,182,255,297,281,27,21,309,310,33,24,342,336,47,88,313,294,125,146,306,301,121,15,300,289,234,44,319,309,293,160,304,300,30,25,300,287,274,216,314,298,209,257,309,311,16,30,302,293,268,173,321,310,279,45,282,289,244,251,299,280,33,35,307,299,295,95,315,322,285,27,309,297,24,35,319,20,29,33,311,316,312,308,312,288,184,44
20,318,314,58,44,318,322,313,311,314,307,182,255,297,281,27,21,309,312,33,24,342,337,47,88,313,294,132,146,306,301,121,15,301,290,237,44,319,310,293,160,305,301,30,25,300,287,276,218,314,298,209,257,309,312,16,30,302,294,269,175,321,312,284,45,284,289,246,251,299,281,33,35,308,301,298,101,315,322,287,27,310,297,24,35,319,20,29,33,312,317,313,309,312,288,185,44
20.25,318,314,58,44,318,322,313,311,314,308,182,255,297,281,27,21,309,312,33,24,342,337,47,88,313,294,142,146,306,301,122,15,301,290,237,44,319,310,293,160,306,301,30,25,301,288,276,221,314,298,209,257,309,312,16,30,303,294,269,175,321,312,284,45,285,289,247,251,299,281,33,35,308,303,298,103,315,322,289,27,310,297,24,35,319,20,29,33,313,317,313,310,312,288,185,44
20.5,318,314,58,44,318,322,313,311,314,308,182,255,297,281,27,21,309,312,33,24,342,337,47,88,313,294,148,146,306,301,123,15,301,290,237,44,319,310,293,160,306,301,30,25,301,288,276,221,314,298,209,257,309,312,16,30,303,294,269,175,321,312,285,45,287,290,247,251,299,281,33,35,308,303,298,105,315,322,289,27,310,297,24,35,319,20,29,33,313,317,313,310,312,288,185,44
20.75,318,314,58,44,318,322,313,311,314,308,182,255,297,281,27,21,309,312,33,24,342,337,47,88,313,295,156,146,306,301,123,15,301,290,238,44,319,310,293,160,306,301,30,25,301,288,276,222,314,298,209,257,309,312,16,30,303,294,269,175,321,312,287,45,287,290,247,253,299,281,33,35,309,303,299,111,315,322,291,27,310,299,24,35,319,20,29,33,313,317,313,310,312,289,185,44
21,318,314,58,44,318,322,313,311,314,310,182,255,297,281,27,21,309,312,33,24,342,337,47,88,313,295,169,146,306,301,126,15,301,290,240,44,319,310,293,160,306,301,30,25,301,288,276,225,314,298,209,257,309,313,16,30,303,294,269,176,321,312,287,45,287,291,250,257,299,281,33,35,309,303,299,114,315,322,293,27,311,299,24,35,319,21,29,33,313,317,314,310,312,289,185,44
21.25,318,314,58,45,318,322,313,311,314,311,182,255,297,281,28,21,309,312,33,24,342,337,53,88,313,295,182,146,306,303,134,15,301,290,244,45,319,310,293,163,306,301,30,25,302,288,276,233,314,298,212,257,309,313,16,30,303,294,269,178,321,312,287,45,288,294,254,261,299,281,33,35,309,303,300,124,315,322,294,27,311,299,24,35,319,21,29,33,313,318,314,310,313,289,187,46
21.5,318,314,58,45,318,322,313,311,314,312,182,255,297,282,28,21,309,313,33,24,343,338,53,88,313,295,187,146,306,303,134,15,301,290,244,45,319,310,293,163,306,301,30,25,302,288,276,233,314,298,212,257,310,313,16,30,303,294,270,178,321,312,287,45,288,294,254,261,299,281,33,35,309,303,301,128,316,322,294,27,311,299,24,35,319,21,29,33,313,318,314,310,313,289,187,46
21.75,318,314,58,45,318,322,313,311,315,312,182,255,297,282,28,21,309,313,33,24,343,338,53,88,313,296,194,146,306,303,134,15,301,290,244,45,319,310,293,163,306,301,30,25,302,288,276,233,314,298,212,257,310,313,16,30,303,294,271,178,321,312,291,45,288,294,254,261,299,283,33,35,309,304,301,129,316,323,294,27,311,300,24,35,319,21,29,33,314,318,314,310,313,289,187,46
22,318,316,58,45,318,322,313,311,315,312,182,255,297,282,28,21,309,313,33,24,343,338,53,88,313,296,204,146,306,303,134,15,301,290,246,45,320,310,293,163,306,301,30,25,302,288,276,233,314,298,212,257,310,313,16,30,303,294,271,179,322,312,291,45,289,294,254,261,299,283,33,35,309,305,301,133,317,323,296,27,311,300,24,35,319,21,29,33,314,318,314,310,313,289,187,46
22.25,318,316,59,45,318,322,313,311,315,313,182,255,297,282,28,21,309,313,33,24,343,338,53,88,313,296,212,146,306,303,136,15,301,290,248,45,320,310,293,163,306,301,30,25,302,288,276,233,314,298,212,257,310,313,16,30,303,294,271,179,322,312,291,45,289,294,255,262,299,283,33,35,309,305,301,145,317,323,297,27,311,300,24,35,319,21,30,33,314,318,314,310,313,289,187,49
22.5,318,316,59,45,318,322,313,311,315,313,182,255,297,282,28,21,309,313,33,24,343,338,53,88,313,296,219,146,306,303,136,15,301,290,248,45,320,310,294,163,306,301,30,25,302,288,276,237,314,298,212,257,310,313,16,30,305,294,271,180,322,312,291,45,289,294,256,263,299,283,33,35,309,305,301,152,317,323,297,27,311,300,24,35,319,21,30,33,314,319,314,311,313,289,188,49
22.75,318,316,59,45,318,322,313,311,315,315,182,255,297,282,28,21,309,313,33,24,343,338,56,88,313,296,223,146,306,303,137,15,301,290,250,45,320,310,294,163,306,301,30,25,302,288,276,238,314,298,212,257,310,313,16,30,305,294,271,180,322,314,291,45,289,294,260,264,299,283,33,35,310,305,301,161,317,323,299,27,311,300,24,35,319,21,30,33,314,319,315,312,314,289,190,53
23,318,316,59,45,318,322,313,311,315,315,182,255,297,282,28,21,309,313,33,24,343,338,56,88,313,296,227,146,306,303,137,15,301,290,250,45,320,310,294,163,306,301,30,25,302,288,276,238,314,298,212,257,310,313,16,30,305,294,271,180,322,314,292,45,289,294,260,264,299,283,33,35,310,305,301,161,317,325,299,27,311,300,24,35,319,21,30,33,314,319,315,312,314,289,190,53
23.25,318,316,59,45,318,322,313,311,315,316,182,255,297,283,28,21,309,313,33,24,343,338,56,88,313,296,233,146,306,303,138,15,301,290,250,45,320,310,294,163,306,301,30,25,302,288,276,238,314,298,213,257,310,313,16,30,305,294,272,180,322,314,292,45,289,294,260,264,299,283,33,35,310,307,303,170,317,325,299,27,311,300,24,35,319,21,30,33,314,319,315,312,314,289,190,53
23.5,318,316,59,45,318,322,313,311,315,316,182,255,297,283,28,21,309,313,33,24,343,338,56,88,313,298,238,146,306,303,139,15,301,290,250,45,320,310,294,163,306,301,30,25,302,289,277,238,314,298,213,257,310,313,16,30,305,294,273,180,322,314,292,45,289,294,260,264,299,283,33,35,310,307,303,177,317,325,299,27,311,300,24,35,319,21,30,33,315,319,315,312,314,289,190,53
23.75,318,316,62,45,318,322,313,311,315,317,182,255,297,283,28,21,309,313,33,24,343,338,56,88,313,298,243,146,306,303,139,15,301,290,250,45,320,310,294,163,307,302,30,25,302,289,277,238,314,298,215,257,310,313,16,30,305,294,273,180,322,314,292,45,290,294,260,264,299,283,33,35,310,307,303,185,317,325,300,27,311,300,24,35,319,21,30,33,315,319,315,312,314,289,190,53
24,318,316,62,45,318,322,313,311,315,317,182,255,297,283,28,21,309,313,33,24,343,338,56,88,313,298,244,146,306,303,139,15,301,290,250,45,320,310,294,163,307,302,30,25,302,289,277,238,314,298,215,257,310,313,16,30,305,294,273,181,322,314,293,45,290,294,260,264,299,283,33,35,310,307,303,193,317,325,300,27,311,300,24,35,319,21,30,33,315,319,315,312,314,289,190,53
24.25,318,316,65,45,318,322,313,311,315,319,182,255,297,283,28,21,309,313,33,24,343,338,56,88,313,298,249,146,306,303,147,16,301,290,252,45,320,310,294,163,307,302,30,25,303,289,277,242,314,298,218,257,310,314,16,30,305,294,273,185,322,314,293,45,291,296,262,269,299,284,33,35,310,307,303,198,317,325,302,27,311,300,24,35,319,21,31,36,315,319,315,312,314,289,190,53
24.5,318,316,65,45,318,322,313,311,315,319,182,255,297,283,28,21,309,313,33,24,343,338,56,88,313,298,250,146,306,303,147,16,301,290,252,45,320,310,294,163,307,302,30,25,303,289,277,242,314,298,218,257,310,314,16,30,305,295,275,185,322,314,295,45,291,296,262,269,299,284,33,35,310,307,303,201,317,325,302,27,311,300,24,35,319,21,31,36,315,319,315,312,314,289,190,53
24.75,318,316,69,45,318,322,313,311,315,320,182,255,298,285,28,21,310,313,33,24,343,338,56,88,313,300,258,146,309,304,147,16,301,292,254,45,320,310,295,163,307,303,30,25,303,290,278,243,314,298,219,257,310,314,16,30,305,295,275,185,322,314,295,47,292,296,265,269,302,285,33,35,310,307,305,213,319,326,302,27,311,300,24,35,320,22,32,36,315,320,315,312,314,289,192,53
25,318,316,69,45,318,322,313,311,315,320,182,255,298,285,28,21,310,313,33,24,343,338,56,88,313,300,258,146,309,304,147,16,301,292,254,45,320,310,295,163,307,303,30,25,303,290,278,243,314,298,219,257,310,314,16,30,305,295,275,185,322,314,295,47,292,296,265,269,302,285,33,35,310,307,305,215,319,326,302,27,311,300,24,35,320,22,32,36,315,320,315,312,314,289,192,53
25.25,318,316,69,45,318,322,313,311,315,320,182,255,298,285,28,21,310,313,33,24,343,338,56,88,314,300,258,146,309,304,147,16,301,292,254,45,320,310,295,163,307,303,30,25,303,290,278,243,314,298,219,257,310,314,16,30,305,295,275,185,322,314,295,47,292,296,265,269,302,285,33,35,310,307,305,219,319,326,302,27,311,300,24,35,320,22,32,36,315,320,315,312,314,289,192,53
25.5,318,316,72,45,318,322,313,311,315,320,182,255,298,285,28,21,310,313,33,24,343,338,56,88,314,300,261,146,309,304,150,16,301,292,256,45,320,310,295,163,307,303,30,25,303,290,278,244,314,298,220,257,310,314,16,30,305,295,275,185,322,314,295,47,292,296,265,271,302,285,33,35,310,307,305,228,319,326,302,27,311,300,25,35,320,22,32,36,315,320,315,312,314,289,192,54
25.75,318,316,72,45,318,322,313,311,315,320,182,255,298,285,28,21,310,313,33,24,343,338,56,88,314,300,261,146,309,304,150,16,301,292,256,45,320,310,295,163,307,303,30,25,303,290,278,244,314,298,220,257,310,314,16,30,305,295,275,185,322,314,295,47,292,296,265,271,302,285,33,35,310,307,305,228,319,326,302,27,311,300,25,35,320,22,32,36,315,320,315,312,314,289,192,54
26,318,316,72,45,318,322,313,311,315,320,182,255,298,285,28,21,310,313,33,24,343,338,56,88,314,300,264,146,309,304,150,16,301,292,256,45,320,310,295,163,307,303,30,25,303,290,278,244,314,298,220,257,310,314,16,30,305,295,275,185,322,314,295,47,292,296,265,271,302,285,33,35,310,307,305,234,319,326,303,27,311,300,25,35,320,22,32,36,315,320,315,312,314,289,192,54
26.25,318,316,79,45,318,322,313,311,315,320,182,255,298,285,28,21,310,313,33,24,343,339,56,88,314,300,267,146,309,304,150,16,301,292,256,45,320,311,295,163,307,303,30,25,303,290,279,245,314,298,222,257,311,315,16,30,305,295,279,186,322,314,296,47,292,297,266,271,302,285,33,35,310,307,306,241,319,326,304,27,311,301,25,35,320,22,33,36,315,320,315,313,314,289,194,54
26.5,318,316,80,45,318,322,313,311,316,322,182,255,298,285,28,21,310,313,33,24,343,339,56,88,314,300,267,146,309,304,150,16,302,292,257,45,320,311,295,163,307,303,30,25,303,290,280,245,315,298,223,257,311,315,16,30,305,295,279,186,322,314,296,47,292,297,268,271,302,285,33,35,310,307,306,241,319,326,304,27,311,301,25,35,320,23,33,36,315,320,315,313,314,289,194,54
26.75,318,316,80,45,318,322,313,311,316,322,182,255,298,285,28,21,310,313,33,24,343,339,56,88,314,300,268,146,309,304,150,16,302,292,257,45,320,311,295,163,307,303,30,25,303,290,280,245,315,298,223,257,311,315,16,30,305,295,279,186,322,314,297,47,292,297,268,271,302,285,33,35,310,307,306,245,319,326,304,27,311,301,25,35,320,23,33,36,315,320,315,313,314,289,194,54
27,318,316,82,45,318,322,313,311,316,322,182,255,298,285,28,21,310,313,33,24,343,339,56,88,314,300,269,146,309,304,150,16,302,292,257,45,320,311,295,163,307,303,30,25,303,290,280,245,315,298,223,257,311,315,16,30,305,295,279,186,322,314,299,47,292,297,268,271,302,285,33,35,310,307,306,245,319,326,304,27,311,301,25,35,320,23,33,36,315,320,315,313,314,289,194,54
27.25,318,316,84,45,318,322,313,311,316,322,182,255,298,285,28,21,310,313,33,24,343,339,56,88,314,300,270,146,309,304,150,16,302,292,257,45,320,311,295,163,307,303,30,25,303,290,280,245,315,298,223,257,311,315,16,30,305,295,279,189,322,314,299,47,292,297,269,271,302,285,33,35,310,307,306,255,319,326,304,27,311,301,25,35,320,23,33,36,315,320,315,313,314,289,194,54
27.5,318,316,84,45,318,322,313,311,316,322,182,255,298,285,28,21,310,313,33,24,343,339,56,88,314,300,272,146,309,304,151,16,302,292,258,45,320,311,295,163,307,303,30,25,303,290,280,245,315,298,223,257,311,315,16,30,305,295,279,189,322,314,299,47,292,297,269,271,302,285,33,35,310,307,306,256,319,326,304,27,311,301,25,35,320,23,33,36,315,320,315,313,314,289,194,54
27.75,318,316,90,45,318,322,313,311,316,322,182,255,298,285,28,21,310,313,33,24,343,339,56,88,314,301,274,146,309,305,151,16,302,292,258,45,320,311,295,163,307,304,30,25,303,290,280,245,315,298,224,257,311,315,16,30,306,295,279,189,322,314,299,47,292,298,271,272,302,285,33,35,310,307,306,262,319,326,305,27,311,301,25,35,320,23,33,36,315,320,315,313,314,289,197,55
28,318,316,90,45,318,322,313,311,316,322,182,255,298,285,28,21,310,313,33,24,343,339,56,88,314,301,274,146,309,305,151,16,302,292,258,45,320,311,295,163,307,304,30,25,303,290,280,245,315,298,224,257,311,315,16,30,306,295,279,189,322,314,299,47,292,298,271,273,302,285,33,35,310,307,306,262,319,326,305,27,311,301,25,35,320,23,33,36,315,320,315,313,314,289,197,55
28.25,318,316,94,45,318,322,313,311,316,323,182,255,298,285,28,21,310,313,33,24,343,339,56,88,314,301,276,146,309,305,153,16,302,292,259,45,320,311,295,163,307,304,30,25,303,290,280,245,315,298,226,257,311,315,16,30,306,295,279,189,322,314,299,47,292,298,271,273,302,285,33,35,310,307,306,264,319,326,305,27,311,301,25,35,320,23,33,36,315,320,315,313,314,289,197,55
28.5,318,316,98,45,318,322,313,311,316,323,182,255,298,285,31,22,310,313,35,24,344,339,56,88,314,301,277,146,309,306,157,17,302,292,262,48,320,311,295,167,307,307,31,25,304,290,280,249,315,298,227,257,311,315,19,31,307,295,279,190,322,314,299,47,293,299,275,278,303,286,39,35,310,307,306,270,319,326,306,28,311,301,28,35,320,23,33,37,316,320,316,313,314,291,200,61
28.75,318,316,99,45,318,322,313,311,316,323,182,255,298,285,31,22,310,313,35,24,344,339,56,88,314,301,278,146,309,306,157,17,302,292,262,48,320,311,295,167,307,307,31,25,304,290,280,249,315,298,227,257,311,315,19,31,307,295,279,190,322,314,300,47,293,299,275,278,303,286,39,35,310,307,306,270,319,326,306,28,311,301,28,35,320,23,33,37,316,320,316,313,314,291,200,61
29,318,316,100,45,318,322,313,311,316,323,182,255,298,285,31,22,310,313,35,24,344,339,56,88,314,301,278,146,309,306,157,17,302,292,262,48,320,311,295,167,307,307,31,25,304,290,280,249,315,298,227,257,311,315,19,31,307,295,279,190,322,314,300,47,293,299,275,278,303,286,39,35,310,308,306,270,319,326,306,28,311,301,28,35,320,23,33,37,316,320,316,313,314,291,200,61
29.25,318,316,105,45,318,322,313,311,316,325,182,255,298,285,31,22,310,313,35,24,344,340,56,88,314,301,280,146,309,306,157,17,302,292,262,48,320,311,295,167,307,307,31,25,304,290,280,250,315,298,227,258,311,315,19,31,307,295,279,191,322,314,300,47,293,300,278,278,303,286,39,35,310,308,306,276,319,326,306,28,311,301,28,35,320,23,33,37,317,320,316,313,314,291,203,63
29.5,319,319,111,48,320,324,317,312,318,326,182,255,299,288,34,27,310,314,39,27,344,340,56,88,315,302,282,146,309,307,161,22,302,292,263,49,322,312,298,169,310,307,32,28,304,291,280,251,315,298,233,260,311,316,21,32,307,295,280,196,324,315,300,49,294,301,280,282,303,288,40,36,310,308,306,278,319,327,308,29,312,301,30,35,321,27,38,42,317,320,316,315,315,291,203,63
29.75,319,319,111,48,320,324,317,312,318,326,182,255,299,288,34,27,310,314,39,27,344,340,56,88,315,302,282,146,309,307,161,22,302,292,263,49,322,312,298,169,310,307,32,28,304,291,280,251,315,298,233,260,311,316,21,32,307,295,280,196,324,315,300,49,294,301,280,282,303,288,40,36,310,308,306,278,319,327,308,29,312,301,30,35,321,27,38,42,317,320,316,315,315,291,203,63
30,319,319,111,48,320,324,317,312,318,326,182,255,299,288,34,27,310,314,39,27,344,340,56,88,315,302,282,146,309,307,161,22,302,292,263,49,322,312,298,169,310,307,32,28,304,291,280,251,315,298,233,260,311,316,21,32,307,295,280,196,324,315,300,49,294,301,280,282,303,288,40,36,310,308,306,278,319,327,308,29,312,301,30,35,321,27,38,42,317,320,316,315,315,291,203,63
30.25,319,319,114,48,320,324,317,312,318,326,182,255,299,288,34,27,310,314,39,27,344,340,56,88,315,302,284,146,309,307,161,22,302,292,263,49,322,312,298,169,310,307,32,28,304,291,280,251,315,298,233,260,311,316,21,32,307,295,280,196,324,315,300,49,294,301,280,282,303,288,40,36,310,308,306,278,319,327,308,29,312,302,30,35,321,27,38,42,317,320,316,315,315,291,203,63
30.5,319,319,114,48,320,324,317,312,318,326,182,255,299,288,34,27,310,314,39,27,344,340,56,88,315,302,284,146,309,307,161,22,302,292,263,49,322,312,298,169,310,307,32,28,304,291,280,251,315,298,233,260,311,316,21,32,307,295,280,196,324,315,300,49,294,301,280,282,303,288,40,36,310,308,306,278,319,327,308,29,312,302,30,35,321,27,38,42,317,320,316,315,315,291,203,63
30.75,319,319,118,48,320,324,317,312,318,326,182,255,299,288,34,27,310,314,39,27,344,340,56,88,315,302,284,146,309,307,161,22,302,292,263,49,322,312,298,169,310,307,32,28,304,291,280,251,315,298,233,260,311,316,21,32,307,295,280,196,324,315,300,49,294,301,281,282,303,288,40,36,310,308,306,284,319,327,308,29,312,302,30,35,321,27,38,42,317,320,316,315,315,291,203,63
31,319,319,118,48,320,324,317,312,318,326,182,255,299,288,34,27,310,314,39,27,344,340,56,88,315,302,284,146,309,307,161,22,302,292,263,49,322,312,298,169,310,307,32,28,304,291,280,251,315,298,233,260,311,316,21,32,307,295,280,196,324,315,300,49,294,301,281,282,303,288,40,36,310,308,306,284,319,327,308,29,312,302,30,35,321,27,38,42,317,320,316,315,315,291,203,63
31.25,319,319,120,48,320,324,317,312,318,326,182,255,299,288,34,27,310,314,39,27,344,340,56,88,315,302,284,146,309,307,161,22,302,292,263,49,322,312,298,169,310,307,32,28,304,291,280,251,315,298,233,260,311,316,21,32,307,295,280,196,324,315,300,49,294,301,281,282,303,288,40,36,310,308,306,284,319,327,308,29,312,302,30,35,321,27,38,42,317,320,316,315,315,291,203,63
31.5,319,319,127,48,320,324,317,312,318,326,182,255,299,288,34,27,310,314,39,27,344,340,56,88,315,302,286,146,309,307,161,22,302,292,263,49,322,312,298,169,310,307,32,28,304,291,280,251,315,298,233,260,311,316,21,32,307,295,280,196,324,315,300,49,294,301,281,282,303,288,40,36,310,308,306,284,319,327,308,29,312,302,30,35,321,27,38,42,317,320,316,315,315,291,205,63
31.75,319,319,127,48,320,324,317,312,318,326,182,255,299,288,34,27,310,314,39,27,344,340,56,88,315,302,286,146,309,307,161,22,302,292,263,49,322,312,298,169,310,307,32,28,304,291,280,251,315,298,233,260,311,316,21,32,307,295,280,196,324,315,300,49,294,301,281,282,303,288,40,36,310,308,306,285,319,327,308,29,312,302,30,35,321,27,38,42,317,320,316,315,315,291,205,63
32,319,319,130,48,320,324,317,312,318,326,182,255,299,288,34,27,310,314,39,27,344,340,56,88,315,302,286,146,309,307,161,22,302,292,263,49,322,312,298,169,310,307,32,28,304,291,280,251,315,298,233,260,311,316,21,32,307,295,280,196,324,315,300,49,294,301,282,282,303,288,40,36,310,308,306,288,319,327,308,29,312,302,30,35,321,27,38,42,317,320,316,315,315,291,206,63
32.25,319,319,130,48,320,324,317,312,318,326,182,255,299,288,34,27,310,314,39,27,344,340,56,88,315,302,286,146,309,307,161,22,302,292,263,49,322,312,298,169,310,307,32,28,304,291,280,251,315,298,234,260,311,316,21,32,307,295,280,196,324,315,300,49,294,301,282,282,303,288,40,36,310,308,306,288,319,327,308,29,312,302,30,35,321,27,38,42,317,320,316,315,315,291,206,63
32.5,319,319,130,48,320,324,317,312,318,326,182,255,299,288,34,27,310,314,39,27,344,340,56,88,315,302,286,146,309,307,161,22,302,292,263,49,322,312,298,169,310,307,32,28,304,291,280,251,315,298,234,260,311,316,21,32,307,295,280,196,324,315,300,49,294,301,282,282,303,288,40,36,310,308,306,288,319,327,308,29,312,302,30,35,321,27,38,42,317,320,316,315,315,291,206,63
32.75,319,319,138,48,320,324,317,312,318,326,182,255,299,288,34,27,310,314,39,27,345,340,56,88,315,302,288,146,309,307,161,22,302,292,263,49,322,312,298,169,310,307,32,28,304,292,280,251,315,298,237,260,311,316,24,32,307,295,280,196,324,315,300,49,294,302,285,282,304,288,40,36,310,308,306,291,319,327,308,29,312,302,30,35,321,27,38,42,317,320,316,315,315,291,206,63
33,319,319,141,48,320,324,317,312,318,326,182,255,299,288,34,27,310,314,39,27,345,340,56,88,315,302,288,146,309,307,161,22,302,292,263,49,322,312,298,169,310,307,32,28,304,292,280,251,315,298,237,260,311,316,24,32,307,295,280,196,324,315,300,49,294,302,285,282,304,288,40,36,310,308,306,291,319,327,308,29,312,302,30,35,321,27,38,42,317,320,316,315,315,291,208,63
33.25,319,319,142,48,320,324,317,312,318,326,182,255,299,288,34,27,310,314,39,27,345,340,56,88,315,302,288,146,309,307,161,22,302,292,263,49,322,312,298,169,310,307,32,28,304,292,280,251,315,298,237,260,311,316,24,32,307,295,280,196,324,315,300,49,294,302,285,282,304,288,40,36,310,308,306,291,319,327,308,29,312,302,30,35,321,27,38,42,317,320,316,315,315,291,208,63
33.5,319,319,144,48,320,324,317,312,318,326,182,255,299,288,34,27,310,314,39,27,345,340,56,88,315,302,288,146,309,307,161,22,302,292,263,49,322,312,298,169,310,307,32,28,304,292,280,251,315,298,237,260,311,316,24,32,307,295,280,196,324,315,300,49,294,302,285,282,304,288,40,36,310,308,306,292,319,327,308,29,312,302,30,35,321,27,38,42,317,320,316,315,315,291,208,63
33.75,319,319,148,48,320,324,317,312,318,326,182,255,299,288,34,27,310,314,39,27,345,340,56,88,315,302,288,146,309,307,161,22,302,292,263,49,322,312,298,169,310,307,32,28,304,292,280,251,315,298,237,260,311,316,24,32,307,295,280,196,324,315,300,49,294,302,285,282,304,288,40,36,310,308,306,292,319,327,308,29,312,302,30,35,321,27,38,42,317,320,316,315,315,291,208,63
34,319,319,151,48,320,324,317,312,318,326,182,255,299,288,34,27,310,314,39,27,345,340,56,88,315,302,291,146,309,307,161,22,302,292,263,49,322,312,298,169,310,307,32,28,304,292,281,251,315,298,238,260,311,316,24,32,307,295,282,196,324,315,300,49,294,302,285,282,304,288,40,36,310,308,306,292,319,327,308,29,312,302,30,35,321,27,38,42,317,320,316,315,315,291,211,63
34.25,319,319,151,48,320,324,317,312,318,326,182,255,299,288,34,27,310,314,39,27,345,340,56,88,315,302,291,146,309,307,161,22,302,292,263,49,322,312,298,169,310,307,32,28,304,292,281,251,315,298,238,260,311,316,24,32,307,295,282,196,324,315,300,49,294,302,285,282,304,288,40,36,310,308,306,293,319,327,308,29,312,302,30,35,321,27,38,42,317,320,316,315,315,291,211,63
34.5,319,319,153,48,320,324,317,312,318,327,182,255,299,288,34,27,310,314,39,27,345,341,56,88,315,302,291,146,309,307,161,22,302,292,263,50,322,312,298,169,310,307,32,28,304,292,281,251,315,298,238,260,311,316,25,32,307,295,282,196,324,315,300,49,294,302,285,284,304,288,40,36,310,308,306,295,319,327,308,29,312,302,30,35,321,27,38,42,317,320,316,315,315,291,211,63
34.75,319,319,153,48,320,324,317,312,318,327,182,255,299,288,34,27,310,314,39,27,345,341,56,88,315,302,291,146,309,307,161,22,302,292,263,50,322,312,298,169,310,307,32,28,304,292,281,251,315,298,238,260,311,316,25,32,307,295,282,196,324,315,300,49,294,302,285,284,304,288,40,36,310,308,306,295,319,327,308,29,312,302,30,35,321,27,38,42,317,320,316,315,315,291,211,63
35,319,319,162,48,320,324,317,312,318,327,182,255,299,288,34,27,310,314,39,27,345,341,56,88,315,302,291,146,309,307,161,22,302,292,263,50,322,312,298,169,310,307,32,28,304,292,281,251,315,298,239,260,311,316,25,32,307,295,282,196,324,315,300,49,296,302,285,284,304,289,40,36,310,308,306,295,319,327,308,29,312,302,30,35,321,27,38,42,317,320,316,315,315,291,213,63
35.25,319,319,164,48,320,324,317,312,318,327,182,255,299,288,34,27,310,314,39,27,345,341,56,88,315,302,291,146,309,307,161,22,302,292,263,50,322,312,298,169,310,307,32,28,304,292,281,251,315,298,239,260,311,316,25,32,307,295,282,196,324,315,300,49,296,302,285,284,304,289,40,36,310,308,306,295,319,327,308,29,312,302,30,35,321,27,38,42,317,320,316,315,315,291,213,63
35.5,319,319,167,48,320,324,317,312,318,327,182,255,299,288,34,27,310,314,39,27,345,341,56,88,315,302,291,146,309,308,161,22,302,292,263,51,322,312,299,170,310,307,32,28,304,292,282,251,315,298,241,260,312,316,27,32,307,295,282,198,324,315,300,49,296,302,285,286,304,290,40,36,310,308,306,297,319,327,308,29,312,302,30,35,321,28,38,42,317,321,316,315,315,291,214,63
35.75,319,319,176,48,320,324,317,312,318,327,182,255,299,288,34,27,310,314,39,27,345,341,56,88,315,302,292,146,309,308,161,22,302,292,263,51,322,312,299,170,310,307,32,28,304,292,282,251,315,298,241,260,312,316,27,32,307,295,282,198,324,315,300,49,296,302,285,286,304,290,40,36,310,308,306,297,319,327,308,29,312,302,30,35,321,28,38,42,317,321,316,315,315,291,217,63
36,319,319,176,48,320,324,317,312,318,327,182,255,299,288,34,27,310,314,39,27,345,341,56,88,315,302,292,146,309,308,161,22,302,292,264,55,322,312,299,170,310,307,32,28,304,292,282,251,315,298,242,260,312,316,28,32,307,295,282,198,324,315,300,49,296,302,285,288,304,290,41,36,310,308,306,297,319,327,308,29,312,302,30,35,321,28,38,42,317,321,316,315,315,291,217,63
36.25,319,319,177,48,320,324,317,312,318,327,182,255,299,288,34,27,310,314,39,27,345,341,56,88,315,302,292,146,309,308,161,22,302,292,264,55,322,312,299,170,310,307,32,28,304,292,282,251,315,298,242,260,312,316,28,32,307,295,282,198,324,315,300,49,296,302,285,288,304,290,41,36,310,308,306,297,319,327,308,29,312,302,30,35,321,28,38,42,317,321,316,315,315,291,217,63
36.5,319,319,177,48,320,324,317,312,318,327,182,255,299,288,34,27,310,314,39,27,345,341,56,88,315,302,292,146,309,308,161,22,302,292,264,55,322,312,299,170,310,307,32,28,304,292,282,251,315,298,242,260,312,316,28,32,307,295,282,198,324,315,300,49,296,302,285,288,304,290,41,36,310,308,306,297,319,327,308,29,312,302,30,35,321,28,38,42,317,321,316,315,315,291,217,63
36.75,319,319,180,48,320,324,317,312,318,327,182,255,299,288,34,27,310,314,39,27,345,341,56,88,315,302,292,146,309,308,161,22,302,292,264,55,322,312,299,170,310,307,32,28,304,292,282,251,315,298,242,260,312,316,28,32,307,295,282,198,324,315,300,49,296,302,285,288,304,290,41,36,310,308,306,297,319,327,308,29,312,302,30,35,321,28,38,42,317,321,316,315,315,291,217,63
37,319,319,183,48,320,324,317,312,318,327,182,255,299,288,34,27,310,314,39,27,345,341,56,88,315,302,292,146,309,308,161,22,302,292,264,55,322,312,299,170,310,307,32,28,304,292,282,251,315,298,242,260,312,316,28,32,307,295,282,198,324,315,300,49,296,302,285,288,304,290,41,36,310,308,306,297,319,327,308,29,312,302,30,35,321,28,38,42,317,321,316,315,315,291,217,63
37.25,319,319,189,48,320,324,317,312,318,327,182,255,299,288,34,27,310,314,39,27,345,341,56,88,315,303,292,146,309,308,161,22,302,292,264,55,322,312,299,170,310,307,32,28,304,292,282,251,315,298,242,260,312,316,28,32,307,295,282,198,324,315,300,49,296,302,285,288,304,290,41,36,310,308,306,297,319,328,308,29,312,302,30,35,321,28,38,42,317,321,316,315,315,291,217,63
37.5,319,319,190,48,320,324,317,312,318,327,182,255,299,288,34,27,310,314,39,27,345,341,56,88,315,303,292,146,309,308,161,22,302,292,264,55,322,312,299,170,310,307,32,28,304,292,282,251,315,298,242,260,312,316,28,32,307,295,282,198,324,315,300,49,296,302,285,288,304,290,41,36,310,308,306,297,319,328,308,29,312,302,30,35,321,28,38,42,317,321,316,315,315,291,217,63
37.75,319,319,192,48,320,324,317,312,318,327,182,255,299,288,34,27,310,314,39,27,345,341,56,88,315,303,292,146,309,308,161,22,302,292,264,55,322,312,299,170,310,307,32,28,304,292,282,251,315,298,242,260,312,316,28,32,307,295,282,198,324,315,300,49,296,302,285,288,304,290,41,36,310,308,306,297,319,328,308,29,312,302,30,35,321,28,38,42,317,321,316,315,315,291,217,63
38,319,319,196,48,320,324,317,312,318,327,182,255,299,288,34,27,310,314,39,27,345,341,56,88,315,303,293,146,309,308,161,22,302,292,264,55,322,312,299,170,310,307,32,28,304,292,282,251,315,298,242,260,312,316,28,32,307,295,282,198,324,315,300,49,296,302,285,288,304,290,41,36,310,308,306,297,319,328,308,29,312,302,30,35,321,28,38,42,317,321,316,315,315,291,217,63
38.25,319,319,201,48,320,324,317,312,318,327,182,255,299,288,34,27,310,314,39,27,345,341,56,88,315,303,293,146,309,308,161,22,302,292,264,55,322,312,299,170,310,307,32,28,304,292,282,251,315,298,242,260,312,316,28,32,307,295,282,198,324,315,300,49,296,302,285,288,304,290,41,36,310,308,306,297,319,328,308,29,312,302,30,35,321,28,38,42,317,321,316,315,315,291,217,63
38.5,319,319,204,48,320,324,317,312,318,327,182,255,299,288,34,27,310,314,39,27,345,341,56,88,315,303,293,146,309,308,161,22,302,292,264,55,322,312,299,170,310,307,32,28,304,292,282,251,315,298,242,260,312,316,28,32,307,295,282,198,324,315,300,49,296,302,285,288,304,290,41,36,310,308,306,297,319,328,308,29,312,302,30,35,321,28,38,42,317,321,316,315,315,291,217,63
38.75,319,319,205,48,320,324,317,312,318,327,182,255,299,288,34,27,310,314,39,27,345,341,56,88,315,303,293,146,309,308,161,22,302,292,264,55,322,312,299,170,310,307,32,28,304,292,282,251,315,298,242,260,312,316,28,32,307,295,282,198,324,315,300,49,296,302,285,288,304,290,41,36,310,308,306,297,319,328,308,29,312,302,30,35,321,28,38,42,317,321,316,315,315,291,217,63
39,319,319,208,48,320,324,317,312,318,327,182,255,299,288,34,27,310,314,39,27,345,341,61,88,315,303,295,146,309,308,163,22,302,292,264,56,322,312,299,170,310,307,32,28,304,292,282,251,315,298,247,260,312,316,33,32,307,295,282,199,324,315,300,49,296,304,285,288,304,290,41,36,310,308,306,297,319,328,308,29,312,302,30,35,321,28,38,42,317,321,316,315,315,291,218,63
39.25,319,319,212,48,320,324,317,312,318,327,182,255,299,288,34,27,310,314,39,27,345,341,61,88,315,303,295,146,309,308,163,22,302,292,264,56,322,312,299,170,310,307,32,28,304,292,282,251,315,298,247,260,312,316,33,32,307,295,282,199,324,315,300,49,296,304,285,288,304,290,41,36,310,308,306,297,319,328,308,29,312,302,30,35,321,28,38,42,317,321,316,315,315,291,218,63
39.5,319,319,215,48,320,324,317,312,318,327,182,255,299,288,34,27,310,314,39,27,345,341,61,88,315,303,295,146,309,308,163,22,302,292,264,56,322,312,299,170,310,307,32,28,304,292,282,251,315,298,247,260,312,316,33,32,307,295,282,199,324,315,300,49,296,304,285,288,304,290,41,36,310,308,306,297,319,328,308,29,312,302,30,35,321,28,38,42,317,321,316,315,315,291,218,63
39.75,319,319,217,48,320,324,317,312,318,327,182,255,299,288,34,27,310,314,39,27,345,341,61,88,315,303,295,146,309,308,163,22,302,292,264,56,322,312,299,170,310,307,32,28,304,292,282,251,315,298,247,260,312,316,33,32,307,295,282,199,324,315,300,49,296,304,285,288,304,290,41,36,310,308,306,297,319,328,308,29,312,302,30,35,321,28,38,42,317,321,316,315,315,291,218,63
40,319,319,223,48,320,324,317,312,318,327,182,255,299,288,34,27,310,314,39,27,345,341,61,88,315,303,295,146,309,308,163,22,302,292,264,56,322,312,299,170,310,307,32,28,304,292,282,251,315,298,247,260,312,316,33,32,307,295,282,199,324,315,301,49,296,304,285,288,304,290,41,36,310,308,306,297,319,328,308,29,312,302,30,35,321,28,38,42,317,321,316,315,315,291,222,63
40.25,319,319,226,48,320,324,317,312,318,327,182,255,299,288,34,27,310,314,39,27,345,341,61,88,315,303,295,146,309,308,163,22,302,292,264,56,322,312,299,170,310,307,32,28,304,292,282,251,315,298,247,260,312,316,33,32,307,295,282,199,324,315,301,49,296,304,285,288,304,290,41,36,310,308,306,297,319,328,308,29,312,302,30,35,321,28,38,42,317,321,316,315,315,291,224,63
40.5,319,319,226,48,320,324,317,312,318,327,182,255,299,288,34,27,310,314,39,27,345,341,61,88,315,303,295,146,309,308,163,22,302,292,264,56,322,312,299,170,310,308,32,28,304,292,282,251,315,298,247,260,312,316,34,32,307,295,282,199,324,315,301,49,296,304,286,288,304,290,41,36,310,308,306,297,319,328,308,29,312,302,30,35,321,29,38,42,317,321,316,315,315,291,224,63
40.75,319,319,229,48,320,324,317,312,318,327,182,255,299,288,34,27,310,314,39,27,345,341,61,88,315,303,295,146,309,308,163,22,302,292,264,56,322,312,299,170,310,308,32,28,304,292,282,251,315,298,247,260,312,316,35,32,307,295,282,199,324,315,301,49,296,304,286,288,304,290,41,36,310,308,306,297,319,328,308,29,312,302,30,35,321,29,38,42,317,321,316,315,315,291,224,63
41,319,319,235,48,320,324,317,312,318,327,182,255,299,288,34,27,310,314,39,27,345,341,61,88,315,303,295,146,309,308,163,22,302,292,264,56,322,312,299,170,310,308,32,28,304,292,282,251,315,298,247,260,312,316,36,32,307,295,282,199,324,315,301,49,296,304,286,288,304,290,41,36,310,308,306,297,319,328,308,29,312,302,30,35,321,29,38,42,317,321,316,315,315,291,228,63
41.25,319,319,235,48,320,324,317,312,318,327,182,255,299,288,34,27,310,314,39,27,345,341,61,88,315,303,295,146,309,308,163,22,302,292,264,56,322,312,299,170,310,308,32,28,304,292,282,251,315,298,247,260,312,316,37,32,307,295,282,199,324,315,301,49,296,304,286,288,304,290,41,36,310,308,306,297,319,328,308,29,312,302,30,35,321,37,38,42,317,321,316,315,315,291,228,63
41.5,319,319,235,48,320,324,317,312,318,327,182,255,299,288,34,27,310,314,39,27,345,341,61,88,315,303,295,146,309,308,163,22,302,292,264,56,322,312,299,170,310,308,32,28,304,292,282,251,315,298,247,260,312,316,37,32,307,295,282,199,324,315,301,49,296,304,286,288,304,290,41,36,310,308,306,297,319,328,308,29,312,302,30,35,321,39,38,42,317,321,316,315,315,291,228,63
41.75,319,319,238,48,320,324,317,312,318,327,182,255,299,288,34,27,310,314,39,27,345,341,61,88,315,303,295,146,309,308,163,22,302,292,264,56,322,312,299,170,310,308,32,28,304,292,282,251,315,298,247,260,312,316,38,32,307,295,282,199,324,315,301,49,296,304,286,288,304,290,41,36,310,308,306,297,319,328,308,29,312,302,30,35,321,40,38,42,317,321,316,315,315,291,228,63
42,319,319,238,48,320,324,317,312,318,327,182,255,299,288,34,27,310,314,39,27,345,341,61,88,315,303,296,146,309,308,163,22,302,292,264,56,322,312,300,170,310,308,32,28,304,292,282,251,315,298,247,260,312,316,41,32,307,295,282,199,324,315,301,49,296,304,286,289,304,290,41,36,310,308,306,297,319,328,308,29,312,302,30,35,321,49,38,42,317,321,316,315,315,291,228,63
42.25,319,319,239,48,320,324,317,312,318,327,182,255,299,288,34,27,310,314,39,27,345,341,61,88,315,303,296,146,309,308,163,22,302,292,264,56,322,312,300,170,310,308,32,28,304,292,282,251,315,298,247,260,312,316,41,32,307,295,282,199,324,315,301,49,296,304,286,289,304,290,41,36,310,308,306,297,319,328,308,29,312,302,30,35,321,54,38,42,317,321,316,315,315,291,228,63
42.5,319,319,239,48,320,324,317,312,318,327,182,255,299,288,34,27,310,314,39,27,345,341,61,88,315,303,296,146,309,308,163,22,302,292,264,56,322,312,300,170,310,308,32,28,304,292,282,251,315,298,247,260,312,316,41,32,307,295,282,199,324,315,301,49,296,304,286,289,304,290,41,36,310,308,306,297,319,328,308,29,312,302,30,35,321,65,38,42,317,321,316,315,315,291,228,63
42.75,319,319,239,48,320,324,317,312,318,327,182,255,299,288,34,27,310,314,39,27,345,341,61,88,315,303,296,146,309,308,163,22,302,292,264,56,322,312,300,170,310,308,32,28,304,292,282,251,315,298,247,260,312,316,43,32,307,295,282,199,324,315,301,49,296,304,286,289,304,290,41,36,310,308,306,297,319,328,308,29,312,302,30,35,321,78,38,42,317,321,316,315,315,291,228,63
43,319,319,243,48,320,324,317,312,318,327,182,255,299,288,34,27,310,314,39,27,345,341,61,88,315,303,296,146,309,308,163,22,302,292,264,56,322,312,300,170,310,308,32,28,304,292,282,251,315,298,247,260,312,316,44,32,307,295,282,199,324,315,301,49,296,304,286,289,304,290,41,36,310,308,306,297,319,328,308,29,312,302,30,35,321,100,38,42,317,321,316,315,315,291,228,63
43.25,319,319,243,48,320,324,317,312,318,327,182,255,299,288,34,27,310,314,39,27,345,341,70,88,315,303,298,146,309,308,163,22,302,292,264,56,322,312,300,171,310,310,32,28,304,292,282,251,315,298,249,260,312,316,48,32,307,295,282,200,324,315,301,49,298,304,288,291,304,290,44,36,310,308,306,297,319,328,308,29,312,302,30,35,321,130,38,42,317,321,316,315,315,291,228,63
43.5,319,319,243,48,320,324,317,312,318,327,182,255,299,288,34,27,310,314,39,27,345,341,70,88,315,303,298,146,309,308,163,22,302,292,264,56,322,312,300,171,310,310,32,28,304,292,282,251,315,298,249,260,312,316,48,32,307,295,282,200,324,315,301,49,298,304,288,291,304,290,44,36,310,308,306,297,319,328,308,29,312,302,30,35,321,145,38,42,317,321,316,315,315,291,228,63
43.75,319,319,244,48,320,324,317,312,318,327,182,255,299,288,34,27,310,314,39,27,345,341,70,88,315,303,298,146,309,308,163,22,302,292,264,56,322,312,300,171,310,310,32,28,304,292,282,251,315,298,249,260,312,316,48,32,307,295,282,200,324,315,301,49,298,304,289,291,304,290,44,36,310,308,306,297,319,328,308,29,312,302,30,35,321,166,38,42,317,321,316,315,315,291,228,63
44,319,319,244,48,320,324,317,312,318,328,182,255,299,288,34,27,310,314,39,27,346,341,70,88,315,303,300,146,309,308,163,22,302,292,264,56,322,312,301,172,310,310,32,28,304,292,282,251,315,298,251,260,312,316,50,32,307,295,284,200,324,315,301,50,299,304,289,292,304,290,44,36,310,308,306,297,319,328,308,30,312,302,30,35,321,186,38,42,317,321,316,315,315,291,230,63
44.25,319,319,244,48,320,324,317,312,318,328,182,255,299,288,34,27,310,314,39,27,346,341,70,88,315,303,300,146,309,308,163,22,302,292,264,56,322,312,301,172,310,310,32,28,304,292,282,251,315,298,251,260,312,316,50,32,307,295,284,200,324,315,301,50,299,304,289,292,304,290,44,36,310,308,306,297,319,328,308,30,312,302,30,35,321,195,38,42,317,321,316,315,315,291,230,63
44.5,319,319,244,48,320,324,317,312,318,328,182,255,299,288,34,27,310,314,39,27,346,341,70,88,315,303,300,146,309,308,163,22,302,292,264,56,322,312,301,172,310,310,32,28,304,292,282,251,315,298,251,260,312,316,50,32,307,295,284,200,324,315,301,50,299,304,289,292,304,290,46,36,310,308,306,297,319,328,308,30,312,302,30,35,321,211,38,42,317,321,316,315,315,291,230,63
44.75,319,319,244,48,320,324,317,312,318,328,182,255,299,288,34,27,310,314,39,27,346,341,70,88,315,303,300,146,309,308,163,22,302,292,264,56,322,312,301,172,310,310,32,28,304,292,282,251,315,298,251,260,312,316,50,32,307,295,284,200,324,315,301,50,299,304,289,292,304,290,46,36,310,308,306,297,319,328,308,30,312,302,30,35,321,228,38,42,317,321,316,315,315,291,230,63
45,319,319,245,48,320,324,317,312,318,328,182,255,299,288,34,27,310,314,39,27,346,342,70,88,315,303,300,146,309,308,163,22,302,292,264,56,322,312,301,172,310,310,32,28,304,292,282,251,315,298,251,260,312,316,50,32,307,295,284,200,324,315,301,50,299,304,289,292,304,290,46,36,310,308,306,297,319,328,308,30,312,302,30,35,321,235,38,42,317,321,316,315,315,291,230,63
45.25,319,319,245,48,320,324,317,312,318,328,182,255,299,288,34,27,310,314,39,27,346,342,70,88,315,303,300,146,309,308,163,22,302,292,264,56,322,312,301,172,310,310,32,28,304,292,282,251,315,298,251,260,312,316,51,32,307,295,284,200,324,315,301,50,299,304,289,292,304,290,46,36,310,308,306,297,319,328,308,30,312,302,30,35,321,250,38,42,317,321,316,315,315,291,230,63
45.5,319,319,245,48,320,324,317,312,318,328,182,255,299,288,34,27,310,314,39,27,346,342,75,88,315,303,300,146,309,308,163,22,302,292,264,58,322,312,301,172,310,310,32,28,304,292,282,251,315,298,251,260,312,316,52,33,307,295,284,201,324,315,301,50,299,305,289,292,304,290,47,36,310,308,306,297,319,328,308,30,312,302,31,35,321,256,38,42,317,321,316,315,315,291,230,63
45.75,319,319,247,48,320,324,317,312,318,328,182,255,299,288,34,27,310,314,39,27,346,342,75,88,315,303,300,146,309,308,163,22,302,292,264,58,322,312,301,172,310,310,32,28,304,292,282,251,315,298,251,260,312,316,52,33,307,295,284,201,324,315,301,50,299,305,289,292,304,290,47,36,310,308,306,297,319,328,308,30,312,302,31,35,321,268,38,42,317,321,316,315,315,291,230,63
46,319,319,247,48,320,324,317,312,318,328,182,255,299,288,34,27,310,314,39,27,346,342,75,88,315,303,300,146,309,308,163,22,302,292,264,58,322,312,301,172,310,310,32,28,304,292,282,251,315,298,251,260,312,316,55,33,307,295,284,201,324,315,301,50,299,305,289,292,304,290,47,36,310,308,306,297,319,328,308,30,312,302,31,35,321,274,38,42,317,321,316,315,315,291,230,63
46.25,319,319,249,48,320,324,317,312,318,328,182,255,299,288,34,27,310,314,39,27,346,342,75,88,315,303,300,146,309,308,163,22,302,292,264,58,322,312,301,172,310,310,32,28,304,292,282,251,315,298,251,260,312,316,55,33,307,295,284,201,324,315,301,50,299,305,289,292,304,290,47,36,310,308,306,297,319,328,308,30,312,302,31,35,321,275,38,42,317,321,316,315,315,291,230,63
46.5,319,319,249,48,320,324,317,312,318,328,182,255,299,288,34,27,310,314,39,27,346,342,75,88,315,303,300,146,309,308,163,22,302,292,264,58,322,312,301,172,310,310,32,28,304,292,282,251,315,298,251,260,312,316,55,33,307,295,284,201,324,315,301,50,299,305,289,292,304,290,47,36,310,308,306,297,319,328,308,30,312,302,31,35,321,282,38,42,317,321,316,315,315,291,230,63
46.75,319,319,249,48,320,324,317,312,318,328,182,255,299,288,34,27,310,314,39,27,346,342,75,88,315,303,300,146,309,308,163,22,302,292,264,58,322,312,301,172,310,310,32,28,304,292,282,251,315,298,251,260,312,316,55,33,307,295,284,201,324,315,301,50,299,305,289,292,304,290,47,36,310,308,306,297,319,328,308,30,312,302,31,35,321,287,38,42,317,321,316,315,315,291,230,63
47,319,319,249,48,320,324,317,312,318,328,182,255,299,288,34,27,310,314,39,27,346,342,75,88,315,303,300,146,309,308,163,22,302,292,264,58,322,312,301,172,310,310,32,28,304,292,282,251,315,298,251,260,312,316,57,33,307,295,284,201,324,315,301,50,299,305,289,292,304,290,47,36,310,308,306,297,319,328,308,30,312,302,31,35,321,289,38,42,317,321,316,315,315,291,233,63
47.25,319,319,249,48,320,324,317,312,318,328,182,255,299,288,34,27,310,314,39,27,346,342,75,88,315,303,300,146,309,308,163,22,302,292,264,58,322,312,301,172,310,310,32,28,304,292,282,251,315,298,251,260,312,316,57,33,307,295,284,201,324,315,301,50,299,305,289,292,304,290,47,36,310,308,306,297,319,328,308,30,312,302,31,35,321,293,38,42,317,321,316,315,315,291,233,63
47.5,319,319,249,48,320,324,317,312,318,328,182,255,299,288,34,27,310,314,39,27,346,342,75,88,315,303,300,146,309,308,163,22,302,292,264,58,322,312,301,172,310,310,32,28,304,292,282,251,315,298,251,260,312,316,59,33,307,295,284,201,324,315,301,50,299,305,289,292,304,290,47,36,310,308,306,297,319,328,308,30,312,302,31,35,321,296,38,42,317,321,316,315,315,291,233,63
47.75,319,319,249,48,320,324,317,312,318,328,182,255,299,288,34,27,310,314,39,27,346,342,75,88,315,303,300,146,309,308,163,22,302,292,264,58,322,312,301,172,310,310,32,28,304,292,282,251,315,298,251,260,312,316,59,33,307,295,284,201,324,315,301,50,299,305,289,292,304,290,47,36,310,308,306,297,319,328,308,30,312,302,31,35,321,299,38,42,317,321,316,315,315,291,233,63
