Data File,C:\Program Files\Biolog\OL_DC_23\PMX\Data_2019\03\_18-8961_Escherichia coli__2_37_PMX_438_3#1#2019_A_12B_23.oka,,,,,,,,,,,,,,,,,,,,,,,,,,,,,,,,,,,,,,,,,,,,,,,,,,,,,,,,,,,,,,,,,,,,,,,,,,,,,,,,,,,,,,,,,,,,,,,
Set up Time,3/1/2019 3:23:47 PM,,,,,,,,,,,,,,,,,,,,,,,,,,,,,,,,,,,,,,,,,,,,,,,,,,,,,,,,,,,,,,,,,,,,,,,,,,,,,,,,,,,,,,,,,,,,,,,
Position,12-B,,,,,,,,,,,,,,,,,,,,,,,,,,,,,,,,,,,,,,,,,,,,,,,,,,,,,,,,,,,,,,,,,,,,,,,,,,,,,,,,,,,,,,,,,,,,,,,
Plate Type,PM2,,,,,,,,,,,,,,,,,,,,,,,,,,,,,,,,,,,,,,,,,,,,,,,,,,,,,,,,,,,,,,,,,,,,,,,,,,,,,,,,,,,,,,,,,,,,,,,
Strain Type,---,,,,,,,,,,,,,,,,,,,,,,,,,,,,,,,,,,,,,,,,,,,,,,,,,,,,,,,,,,,,,,,,,,,,,,,,,,,,,,,,,,,,,,,,,,,,,,,
Sample Number,,,,,,,,,,,,,,,,,,,,,,,,,,,,,,,,,,,,,,,,,,,,,,,,,,,,,,,,,,,,,,,,,,,,,,,,,,,,,,,,,,,,,,,,,,,,,,,,
Strain Name,18-8961,,,,,,,,,,,,,,,,,,,,,,,,,,,,,,,,,,,,,,,,,,,,,,,,,,,,,,,,,,,,,,,,,,,,,,,,,,,,,,,,,,,,,,,,,,,,,,,
O-type,O45,,,,,,,,,,,,,,,,,,,,,,,,,,,,,,,,,,,,,,,,,,,,,,,,,,,,,,,,,,,,,,,,,,,,,,,,,,,,,,,,,,,,,,,,,,,,,,,
H-type,H2,,,,,,,,,,,,,,,,,,,,,,,,,,,,,,,,,,,,,,,,,,,,,,,,,,,,,,,,,,,,,,,,,,,,,,,,,,,,,,,,,,,,,,,,,,,,,,,
Host,Human,,,,,,,,,,,,,,,,,,,,,,,,,,,,,,,,,,,,,,,,,,,,,,,,,,,,,,,,,,,,,,,,,,,,,,,,,,,,,,,,,,,,,,,,,,,,,,,
Strain Number,18-8961,,,,,,,,,,,,,,,,,,,,,,,,,,,,,,,,,,,,,,,,,,,,,,,,,,,,,,,,,,,,,,,,,,,,,,,,,,,,,,,,,,,,,,,,,,,,,,,
Other,,,,,,,,,,,,,,,,,,,,,,,,,,,,,,,,,,,,,,,,,,,,,,,,,,,,,,,,,,,,,,,,,,,,,,,,,,,,,,,,,,,,,,,,,,,,,,,,
,,,,,,,,,,,,,,,,,,,,,,,,,,,,,,,,,,,,,,,,,,,,,,,,,,,,,,,,,,,,,,,,,,,,,,,,,,,,,,,,,,,,,,,,,,,,,,,,
Hour,A01,A02,A03,A04,A05,A06,A07,A08,A09,A10,A11,A12,B01,B02,B03,B04,B05,B06,B07,B08,B09,B10,B11,B12,C01,C02,C03,C04,C05,C06,C07,C08,C09,C10,C11,C12,D01,D02,D03,D04,D05,D06,D07,D08,D09,D10,D11,D12,E01,E02,E03,E04,E05,E06,E07,E08,E09,E10,E11,E12,F01,F02,F03,F04,F05,F06,F07,F08,F09,F10,F11,F12,G01,G02,G03,G04,G05,G06,G07,G08,G09,G10,G11,G12,H01,H02,H03,H04,H05,H06,H07,H08,H09,H10,H11,H12
0.0,32.0,24.0,20.0,18.0,17.0,11.0,11.0,11.0,12.0,16.0,16.0,48.0,24.0,21.0,11.0,11.0,26.0,11.0,11.0,11.0,24.0,11.0,11.0,22.0,21.0,11.0,11.0,11.0,11.0,11.0,11.0,11.0,11.0,11.0,11.0,13.0,19.0,11.0,11.0,11.0,11.0,11.0,11.0,11.0,11.0,11.0,11.0,13.0,29.0,18.0,11.0,11.0,11.0,11.0,11.0,11.0,11.0,11.0,11.0,25.0,23.0,15.0,11.0,11.0,11.0,11.0,11.0,11.0,11.0,11.0,11.0,16.0,28.0,20.0,11.0,14.0,11.0,11.0,11.0,11.0,11.0,11.0,11.0,12.0,30.0,30.0,23.0,20.0,11.0,11.0,11.0,11.0,48.0,11.0,11.0,17.0
0.25,26.0,22.0,15.0,18.0,12.0,14.0,11.0,11.0,12.0,12.0,14.0,46.0,19.0,15.0,11.0,11.0,24.0,11.0,11.0,11.0,23.0,11.0,11.0,18.0,17.0,11.0,11.0,11.0,11.0,11.0,11.0,11.0,11.0,11.0,11.0,16.0,12.0,11.0,11.0,11.0,11.0,11.0,11.0,11.0,11.0,11.0,11.0,11.0,13.0,11.0,11.0,11.0,11.0,11.0,11.0,11.0,11.0,11.0,11.0,25.0,11.0,11.0,11.0,11.0,11.0,11.0,11.0,11.0,11.0,11.0,11.0,13.0,11.0,11.0,11.0,11.0,11.0,11.0,11.0,11.0,11.0,11.0,11.0,11.0,11.0,11.0,11.0,11.0,11.0,11.0,11.0,11.0,47.0,11.0,11.0,12.0
0.5,22.0,19.0,11.0,17.0,11.0,13.0,11.0,13.0,13.0,16.0,16.0,49.0,16.0,15.0,11.0,11.0,23.0,11.0,11.0,11.0,22.0,11.0,11.0,18.0,16.0,11.0,11.0,11.0,11.0,11.0,11.0,11.0,11.0,11.0,11.0,15.0,12.0,11.0,11.0,11.0,11.0,11.0,11.0,11.0,11.0,11.0,11.0,14.0,16.0,11.0,11.0,11.0,11.0,11.0,11.0,11.0,11.0,11.0,11.0,20.0,11.0,11.0,11.0,11.0,11.0,11.0,11.0,11.0,11.0,11.0,11.0,12.0,11.0,11.0,11.0,11.0,11.0,11.0,11.0,11.0,11.0,11.0,11.0,11.0,11.0,11.0,11.0,11.0,11.0,11.0,11.0,11.0,45.0,11.0,11.0,14.0
0.75,27.0,27.0,13.0,19.0,16.0,17.0,11.0,15.0,15.0,19.0,20.0,50.0,20.0,18.0,11.0,11.0,25.0,11.0,11.0,11.0,24.0,11.0,12.0,20.0,18.0,11.0,11.0,11.0,11.0,11.0,11.0,11.0,11.0,11.0,12.0,17.0,14.0,11.0,11.0,11.0,11.0,11.0,11.0,11.0,11.0,11.0,11.0,15.0,20.0,11.0,11.0,11.0,11.0,11.0,11.0,11.0,11.0,11.0,11.0,25.0,11.0,11.0,11.0,11.0,11.0,11.0,11.0,11.0,11.0,11.0,11.0,15.0,12.0,11.0,11.0,11.0,11.0,11.0,11.0,11.0,11.0,11.0,11.0,15.0,13.0,11.0,11.0,11.0,11.0,11.0,11.0,11.0,45.0,11.0,13.0,15.0
1.0,21.0,19.0,11.0,17.0,12.0,14.0,11.0,14.0,12.0,19.0,17.0,50.0,17.0,16.0,11.0,11.0,24.0,11.0,11.0,11.0,21.0,11.0,11.0,18.0,14.0,11.0,11.0,11.0,11.0,11.0,11.0,11.0,11.0,11.0,11.0,16.0,11.0,11.0,11.0,11.0,11.0,11.0,11.0,11.0,11.0,11.0,11.0,14.0,20.0,11.0,11.0,11.0,11.0,11.0,11.0,11.0,11.0,11.0,11.0,20.0,11.0,11.0,11.0,11.0,11.0,11.0,11.0,11.0,11.0,11.0,11.0,13.0,11.0,11.0,11.0,11.0,11.0,11.0,11.0,11.0,11.0,11.0,11.0,11.0,11.0,11.0,11.0,11.0,11.0,11.0,11.0,11.0,45.0,11.0,11.0,13.0
1.25,25.0,20.0,13.0,17.0,12.0,15.0,11.0,15.0,11.0,17.0,19.0,50.0,16.0,14.0,11.0,11.0,23.0,11.0,11.0,11.0,20.0,11.0,11.0,17.0,16.0,11.0,11.0,11.0,11.0,11.0,11.0,11.0,11.0,11.0,11.0,16.0,12.0,11.0,11.0,11.0,11.0,11.0,11.0,11.0,11.0,11.0,11.0,14.0,21.0,11.0,11.0,11.0,11.0,11.0,11.0,11.0,11.0,11.0,11.0,21.0,11.0,11.0,11.0,11.0,11.0,11.0,11.0,11.0,11.0,11.0,11.0,14.0,11.0,11.0,11.0,11.0,11.0,11.0,11.0,11.0,11.0,11.0,11.0,12.0,12.0,11.0,11.0,11.0,11.0,11.0,11.0,11.0,42.0,11.0,11.0,13.0
1.5,27.0,23.0,14.0,20.0,14.0,18.0,11.0,18.0,17.0,21.0,21.0,52.0,21.0,17.0,11.0,11.0,24.0,11.0,11.0,11.0,22.0,11.0,11.0,20.0,17.0,11.0,11.0,11.0,11.0,11.0,11.0,11.0,11.0,11.0,12.0,15.0,13.0,11.0,11.0,11.0,11.0,11.0,11.0,11.0,11.0,11.0,11.0,17.0,21.0,11.0,11.0,11.0,11.0,11.0,11.0,11.0,11.0,11.0,11.0,24.0,11.0,11.0,11.0,11.0,11.0,11.0,11.0,11.0,11.0,11.0,11.0,15.0,13.0,11.0,11.0,11.0,11.0,11.0,11.0,11.0,11.0,11.0,11.0,13.0,13.0,11.0,11.0,11.0,11.0,11.0,11.0,11.0,44.0,11.0,14.0,16.0
1.75,28.0,23.0,16.0,20.0,15.0,18.0,11.0,16.0,16.0,21.0,25.0,55.0,22.0,20.0,11.0,11.0,27.0,11.0,11.0,11.0,22.0,11.0,12.0,20.0,15.0,11.0,11.0,11.0,11.0,11.0,11.0,11.0,11.0,11.0,11.0,16.0,14.0,11.0,11.0,11.0,11.0,11.0,11.0,11.0,11.0,11.0,11.0,16.0,23.0,11.0,11.0,11.0,15.0,11.0,11.0,11.0,11.0,11.0,11.0,25.0,11.0,11.0,11.0,11.0,11.0,11.0,11.0,11.0,11.0,11.0,11.0,15.0,14.0,11.0,11.0,11.0,11.0,11.0,11.0,11.0,11.0,11.0,11.0,14.0,13.0,11.0,11.0,11.0,11.0,11.0,11.0,11.0,41.0,11.0,11.0,16.0
2.0,31.0,23.0,18.0,23.0,17.0,29.0,13.0,20.0,19.0,23.0,27.0,57.0,29.0,22.0,11.0,11.0,24.0,11.0,11.0,11.0,20.0,11.0,13.0,21.0,18.0,11.0,11.0,12.0,11.0,11.0,11.0,11.0,11.0,18.0,11.0,16.0,14.0,11.0,11.0,11.0,11.0,11.0,19.0,11.0,11.0,11.0,11.0,18.0,25.0,11.0,11.0,11.0,22.0,11.0,11.0,11.0,11.0,11.0,11.0,24.0,11.0,11.0,11.0,11.0,11.0,11.0,11.0,11.0,11.0,11.0,11.0,16.0,15.0,11.0,11.0,11.0,11.0,11.0,11.0,11.0,11.0,11.0,11.0,15.0,17.0,11.0,11.0,11.0,11.0,11.0,11.0,11.0,43.0,11.0,13.0,18.0
2.25,38.0,31.0,26.0,33.0,22.0,40.0,22.0,28.0,29.0,36.0,37.0,64.0,38.0,29.0,11.0,16.0,31.0,11.0,11.0,13.0,24.0,11.0,17.0,23.0,28.0,13.0,11.0,19.0,12.0,11.0,13.0,15.0,14.0,25.0,18.0,18.0,25.0,11.0,14.0,11.0,11.0,11.0,29.0,11.0,11.0,13.0,11.0,19.0,27.0,11.0,11.0,11.0,33.0,11.0,11.0,11.0,11.0,11.0,11.0,30.0,11.0,11.0,19.0,11.0,11.0,11.0,11.0,11.0,11.0,16.0,11.0,20.0,21.0,11.0,11.0,11.0,11.0,11.0,11.0,11.0,11.0,11.0,18.0,20.0,22.0,16.0,13.0,11.0,11.0,11.0,11.0,11.0,44.0,11.0,14.0,26.0
2.5,43.0,29.0,32.0,37.0,31.0,48.0,26.0,32.0,34.0,39.0,41.0,68.0,42.0,27.0,11.0,20.0,34.0,12.0,16.0,20.0,24.0,12.0,20.0,21.0,35.0,17.0,18.0,23.0,19.0,15.0,17.0,18.0,20.0,28.0,23.0,19.0,32.0,11.0,14.0,11.0,12.0,11.0,36.0,12.0,11.0,14.0,11.0,21.0,29.0,11.0,11.0,11.0,36.0,11.0,11.0,11.0,11.0,11.0,11.0,35.0,12.0,14.0,25.0,11.0,11.0,14.0,11.0,11.0,11.0,21.0,11.0,24.0,25.0,17.0,11.0,11.0,11.0,11.0,11.0,13.0,11.0,11.0,20.0,21.0,25.0,21.0,16.0,11.0,12.0,11.0,11.0,13.0,45.0,11.0,15.0,30.0
2.75,47.0,30.0,34.0,39.0,36.0,54.0,30.0,38.0,38.0,43.0,43.0,73.0,45.0,30.0,11.0,25.0,40.0,15.0,18.0,22.0,22.0,11.0,24.0,23.0,39.0,20.0,21.0,26.0,23.0,19.0,18.0,19.0,22.0,34.0,24.0,16.0,36.0,11.0,18.0,11.0,17.0,11.0,38.0,14.0,11.0,16.0,11.0,21.0,28.0,11.0,15.0,11.0,42.0,11.0,11.0,11.0,11.0,11.0,11.0,36.0,11.0,19.0,30.0,11.0,13.0,18.0,12.0,11.0,11.0,23.0,11.0,27.0,28.0,21.0,12.0,11.0,11.0,11.0,11.0,16.0,11.0,11.0,22.0,23.0,28.0,24.0,20.0,11.0,13.0,11.0,13.0,12.0,43.0,11.0,11.0,33.0
3.0,47.0,28.0,37.0,37.0,40.0,62.0,32.0,43.0,43.0,47.0,45.0,77.0,49.0,30.0,11.0,28.0,44.0,19.0,19.0,19.0,22.0,12.0,24.0,18.0,43.0,20.0,25.0,30.0,32.0,23.0,22.0,19.0,25.0,34.0,27.0,16.0,41.0,12.0,22.0,11.0,17.0,11.0,42.0,21.0,11.0,15.0,11.0,22.0,26.0,11.0,14.0,15.0,46.0,11.0,11.0,11.0,14.0,11.0,11.0,39.0,12.0,24.0,31.0,11.0,21.0,21.0,15.0,11.0,11.0,25.0,11.0,30.0,27.0,24.0,11.0,11.0,11.0,11.0,11.0,20.0,11.0,11.0,22.0,25.0,31.0,21.0,23.0,11.0,13.0,11.0,14.0,13.0,45.0,11.0,14.0,37.0
3.25,50.0,32.0,39.0,40.0,42.0,72.0,35.0,47.0,44.0,51.0,46.0,81.0,56.0,34.0,11.0,29.0,51.0,20.0,23.0,23.0,23.0,14.0,28.0,24.0,46.0,22.0,30.0,36.0,35.0,28.0,25.0,21.0,34.0,36.0,31.0,18.0,49.0,14.0,27.0,15.0,21.0,11.0,49.0,25.0,11.0,16.0,11.0,24.0,28.0,11.0,13.0,15.0,50.0,11.0,11.0,12.0,16.0,11.0,11.0,43.0,14.0,26.0,35.0,15.0,26.0,22.0,17.0,14.0,11.0,31.0,11.0,37.0,29.0,30.0,14.0,12.0,13.0,11.0,11.0,24.0,11.0,11.0,26.0,28.0,33.0,25.0,26.0,11.0,14.0,11.0,15.0,13.0,45.0,11.0,15.0,41.0
3.5,46.0,30.0,40.0,38.0,43.0,78.0,35.0,47.0,44.0,49.0,47.0,82.0,57.0,34.0,11.0,29.0,50.0,20.0,22.0,21.0,24.0,14.0,27.0,22.0,43.0,22.0,30.0,35.0,37.0,27.0,27.0,19.0,34.0,36.0,29.0,16.0,53.0,13.0,24.0,19.0,19.0,11.0,50.0,26.0,11.0,17.0,11.0,23.0,28.0,12.0,13.0,16.0,55.0,11.0,11.0,11.0,17.0,11.0,11.0,44.0,20.0,26.0,39.0,14.0,28.0,22.0,17.0,17.0,11.0,31.0,11.0,38.0,28.0,31.0,11.0,12.0,11.0,11.0,11.0,23.0,11.0,11.0,25.0,28.0,35.0,23.0,25.0,11.0,14.0,11.0,18.0,17.0,46.0,11.0,15.0,42.0
3.75,49.0,31.0,39.0,40.0,43.0,87.0,34.0,47.0,43.0,51.0,47.0,82.0,63.0,38.0,11.0,30.0,51.0,22.0,24.0,23.0,23.0,16.0,27.0,24.0,45.0,24.0,32.0,37.0,38.0,29.0,33.0,22.0,38.0,36.0,32.0,21.0,54.0,17.0,27.0,22.0,21.0,15.0,52.0,28.0,11.0,19.0,11.0,26.0,28.0,15.0,15.0,18.0,60.0,11.0,12.0,11.0,14.0,11.0,11.0,43.0,21.0,26.0,39.0,18.0,30.0,24.0,18.0,17.0,11.0,35.0,13.0,41.0,30.0,35.0,13.0,15.0,16.0,11.0,11.0,25.0,11.0,11.0,28.0,29.0,35.0,22.0,25.0,11.0,16.0,11.0,19.0,16.0,50.0,12.0,19.0,44.0
4.0,52.0,32.0,38.0,40.0,44.0,93.0,33.0,47.0,43.0,49.0,45.0,81.0,65.0,38.0,11.0,30.0,51.0,20.0,22.0,23.0,23.0,13.0,26.0,24.0,47.0,22.0,30.0,35.0,35.0,26.0,34.0,20.0,39.0,37.0,30.0,15.0,58.0,14.0,24.0,23.0,19.0,18.0,54.0,24.0,11.0,16.0,11.0,23.0,30.0,15.0,15.0,16.0,64.0,11.0,11.0,11.0,17.0,11.0,11.0,46.0,25.0,29.0,42.0,16.0,29.0,24.0,16.0,15.0,15.0,32.0,11.0,41.0,28.0,38.0,13.0,13.0,15.0,11.0,11.0,23.0,11.0,11.0,23.0,29.0,38.0,26.0,24.0,11.0,17.0,11.0,17.0,16.0,45.0,11.0,16.0,47.0
4.25,54.0,36.0,41.0,44.0,44.0,99.0,35.0,48.0,45.0,52.0,48.0,84.0,73.0,43.0,11.0,30.0,50.0,23.0,21.0,25.0,26.0,16.0,27.0,30.0,49.0,24.0,31.0,37.0,38.0,29.0,38.0,24.0,42.0,36.0,30.0,18.0,64.0,18.0,26.0,24.0,18.0,24.0,54.0,27.0,11.0,16.0,11.0,26.0,30.0,17.0,16.0,18.0,68.0,11.0,12.0,11.0,14.0,11.0,11.0,44.0,28.0,27.0,44.0,15.0,29.0,24.0,18.0,14.0,20.0,33.0,12.0,40.0,29.0,37.0,14.0,12.0,14.0,11.0,11.0,23.0,11.0,11.0,25.0,27.0,38.0,27.0,26.0,12.0,17.0,11.0,16.0,16.0,47.0,13.0,16.0,51.0
4.5,50.0,31.0,39.0,42.0,43.0,103.0,34.0,47.0,45.0,51.0,48.0,83.0,74.0,43.0,11.0,30.0,52.0,21.0,23.0,22.0,24.0,17.0,27.0,39.0,46.0,23.0,30.0,36.0,37.0,29.0,42.0,21.0,45.0,36.0,28.0,20.0,66.0,16.0,28.0,23.0,17.0,27.0,53.0,27.0,11.0,18.0,11.0,26.0,30.0,16.0,15.0,17.0,72.0,11.0,11.0,11.0,16.0,11.0,11.0,46.0,33.0,26.0,46.0,16.0,30.0,23.0,17.0,14.0,24.0,32.0,13.0,39.0,26.0,34.0,14.0,12.0,15.0,11.0,11.0,23.0,11.0,11.0,26.0,31.0,35.0,21.0,22.0,11.0,16.0,11.0,17.0,15.0,49.0,13.0,17.0,51.0
4.75,51.0,32.0,38.0,40.0,42.0,107.0,36.0,50.0,45.0,53.0,50.0,88.0,78.0,45.0,11.0,30.0,51.0,23.0,24.0,24.0,23.0,19.0,28.0,46.0,46.0,22.0,31.0,38.0,39.0,30.0,46.0,21.0,48.0,37.0,29.0,19.0,70.0,15.0,25.0,23.0,21.0,33.0,56.0,27.0,13.0,18.0,11.0,27.0,30.0,15.0,17.0,18.0,78.0,11.0,12.0,11.0,18.0,11.0,11.0,48.0,35.0,30.0,53.0,17.0,31.0,24.0,17.0,16.0,27.0,33.0,13.0,42.0,27.0,38.0,13.0,14.0,16.0,11.0,11.0,25.0,11.0,11.0,27.0,33.0,39.0,26.0,24.0,11.0,17.0,11.0,20.0,18.0,52.0,12.0,18.0,51.0
5.0,51.0,31.0,39.0,42.0,44.0,110.0,37.0,50.0,45.0,54.0,49.0,89.0,80.0,48.0,11.0,30.0,51.0,24.0,23.0,24.0,25.0,17.0,27.0,56.0,45.0,25.0,32.0,36.0,37.0,31.0,48.0,23.0,48.0,39.0,31.0,19.0,75.0,18.0,27.0,24.0,19.0,35.0,56.0,27.0,11.0,20.0,11.0,29.0,31.0,17.0,15.0,17.0,82.0,11.0,12.0,11.0,19.0,11.0,11.0,45.0,38.0,27.0,55.0,17.0,30.0,27.0,17.0,14.0,29.0,34.0,14.0,42.0,29.0,39.0,14.0,15.0,15.0,11.0,11.0,26.0,11.0,11.0,27.0,33.0,38.0,24.0,25.0,11.0,16.0,11.0,18.0,17.0,49.0,14.0,21.0,49.0
5.25,56.0,37.0,41.0,46.0,48.0,117.0,38.0,51.0,47.0,55.0,48.0,89.0,89.0,52.0,12.0,33.0,55.0,27.0,25.0,27.0,26.0,19.0,31.0,64.0,48.0,26.0,32.0,39.0,41.0,33.0,56.0,24.0,56.0,38.0,34.0,25.0,81.0,19.0,31.0,30.0,21.0,39.0,59.0,30.0,12.0,22.0,11.0,28.0,32.0,20.0,18.0,21.0,90.0,11.0,16.0,15.0,18.0,12.0,11.0,47.0,44.0,30.0,60.0,17.0,32.0,28.0,21.0,18.0,34.0,36.0,16.0,43.0,31.0,40.0,17.0,19.0,19.0,11.0,11.0,28.0,11.0,11.0,30.0,34.0,40.0,28.0,28.0,15.0,20.0,11.0,19.0,19.0,52.0,17.0,22.0,47.0
5.5,53.0,35.0,41.0,46.0,47.0,118.0,36.0,54.0,46.0,55.0,49.0,90.0,93.0,54.0,11.0,32.0,55.0,27.0,25.0,26.0,28.0,20.0,31.0,71.0,49.0,25.0,34.0,39.0,39.0,31.0,58.0,24.0,56.0,39.0,33.0,24.0,85.0,19.0,29.0,27.0,23.0,39.0,60.0,30.0,15.0,22.0,11.0,30.0,33.0,21.0,17.0,20.0,95.0,11.0,14.0,15.0,18.0,11.0,11.0,50.0,49.0,30.0,65.0,17.0,33.0,26.0,20.0,18.0,36.0,37.0,15.0,43.0,27.0,41.0,15.0,17.0,18.0,11.0,11.0,29.0,11.0,11.0,29.0,36.0,42.0,27.0,26.0,12.0,20.0,11.0,19.0,18.0,51.0,18.0,23.0,44.0
5.75,53.0,34.0,40.0,43.0,46.0,119.0,37.0,53.0,48.0,55.0,49.0,88.0,94.0,55.0,11.0,33.0,54.0,24.0,24.0,25.0,25.0,19.0,30.0,73.0,48.0,25.0,33.0,38.0,39.0,31.0,57.0,22.0,58.0,39.0,31.0,22.0,88.0,18.0,26.0,25.0,20.0,35.0,59.0,28.0,13.0,20.0,11.0,29.0,30.0,17.0,18.0,18.0,97.0,11.0,12.0,12.0,18.0,11.0,11.0,47.0,50.0,28.0,65.0,17.0,31.0,26.0,18.0,16.0,35.0,33.0,15.0,40.0,29.0,38.0,13.0,16.0,19.0,11.0,11.0,26.0,11.0,11.0,27.0,33.0,38.0,26.0,26.0,13.0,20.0,11.0,19.0,18.0,50.0,16.0,21.0,44.0
6.0,51.0,33.0,38.0,42.0,45.0,120.0,38.0,51.0,47.0,52.0,49.0,89.0,99.0,55.0,13.0,31.0,54.0,26.0,25.0,24.0,26.0,19.0,29.0,76.0,47.0,26.0,33.0,39.0,39.0,32.0,70.0,22.0,60.0,39.0,30.0,26.0,93.0,20.0,29.0,27.0,22.0,38.0,57.0,28.0,14.0,21.0,11.0,30.0,31.0,19.0,17.0,19.0,100.0,11.0,13.0,12.0,17.0,11.0,11.0,48.0,52.0,28.0,70.0,19.0,32.0,25.0,18.0,17.0,34.0,31.0,16.0,42.0,29.0,39.0,13.0,16.0,20.0,11.0,11.0,27.0,11.0,11.0,29.0,35.0,40.0,25.0,26.0,14.0,18.0,11.0,19.0,19.0,53.0,18.0,19.0,42.0
6.25,52.0,35.0,41.0,47.0,45.0,125.0,39.0,52.0,48.0,55.0,49.0,89.0,104.0,59.0,14.0,33.0,54.0,25.0,26.0,26.0,28.0,20.0,31.0,82.0,49.0,27.0,33.0,40.0,41.0,33.0,74.0,25.0,67.0,41.0,32.0,33.0,99.0,21.0,29.0,28.0,21.0,38.0,60.0,31.0,14.0,21.0,11.0,30.0,33.0,21.0,18.0,20.0,106.0,11.0,14.0,14.0,21.0,12.0,11.0,49.0,58.0,29.0,76.0,19.0,34.0,27.0,20.0,17.0,35.0,37.0,17.0,43.0,32.0,40.0,15.0,16.0,20.0,11.0,11.0,27.0,11.0,11.0,30.0,36.0,40.0,27.0,27.0,14.0,21.0,11.0,19.0,20.0,54.0,20.0,24.0,43.0
6.5,53.0,33.0,41.0,44.0,44.0,126.0,36.0,51.0,47.0,54.0,49.0,89.0,109.0,59.0,13.0,32.0,55.0,27.0,25.0,26.0,27.0,20.0,31.0,86.0,49.0,27.0,35.0,37.0,42.0,31.0,76.0,24.0,69.0,40.0,33.0,38.0,100.0,21.0,29.0,26.0,21.0,38.0,58.0,30.0,14.0,21.0,11.0,29.0,33.0,20.0,18.0,21.0,109.0,11.0,14.0,16.0,21.0,11.0,11.0,49.0,60.0,29.0,79.0,18.0,33.0,26.0,20.0,16.0,38.0,35.0,19.0,44.0,33.0,39.0,17.0,16.0,20.0,11.0,11.0,27.0,11.0,11.0,28.0,37.0,40.0,26.0,26.0,14.0,22.0,11.0,20.0,20.0,54.0,18.0,23.0,44.0
6.75,52.0,31.0,39.0,42.0,46.0,127.0,37.0,52.0,44.0,55.0,50.0,87.0,110.0,61.0,17.0,33.0,54.0,25.0,25.0,25.0,27.0,18.0,31.0,88.0,48.0,27.0,34.0,39.0,40.0,32.0,79.0,24.0,71.0,40.0,32.0,41.0,106.0,17.0,29.0,26.0,21.0,38.0,60.0,28.0,14.0,21.0,11.0,29.0,32.0,18.0,17.0,18.0,116.0,11.0,13.0,15.0,25.0,11.0,11.0,49.0,63.0,29.0,82.0,19.0,32.0,28.0,20.0,18.0,35.0,34.0,16.0,43.0,29.0,40.0,16.0,16.0,22.0,11.0,11.0,27.0,11.0,11.0,28.0,36.0,43.0,26.0,26.0,14.0,21.0,11.0,18.0,23.0,56.0,17.0,24.0,42.0
7.0,56.0,39.0,43.0,45.0,48.0,127.0,36.0,49.0,41.0,51.0,46.0,85.0,117.0,64.0,20.0,32.0,55.0,25.0,28.0,24.0,27.0,16.0,28.0,90.0,53.0,29.0,35.0,39.0,43.0,33.0,85.0,25.0,74.0,38.0,31.0,40.0,112.0,21.0,31.0,28.0,24.0,38.0,60.0,28.0,14.0,20.0,11.0,27.0,34.0,25.0,20.0,23.0,120.0,11.0,16.0,16.0,28.0,11.0,11.0,48.0,68.0,33.0,90.0,22.0,32.0,31.0,22.0,18.0,37.0,34.0,16.0,43.0,36.0,47.0,19.0,19.0,23.0,11.0,11.0,30.0,11.0,11.0,27.0,33.0,50.0,37.0,33.0,25.0,21.0,11.0,22.0,23.0,54.0,13.0,17.0,40.0
7.25,59.0,39.0,42.0,46.0,48.0,131.0,37.0,53.0,46.0,55.0,48.0,90.0,123.0,65.0,20.0,33.0,55.0,25.0,26.0,28.0,28.0,18.0,31.0,93.0,53.0,28.0,34.0,38.0,43.0,34.0,87.0,26.0,78.0,43.0,32.0,46.0,116.0,21.0,32.0,29.0,23.0,39.0,63.0,32.0,14.0,20.0,11.0,28.0,34.0,22.0,19.0,20.0,124.0,11.0,15.0,16.0,28.0,11.0,11.0,48.0,72.0,31.0,87.0,18.0,33.0,29.0,19.0,18.0,38.0,34.0,19.0,42.0,35.0,42.0,17.0,17.0,21.0,11.0,11.0,27.0,11.0,11.0,30.0,33.0,43.0,29.0,28.0,18.0,19.0,11.0,19.0,21.0,55.0,15.0,23.0,42.0
7.5,56.0,38.0,39.0,45.0,47.0,130.0,37.0,51.0,45.0,54.0,49.0,89.0,125.0,68.0,20.0,34.0,55.0,26.0,25.0,26.0,27.0,18.0,29.0,96.0,53.0,26.0,32.0,38.0,42.0,31.0,90.0,24.0,80.0,40.0,31.0,46.0,115.0,21.0,30.0,27.0,22.0,38.0,61.0,29.0,14.0,20.0,11.0,27.0,33.0,20.0,19.0,19.0,127.0,11.0,14.0,16.0,29.0,11.0,11.0,49.0,74.0,30.0,91.0,18.0,31.0,28.0,19.0,17.0,37.0,33.0,17.0,42.0,31.0,39.0,15.0,15.0,21.0,11.0,11.0,28.0,11.0,11.0,28.0,36.0,44.0,28.0,28.0,18.0,20.0,11.0,20.0,20.0,55.0,14.0,20.0,44.0
7.75,54.0,36.0,42.0,45.0,47.0,130.0,36.0,51.0,46.0,54.0,48.0,88.0,127.0,69.0,23.0,32.0,55.0,23.0,24.0,26.0,28.0,19.0,30.0,99.0,49.0,25.0,33.0,38.0,39.0,32.0,94.0,24.0,82.0,38.0,31.0,47.0,116.0,19.0,29.0,25.0,19.0,38.0,59.0,30.0,14.0,20.0,11.0,30.0,31.0,18.0,18.0,18.0,132.0,11.0,13.0,13.0,31.0,11.0,11.0,47.0,79.0,28.0,92.0,18.0,33.0,26.0,20.0,16.0,36.0,35.0,18.0,42.0,30.0,38.0,17.0,14.0,21.0,11.0,11.0,27.0,11.0,11.0,28.0,33.0,43.0,27.0,29.0,15.0,18.0,11.0,19.0,19.0,55.0,13.0,21.0,41.0
8.0,56.0,37.0,46.0,50.0,50.0,134.0,42.0,56.0,49.0,56.0,54.0,94.0,134.0,73.0,27.0,36.0,58.0,27.0,29.0,27.0,30.0,20.0,33.0,104.0,53.0,31.0,36.0,42.0,45.0,34.0,100.0,29.0,88.0,44.0,34.0,48.0,124.0,21.0,32.0,29.0,25.0,41.0,65.0,32.0,17.0,26.0,13.0,33.0,35.0,24.0,21.0,21.0,139.0,11.0,19.0,15.0,37.0,13.0,11.0,54.0,88.0,32.0,103.0,22.0,34.0,30.0,23.0,18.0,40.0,38.0,21.0,46.0,35.0,44.0,20.0,20.0,24.0,12.0,11.0,33.0,11.0,12.0,32.0,38.0,44.0,30.0,30.0,18.0,24.0,11.0,24.0,23.0,61.0,16.0,24.0,48.0
8.25,57.0,38.0,42.0,47.0,49.0,136.0,38.0,53.0,48.0,55.0,51.0,91.0,139.0,75.0,28.0,34.0,56.0,26.0,28.0,29.0,27.0,20.0,31.0,105.0,52.0,28.0,36.0,40.0,44.0,33.0,104.0,24.0,91.0,41.0,32.0,48.0,127.0,22.0,31.0,29.0,23.0,40.0,65.0,30.0,14.0,23.0,12.0,29.0,33.0,22.0,19.0,22.0,143.0,11.0,15.0,15.0,36.0,11.0,11.0,49.0,89.0,32.0,101.0,19.0,33.0,27.0,21.0,16.0,38.0,34.0,20.0,42.0,34.0,42.0,17.0,17.0,22.0,11.0,11.0,30.0,11.0,11.0,30.0,35.0,46.0,27.0,29.0,18.0,22.0,11.0,18.0,20.0,61.0,13.0,22.0,43.0
8.5,55.0,38.0,44.0,47.0,47.0,135.0,39.0,54.0,48.0,56.0,53.0,93.0,140.0,78.0,31.0,36.0,56.0,28.0,27.0,29.0,29.0,21.0,33.0,107.0,54.0,29.0,36.0,41.0,43.0,34.0,107.0,28.0,94.0,42.0,35.0,47.0,129.0,22.0,33.0,28.0,24.0,41.0,64.0,34.0,16.0,24.0,12.0,30.0,37.0,24.0,21.0,22.0,148.0,11.0,17.0,16.0,41.0,11.0,11.0,52.0,96.0,32.0,103.0,20.0,36.0,30.0,23.0,18.0,38.0,38.0,20.0,44.0,34.0,43.0,19.0,17.0,26.0,12.0,11.0,31.0,11.0,12.0,32.0,37.0,45.0,30.0,29.0,18.0,24.0,11.0,21.0,23.0,61.0,11.0,23.0,45.0
8.75,53.0,37.0,41.0,45.0,48.0,136.0,40.0,57.0,51.0,58.0,53.0,92.0,143.0,78.0,34.0,34.0,55.0,27.0,27.0,27.0,28.0,21.0,32.0,107.0,51.0,28.0,36.0,39.0,43.0,32.0,109.0,26.0,96.0,43.0,32.0,49.0,131.0,20.0,32.0,27.0,24.0,39.0,64.0,31.0,14.0,24.0,12.0,32.0,33.0,20.0,18.0,21.0,151.0,11.0,16.0,14.0,43.0,13.0,11.0,52.0,102.0,31.0,109.0,20.0,35.0,29.0,20.0,18.0,38.0,36.0,20.0,44.0,31.0,43.0,17.0,19.0,23.0,11.0,11.0,30.0,11.0,11.0,30.0,38.0,45.0,27.0,28.0,16.0,22.0,11.0,22.0,23.0,63.0,13.0,24.0,45.0
9.0,53.0,37.0,41.0,45.0,46.0,136.0,38.0,55.0,48.0,58.0,52.0,91.0,147.0,80.0,35.0,34.0,56.0,23.0,26.0,27.0,28.0,18.0,30.0,108.0,50.0,28.0,35.0,42.0,43.0,32.0,111.0,24.0,98.0,41.0,32.0,46.0,133.0,20.0,30.0,26.0,20.0,39.0,64.0,31.0,14.0,22.0,12.0,31.0,35.0,22.0,17.0,20.0,155.0,11.0,14.0,13.0,46.0,11.0,11.0,50.0,106.0,31.0,110.0,20.0,33.0,29.0,21.0,16.0,36.0,34.0,18.0,44.0,32.0,42.0,16.0,17.0,25.0,11.0,11.0,29.0,11.0,11.0,30.0,37.0,44.0,30.0,30.0,16.0,21.0,11.0,20.0,22.0,62.0,12.0,20.0,43.0
9.25,53.0,37.0,42.0,47.0,47.0,139.0,38.0,54.0,46.0,54.0,50.0,90.0,151.0,81.0,34.0,33.0,56.0,27.0,29.0,27.0,28.0,19.0,31.0,107.0,52.0,29.0,37.0,40.0,41.0,31.0,115.0,24.0,104.0,42.0,31.0,48.0,136.0,21.0,31.0,28.0,22.0,40.0,64.0,31.0,13.0,23.0,11.0,31.0,35.0,22.0,18.0,21.0,157.0,11.0,16.0,13.0,45.0,11.0,11.0,51.0,111.0,32.0,113.0,19.0,35.0,28.0,21.0,16.0,36.0,35.0,20.0,43.0,31.0,43.0,15.0,17.0,24.0,11.0,11.0,28.0,11.0,11.0,31.0,35.0,46.0,29.0,28.0,16.0,22.0,11.0,19.0,21.0,64.0,11.0,20.0,44.0
9.5,55.0,35.0,41.0,46.0,46.0,138.0,37.0,54.0,48.0,53.0,50.0,90.0,151.0,84.0,35.0,36.0,54.0,26.0,26.0,27.0,28.0,19.0,31.0,106.0,52.0,28.0,35.0,38.0,43.0,34.0,116.0,25.0,104.0,41.0,33.0,49.0,138.0,20.0,30.0,28.0,23.0,38.0,65.0,30.0,13.0,23.0,12.0,31.0,35.0,21.0,21.0,20.0,164.0,11.0,15.0,14.0,48.0,11.0,11.0,49.0,119.0,29.0,112.0,19.0,34.0,30.0,20.0,17.0,39.0,34.0,20.0,44.0,31.0,42.0,16.0,17.0,25.0,11.0,11.0,29.0,11.0,11.0,31.0,37.0,44.0,30.0,25.0,15.0,21.0,11.0,20.0,22.0,65.0,11.0,24.0,43.0
9.75,54.0,37.0,41.0,46.0,48.0,138.0,40.0,52.0,48.0,52.0,52.0,91.0,156.0,88.0,42.0,35.0,57.0,26.0,26.0,27.0,29.0,18.0,31.0,108.0,52.0,29.0,38.0,40.0,43.0,34.0,120.0,24.0,108.0,42.0,32.0,44.0,144.0,24.0,31.0,28.0,23.0,40.0,65.0,32.0,15.0,22.0,11.0,29.0,36.0,25.0,21.0,21.0,168.0,11.0,17.0,15.0,55.0,15.0,11.0,52.0,124.0,34.0,123.0,21.0,34.0,29.0,24.0,19.0,38.0,38.0,18.0,47.0,33.0,48.0,18.0,18.0,28.0,11.0,11.0,30.0,11.0,11.0,30.0,36.0,50.0,35.0,30.0,21.0,23.0,11.0,22.0,24.0,69.0,11.0,19.0,43.0
10.0,53.0,40.0,44.0,48.0,50.0,142.0,38.0,56.0,49.0,56.0,53.0,90.0,162.0,90.0,42.0,35.0,57.0,28.0,30.0,29.0,29.0,19.0,31.0,109.0,52.0,30.0,38.0,42.0,46.0,32.0,123.0,27.0,110.0,43.0,32.0,49.0,146.0,21.0,33.0,29.0,24.0,42.0,66.0,32.0,15.0,23.0,15.0,31.0,37.0,24.0,22.0,22.0,174.0,11.0,16.0,16.0,55.0,12.0,11.0,50.0,133.0,33.0,121.0,20.0,37.0,30.0,23.0,19.0,40.0,38.0,22.0,45.0,32.0,44.0,20.0,20.0,27.0,11.0,11.0,30.0,12.0,11.0,31.0,38.0,46.0,29.0,28.0,19.0,22.0,11.0,21.0,24.0,70.0,13.0,24.0,47.0
10.25,58.0,42.0,47.0,52.0,52.0,144.0,41.0,57.0,50.0,57.0,54.0,92.0,166.0,95.0,46.0,37.0,59.0,29.0,30.0,31.0,31.0,21.0,34.0,111.0,57.0,29.0,40.0,41.0,45.0,35.0,125.0,28.0,116.0,43.0,35.0,51.0,154.0,26.0,34.0,32.0,24.0,41.0,67.0,33.0,16.0,25.0,15.0,31.0,39.0,28.0,20.0,24.0,178.0,11.0,18.0,18.0,57.0,15.0,11.0,51.0,140.0,34.0,124.0,23.0,38.0,31.0,24.0,20.0,40.0,38.0,20.0,45.0,36.0,47.0,21.0,20.0,29.0,13.0,11.0,32.0,11.0,12.0,31.0,37.0,49.0,35.0,33.0,20.0,24.0,11.0,22.0,25.0,70.0,13.0,23.0,46.0
10.5,59.0,43.0,46.0,50.0,52.0,142.0,41.0,56.0,49.0,56.0,51.0,92.0,168.0,94.0,47.0,38.0,59.0,28.0,31.0,30.0,30.0,21.0,32.0,109.0,57.0,30.0,39.0,44.0,45.0,35.0,130.0,27.0,119.0,42.0,34.0,48.0,156.0,25.0,36.0,32.0,25.0,41.0,69.0,35.0,14.0,22.0,14.0,32.0,38.0,26.0,21.0,23.0,181.0,11.0,19.0,18.0,57.0,14.0,11.0,52.0,145.0,33.0,128.0,21.0,38.0,32.0,23.0,19.0,40.0,40.0,21.0,44.0,37.0,46.0,19.0,21.0,28.0,12.0,11.0,32.0,11.0,11.0,31.0,38.0,50.0,33.0,30.0,21.0,24.0,11.0,22.0,26.0,72.0,13.0,23.0,46.0
10.75,57.0,39.0,43.0,48.0,51.0,141.0,40.0,56.0,50.0,57.0,53.0,93.0,171.0,97.0,46.0,37.0,59.0,28.0,30.0,28.0,30.0,21.0,33.0,113.0,54.0,30.0,38.0,43.0,46.0,35.0,131.0,27.0,120.0,44.0,33.0,49.0,155.0,24.0,33.0,29.0,24.0,41.0,67.0,33.0,18.0,23.0,13.0,34.0,36.0,24.0,20.0,20.0,186.0,11.0,18.0,15.0,60.0,13.0,11.0,53.0,152.0,34.0,129.0,23.0,36.0,30.0,23.0,18.0,39.0,36.0,22.0,47.0,33.0,45.0,18.0,19.0,27.0,11.0,11.0,32.0,12.0,14.0,33.0,38.0,47.0,30.0,30.0,19.0,24.0,11.0,22.0,24.0,74.0,14.0,23.0,46.0
11.0,56.0,40.0,45.0,50.0,51.0,144.0,41.0,59.0,51.0,57.0,53.0,94.0,176.0,100.0,48.0,38.0,58.0,30.0,29.0,32.0,31.0,22.0,34.0,111.0,54.0,31.0,37.0,42.0,46.0,35.0,133.0,29.0,127.0,45.0,34.0,50.0,160.0,24.0,36.0,33.0,26.0,42.0,68.0,35.0,16.0,24.0,16.0,32.0,38.0,26.0,22.0,24.0,190.0,11.0,18.0,19.0,62.0,13.0,11.0,53.0,157.0,33.0,133.0,24.0,37.0,33.0,24.0,19.0,41.0,38.0,24.0,46.0,35.0,47.0,19.0,20.0,30.0,13.0,12.0,32.0,12.0,14.0,33.0,38.0,49.0,29.0,31.0,20.0,24.0,11.0,22.0,26.0,77.0,14.0,27.0,47.0
11.25,52.0,37.0,43.0,47.0,47.0,142.0,37.0,59.0,51.0,55.0,53.0,91.0,177.0,98.0,47.0,35.0,58.0,28.0,28.0,29.0,30.0,20.0,31.0,110.0,52.0,31.0,37.0,43.0,43.0,33.0,136.0,26.0,129.0,43.0,33.0,49.0,163.0,22.0,32.0,27.0,24.0,40.0,67.0,31.0,18.0,23.0,14.0,31.0,37.0,22.0,19.0,19.0,192.0,11.0,17.0,17.0,65.0,11.0,11.0,51.0,164.0,31.0,134.0,21.0,36.0,29.0,22.0,18.0,37.0,40.0,20.0,46.0,32.0,46.0,18.0,18.0,26.0,11.0,11.0,31.0,11.0,11.0,31.0,36.0,48.0,30.0,29.0,16.0,21.0,11.0,22.0,23.0,77.0,14.0,24.0,47.0
11.5,55.0,38.0,45.0,49.0,48.0,144.0,42.0,58.0,52.0,57.0,55.0,94.0,180.0,102.0,50.0,38.0,56.0,27.0,28.0,30.0,30.0,23.0,33.0,113.0,57.0,30.0,40.0,44.0,45.0,35.0,138.0,26.0,132.0,45.0,32.0,49.0,166.0,23.0,33.0,30.0,25.0,42.0,68.0,35.0,17.0,25.0,15.0,33.0,39.0,24.0,22.0,21.0,197.0,11.0,18.0,17.0,66.0,13.0,11.0,53.0,172.0,33.0,137.0,21.0,38.0,32.0,22.0,18.0,40.0,38.0,22.0,46.0,32.0,48.0,20.0,20.0,28.0,13.0,11.0,33.0,11.0,11.0,33.0,39.0,48.0,31.0,29.0,18.0,24.0,11.0,22.0,25.0,80.0,14.0,25.0,48.0
11.75,55.0,38.0,43.0,48.0,49.0,145.0,41.0,58.0,51.0,56.0,54.0,95.0,183.0,105.0,50.0,36.0,58.0,28.0,30.0,29.0,30.0,22.0,33.0,112.0,53.0,30.0,38.0,44.0,48.0,35.0,142.0,27.0,134.0,43.0,34.0,48.0,169.0,24.0,33.0,31.0,24.0,42.0,68.0,32.0,17.0,26.0,15.0,32.0,39.0,24.0,21.0,22.0,197.0,11.0,17.0,17.0,69.0,14.0,11.0,53.0,177.0,33.0,140.0,24.0,37.0,30.0,23.0,19.0,40.0,38.0,23.0,46.0,33.0,46.0,18.0,21.0,29.0,12.0,12.0,33.0,12.0,14.0,32.0,39.0,47.0,30.0,31.0,20.0,25.0,11.0,23.0,25.0,83.0,13.0,26.0,46.0
12.0,54.0,39.0,43.0,49.0,47.0,144.0,39.0,60.0,50.0,57.0,53.0,94.0,187.0,107.0,51.0,36.0,56.0,28.0,29.0,28.0,32.0,21.0,32.0,113.0,53.0,30.0,39.0,43.0,46.0,35.0,144.0,28.0,139.0,42.0,34.0,48.0,172.0,23.0,32.0,29.0,23.0,43.0,69.0,35.0,17.0,26.0,14.0,31.0,39.0,23.0,20.0,21.0,198.0,11.0,18.0,15.0,69.0,13.0,11.0,52.0,185.0,32.0,143.0,21.0,37.0,30.0,22.0,18.0,38.0,38.0,21.0,46.0,31.0,44.0,19.0,20.0,29.0,11.0,11.0,31.0,11.0,11.0,30.0,37.0,48.0,25.0,28.0,17.0,23.0,11.0,21.0,24.0,84.0,12.0,25.0,48.0
12.25,53.0,35.0,43.0,46.0,46.0,144.0,37.0,58.0,50.0,56.0,51.0,91.0,188.0,107.0,52.0,35.0,53.0,27.0,27.0,26.0,31.0,21.0,32.0,110.0,53.0,29.0,38.0,42.0,44.0,33.0,147.0,26.0,139.0,41.0,32.0,47.0,175.0,24.0,31.0,28.0,23.0,42.0,70.0,33.0,17.0,22.0,12.0,32.0,38.0,24.0,19.0,21.0,202.0,11.0,17.0,15.0,72.0,11.0,11.0,51.0,188.0,32.0,144.0,20.0,36.0,30.0,22.0,18.0,37.0,35.0,22.0,47.0,32.0,47.0,17.0,19.0,27.0,12.0,11.0,30.0,11.0,11.0,31.0,36.0,48.0,29.0,28.0,19.0,22.0,11.0,22.0,23.0,85.0,12.0,24.0,46.0
12.5,55.0,38.0,45.0,49.0,48.0,147.0,42.0,59.0,53.0,59.0,56.0,96.0,192.0,111.0,55.0,36.0,56.0,29.0,29.0,30.0,32.0,22.0,32.0,111.0,52.0,29.0,38.0,44.0,47.0,36.0,149.0,28.0,145.0,44.0,34.0,48.0,180.0,24.0,32.0,28.0,26.0,42.0,70.0,34.0,16.0,24.0,15.0,34.0,37.0,26.0,21.0,21.0,206.0,11.0,18.0,17.0,75.0,13.0,11.0,53.0,196.0,34.0,147.0,23.0,39.0,31.0,22.0,20.0,40.0,38.0,22.0,46.0,31.0,47.0,20.0,19.0,30.0,12.0,11.0,31.0,13.0,11.0,33.0,38.0,50.0,32.0,29.0,18.0,23.0,11.0,22.0,23.0,89.0,15.0,26.0,49.0
12.75,53.0,38.0,42.0,48.0,49.0,146.0,41.0,59.0,50.0,57.0,53.0,95.0,196.0,113.0,55.0,36.0,55.0,30.0,31.0,30.0,31.0,22.0,32.0,113.0,56.0,31.0,39.0,44.0,45.0,36.0,152.0,28.0,148.0,45.0,32.0,48.0,182.0,24.0,34.0,31.0,25.0,43.0,71.0,34.0,16.0,26.0,14.0,32.0,40.0,25.0,23.0,24.0,209.0,11.0,19.0,17.0,77.0,16.0,11.0,53.0,203.0,33.0,150.0,24.0,39.0,32.0,25.0,18.0,38.0,36.0,21.0,47.0,32.0,47.0,21.0,21.0,29.0,13.0,11.0,32.0,11.0,12.0,31.0,36.0,50.0,33.0,31.0,21.0,24.0,11.0,24.0,26.0,88.0,12.0,25.0,48.0
13.0,59.0,43.0,44.0,51.0,53.0,148.0,40.0,59.0,49.0,56.0,54.0,95.0,201.0,114.0,57.0,38.0,60.0,29.0,30.0,31.0,32.0,21.0,33.0,112.0,59.0,31.0,41.0,44.0,49.0,37.0,157.0,29.0,153.0,45.0,35.0,51.0,186.0,26.0,35.0,32.0,26.0,43.0,73.0,35.0,18.0,24.0,14.0,32.0,41.0,26.0,22.0,23.0,212.0,11.0,18.0,18.0,78.0,13.0,11.0,52.0,209.0,34.0,153.0,23.0,38.0,33.0,23.0,19.0,40.0,38.0,22.0,47.0,34.0,47.0,18.0,20.0,30.0,12.0,11.0,32.0,11.0,12.0,32.0,37.0,49.0,31.0,31.0,20.0,23.0,11.0,22.0,23.0,92.0,14.0,28.0,48.0
13.25,55.0,39.0,45.0,49.0,49.0,144.0,39.0,58.0,48.0,57.0,54.0,94.0,201.0,115.0,58.0,36.0,59.0,28.0,28.0,29.0,29.0,20.0,32.0,111.0,57.0,30.0,37.0,42.0,46.0,36.0,160.0,25.0,154.0,42.0,32.0,48.0,187.0,23.0,33.0,31.0,24.0,41.0,69.0,33.0,15.0,23.0,13.0,30.0,39.0,25.0,21.0,20.0,215.0,11.0,18.0,15.0,79.0,11.0,11.0,51.0,213.0,31.0,153.0,22.0,36.0,31.0,23.0,18.0,37.0,36.0,20.0,44.0,32.0,43.0,19.0,19.0,29.0,11.0,11.0,31.0,11.0,11.0,30.0,36.0,47.0,28.0,27.0,16.0,22.0,11.0,20.0,22.0,92.0,12.0,25.0,48.0
13.5,59.0,43.0,48.0,50.0,52.0,149.0,41.0,61.0,50.0,58.0,54.0,96.0,204.0,120.0,61.0,38.0,61.0,32.0,32.0,31.0,33.0,21.0,33.0,111.0,59.0,31.0,42.0,45.0,50.0,37.0,163.0,30.0,158.0,45.0,33.0,51.0,192.0,25.0,36.0,29.0,27.0,44.0,72.0,35.0,15.0,25.0,15.0,33.0,39.0,28.0,21.0,22.0,215.0,11.0,19.0,18.0,82.0,14.0,11.0,53.0,218.0,34.0,156.0,23.0,38.0,32.0,24.0,20.0,40.0,40.0,23.0,47.0,35.0,48.0,20.0,22.0,32.0,13.0,11.0,34.0,11.0,13.0,32.0,38.0,51.0,29.0,31.0,20.0,25.0,11.0,23.0,24.0,97.0,14.0,28.0,50.0
13.75,58.0,40.0,44.0,49.0,50.0,148.0,40.0,61.0,51.0,56.0,52.0,96.0,207.0,120.0,62.0,38.0,58.0,30.0,30.0,29.0,31.0,22.0,31.0,112.0,58.0,28.0,39.0,42.0,47.0,37.0,165.0,28.0,161.0,44.0,33.0,49.0,194.0,26.0,35.0,31.0,25.0,43.0,69.0,34.0,16.0,26.0,14.0,33.0,40.0,27.0,20.0,24.0,217.0,11.0,18.0,18.0,85.0,12.0,11.0,52.0,223.0,34.0,160.0,22.0,37.0,33.0,22.0,18.0,39.0,38.0,21.0,46.0,34.0,47.0,19.0,18.0,30.0,12.0,11.0,31.0,11.0,12.0,33.0,38.0,50.0,31.0,28.0,18.0,22.0,11.0,22.0,23.0,98.0,14.0,26.0,49.0
14.0,61.0,45.0,47.0,53.0,53.0,150.0,40.0,61.0,48.0,57.0,54.0,98.0,210.0,124.0,64.0,39.0,59.0,29.0,31.0,30.0,32.0,20.0,32.0,113.0,63.0,30.0,41.0,44.0,50.0,38.0,167.0,30.0,166.0,45.0,33.0,51.0,197.0,27.0,36.0,34.0,28.0,45.0,76.0,35.0,18.0,25.0,16.0,32.0,41.0,27.0,21.0,25.0,220.0,11.0,18.0,18.0,85.0,12.0,11.0,51.0,227.0,36.0,161.0,24.0,39.0,32.0,25.0,20.0,40.0,37.0,20.0,44.0,37.0,49.0,20.0,20.0,31.0,13.0,11.0,34.0,12.0,15.0,32.0,38.0,51.0,32.0,32.0,22.0,23.0,11.0,22.0,23.0,99.0,13.0,26.0,48.0
14.25,59.0,45.0,46.0,52.0,54.0,149.0,40.0,62.0,52.0,60.0,53.0,95.0,212.0,125.0,64.0,39.0,60.0,30.0,33.0,31.0,32.0,22.0,34.0,112.0,60.0,32.0,41.0,45.0,48.0,38.0,171.0,31.0,170.0,45.0,34.0,51.0,199.0,28.0,37.0,33.0,25.0,46.0,74.0,37.0,19.0,24.0,15.0,33.0,42.0,28.0,23.0,24.0,222.0,11.0,20.0,20.0,87.0,14.0,11.0,53.0,233.0,35.0,163.0,24.0,38.0,35.0,24.0,20.0,40.0,39.0,21.0,46.0,35.0,49.0,19.0,19.0,31.0,13.0,11.0,32.0,11.0,13.0,32.0,39.0,52.0,32.0,31.0,20.0,25.0,11.0,23.0,23.0,105.0,17.0,27.0,50.0
14.5,58.0,45.0,48.0,51.0,52.0,149.0,39.0,60.0,49.0,57.0,54.0,96.0,213.0,127.0,67.0,38.0,58.0,30.0,30.0,32.0,33.0,20.0,35.0,111.0,60.0,30.0,39.0,45.0,48.0,38.0,172.0,31.0,173.0,44.0,35.0,50.0,200.0,26.0,38.0,33.0,27.0,44.0,74.0,34.0,16.0,25.0,13.0,31.0,40.0,28.0,21.0,23.0,222.0,11.0,20.0,19.0,90.0,13.0,11.0,52.0,235.0,33.0,166.0,23.0,39.0,33.0,24.0,18.0,39.0,39.0,21.0,43.0,34.0,49.0,18.0,20.0,29.0,11.0,11.0,32.0,11.0,11.0,32.0,38.0,50.0,32.0,30.0,19.0,25.0,11.0,22.0,23.0,106.0,13.0,27.0,49.0
14.75,56.0,40.0,46.0,50.0,51.0,148.0,37.0,59.0,48.0,58.0,52.0,96.0,214.0,126.0,66.0,37.0,58.0,28.0,29.0,30.0,32.0,20.0,34.0,112.0,58.0,29.0,39.0,43.0,49.0,35.0,176.0,28.0,173.0,44.0,32.0,50.0,201.0,25.0,36.0,31.0,26.0,42.0,73.0,36.0,16.0,22.0,14.0,30.0,40.0,25.0,22.0,22.0,223.0,11.0,18.0,17.0,89.0,11.0,11.0,50.0,239.0,32.0,167.0,22.0,37.0,32.0,23.0,19.0,38.0,37.0,20.0,43.0,33.0,45.0,16.0,18.0,29.0,11.0,11.0,31.0,11.0,11.0,32.0,38.0,47.0,28.0,29.0,20.0,21.0,11.0,21.0,22.0,109.0,13.0,26.0,47.0
15.0,56.0,40.0,45.0,48.0,52.0,148.0,38.0,60.0,50.0,57.0,52.0,95.0,217.0,129.0,68.0,39.0,59.0,28.0,30.0,31.0,31.0,19.0,32.0,114.0,59.0,29.0,39.0,44.0,49.0,37.0,176.0,27.0,177.0,43.0,34.0,49.0,205.0,26.0,33.0,31.0,24.0,45.0,71.0,36.0,16.0,23.0,15.0,31.0,40.0,27.0,20.0,23.0,224.0,11.0,17.0,16.0,93.0,13.0,11.0,52.0,244.0,32.0,167.0,22.0,38.0,31.0,22.0,17.0,38.0,39.0,20.0,44.0,32.0,47.0,19.0,19.0,29.0,11.0,11.0,31.0,11.0,12.0,32.0,36.0,47.0,29.0,28.0,18.0,23.0,11.0,21.0,20.0,110.0,13.0,27.0,50.0
15.25,55.0,40.0,47.0,49.0,50.0,148.0,41.0,62.0,52.0,59.0,55.0,98.0,217.0,132.0,68.0,38.0,57.0,31.0,31.0,29.0,34.0,23.0,35.0,116.0,58.0,32.0,40.0,45.0,48.0,39.0,179.0,31.0,180.0,45.0,34.0,51.0,205.0,26.0,35.0,33.0,26.0,46.0,72.0,37.0,18.0,25.0,14.0,33.0,40.0,27.0,21.0,23.0,225.0,11.0,19.0,19.0,99.0,14.0,11.0,55.0,248.0,34.0,171.0,23.0,39.0,34.0,25.0,20.0,41.0,39.0,21.0,47.0,32.0,49.0,19.0,22.0,31.0,13.0,12.0,35.0,12.0,15.0,33.0,39.0,51.0,32.0,32.0,21.0,24.0,11.0,25.0,25.0,115.0,16.0,27.0,51.0
15.5,53.0,39.0,43.0,47.0,49.0,146.0,38.0,60.0,52.0,58.0,53.0,95.0,219.0,132.0,70.0,36.0,55.0,30.0,30.0,29.0,32.0,19.0,32.0,112.0,56.0,30.0,41.0,44.0,47.0,36.0,182.0,28.0,183.0,43.0,33.0,48.0,208.0,27.0,34.0,30.0,26.0,44.0,72.0,35.0,17.0,25.0,14.0,31.0,40.0,25.0,20.0,21.0,225.0,11.0,19.0,19.0,99.0,11.0,11.0,51.0,251.0,32.0,174.0,22.0,37.0,31.0,23.0,19.0,38.0,38.0,20.0,45.0,31.0,47.0,17.0,21.0,30.0,11.0,11.0,32.0,11.0,11.0,31.0,36.0,49.0,32.0,30.0,19.0,22.0,11.0,22.0,24.0,116.0,13.0,25.0,48.0
15.75,59.0,42.0,49.0,50.0,52.0,150.0,40.0,64.0,54.0,62.0,58.0,100.0,223.0,140.0,73.0,39.0,60.0,31.0,32.0,33.0,33.0,22.0,35.0,115.0,61.0,30.0,44.0,47.0,52.0,39.0,186.0,30.0,188.0,46.0,35.0,52.0,213.0,28.0,38.0,34.0,28.0,47.0,76.0,37.0,17.0,27.0,17.0,35.0,42.0,29.0,23.0,25.0,231.0,11.0,21.0,20.0,105.0,16.0,11.0,55.0,256.0,36.0,178.0,25.0,42.0,35.0,26.0,22.0,41.0,38.0,24.0,47.0,35.0,51.0,20.0,22.0,33.0,14.0,13.0,34.0,14.0,14.0,34.0,40.0,52.0,33.0,30.0,22.0,25.0,11.0,25.0,25.0,123.0,17.0,28.0,51.0
16.0,55.0,41.0,45.0,50.0,50.0,147.0,36.0,62.0,50.0,60.0,54.0,95.0,224.0,137.0,73.0,39.0,59.0,30.0,32.0,32.0,33.0,21.0,33.0,114.0,57.0,32.0,41.0,46.0,50.0,38.0,186.0,32.0,188.0,44.0,33.0,52.0,215.0,27.0,36.0,33.0,26.0,45.0,73.0,37.0,18.0,27.0,15.0,33.0,41.0,29.0,22.0,24.0,229.0,11.0,20.0,19.0,105.0,14.0,11.0,52.0,257.0,35.0,178.0,24.0,41.0,32.0,25.0,19.0,39.0,40.0,22.0,46.0,34.0,48.0,22.0,22.0,32.0,14.0,11.0,34.0,11.0,15.0,32.0,41.0,49.0,32.0,32.0,20.0,22.0,11.0,23.0,24.0,121.0,15.0,28.0,51.0
16.25,57.0,46.0,49.0,52.0,53.0,151.0,40.0,64.0,53.0,62.0,55.0,97.0,227.0,140.0,80.0,40.0,60.0,32.0,34.0,33.0,36.0,23.0,36.0,117.0,61.0,34.0,43.0,47.0,52.0,39.0,189.0,31.0,192.0,47.0,38.0,52.0,216.0,28.0,38.0,34.0,28.0,47.0,74.0,38.0,19.0,26.0,18.0,34.0,43.0,30.0,25.0,25.0,233.0,11.0,22.0,22.0,108.0,14.0,11.0,54.0,261.0,36.0,180.0,25.0,41.0,33.0,27.0,23.0,40.0,39.0,25.0,48.0,37.0,50.0,22.0,21.0,36.0,14.0,13.0,35.0,12.0,15.0,33.0,39.0,50.0,35.0,33.0,21.0,26.0,11.0,24.0,25.0,126.0,17.0,29.0,51.0
16.5,55.0,42.0,44.0,50.0,52.0,148.0,39.0,63.0,51.0,58.0,54.0,95.0,226.0,142.0,76.0,37.0,57.0,29.0,31.0,31.0,34.0,20.0,34.0,114.0,58.0,30.0,41.0,43.0,49.0,39.0,189.0,28.0,193.0,45.0,34.0,48.0,216.0,24.0,35.0,30.0,28.0,46.0,71.0,35.0,17.0,25.0,17.0,31.0,41.0,26.0,21.0,23.0,232.0,11.0,18.0,19.0,111.0,15.0,11.0,54.0,263.0,33.0,184.0,22.0,39.0,33.0,24.0,20.0,40.0,39.0,22.0,45.0,34.0,49.0,19.0,21.0,32.0,15.0,11.0,34.0,12.0,12.0,32.0,37.0,50.0,31.0,29.0,18.0,25.0,11.0,23.0,24.0,126.0,15.0,28.0,50.0
16.75,55.0,42.0,48.0,50.0,50.0,149.0,36.0,61.0,49.0,58.0,53.0,96.0,229.0,142.0,81.0,38.0,58.0,30.0,30.0,31.0,34.0,22.0,32.0,112.0,58.0,29.0,42.0,42.0,50.0,38.0,192.0,28.0,198.0,46.0,34.0,50.0,218.0,25.0,37.0,32.0,25.0,45.0,72.0,36.0,18.0,24.0,16.0,32.0,40.0,28.0,21.0,22.0,232.0,11.0,19.0,17.0,111.0,11.0,11.0,52.0,265.0,33.0,183.0,23.0,38.0,32.0,24.0,19.0,38.0,38.0,20.0,44.0,34.0,47.0,19.0,20.0,33.0,11.0,11.0,32.0,11.0,11.0,31.0,36.0,50.0,31.0,30.0,20.0,23.0,11.0,25.0,22.0,127.0,13.0,28.0,48.0
17.0,58.0,43.0,45.0,49.0,52.0,149.0,39.0,62.0,52.0,61.0,55.0,99.0,231.0,144.0,84.0,41.0,59.0,32.0,31.0,33.0,35.0,24.0,36.0,114.0,60.0,31.0,43.0,45.0,51.0,40.0,194.0,29.0,200.0,47.0,35.0,52.0,220.0,29.0,36.0,34.0,28.0,47.0,73.0,36.0,18.0,27.0,17.0,35.0,41.0,29.0,24.0,26.0,235.0,11.0,21.0,20.0,113.0,14.0,11.0,53.0,267.0,35.0,187.0,24.0,39.0,34.0,25.0,21.0,40.0,39.0,22.0,44.0,34.0,48.0,22.0,23.0,32.0,14.0,11.0,34.0,13.0,12.0,33.0,40.0,49.0,31.0,31.0,21.0,26.0,11.0,24.0,23.0,133.0,18.0,30.0,50.0
17.25,57.0,39.0,48.0,49.0,52.0,147.0,37.0,62.0,53.0,59.0,56.0,98.0,231.0,147.0,83.0,39.0,58.0,32.0,32.0,32.0,34.0,23.0,33.0,115.0,60.0,31.0,42.0,46.0,51.0,39.0,197.0,30.0,201.0,46.0,34.0,50.0,223.0,26.0,37.0,31.0,27.0,46.0,71.0,38.0,18.0,26.0,16.0,34.0,44.0,30.0,24.0,25.0,234.0,11.0,22.0,19.0,118.0,17.0,11.0,54.0,270.0,35.0,189.0,24.0,40.0,33.0,25.0,21.0,40.0,39.0,21.0,45.0,34.0,50.0,21.0,22.0,34.0,14.0,11.0,36.0,12.0,14.0,32.0,38.0,52.0,33.0,30.0,20.0,24.0,11.0,24.0,25.0,134.0,16.0,26.0,51.0
17.5,59.0,44.0,48.0,51.0,52.0,149.0,39.0,64.0,53.0,62.0,55.0,99.0,234.0,148.0,87.0,41.0,60.0,31.0,33.0,34.0,37.0,23.0,36.0,114.0,61.0,34.0,42.0,45.0,51.0,39.0,198.0,30.0,204.0,47.0,36.0,51.0,225.0,29.0,37.0,35.0,27.0,48.0,72.0,36.0,18.0,26.0,17.0,35.0,41.0,27.0,24.0,27.0,236.0,11.0,21.0,20.0,122.0,15.0,11.0,53.0,273.0,35.0,191.0,24.0,41.0,33.0,26.0,22.0,41.0,40.0,23.0,47.0,34.0,52.0,20.0,23.0,33.0,14.0,13.0,34.0,12.0,12.0,34.0,39.0,52.0,32.0,32.0,21.0,24.0,11.0,23.0,23.0,138.0,17.0,30.0,51.0
17.75,58.0,43.0,46.0,51.0,52.0,147.0,37.0,63.0,49.0,60.0,55.0,98.0,235.0,150.0,88.0,40.0,59.0,28.0,31.0,32.0,35.0,21.0,35.0,114.0,59.0,31.0,42.0,45.0,51.0,39.0,199.0,31.0,205.0,44.0,36.0,52.0,225.0,26.0,37.0,34.0,27.0,48.0,69.0,38.0,18.0,24.0,16.0,32.0,40.0,28.0,23.0,23.0,237.0,11.0,19.0,18.0,120.0,13.0,11.0,53.0,274.0,35.0,191.0,24.0,41.0,32.0,23.0,20.0,40.0,38.0,20.0,45.0,34.0,49.0,19.0,21.0,31.0,11.0,11.0,34.0,12.0,14.0,32.0,37.0,50.0,31.0,30.0,19.0,25.0,11.0,23.0,22.0,139.0,16.0,28.0,51.0
18.0,56.0,42.0,46.0,49.0,50.0,145.0,37.0,61.0,51.0,59.0,52.0,98.0,234.0,151.0,87.0,36.0,58.0,29.0,30.0,31.0,32.0,21.0,32.0,113.0,59.0,29.0,40.0,44.0,47.0,37.0,202.0,28.0,206.0,45.0,32.0,50.0,226.0,24.0,34.0,31.0,26.0,47.0,68.0,35.0,17.0,24.0,11.0,32.0,42.0,26.0,19.0,22.0,237.0,11.0,18.0,18.0,124.0,14.0,11.0,53.0,275.0,33.0,192.0,23.0,38.0,30.0,25.0,19.0,37.0,37.0,20.0,44.0,32.0,48.0,19.0,21.0,30.0,11.0,11.0,35.0,11.0,11.0,31.0,37.0,50.0,30.0,30.0,17.0,22.0,11.0,21.0,23.0,139.0,14.0,27.0,50.0
18.25,57.0,44.0,48.0,50.0,51.0,149.0,37.0,64.0,51.0,59.0,54.0,97.0,237.0,154.0,93.0,39.0,59.0,32.0,32.0,33.0,35.0,21.0,33.0,113.0,61.0,30.0,39.0,46.0,51.0,39.0,203.0,29.0,210.0,46.0,34.0,51.0,228.0,26.0,37.0,32.0,27.0,47.0,70.0,37.0,18.0,26.0,15.0,34.0,42.0,27.0,21.0,24.0,238.0,11.0,21.0,20.0,125.0,15.0,11.0,53.0,277.0,35.0,196.0,21.0,39.0,35.0,23.0,19.0,39.0,37.0,22.0,44.0,32.0,50.0,20.0,21.0,33.0,14.0,11.0,34.0,13.0,12.0,34.0,38.0,50.0,32.0,31.0,21.0,25.0,11.0,23.0,25.0,143.0,15.0,29.0,49.0
18.5,56.0,44.0,48.0,48.0,52.0,147.0,39.0,64.0,52.0,61.0,57.0,99.0,238.0,155.0,94.0,39.0,59.0,32.0,33.0,30.0,36.0,24.0,35.0,114.0,61.0,31.0,41.0,47.0,50.0,39.0,206.0,29.0,210.0,47.0,35.0,52.0,231.0,28.0,36.0,33.0,29.0,47.0,71.0,37.0,18.0,27.0,17.0,34.0,42.0,27.0,24.0,24.0,240.0,11.0,20.0,19.0,132.0,15.0,11.0,55.0,280.0,35.0,198.0,26.0,40.0,33.0,27.0,21.0,40.0,40.0,23.0,46.0,32.0,51.0,21.0,22.0,33.0,13.0,12.0,36.0,12.0,14.0,33.0,39.0,52.0,31.0,30.0,20.0,24.0,11.0,25.0,24.0,148.0,17.0,29.0,51.0
18.75,57.0,44.0,48.0,50.0,51.0,145.0,40.0,64.0,55.0,62.0,58.0,100.0,238.0,157.0,98.0,38.0,56.0,33.0,31.0,33.0,36.0,24.0,35.0,118.0,60.0,33.0,41.0,47.0,50.0,40.0,206.0,30.0,211.0,48.0,34.0,52.0,232.0,28.0,37.0,33.0,29.0,46.0,69.0,37.0,20.0,26.0,18.0,34.0,42.0,30.0,25.0,25.0,242.0,11.0,21.0,21.0,134.0,15.0,11.0,55.0,281.0,33.0,198.0,25.0,40.0,34.0,26.0,22.0,40.0,39.0,22.0,47.0,34.0,52.0,21.0,23.0,35.0,16.0,13.0,35.0,13.0,13.0,34.0,40.0,53.0,33.0,29.0,21.0,26.0,11.0,26.0,25.0,151.0,18.0,30.0,52.0
19.0,53.0,42.0,46.0,48.0,50.0,145.0,39.0,63.0,54.0,58.0,54.0,97.0,239.0,159.0,97.0,37.0,57.0,30.0,30.0,30.0,33.0,20.0,34.0,115.0,60.0,31.0,39.0,46.0,49.0,39.0,207.0,28.0,212.0,46.0,34.0,51.0,231.0,26.0,35.0,30.0,25.0,48.0,68.0,34.0,17.0,23.0,14.0,32.0,40.0,27.0,23.0,22.0,240.0,11.0,20.0,17.0,134.0,11.0,11.0,52.0,282.0,33.0,199.0,23.0,37.0,30.0,24.0,20.0,38.0,37.0,20.0,44.0,30.0,48.0,19.0,22.0,34.0,11.0,11.0,30.0,11.0,11.0,33.0,36.0,52.0,31.0,30.0,19.0,25.0,11.0,24.0,22.0,150.0,13.0,26.0,50.0
19.25,54.0,40.0,46.0,49.0,49.0,146.0,38.0,62.0,52.0,59.0,55.0,98.0,239.0,160.0,99.0,39.0,57.0,33.0,30.0,32.0,35.0,22.0,33.0,116.0,60.0,32.0,38.0,44.0,49.0,40.0,210.0,28.0,214.0,48.0,33.0,51.0,234.0,27.0,35.0,31.0,29.0,47.0,66.0,35.0,17.0,25.0,15.0,34.0,44.0,29.0,22.0,25.0,242.0,11.0,20.0,19.0,138.0,14.0,11.0,55.0,282.0,34.0,201.0,23.0,38.0,31.0,26.0,21.0,40.0,40.0,21.0,45.0,32.0,50.0,20.0,24.0,34.0,14.0,12.0,35.0,12.0,15.0,33.0,38.0,52.0,30.0,30.0,19.0,23.0,11.0,24.0,24.0,153.0,15.0,30.0,50.0
19.5,58.0,44.0,46.0,48.0,50.0,146.0,38.0,66.0,53.0,61.0,56.0,99.0,241.0,160.0,104.0,39.0,56.0,30.0,30.0,33.0,33.0,21.0,34.0,114.0,59.0,31.0,39.0,46.0,51.0,39.0,209.0,31.0,214.0,48.0,33.0,48.0,234.0,26.0,33.0,32.0,27.0,46.0,67.0,36.0,19.0,26.0,15.0,33.0,40.0,29.0,22.0,25.0,243.0,11.0,21.0,19.0,141.0,13.0,11.0,55.0,285.0,34.0,202.0,23.0,39.0,31.0,26.0,21.0,38.0,40.0,20.0,46.0,32.0,50.0,17.0,21.0,31.0,12.0,11.0,33.0,13.0,12.0,33.0,38.0,51.0,33.0,30.0,21.0,23.0,11.0,24.0,25.0,155.0,16.0,28.0,52.0
19.75,55.0,42.0,46.0,48.0,50.0,144.0,38.0,62.0,53.0,61.0,54.0,99.0,242.0,162.0,107.0,36.0,56.0,31.0,28.0,31.0,34.0,22.0,34.0,115.0,60.0,32.0,39.0,44.0,48.0,39.0,213.0,29.0,217.0,46.0,32.0,49.0,236.0,24.0,34.0,30.0,26.0,47.0,64.0,35.0,15.0,24.0,15.0,33.0,43.0,26.0,21.0,23.0,244.0,11.0,17.0,17.0,143.0,13.0,11.0,53.0,286.0,34.0,204.0,23.0,39.0,30.0,24.0,19.0,38.0,40.0,21.0,43.0,32.0,49.0,20.0,21.0,33.0,11.0,11.0,32.0,12.0,13.0,32.0,36.0,52.0,32.0,31.0,19.0,26.0,11.0,24.0,25.0,156.0,14.0,27.0,51.0
20.0,56.0,43.0,48.0,49.0,51.0,147.0,38.0,63.0,53.0,60.0,55.0,97.0,245.0,164.0,109.0,37.0,57.0,31.0,31.0,32.0,34.0,21.0,35.0,116.0,62.0,31.0,41.0,46.0,50.0,42.0,214.0,28.0,217.0,46.0,34.0,51.0,237.0,27.0,36.0,31.0,26.0,47.0,68.0,37.0,18.0,26.0,15.0,33.0,42.0,29.0,24.0,24.0,245.0,11.0,20.0,18.0,145.0,12.0,11.0,54.0,287.0,34.0,206.0,24.0,41.0,33.0,25.0,20.0,40.0,38.0,22.0,44.0,34.0,50.0,19.0,23.0,34.0,15.0,11.0,35.0,12.0,13.0,33.0,38.0,53.0,32.0,30.0,18.0,24.0,11.0,25.0,23.0,160.0,17.0,29.0,50.0
20.25,58.0,44.0,48.0,50.0,51.0,145.0,36.0,63.0,50.0,58.0,56.0,100.0,243.0,167.0,112.0,38.0,58.0,30.0,32.0,32.0,34.0,21.0,31.0,114.0,65.0,32.0,43.0,47.0,50.0,42.0,218.0,29.0,220.0,48.0,34.0,49.0,239.0,28.0,38.0,31.0,29.0,50.0,68.0,38.0,17.0,23.0,14.0,34.0,43.0,29.0,23.0,26.0,243.0,11.0,19.0,18.0,145.0,13.0,11.0,54.0,288.0,34.0,208.0,25.0,39.0,32.0,26.0,19.0,40.0,38.0,22.0,44.0,35.0,51.0,20.0,21.0,33.0,13.0,11.0,36.0,13.0,12.0,31.0,37.0,52.0,33.0,30.0,21.0,23.0,11.0,23.0,23.0,160.0,16.0,28.0,50.0
20.5,59.0,47.0,48.0,53.0,52.0,150.0,36.0,65.0,51.0,59.0,55.0,99.0,248.0,168.0,116.0,41.0,60.0,32.0,33.0,34.0,36.0,21.0,34.0,114.0,66.0,32.0,42.0,48.0,52.0,40.0,217.0,31.0,222.0,48.0,35.0,52.0,240.0,29.0,38.0,32.0,29.0,50.0,69.0,38.0,20.0,27.0,16.0,34.0,43.0,29.0,22.0,23.0,245.0,11.0,21.0,21.0,146.0,13.0,11.0,53.0,289.0,36.0,208.0,24.0,40.0,34.0,26.0,20.0,39.0,41.0,21.0,44.0,36.0,48.0,22.0,21.0,34.0,13.0,11.0,34.0,14.0,11.0,32.0,39.0,50.0,33.0,31.0,22.0,27.0,11.0,23.0,24.0,163.0,18.0,30.0,50.0
20.75,56.0,43.0,44.0,48.0,49.0,145.0,34.0,62.0,52.0,59.0,54.0,98.0,245.0,168.0,118.0,38.0,55.0,31.0,31.0,31.0,35.0,22.0,33.0,114.0,65.0,30.0,40.0,46.0,47.0,40.0,219.0,28.0,222.0,45.0,33.0,48.0,240.0,27.0,33.0,32.0,26.0,47.0,66.0,36.0,17.0,26.0,15.0,31.0,41.0,29.0,22.0,23.0,246.0,11.0,19.0,19.0,152.0,14.0,11.0,54.0,290.0,33.0,209.0,23.0,41.0,32.0,26.0,20.0,39.0,41.0,21.0,43.0,31.0,50.0,19.0,21.0,32.0,12.0,11.0,33.0,11.0,14.0,33.0,39.0,51.0,31.0,32.0,20.0,23.0,11.0,23.0,22.0,166.0,16.0,28.0,52.0
21.0,59.0,45.0,49.0,52.0,52.0,148.0,36.0,64.0,53.0,59.0,55.0,98.0,250.0,170.0,123.0,43.0,58.0,32.0,33.0,32.0,36.0,21.0,34.0,115.0,72.0,33.0,40.0,48.0,50.0,39.0,221.0,29.0,226.0,47.0,33.0,50.0,242.0,29.0,40.0,33.0,28.0,50.0,70.0,36.0,17.0,26.0,16.0,34.0,43.0,30.0,25.0,25.0,246.0,11.0,21.0,20.0,151.0,14.0,11.0,52.0,291.0,33.0,212.0,25.0,40.0,32.0,25.0,20.0,41.0,40.0,23.0,45.0,36.0,51.0,19.0,21.0,33.0,13.0,11.0,35.0,13.0,12.0,34.0,36.0,50.0,32.0,32.0,21.0,23.0,11.0,23.0,22.0,167.0,18.0,31.0,52.0
21.25,54.0,40.0,47.0,46.0,47.0,142.0,35.0,60.0,51.0,60.0,53.0,97.0,246.0,168.0,121.0,36.0,55.0,28.0,29.0,29.0,32.0,20.0,33.0,113.0,66.0,30.0,36.0,44.0,47.0,38.0,222.0,26.0,224.0,46.0,32.0,48.0,242.0,25.0,33.0,28.0,26.0,44.0,63.0,34.0,17.0,24.0,14.0,31.0,41.0,28.0,20.0,21.0,247.0,11.0,19.0,17.0,155.0,13.0,11.0,53.0,292.0,31.0,212.0,22.0,37.0,31.0,23.0,19.0,38.0,37.0,19.0,42.0,30.0,49.0,16.0,19.0,30.0,12.0,11.0,34.0,11.0,12.0,32.0,36.0,47.0,28.0,26.0,18.0,21.0,11.0,22.0,21.0,169.0,13.0,27.0,50.0
21.5,57.0,45.0,47.0,50.0,53.0,146.0,37.0,63.0,52.0,60.0,55.0,100.0,250.0,175.0,129.0,40.0,59.0,31.0,32.0,31.0,35.0,18.0,33.0,114.0,74.0,32.0,41.0,46.0,49.0,41.0,224.0,30.0,225.0,46.0,33.0,51.0,244.0,27.0,37.0,34.0,28.0,48.0,67.0,36.0,19.0,25.0,14.0,30.0,43.0,29.0,23.0,23.0,249.0,11.0,21.0,20.0,156.0,12.0,11.0,55.0,294.0,34.0,214.0,26.0,40.0,31.0,24.0,20.0,40.0,39.0,21.0,43.0,34.0,48.0,20.0,22.0,34.0,12.0,11.0,33.0,12.0,12.0,33.0,37.0,50.0,31.0,31.0,18.0,23.0,11.0,25.0,22.0,172.0,16.0,31.0,50.0
21.75,56.0,43.0,47.0,50.0,51.0,146.0,38.0,64.0,54.0,60.0,55.0,102.0,249.0,174.0,128.0,40.0,58.0,32.0,31.0,34.0,36.0,21.0,34.0,114.0,72.0,30.0,39.0,46.0,49.0,41.0,225.0,29.0,226.0,46.0,32.0,50.0,245.0,28.0,36.0,31.0,28.0,47.0,66.0,38.0,18.0,26.0,15.0,35.0,43.0,29.0,24.0,25.0,249.0,11.0,22.0,21.0,161.0,13.0,11.0,54.0,294.0,33.0,215.0,25.0,41.0,32.0,25.0,21.0,38.0,41.0,22.0,43.0,31.0,48.0,20.0,23.0,34.0,12.0,11.0,37.0,12.0,14.0,33.0,38.0,52.0,30.0,31.0,24.0,23.0,11.0,25.0,25.0,178.0,16.0,31.0,51.0
22.0,55.0,43.0,47.0,48.0,50.0,144.0,36.0,63.0,53.0,61.0,54.0,100.0,251.0,175.0,131.0,36.0,57.0,32.0,31.0,31.0,37.0,22.0,34.0,116.0,75.0,30.0,39.0,46.0,48.0,39.0,226.0,29.0,226.0,46.0,33.0,50.0,245.0,27.0,34.0,32.0,27.0,48.0,63.0,37.0,19.0,25.0,15.0,34.0,43.0,28.0,21.0,25.0,249.0,11.0,20.0,20.0,163.0,12.0,11.0,54.0,294.0,32.0,216.0,22.0,38.0,31.0,23.0,21.0,38.0,40.0,22.0,43.0,32.0,50.0,17.0,21.0,33.0,13.0,12.0,34.0,12.0,14.0,32.0,38.0,50.0,30.0,29.0,19.0,23.0,11.0,25.0,23.0,179.0,19.0,31.0,51.0
22.25,56.0,47.0,49.0,52.0,52.0,149.0,35.0,64.0,52.0,59.0,55.0,99.0,252.0,178.0,136.0,40.0,59.0,33.0,33.0,32.0,37.0,19.0,34.0,113.0,85.0,31.0,41.0,47.0,52.0,39.0,229.0,30.0,228.0,46.0,33.0,52.0,245.0,29.0,37.0,35.0,30.0,50.0,67.0,39.0,17.0,27.0,17.0,33.0,45.0,29.0,25.0,24.0,249.0,11.0,20.0,18.0,160.0,13.0,11.0,52.0,297.0,34.0,219.0,26.0,40.0,34.0,26.0,20.0,39.0,42.0,22.0,43.0,36.0,51.0,20.0,24.0,33.0,13.0,12.0,32.0,13.0,13.0,32.0,37.0,52.0,31.0,31.0,23.0,24.0,11.0,25.0,23.0,181.0,17.0,32.0,51.0
22.5,61.0,49.0,51.0,53.0,55.0,150.0,38.0,66.0,52.0,61.0,56.0,100.0,255.0,180.0,142.0,44.0,60.0,34.0,34.0,34.0,38.0,22.0,34.0,112.0,92.0,33.0,42.0,48.0,54.0,44.0,231.0,33.0,230.0,49.0,35.0,53.0,247.0,29.0,39.0,38.0,29.0,52.0,70.0,38.0,18.0,28.0,16.0,35.0,46.0,30.0,26.0,26.0,252.0,11.0,23.0,21.0,163.0,14.0,11.0,54.0,298.0,36.0,220.0,27.0,43.0,34.0,28.0,22.0,42.0,41.0,24.0,43.0,36.0,52.0,21.0,22.0,36.0,15.0,11.0,34.0,13.0,14.0,32.0,38.0,53.0,34.0,33.0,23.0,25.0,11.0,26.0,25.0,186.0,19.0,32.0,52.0
22.75,60.0,47.0,48.0,53.0,55.0,149.0,38.0,63.0,54.0,62.0,54.0,102.0,253.0,181.0,144.0,41.0,59.0,34.0,31.0,35.0,38.0,21.0,34.0,115.0,93.0,32.0,39.0,51.0,53.0,42.0,232.0,31.0,231.0,47.0,34.0,52.0,249.0,30.0,38.0,34.0,29.0,49.0,67.0,37.0,18.0,26.0,15.0,34.0,46.0,29.0,23.0,26.0,252.0,11.0,23.0,20.0,168.0,14.0,11.0,54.0,299.0,34.0,223.0,25.0,43.0,32.0,25.0,21.0,39.0,43.0,22.0,44.0,36.0,50.0,20.0,23.0,35.0,13.0,11.0,34.0,12.0,13.0,32.0,36.0,52.0,31.0,31.0,20.0,22.0,11.0,25.0,23.0,191.0,15.0,30.0,51.0
23.0,57.0,48.0,50.0,51.0,53.0,149.0,35.0,63.0,53.0,58.0,56.0,100.0,255.0,182.0,147.0,40.0,59.0,32.0,34.0,33.0,39.0,19.0,33.0,112.0,99.0,30.0,42.0,48.0,53.0,43.0,233.0,31.0,234.0,47.0,35.0,52.0,249.0,30.0,39.0,36.0,29.0,50.0,70.0,36.0,18.0,25.0,14.0,33.0,44.0,31.0,24.0,26.0,252.0,11.0,20.0,21.0,168.0,16.0,11.0,54.0,298.0,34.0,221.0,24.0,41.0,34.0,25.0,20.0,40.0,40.0,22.0,42.0,35.0,53.0,21.0,22.0,34.0,12.0,12.0,34.0,11.0,13.0,33.0,35.0,52.0,35.0,32.0,22.0,23.0,11.0,22.0,24.0,193.0,15.0,30.0,49.0
23.25,58.0,42.0,48.0,49.0,52.0,146.0,34.0,61.0,51.0,58.0,52.0,98.0,254.0,179.0,146.0,38.0,56.0,30.0,31.0,32.0,35.0,22.0,34.0,114.0,98.0,27.0,38.0,47.0,48.0,40.0,232.0,29.0,233.0,46.0,34.0,49.0,250.0,25.0,35.0,32.0,27.0,48.0,65.0,37.0,19.0,25.0,14.0,32.0,42.0,32.0,22.0,24.0,254.0,11.0,21.0,19.0,170.0,12.0,11.0,53.0,298.0,33.0,222.0,24.0,40.0,30.0,24.0,21.0,40.0,40.0,21.0,41.0,33.0,52.0,18.0,20.0,32.0,12.0,11.0,35.0,11.0,12.0,33.0,37.0,50.0,29.0,29.0,18.0,21.0,11.0,24.0,23.0,197.0,16.0,29.0,51.0
23.5,57.0,45.0,48.0,49.0,51.0,147.0,35.0,61.0,52.0,61.0,52.0,99.0,256.0,183.0,152.0,40.0,59.0,32.0,30.0,32.0,37.0,22.0,33.0,112.0,101.0,30.0,38.0,48.0,51.0,40.0,235.0,29.0,235.0,47.0,34.0,53.0,252.0,29.0,35.0,32.0,28.0,48.0,68.0,37.0,16.0,24.0,16.0,32.0,43.0,32.0,24.0,25.0,254.0,11.0,20.0,20.0,173.0,13.0,11.0,54.0,297.0,33.0,226.0,23.0,41.0,32.0,25.0,22.0,39.0,39.0,21.0,41.0,32.0,51.0,19.0,22.0,33.0,13.0,11.0,32.0,13.0,11.0,33.0,36.0,50.0,32.0,30.0,19.0,23.0,11.0,25.0,22.0,199.0,16.0,30.0,50.0
23.75,56.0,45.0,48.0,48.0,50.0,145.0,34.0,60.0,53.0,59.0,54.0,98.0,255.0,182.0,153.0,38.0,53.0,30.0,30.0,31.0,36.0,19.0,32.0,113.0,101.0,31.0,36.0,46.0,47.0,40.0,235.0,29.0,235.0,44.0,33.0,48.0,253.0,28.0,32.0,30.0,26.0,46.0,62.0,36.0,17.0,24.0,14.0,32.0,44.0,28.0,22.0,21.0,252.0,11.0,21.0,19.0,175.0,12.0,11.0,51.0,298.0,33.0,224.0,23.0,39.0,31.0,24.0,20.0,39.0,39.0,22.0,41.0,30.0,51.0,19.0,21.0,33.0,12.0,11.0,34.0,12.0,12.0,32.0,36.0,51.0,32.0,30.0,20.0,23.0,11.0,25.0,23.0,204.0,15.0,29.0,49.0
24.0,57.0,48.0,50.0,50.0,53.0,148.0,34.0,62.0,53.0,61.0,54.0,100.0,258.0,187.0,157.0,40.0,61.0,32.0,33.0,33.0,36.0,22.0,33.0,113.0,111.0,32.0,39.0,46.0,51.0,43.0,238.0,31.0,239.0,47.0,34.0,50.0,254.0,30.0,36.0,35.0,29.0,50.0,64.0,38.0,17.0,26.0,15.0,33.0,43.0,31.0,23.0,24.0,254.0,11.0,22.0,21.0,176.0,16.0,11.0,54.0,299.0,34.0,228.0,25.0,40.0,31.0,26.0,22.0,39.0,41.0,22.0,42.0,33.0,53.0,21.0,23.0,35.0,14.0,12.0,35.0,15.0,14.0,33.0,38.0,52.0,33.0,30.0,20.0,23.0,11.0,25.0,25.0,206.0,18.0,30.0,52.0
24.25,54.0,45.0,47.0,48.0,51.0,143.0,35.0,58.0,51.0,57.0,53.0,97.0,256.0,186.0,158.0,37.0,55.0,29.0,32.0,32.0,34.0,20.0,31.0,113.0,111.0,28.0,36.0,45.0,48.0,40.0,237.0,29.0,236.0,44.0,33.0,48.0,254.0,27.0,33.0,32.0,27.0,46.0,62.0,36.0,16.0,24.0,13.0,32.0,41.0,30.0,21.0,22.0,253.0,11.0,21.0,18.0,179.0,12.0,11.0,53.0,301.0,33.0,228.0,22.0,40.0,30.0,24.0,19.0,38.0,38.0,20.0,41.0,30.0,51.0,18.0,21.0,34.0,11.0,11.0,33.0,11.0,12.0,31.0,35.0,51.0,28.0,30.0,21.0,23.0,11.0,25.0,20.0,209.0,15.0,29.0,50.0
24.5,57.0,47.0,49.0,49.0,52.0,143.0,35.0,59.0,51.0,58.0,55.0,99.0,256.0,188.0,161.0,39.0,57.0,32.0,33.0,33.0,40.0,21.0,34.0,113.0,115.0,31.0,37.0,47.0,48.0,42.0,239.0,30.0,239.0,47.0,34.0,50.0,258.0,29.0,35.0,32.0,30.0,48.0,63.0,37.0,19.0,26.0,14.0,33.0,44.0,34.0,25.0,25.0,255.0,11.0,20.0,21.0,181.0,16.0,11.0,53.0,301.0,33.0,228.0,27.0,41.0,31.0,26.0,22.0,41.0,40.0,23.0,41.0,33.0,53.0,21.0,24.0,35.0,14.0,12.0,36.0,13.0,15.0,34.0,38.0,52.0,32.0,32.0,22.0,24.0,11.0,27.0,25.0,214.0,19.0,33.0,53.0
24.75,59.0,49.0,50.0,51.0,51.0,148.0,35.0,60.0,48.0,59.0,53.0,100.0,260.0,188.0,166.0,39.0,59.0,32.0,31.0,33.0,37.0,20.0,31.0,112.0,123.0,30.0,38.0,48.0,49.0,41.0,241.0,30.0,241.0,47.0,33.0,48.0,259.0,30.0,38.0,33.0,28.0,50.0,65.0,36.0,17.0,24.0,14.0,31.0,43.0,30.0,22.0,24.0,256.0,11.0,20.0,22.0,181.0,13.0,11.0,52.0,301.0,34.0,229.0,25.0,40.0,31.0,26.0,22.0,40.0,40.0,20.0,40.0,34.0,50.0,20.0,22.0,35.0,13.0,11.0,35.0,11.0,12.0,30.0,37.0,52.0,32.0,31.0,22.0,24.0,11.0,24.0,23.0,215.0,17.0,27.0,49.0
25.0,58.0,47.0,48.0,50.0,53.0,146.0,35.0,58.0,53.0,59.0,55.0,100.0,259.0,189.0,167.0,40.0,58.0,32.0,33.0,34.0,37.0,21.0,34.0,113.0,123.0,31.0,37.0,47.0,47.0,44.0,240.0,30.0,241.0,48.0,34.0,48.0,258.0,28.0,34.0,31.0,28.0,47.0,62.0,38.0,19.0,26.0,16.0,34.0,46.0,30.0,23.0,24.0,255.0,11.0,20.0,21.0,186.0,15.0,11.0,54.0,302.0,33.0,230.0,25.0,41.0,30.0,25.0,21.0,40.0,41.0,22.0,41.0,33.0,52.0,20.0,23.0,35.0,14.0,11.0,35.0,13.0,14.0,33.0,37.0,54.0,33.0,31.0,21.0,25.0,11.0,24.0,24.0,218.0,18.0,33.0,52.0
25.25,61.0,50.0,50.0,54.0,56.0,151.0,36.0,62.0,54.0,62.0,55.0,101.0,262.0,192.0,174.0,42.0,60.0,35.0,37.0,37.0,40.0,23.0,35.0,117.0,134.0,33.0,42.0,48.0,53.0,45.0,245.0,32.0,245.0,50.0,36.0,53.0,261.0,30.0,39.0,36.0,30.0,51.0,67.0,41.0,19.0,29.0,17.0,36.0,46.0,32.0,25.0,28.0,258.0,11.0,24.0,24.0,185.0,17.0,11.0,55.0,304.0,35.0,234.0,25.0,43.0,35.0,27.0,22.0,42.0,43.0,25.0,41.0,38.0,53.0,23.0,23.0,35.0,15.0,11.0,36.0,14.0,14.0,32.0,38.0,52.0,36.0,33.0,23.0,25.0,12.0,27.0,25.0,219.0,19.0,32.0,54.0
25.5,58.0,44.0,48.0,49.0,50.0,145.0,35.0,58.0,53.0,60.0,54.0,99.0,259.0,192.0,170.0,37.0,55.0,32.0,31.0,35.0,38.0,21.0,34.0,113.0,128.0,30.0,37.0,48.0,46.0,42.0,242.0,30.0,242.0,47.0,33.0,50.0,260.0,31.0,32.0,32.0,29.0,46.0,61.0,38.0,19.0,25.0,15.0,33.0,44.0,29.0,22.0,26.0,258.0,11.0,21.0,20.0,187.0,13.0,11.0,53.0,302.0,34.0,231.0,26.0,41.0,32.0,27.0,21.0,38.0,40.0,22.0,41.0,32.0,51.0,19.0,23.0,34.0,13.0,11.0,34.0,12.0,12.0,31.0,37.0,50.0,29.0,31.0,20.0,22.0,11.0,25.0,23.0,223.0,17.0,31.0,51.0
25.75,64.0,53.0,55.0,56.0,59.0,153.0,38.0,64.0,55.0,62.0,58.0,104.0,264.0,197.0,180.0,42.0,65.0,33.0,37.0,37.0,43.0,26.0,35.0,114.0,140.0,35.0,44.0,53.0,56.0,48.0,248.0,35.0,247.0,52.0,39.0,56.0,263.0,34.0,39.0,39.0,33.0,53.0,70.0,42.0,23.0,29.0,19.0,37.0,46.0,33.0,28.0,28.0,259.0,12.0,27.0,25.0,191.0,18.0,12.0,58.0,305.0,37.0,237.0,28.0,46.0,36.0,30.0,25.0,42.0,45.0,26.0,44.0,38.0,56.0,25.0,27.0,40.0,17.0,13.0,39.0,17.0,18.0,35.0,42.0,54.0,36.0,38.0,26.0,28.0,12.0,29.0,27.0,226.0,22.0,34.0,56.0
26.0,57.0,48.0,51.0,49.0,52.0,146.0,35.0,56.0,52.0,57.0,54.0,100.0,260.0,191.0,177.0,39.0,57.0,32.0,32.0,33.0,40.0,22.0,32.0,113.0,137.0,32.0,37.0,47.0,48.0,41.0,246.0,30.0,245.0,48.0,35.0,50.0,262.0,28.0,34.0,33.0,30.0,47.0,62.0,39.0,18.0,27.0,13.0,33.0,45.0,30.0,24.0,24.0,256.0,11.0,24.0,21.0,192.0,15.0,11.0,54.0,305.0,33.0,233.0,25.0,41.0,33.0,27.0,24.0,40.0,41.0,21.0,41.0,34.0,52.0,19.0,24.0,35.0,14.0,12.0,34.0,13.0,14.0,32.0,39.0,51.0,33.0,31.0,21.0,25.0,11.0,25.0,25.0,228.0,17.0,32.0,52.0
26.25,58.0,47.0,50.0,50.0,51.0,143.0,38.0,59.0,56.0,62.0,56.0,102.0,262.0,195.0,181.0,42.0,57.0,33.0,32.0,34.0,41.0,24.0,36.0,115.0,138.0,34.0,38.0,48.0,47.0,43.0,246.0,32.0,245.0,48.0,35.0,51.0,264.0,30.0,33.0,30.0,32.0,46.0,59.0,38.0,21.0,28.0,17.0,36.0,46.0,32.0,25.0,25.0,259.0,11.0,22.0,22.0,195.0,18.0,11.0,55.0,304.0,35.0,235.0,26.0,42.0,33.0,27.0,24.0,41.0,43.0,22.0,41.0,36.0,52.0,21.0,25.0,35.0,16.0,12.0,36.0,15.0,13.0,35.0,37.0,54.0,32.0,32.0,19.0,27.0,11.0,27.0,29.0,230.0,18.0,32.0,53.0
26.5,57.0,46.0,49.0,51.0,50.0,144.0,35.0,55.0,54.0,59.0,53.0,100.0,263.0,194.0,180.0,40.0,55.0,33.0,32.0,32.0,39.0,22.0,34.0,114.0,140.0,32.0,34.0,49.0,47.0,40.0,246.0,29.0,246.0,46.0,34.0,50.0,264.0,29.0,33.0,33.0,30.0,47.0,59.0,35.0,19.0,27.0,16.0,35.0,45.0,33.0,23.0,25.0,259.0,11.0,22.0,20.0,195.0,13.0,11.0,54.0,303.0,35.0,236.0,26.0,40.0,32.0,26.0,21.0,41.0,41.0,21.0,41.0,32.0,53.0,20.0,24.0,33.0,15.0,11.0,35.0,15.0,14.0,32.0,37.0,52.0,32.0,32.0,19.0,24.0,11.0,25.0,24.0,233.0,18.0,30.0,51.0
26.75,57.0,47.0,52.0,49.0,51.0,145.0,37.0,58.0,57.0,63.0,55.0,102.0,262.0,196.0,185.0,40.0,56.0,33.0,31.0,32.0,38.0,22.0,33.0,115.0,141.0,32.0,36.0,46.0,47.0,43.0,247.0,31.0,247.0,47.0,38.0,51.0,264.0,27.0,34.0,29.0,28.0,46.0,57.0,36.0,19.0,26.0,16.0,35.0,45.0,30.0,24.0,23.0,260.0,11.0,22.0,22.0,196.0,12.0,11.0,54.0,304.0,36.0,237.0,25.0,42.0,31.0,26.0,21.0,39.0,43.0,20.0,41.0,32.0,53.0,19.0,24.0,35.0,15.0,11.0,35.0,14.0,14.0,32.0,38.0,53.0,33.0,32.0,22.0,25.0,11.0,27.0,26.0,234.0,18.0,33.0,51.0
27.0,56.0,47.0,48.0,50.0,50.0,146.0,37.0,58.0,55.0,62.0,54.0,100.0,263.0,194.0,183.0,38.0,56.0,32.0,32.0,33.0,37.0,23.0,36.0,117.0,146.0,31.0,37.0,49.0,47.0,41.0,248.0,32.0,248.0,48.0,34.0,51.0,265.0,30.0,30.0,31.0,28.0,46.0,56.0,35.0,18.0,25.0,18.0,35.0,46.0,30.0,24.0,25.0,261.0,11.0,21.0,20.0,199.0,15.0,11.0,56.0,306.0,34.0,238.0,25.0,41.0,32.0,25.0,21.0,39.0,42.0,22.0,40.0,34.0,52.0,20.0,24.0,36.0,15.0,11.0,33.0,15.0,12.0,32.0,39.0,54.0,32.0,32.0,19.0,23.0,11.0,26.0,25.0,236.0,16.0,32.0,52.0
27.25,59.0,48.0,51.0,51.0,53.0,143.0,37.0,57.0,57.0,62.0,57.0,100.0,264.0,198.0,187.0,40.0,56.0,32.0,32.0,34.0,40.0,22.0,34.0,115.0,147.0,34.0,38.0,48.0,46.0,44.0,250.0,32.0,251.0,48.0,35.0,51.0,266.0,30.0,34.0,31.0,29.0,49.0,58.0,36.0,19.0,28.0,14.0,38.0,47.0,33.0,24.0,24.0,261.0,11.0,23.0,22.0,200.0,15.0,11.0,57.0,307.0,36.0,239.0,27.0,42.0,33.0,27.0,22.0,41.0,42.0,20.0,40.0,36.0,53.0,20.0,25.0,37.0,14.0,12.0,35.0,14.0,15.0,34.0,40.0,57.0,35.0,33.0,20.0,26.0,11.0,26.0,26.0,237.0,20.0,34.0,53.0
27.5,58.0,49.0,52.0,51.0,53.0,145.0,37.0,56.0,57.0,61.0,55.0,102.0,264.0,197.0,191.0,41.0,58.0,34.0,34.0,35.0,40.0,24.0,34.0,114.0,152.0,33.0,39.0,49.0,46.0,43.0,251.0,32.0,251.0,47.0,35.0,50.0,267.0,31.0,34.0,34.0,31.0,46.0,59.0,37.0,18.0,29.0,16.0,35.0,45.0,34.0,25.0,26.0,262.0,11.0,22.0,21.0,202.0,16.0,12.0,56.0,305.0,36.0,240.0,27.0,42.0,31.0,28.0,23.0,41.0,43.0,23.0,41.0,37.0,53.0,23.0,25.0,36.0,15.0,12.0,36.0,14.0,15.0,34.0,39.0,53.0,36.0,33.0,23.0,24.0,11.0,29.0,25.0,238.0,19.0,32.0,52.0
27.75,58.0,50.0,52.0,52.0,53.0,147.0,35.0,57.0,54.0,61.0,53.0,100.0,267.0,200.0,191.0,40.0,57.0,34.0,34.0,34.0,41.0,22.0,34.0,114.0,159.0,33.0,38.0,48.0,51.0,42.0,250.0,33.0,252.0,47.0,36.0,53.0,268.0,31.0,34.0,34.0,30.0,50.0,59.0,38.0,19.0,28.0,19.0,33.0,47.0,32.0,25.0,26.0,262.0,11.0,21.0,21.0,202.0,15.0,11.0,54.0,306.0,35.0,242.0,27.0,43.0,32.0,28.0,21.0,41.0,44.0,20.0,41.0,34.0,53.0,21.0,24.0,35.0,13.0,11.0,34.0,13.0,13.0,34.0,37.0,51.0,34.0,32.0,22.0,26.0,11.0,24.0,26.0,238.0,17.0,34.0,51.0
28.0,62.0,51.0,51.0,54.0,55.0,151.0,37.0,60.0,55.0,59.0,56.0,102.0,268.0,202.0,194.0,43.0,60.0,33.0,36.0,35.0,44.0,23.0,34.0,115.0,165.0,32.0,40.0,51.0,52.0,44.0,253.0,34.0,254.0,49.0,37.0,53.0,269.0,30.0,38.0,37.0,34.0,50.0,66.0,41.0,19.0,28.0,18.0,35.0,46.0,33.0,27.0,27.0,263.0,11.0,22.0,23.0,202.0,15.0,11.0,55.0,306.0,33.0,242.0,27.0,44.0,34.0,27.0,23.0,42.0,42.0,23.0,40.0,36.0,53.0,21.0,25.0,39.0,14.0,12.0,36.0,15.0,14.0,35.0,40.0,51.0,34.0,32.0,23.0,23.0,12.0,28.0,25.0,241.0,19.0,36.0,55.0
28.25,61.0,52.0,52.0,54.0,54.0,150.0,37.0,59.0,53.0,61.0,55.0,100.0,269.0,203.0,196.0,41.0,60.0,33.0,36.0,36.0,43.0,22.0,35.0,114.0,166.0,32.0,40.0,52.0,50.0,44.0,252.0,31.0,255.0,48.0,36.0,55.0,269.0,30.0,38.0,37.0,31.0,51.0,63.0,40.0,19.0,27.0,17.0,34.0,47.0,34.0,28.0,27.0,264.0,11.0,24.0,20.0,205.0,16.0,11.0,55.0,307.0,35.0,242.0,28.0,42.0,33.0,27.0,22.0,42.0,43.0,22.0,42.0,35.0,54.0,22.0,23.0,37.0,13.0,13.0,35.0,14.0,14.0,35.0,39.0,51.0,34.0,33.0,24.0,26.0,11.0,26.0,25.0,242.0,19.0,32.0,53.0
28.5,61.0,52.0,52.0,54.0,55.0,150.0,35.0,59.0,53.0,62.0,54.0,103.0,270.0,204.0,198.0,41.0,59.0,33.0,33.0,36.0,41.0,23.0,34.0,113.0,172.0,35.0,39.0,51.0,53.0,44.0,252.0,32.0,255.0,50.0,35.0,53.0,271.0,32.0,39.0,38.0,31.0,49.0,62.0,38.0,19.0,26.0,18.0,35.0,48.0,32.0,25.0,27.0,265.0,11.0,24.0,21.0,204.0,16.0,11.0,55.0,308.0,33.0,243.0,26.0,44.0,33.0,28.0,23.0,40.0,44.0,23.0,39.0,37.0,55.0,24.0,25.0,36.0,13.0,12.0,34.0,14.0,13.0,33.0,38.0,52.0,36.0,32.0,22.0,24.0,11.0,24.0,24.0,241.0,18.0,29.0,51.0
28.75,60.0,48.0,52.0,53.0,54.0,150.0,35.0,57.0,52.0,61.0,53.0,102.0,269.0,204.0,199.0,40.0,58.0,34.0,35.0,35.0,42.0,21.0,34.0,114.0,171.0,33.0,39.0,50.0,49.0,42.0,253.0,31.0,257.0,49.0,34.0,54.0,270.0,30.0,36.0,36.0,31.0,49.0,61.0,39.0,19.0,26.0,17.0,33.0,45.0,33.0,24.0,24.0,263.0,11.0,22.0,21.0,205.0,16.0,11.0,55.0,308.0,34.0,243.0,24.0,42.0,32.0,27.0,22.0,40.0,43.0,22.0,40.0,35.0,52.0,23.0,23.0,36.0,13.0,11.0,36.0,13.0,13.0,33.0,39.0,52.0,33.0,31.0,21.0,24.0,11.0,26.0,26.0,244.0,20.0,33.0,52.0
29.0,58.0,48.0,49.0,49.0,52.0,146.0,32.0,54.0,53.0,59.0,53.0,100.0,268.0,201.0,198.0,38.0,57.0,32.0,31.0,31.0,38.0,21.0,33.0,112.0,170.0,30.0,35.0,47.0,49.0,41.0,252.0,29.0,255.0,48.0,34.0,51.0,269.0,29.0,33.0,35.0,28.0,46.0,58.0,38.0,18.0,25.0,13.0,32.0,44.0,32.0,24.0,24.0,263.0,11.0,22.0,21.0,207.0,14.0,11.0,54.0,307.0,33.0,241.0,25.0,41.0,31.0,27.0,20.0,39.0,41.0,21.0,38.0,32.0,52.0,18.0,24.0,33.0,15.0,11.0,35.0,12.0,11.0,33.0,39.0,51.0,31.0,28.0,20.0,23.0,11.0,25.0,24.0,245.0,17.0,31.0,52.0
29.25,60.0,53.0,54.0,54.0,55.0,151.0,36.0,59.0,56.0,63.0,56.0,102.0,270.0,205.0,202.0,42.0,60.0,34.0,37.0,36.0,42.0,21.0,34.0,115.0,175.0,34.0,41.0,53.0,52.0,45.0,256.0,35.0,258.0,48.0,36.0,55.0,272.0,33.0,38.0,37.0,31.0,49.0,63.0,39.0,19.0,27.0,17.0,35.0,47.0,33.0,27.0,26.0,267.0,11.0,24.0,22.0,210.0,16.0,11.0,57.0,307.0,36.0,245.0,27.0,43.0,34.0,28.0,24.0,41.0,43.0,24.0,39.0,35.0,56.0,21.0,24.0,37.0,14.0,12.0,36.0,14.0,15.0,34.0,40.0,52.0,36.0,34.0,21.0,25.0,12.0,26.0,26.0,247.0,20.0,33.0,52.0
29.5,61.0,51.0,52.0,57.0,54.0,154.0,35.0,59.0,54.0,60.0,55.0,102.0,271.0,204.0,203.0,44.0,61.0,33.0,33.0,37.0,43.0,23.0,36.0,114.0,182.0,34.0,42.0,51.0,52.0,43.0,256.0,33.0,261.0,48.0,36.0,55.0,273.0,31.0,41.0,39.0,32.0,51.0,62.0,39.0,18.0,28.0,16.0,35.0,47.0,35.0,26.0,28.0,266.0,11.0,25.0,24.0,210.0,17.0,11.0,55.0,308.0,35.0,246.0,28.0,43.0,33.0,28.0,23.0,40.0,44.0,24.0,38.0,37.0,54.0,24.0,26.0,38.0,17.0,12.0,36.0,15.0,14.0,35.0,39.0,54.0,35.0,34.0,25.0,26.0,13.0,25.0,26.0,248.0,18.0,33.0,53.0
29.75,58.0,49.0,52.0,52.0,52.0,147.0,35.0,54.0,54.0,60.0,54.0,100.0,270.0,206.0,203.0,40.0,57.0,32.0,32.0,34.0,41.0,21.0,32.0,112.0,176.0,31.0,37.0,48.0,48.0,42.0,254.0,30.0,259.0,49.0,37.0,51.0,273.0,33.0,36.0,34.0,29.0,48.0,59.0,38.0,18.0,25.0,15.0,34.0,45.0,33.0,25.0,26.0,265.0,11.0,21.0,22.0,211.0,15.0,11.0,55.0,309.0,33.0,245.0,25.0,42.0,30.0,26.0,22.0,40.0,41.0,22.0,38.0,34.0,54.0,22.0,23.0,37.0,13.0,11.0,35.0,13.0,14.0,34.0,40.0,53.0,34.0,32.0,22.0,23.0,11.0,25.0,24.0,248.0,19.0,33.0,51.0
30.0,59.0,49.0,51.0,50.0,52.0,145.0,36.0,55.0,56.0,60.0,51.0,100.0,269.0,204.0,204.0,42.0,57.0,35.0,32.0,34.0,40.0,23.0,36.0,115.0,176.0,33.0,39.0,48.0,47.0,43.0,256.0,32.0,258.0,48.0,34.0,52.0,274.0,31.0,35.0,34.0,31.0,45.0,56.0,35.0,20.0,27.0,17.0,34.0,46.0,34.0,27.0,25.0,265.0,11.0,23.0,21.0,212.0,15.0,11.0,54.0,309.0,34.0,246.0,26.0,42.0,31.0,26.0,22.0,41.0,41.0,20.0,37.0,34.0,53.0,21.0,24.0,36.0,16.0,11.0,36.0,15.0,15.0,32.0,36.0,53.0,34.0,33.0,21.0,26.0,11.0,26.0,27.0,252.0,18.0,33.0,53.0
30.25,59.0,52.0,52.0,51.0,52.0,148.0,34.0,54.0,57.0,60.0,53.0,101.0,270.0,205.0,206.0,39.0,56.0,35.0,33.0,35.0,41.0,23.0,35.0,113.0,182.0,33.0,37.0,50.0,47.0,44.0,256.0,32.0,261.0,49.0,34.0,52.0,274.0,31.0,36.0,34.0,30.0,48.0,55.0,38.0,18.0,26.0,16.0,34.0,47.0,32.0,26.0,27.0,266.0,11.0,23.0,23.0,213.0,15.0,11.0,56.0,308.0,37.0,246.0,26.0,43.0,31.0,27.0,22.0,40.0,43.0,22.0,39.0,34.0,57.0,23.0,26.0,36.0,14.0,12.0,37.0,15.0,14.0,34.0,38.0,52.0,36.0,32.0,23.0,24.0,11.0,27.0,25.0,252.0,21.0,32.0,52.0
30.5,59.0,49.0,49.0,50.0,54.0,144.0,37.0,52.0,57.0,62.0,54.0,103.0,271.0,206.0,208.0,38.0,56.0,36.0,30.0,35.0,42.0,24.0,35.0,116.0,178.0,32.0,38.0,49.0,45.0,42.0,255.0,33.0,259.0,48.0,35.0,53.0,275.0,31.0,32.0,32.0,31.0,45.0,52.0,38.0,21.0,27.0,17.0,36.0,46.0,34.0,26.0,26.0,267.0,11.0,23.0,22.0,214.0,16.0,12.0,57.0,310.0,34.0,245.0,27.0,39.0,32.0,27.0,24.0,41.0,42.0,23.0,38.0,32.0,54.0,21.0,25.0,38.0,16.0,12.0,38.0,16.0,15.0,34.0,40.0,54.0,35.0,30.0,21.0,25.0,12.0,28.0,26.0,253.0,19.0,35.0,54.0
30.75,58.0,49.0,49.0,51.0,53.0,146.0,34.0,54.0,55.0,60.0,53.0,102.0,269.0,205.0,205.0,40.0,55.0,34.0,31.0,35.0,40.0,22.0,33.0,112.0,179.0,33.0,35.0,48.0,44.0,43.0,255.0,32.0,261.0,48.0,35.0,52.0,274.0,31.0,31.0,32.0,29.0,44.0,54.0,35.0,20.0,25.0,15.0,34.0,46.0,32.0,22.0,24.0,268.0,11.0,22.0,21.0,214.0,14.0,11.0,55.0,309.0,35.0,243.0,24.0,41.0,30.0,26.0,21.0,39.0,42.0,20.0,38.0,31.0,51.0,21.0,22.0,36.0,15.0,12.0,34.0,13.0,14.0,33.0,37.0,53.0,33.0,32.0,20.0,24.0,11.0,25.0,24.0,254.0,19.0,34.0,53.0
31.0,64.0,53.0,53.0,55.0,56.0,154.0,35.0,58.0,54.0,61.0,54.0,103.0,274.0,209.0,211.0,44.0,61.0,35.0,35.0,38.0,45.0,23.0,35.0,114.0,195.0,34.0,41.0,52.0,52.0,45.0,257.0,35.0,263.0,50.0,36.0,54.0,277.0,33.0,41.0,39.0,33.0,51.0,64.0,39.0,21.0,27.0,17.0,35.0,47.0,36.0,29.0,28.0,268.0,11.0,22.0,23.0,214.0,16.0,11.0,57.0,308.0,36.0,252.0,29.0,44.0,35.0,27.0,24.0,42.0,44.0,23.0,37.0,39.0,55.0,24.0,28.0,39.0,14.0,13.0,36.0,14.0,14.0,35.0,38.0,54.0,37.0,36.0,24.0,25.0,12.0,26.0,26.0,253.0,21.0,34.0,52.0
31.25,61.0,54.0,52.0,54.0,54.0,152.0,33.0,55.0,53.0,61.0,52.0,104.0,272.0,210.0,210.0,39.0,59.0,34.0,33.0,35.0,43.0,21.0,33.0,114.0,192.0,31.0,38.0,51.0,51.0,43.0,257.0,31.0,262.0,49.0,36.0,52.0,274.0,32.0,37.0,35.0,30.0,49.0,59.0,38.0,18.0,25.0,15.0,32.0,45.0,33.0,25.0,27.0,266.0,11.0,23.0,22.0,216.0,13.0,11.0,55.0,309.0,34.0,249.0,24.0,41.0,31.0,25.0,22.0,42.0,44.0,22.0,38.0,37.0,53.0,22.0,23.0,36.0,13.0,11.0,34.0,14.0,12.0,33.0,37.0,52.0,32.0,32.0,19.0,25.0,11.0,24.0,24.0,255.0,19.0,32.0,54.0
31.5,62.0,55.0,54.0,56.0,55.0,156.0,34.0,56.0,55.0,63.0,54.0,102.0,274.0,209.0,214.0,44.0,61.0,35.0,36.0,36.0,43.0,24.0,35.0,114.0,196.0,33.0,42.0,53.0,52.0,46.0,260.0,35.0,266.0,49.0,37.0,54.0,278.0,33.0,39.0,38.0,31.0,51.0,62.0,40.0,21.0,28.0,17.0,35.0,48.0,36.0,27.0,29.0,270.0,11.0,24.0,24.0,217.0,17.0,11.0,55.0,309.0,37.0,251.0,27.0,45.0,34.0,28.0,24.0,41.0,44.0,24.0,39.0,38.0,56.0,24.0,25.0,38.0,15.0,11.0,35.0,16.0,16.0,35.0,40.0,54.0,36.0,33.0,24.0,27.0,14.0,27.0,25.0,256.0,19.0,34.0,54.0
31.75,63.0,54.0,52.0,57.0,57.0,155.0,33.0,59.0,54.0,59.0,55.0,103.0,275.0,212.0,213.0,44.0,59.0,35.0,35.0,38.0,45.0,23.0,35.0,112.0,198.0,34.0,41.0,53.0,52.0,43.0,260.0,34.0,267.0,50.0,36.0,53.0,279.0,32.0,40.0,38.0,32.0,50.0,62.0,41.0,18.0,26.0,15.0,36.0,48.0,36.0,25.0,28.0,270.0,12.0,24.0,23.0,218.0,16.0,11.0,56.0,309.0,38.0,252.0,28.0,43.0,33.0,29.0,25.0,41.0,44.0,23.0,37.0,37.0,55.0,25.0,23.0,38.0,14.0,11.0,35.0,16.0,14.0,32.0,38.0,56.0,38.0,36.0,24.0,25.0,11.0,26.0,25.0,256.0,19.0,34.0,54.0
32.0,63.0,52.0,55.0,57.0,57.0,158.0,37.0,59.0,53.0,63.0,56.0,103.0,275.0,213.0,215.0,44.0,61.0,37.0,37.0,38.0,45.0,24.0,34.0,115.0,200.0,36.0,42.0,53.0,53.0,44.0,261.0,35.0,267.0,51.0,38.0,54.0,279.0,36.0,41.0,37.0,35.0,51.0,64.0,40.0,21.0,30.0,19.0,35.0,48.0,38.0,30.0,30.0,270.0,11.0,24.0,24.0,219.0,17.0,12.0,56.0,310.0,40.0,254.0,28.0,45.0,34.0,30.0,24.0,44.0,46.0,26.0,39.0,39.0,57.0,24.0,26.0,38.0,17.0,13.0,35.0,17.0,15.0,35.0,40.0,54.0,36.0,36.0,25.0,24.0,14.0,27.0,26.0,258.0,20.0,36.0,53.0
32.25,58.0,50.0,50.0,53.0,54.0,152.0,34.0,53.0,53.0,60.0,51.0,102.0,274.0,211.0,213.0,41.0,56.0,35.0,33.0,35.0,41.0,20.0,33.0,113.0,197.0,33.0,39.0,49.0,49.0,42.0,260.0,31.0,266.0,47.0,34.0,51.0,278.0,32.0,36.0,35.0,29.0,46.0,58.0,36.0,18.0,26.0,15.0,35.0,46.0,33.0,26.0,27.0,269.0,11.0,24.0,20.0,220.0,15.0,11.0,55.0,310.0,37.0,252.0,26.0,42.0,32.0,27.0,22.0,40.0,44.0,21.0,38.0,34.0,53.0,20.0,25.0,36.0,14.0,11.0,33.0,13.0,13.0,34.0,39.0,50.0,34.0,31.0,23.0,23.0,11.0,24.0,23.0,258.0,20.0,33.0,54.0
32.5,62.0,53.0,54.0,51.0,57.0,154.0,34.0,49.0,51.0,54.0,50.0,97.0,267.0,208.0,211.0,41.0,52.0,31.0,35.0,35.0,40.0,20.0,32.0,110.0,206.0,32.0,38.0,49.0,44.0,43.0,259.0,32.0,267.0,45.0,33.0,46.0,280.0,32.0,36.0,33.0,31.0,44.0,61.0,37.0,18.0,24.0,16.0,31.0,49.0,40.0,27.0,30.0,268.0,12.0,22.0,22.0,222.0,19.0,11.0,54.0,307.0,42.0,252.0,31.0,44.0,34.0,28.0,25.0,40.0,42.0,18.0,35.0,41.0,60.0,24.0,30.0,37.0,16.0,11.0,36.0,14.0,14.0,29.0,33.0,58.0,44.0,38.0,32.0,27.0,16.0,25.0,27.0,255.0,13.0,23.0,47.0
32.75,58.0,48.0,49.0,50.0,52.0,147.0,35.0,52.0,56.0,60.0,51.0,100.0,273.0,209.0,213.0,40.0,54.0,33.0,31.0,34.0,41.0,22.0,35.0,113.0,193.0,32.0,34.0,47.0,46.0,42.0,258.0,34.0,265.0,49.0,35.0,50.0,277.0,30.0,30.0,30.0,30.0,42.0,50.0,37.0,19.0,25.0,16.0,34.0,46.0,32.0,25.0,25.0,269.0,11.0,21.0,21.0,221.0,16.0,11.0,58.0,311.0,35.0,247.0,25.0,42.0,30.0,26.0,22.0,40.0,41.0,22.0,36.0,34.0,53.0,19.0,26.0,36.0,15.0,12.0,36.0,13.0,15.0,34.0,38.0,52.0,34.0,30.0,20.0,25.0,11.0,27.0,25.0,259.0,19.0,33.0,50.0
33.0,58.0,51.0,51.0,51.0,53.0,148.0,34.0,52.0,54.0,57.0,51.0,101.0,273.0,207.0,214.0,40.0,54.0,34.0,32.0,35.0,43.0,21.0,34.0,113.0,198.0,31.0,36.0,49.0,45.0,43.0,259.0,32.0,267.0,50.0,35.0,53.0,278.0,30.0,33.0,34.0,30.0,44.0,55.0,36.0,19.0,25.0,17.0,33.0,46.0,33.0,27.0,26.0,270.0,11.0,21.0,20.0,222.0,14.0,11.0,57.0,309.0,35.0,249.0,27.0,41.0,31.0,26.0,21.0,40.0,43.0,23.0,37.0,35.0,53.0,21.0,23.0,36.0,15.0,11.0,33.0,14.0,13.0,33.0,36.0,52.0,33.0,32.0,22.0,24.0,11.0,27.0,24.0,260.0,18.0,32.0,52.0
33.25,63.0,56.0,55.0,58.0,56.0,160.0,37.0,59.0,55.0,63.0,55.0,102.0,277.0,215.0,220.0,45.0,60.0,35.0,37.0,38.0,47.0,24.0,36.0,114.0,210.0,36.0,42.0,53.0,53.0,46.0,261.0,35.0,270.0,51.0,37.0,55.0,281.0,33.0,40.0,40.0,36.0,51.0,61.0,41.0,19.0,28.0,19.0,36.0,47.0,36.0,28.0,30.0,272.0,13.0,24.0,23.0,223.0,17.0,11.0,57.0,311.0,35.0,255.0,30.0,46.0,35.0,30.0,25.0,43.0,44.0,23.0,37.0,37.0,56.0,25.0,26.0,39.0,17.0,12.0,36.0,15.0,16.0,35.0,38.0,53.0,37.0,35.0,24.0,26.0,12.0,28.0,25.0,262.0,22.0,36.0,52.0
33.5,58.0,50.0,48.0,51.0,52.0,151.0,31.0,51.0,54.0,59.0,52.0,100.0,275.0,210.0,216.0,40.0,55.0,33.0,31.0,35.0,40.0,18.0,34.0,113.0,203.0,30.0,36.0,47.0,46.0,42.0,260.0,32.0,268.0,46.0,34.0,50.0,279.0,32.0,33.0,35.0,28.0,43.0,54.0,36.0,17.0,25.0,15.0,34.0,46.0,34.0,27.0,24.0,270.0,11.0,22.0,21.0,222.0,17.0,11.0,54.0,311.0,35.0,252.0,26.0,40.0,30.0,25.0,22.0,39.0,41.0,22.0,37.0,34.0,52.0,21.0,23.0,38.0,14.0,11.0,32.0,12.0,14.0,33.0,35.0,50.0,33.0,30.0,21.0,23.0,11.0,25.0,22.0,262.0,16.0,32.0,49.0
33.75,61.0,50.0,51.0,51.0,52.0,152.0,33.0,52.0,54.0,59.0,51.0,100.0,275.0,211.0,217.0,41.0,58.0,36.0,33.0,34.0,43.0,23.0,32.0,113.0,205.0,33.0,36.0,50.0,48.0,43.0,261.0,33.0,268.0,49.0,34.0,52.0,278.0,29.0,34.0,33.0,34.0,45.0,54.0,37.0,19.0,25.0,15.0,35.0,45.0,34.0,25.0,26.0,270.0,11.0,21.0,22.0,223.0,15.0,11.0,55.0,310.0,35.0,253.0,26.0,41.0,33.0,26.0,21.0,41.0,41.0,20.0,36.0,33.0,55.0,21.0,25.0,38.0,15.0,11.0,36.0,12.0,14.0,32.0,35.0,52.0,34.0,31.0,21.0,22.0,11.0,25.0,25.0,262.0,18.0,31.0,50.0
34.0,55.0,48.0,51.0,49.0,52.0,148.0,32.0,49.0,51.0,56.0,51.0,100.0,271.0,210.0,217.0,35.0,53.0,33.0,32.0,34.0,42.0,20.0,33.0,112.0,200.0,29.0,32.0,44.0,45.0,42.0,259.0,31.0,267.0,47.0,33.0,50.0,278.0,29.0,30.0,32.0,28.0,43.0,52.0,33.0,18.0,23.0,14.0,31.0,44.0,33.0,24.0,25.0,269.0,11.0,22.0,21.0,224.0,16.0,11.0,53.0,309.0,32.0,250.0,26.0,40.0,29.0,24.0,22.0,40.0,39.0,20.0,35.0,33.0,51.0,19.0,22.0,34.0,13.0,11.0,35.0,12.0,13.0,31.0,37.0,53.0,34.0,30.0,20.0,24.0,11.0,26.0,26.0,262.0,17.0,33.0,52.0
34.25,58.0,50.0,50.0,50.0,51.0,153.0,31.0,50.0,53.0,59.0,51.0,101.0,275.0,211.0,216.0,38.0,56.0,33.0,33.0,34.0,42.0,19.0,33.0,111.0,208.0,32.0,35.0,49.0,46.0,41.0,260.0,30.0,268.0,47.0,33.0,51.0,279.0,30.0,34.0,34.0,31.0,46.0,55.0,36.0,17.0,25.0,15.0,34.0,45.0,33.0,25.0,26.0,271.0,11.0,23.0,20.0,225.0,13.0,11.0,54.0,310.0,35.0,252.0,24.0,39.0,30.0,26.0,21.0,39.0,43.0,22.0,33.0,34.0,54.0,20.0,24.0,36.0,14.0,11.0,34.0,12.0,11.0,32.0,38.0,49.0,32.0,30.0,20.0,22.0,11.0,25.0,24.0,264.0,17.0,34.0,51.0
34.5,61.0,54.0,53.0,52.0,53.0,157.0,35.0,52.0,54.0,60.0,52.0,101.0,276.0,213.0,221.0,41.0,57.0,35.0,33.0,37.0,44.0,21.0,33.0,112.0,210.0,34.0,37.0,49.0,49.0,43.0,261.0,33.0,270.0,50.0,35.0,50.0,279.0,32.0,34.0,33.0,32.0,46.0,56.0,38.0,20.0,27.0,17.0,34.0,47.0,36.0,27.0,28.0,271.0,11.0,22.0,22.0,227.0,14.0,11.0,55.0,310.0,34.0,254.0,27.0,44.0,32.0,26.0,22.0,39.0,42.0,24.0,36.0,35.0,55.0,24.0,25.0,38.0,14.0,12.0,35.0,13.0,16.0,33.0,39.0,54.0,35.0,32.0,20.0,24.0,12.0,26.0,24.0,264.0,20.0,35.0,54.0
34.75,58.0,52.0,51.0,52.0,52.0,153.0,33.0,50.0,53.0,59.0,51.0,101.0,275.0,212.0,219.0,38.0,55.0,33.0,33.0,36.0,42.0,21.0,34.0,112.0,209.0,32.0,36.0,49.0,45.0,43.0,262.0,31.0,269.0,48.0,32.0,50.0,281.0,32.0,32.0,33.0,30.0,44.0,53.0,36.0,19.0,26.0,16.0,33.0,47.0,35.0,28.0,28.0,272.0,11.0,22.0,22.0,227.0,17.0,11.0,54.0,310.0,36.0,253.0,28.0,42.0,31.0,27.0,23.0,40.0,41.0,22.0,34.0,35.0,54.0,21.0,25.0,37.0,15.0,11.0,35.0,15.0,15.0,34.0,38.0,52.0,34.0,30.0,22.0,25.0,13.0,26.0,26.0,265.0,20.0,33.0,51.0
35.0,59.0,49.0,52.0,49.0,52.0,153.0,32.0,50.0,55.0,59.0,50.0,101.0,275.0,215.0,221.0,38.0,55.0,34.0,32.0,36.0,41.0,21.0,34.0,113.0,210.0,31.0,34.0,49.0,45.0,43.0,262.0,30.0,271.0,49.0,34.0,50.0,280.0,31.0,32.0,32.0,29.0,44.0,53.0,35.0,18.0,26.0,15.0,32.0,47.0,33.0,26.0,24.0,272.0,11.0,20.0,23.0,228.0,15.0,11.0,55.0,312.0,34.0,253.0,27.0,41.0,31.0,27.0,22.0,40.0,44.0,21.0,35.0,34.0,55.0,21.0,25.0,37.0,15.0,12.0,34.0,14.0,16.0,34.0,38.0,52.0,36.0,31.0,22.0,23.0,11.0,28.0,23.0,265.0,18.0,33.0,51.0
35.25,55.0,46.0,47.0,49.0,49.0,151.0,32.0,49.0,54.0,56.0,50.0,99.0,275.0,211.0,219.0,39.0,52.0,31.0,29.0,32.0,40.0,19.0,32.0,109.0,210.0,29.0,30.0,45.0,40.0,40.0,261.0,29.0,270.0,46.0,32.0,50.0,281.0,28.0,29.0,28.0,28.0,40.0,49.0,34.0,16.0,23.0,14.0,31.0,46.0,32.0,24.0,24.0,270.0,11.0,22.0,18.0,225.0,14.0,11.0,54.0,311.0,33.0,252.0,25.0,40.0,26.0,24.0,21.0,38.0,41.0,20.0,33.0,33.0,50.0,19.0,24.0,35.0,13.0,11.0,33.0,12.0,11.0,32.0,36.0,52.0,32.0,28.0,20.0,25.0,11.0,25.0,24.0,266.0,17.0,33.0,52.0
35.5,57.0,50.0,50.0,52.0,52.0,156.0,35.0,51.0,55.0,60.0,52.0,101.0,276.0,214.0,223.0,41.0,56.0,34.0,33.0,37.0,43.0,21.0,35.0,113.0,217.0,31.0,38.0,50.0,47.0,44.0,262.0,31.0,271.0,49.0,36.0,51.0,279.0,33.0,35.0,34.0,30.0,44.0,53.0,37.0,18.0,25.0,15.0,34.0,46.0,35.0,28.0,29.0,272.0,11.0,23.0,22.0,227.0,14.0,11.0,54.0,311.0,35.0,256.0,28.0,42.0,31.0,27.0,22.0,40.0,43.0,21.0,36.0,34.0,53.0,22.0,25.0,37.0,15.0,11.0,34.0,14.0,11.0,32.0,37.0,54.0,35.0,33.0,22.0,24.0,11.0,26.0,26.0,265.0,19.0,33.0,50.0
35.75,56.0,48.0,50.0,48.0,51.0,151.0,31.0,49.0,54.0,60.0,50.0,100.0,277.0,212.0,222.0,37.0,53.0,33.0,29.0,34.0,43.0,21.0,31.0,113.0,213.0,31.0,34.0,49.0,43.0,42.0,261.0,31.0,270.0,47.0,32.0,48.0,280.0,29.0,30.0,29.0,28.0,42.0,48.0,34.0,18.0,24.0,14.0,32.0,45.0,34.0,26.0,24.0,271.0,11.0,23.0,22.0,228.0,15.0,11.0,57.0,311.0,31.0,253.0,25.0,40.0,27.0,26.0,24.0,40.0,39.0,18.0,35.0,32.0,52.0,20.0,24.0,38.0,14.0,11.0,36.0,13.0,12.0,32.0,36.0,52.0,33.0,31.0,22.0,23.0,11.0,27.0,25.0,266.0,17.0,32.0,49.0
36.0,56.0,50.0,50.0,50.0,50.0,154.0,34.0,50.0,55.0,59.0,49.0,100.0,274.0,213.0,223.0,38.0,51.0,35.0,31.0,34.0,43.0,22.0,32.0,112.0,216.0,32.0,34.0,47.0,42.0,41.0,260.0,31.0,269.0,48.0,33.0,50.0,281.0,30.0,32.0,31.0,30.0,42.0,49.0,34.0,17.0,24.0,15.0,33.0,44.0,33.0,24.0,25.0,271.0,11.0,21.0,18.0,228.0,12.0,11.0,55.0,310.0,33.0,254.0,26.0,40.0,28.0,25.0,22.0,39.0,39.0,19.0,32.0,33.0,52.0,19.0,25.0,36.0,14.0,11.0,32.0,12.0,12.0,33.0,34.0,51.0,31.0,28.0,21.0,24.0,11.0,24.0,24.0,266.0,16.0,35.0,51.0
36.25,62.0,54.0,54.0,56.0,55.0,165.0,35.0,54.0,56.0,62.0,53.0,103.0,279.0,217.0,227.0,45.0,58.0,35.0,36.0,38.0,46.0,25.0,35.0,114.0,225.0,35.0,40.0,51.0,50.0,47.0,264.0,34.0,272.0,49.0,36.0,54.0,283.0,34.0,39.0,38.0,34.0,48.0,57.0,40.0,20.0,29.0,18.0,36.0,49.0,39.0,29.0,28.0,274.0,11.0,23.0,24.0,231.0,17.0,11.0,56.0,311.0,35.0,258.0,28.0,42.0,34.0,28.0,24.0,42.0,43.0,23.0,36.0,39.0,56.0,24.0,25.0,40.0,16.0,12.0,37.0,16.0,15.0,35.0,38.0,54.0,35.0,32.0,24.0,27.0,13.0,27.0,26.0,267.0,21.0,35.0,53.0
36.5,64.0,56.0,55.0,57.0,58.0,170.0,37.0,57.0,56.0,62.0,52.0,104.0,280.0,219.0,228.0,43.0,61.0,37.0,37.0,40.0,47.0,24.0,35.0,115.0,232.0,35.0,42.0,53.0,53.0,45.0,264.0,34.0,273.0,52.0,38.0,53.0,283.0,36.0,39.0,39.0,34.0,52.0,59.0,40.0,19.0,29.0,20.0,37.0,49.0,39.0,30.0,29.0,274.0,13.0,24.0,26.0,232.0,16.0,11.0,58.0,311.0,37.0,259.0,30.0,45.0,34.0,29.0,24.0,44.0,43.0,26.0,38.0,39.0,57.0,24.0,27.0,40.0,17.0,12.0,36.0,17.0,16.0,34.0,39.0,52.0,37.0,35.0,23.0,26.0,15.0,28.0,27.0,265.0,20.0,36.0,54.0
36.75,60.0,52.0,54.0,54.0,52.0,164.0,32.0,53.0,54.0,60.0,52.0,102.0,279.0,218.0,227.0,41.0,57.0,36.0,33.0,35.0,44.0,22.0,34.0,114.0,227.0,34.0,38.0,50.0,48.0,42.0,262.0,31.0,271.0,50.0,33.0,51.0,282.0,31.0,35.0,35.0,30.0,45.0,53.0,34.0,17.0,26.0,18.0,34.0,47.0,36.0,28.0,27.0,272.0,11.0,20.0,22.0,231.0,15.0,11.0,56.0,310.0,35.0,257.0,25.0,42.0,30.0,26.0,22.0,41.0,40.0,21.0,33.0,36.0,55.0,22.0,24.0,39.0,14.0,11.0,36.0,12.0,14.0,33.0,37.0,52.0,35.0,31.0,22.0,23.0,11.0,25.0,23.0,264.0,19.0,32.0,49.0
37.0,58.0,50.0,49.0,50.0,52.0,158.0,32.0,49.0,54.0,59.0,50.0,100.0,276.0,214.0,226.0,40.0,55.0,33.0,30.0,33.0,43.0,21.0,32.0,114.0,226.0,32.0,35.0,49.0,44.0,43.0,259.0,31.0,270.0,47.0,32.0,48.0,281.0,28.0,34.0,30.0,30.0,40.0,50.0,34.0,16.0,22.0,15.0,31.0,47.0,35.0,26.0,25.0,272.0,11.0,20.0,21.0,229.0,14.0,11.0,54.0,310.0,33.0,255.0,25.0,41.0,31.0,24.0,19.0,37.0,39.0,18.0,33.0,33.0,53.0,20.0,23.0,36.0,14.0,11.0,32.0,11.0,12.0,32.0,35.0,49.0,34.0,29.0,21.0,22.0,12.0,23.0,23.0,264.0,14.0,30.0,47.0
37.25,62.0,52.0,56.0,56.0,55.0,165.0,36.0,54.0,56.0,62.0,52.0,103.0,280.0,219.0,230.0,45.0,59.0,37.0,34.0,38.0,46.0,25.0,34.0,115.0,230.0,35.0,38.0,51.0,48.0,44.0,264.0,33.0,271.0,47.0,35.0,52.0,283.0,33.0,36.0,36.0,32.0,45.0,54.0,38.0,19.0,26.0,17.0,36.0,48.0,37.0,29.0,29.0,273.0,11.0,23.0,22.0,232.0,17.0,11.0,56.0,312.0,37.0,258.0,29.0,44.0,31.0,29.0,24.0,41.0,41.0,21.0,35.0,37.0,57.0,23.0,25.0,38.0,15.0,11.0,35.0,14.0,15.0,33.0,36.0,54.0,38.0,33.0,25.0,22.0,14.0,25.0,26.0,265.0,18.0,35.0,49.0
37.5,63.0,54.0,56.0,56.0,57.0,173.0,36.0,55.0,54.0,62.0,51.0,104.0,281.0,221.0,231.0,44.0,60.0,35.0,36.0,38.0,46.0,23.0,33.0,116.0,236.0,34.0,41.0,53.0,52.0,45.0,263.0,34.0,277.0,50.0,35.0,53.0,284.0,37.0,41.0,39.0,35.0,49.0,59.0,40.0,20.0,25.0,17.0,34.0,48.0,36.0,28.0,28.0,275.0,13.0,24.0,24.0,234.0,18.0,11.0,57.0,310.0,37.0,261.0,29.0,43.0,34.0,27.0,26.0,40.0,43.0,22.0,35.0,37.0,57.0,23.0,25.0,39.0,14.0,11.0,37.0,14.0,16.0,31.0,38.0,54.0,35.0,33.0,25.0,26.0,13.0,26.0,26.0,265.0,20.0,34.0,52.0
37.75,56.0,47.0,50.0,51.0,49.0,159.0,33.0,50.0,55.0,59.0,51.0,101.0,277.0,215.0,225.0,38.0,53.0,34.0,31.0,33.0,43.0,22.0,31.0,114.0,227.0,30.0,33.0,47.0,43.0,41.0,261.0,29.0,272.0,46.0,32.0,50.0,281.0,30.0,29.0,31.0,30.0,41.0,49.0,33.0,18.0,23.0,16.0,32.0,45.0,33.0,24.0,24.0,273.0,11.0,20.0,19.0,232.0,13.0,11.0,56.0,310.0,33.0,255.0,26.0,38.0,29.0,24.0,22.0,38.0,38.0,20.0,32.0,33.0,54.0,20.0,22.0,36.0,12.0,11.0,33.0,12.0,11.0,30.0,35.0,51.0,33.0,30.0,20.0,22.0,11.0,25.0,23.0,264.0,18.0,31.0,48.0
38.0,56.0,49.0,50.0,49.0,50.0,154.0,32.0,48.0,56.0,60.0,50.0,100.0,277.0,213.0,225.0,38.0,52.0,33.0,32.0,35.0,42.0,22.0,32.0,116.0,225.0,33.0,33.0,44.0,41.0,41.0,261.0,31.0,271.0,47.0,33.0,49.0,281.0,30.0,30.0,30.0,29.0,40.0,45.0,33.0,19.0,26.0,15.0,31.0,47.0,33.0,25.0,26.0,275.0,11.0,20.0,20.0,231.0,15.0,11.0,53.0,311.0,33.0,255.0,25.0,39.0,27.0,24.0,21.0,37.0,38.0,20.0,33.0,32.0,54.0,20.0,25.0,37.0,15.0,11.0,34.0,11.0,11.0,31.0,34.0,52.0,34.0,30.0,20.0,23.0,11.0,25.0,24.0,265.0,16.0,31.0,50.0
38.25,59.0,49.0,53.0,54.0,51.0,160.0,33.0,51.0,55.0,59.0,50.0,101.0,278.0,217.0,229.0,41.0,53.0,35.0,33.0,35.0,44.0,22.0,35.0,117.0,231.0,34.0,36.0,48.0,43.0,43.0,263.0,30.0,272.0,48.0,34.0,50.0,282.0,33.0,34.0,32.0,30.0,42.0,48.0,36.0,18.0,27.0,18.0,33.0,48.0,36.0,28.0,27.0,273.0,11.0,22.0,21.0,233.0,15.0,11.0,57.0,311.0,36.0,256.0,28.0,42.0,31.0,27.0,22.0,39.0,41.0,21.0,35.0,36.0,53.0,22.0,26.0,38.0,14.0,12.0,35.0,13.0,13.0,33.0,36.0,54.0,34.0,32.0,23.0,27.0,13.0,26.0,25.0,266.0,18.0,32.0,51.0
38.5,64.0,52.0,54.0,54.0,56.0,168.0,35.0,55.0,56.0,61.0,52.0,104.0,279.0,220.0,228.0,44.0,59.0,35.0,34.0,38.0,44.0,23.0,34.0,120.0,236.0,34.0,37.0,50.0,49.0,45.0,265.0,33.0,274.0,51.0,36.0,52.0,282.0,32.0,36.0,37.0,33.0,47.0,53.0,38.0,19.0,27.0,16.0,33.0,49.0,36.0,28.0,29.0,275.0,11.0,23.0,24.0,235.0,15.0,11.0,56.0,311.0,37.0,260.0,28.0,42.0,31.0,29.0,23.0,40.0,44.0,23.0,34.0,37.0,57.0,21.0,26.0,39.0,16.0,11.0,36.0,14.0,17.0,34.0,37.0,52.0,34.0,33.0,23.0,23.0,12.0,27.0,26.0,265.0,20.0,35.0,52.0
38.75,59.0,49.0,51.0,50.0,53.0,164.0,33.0,51.0,55.0,60.0,49.0,101.0,279.0,215.0,229.0,41.0,55.0,35.0,34.0,36.0,45.0,22.0,33.0,119.0,233.0,32.0,34.0,49.0,44.0,42.0,264.0,32.0,274.0,49.0,35.0,52.0,282.0,33.0,33.0,33.0,33.0,42.0,50.0,38.0,18.0,25.0,17.0,34.0,49.0,35.0,27.0,26.0,277.0,11.0,24.0,22.0,233.0,16.0,11.0,56.0,312.0,35.0,256.0,26.0,40.0,30.0,27.0,23.0,40.0,42.0,22.0,36.0,36.0,52.0,21.0,23.0,39.0,15.0,11.0,34.0,14.0,13.0,33.0,37.0,54.0,34.0,32.0,23.0,25.0,13.0,25.0,25.0,266.0,20.0,35.0,50.0
39.0,60.0,51.0,53.0,52.0,54.0,169.0,34.0,53.0,56.0,61.0,49.0,102.0,281.0,219.0,228.0,41.0,57.0,36.0,33.0,35.0,43.0,23.0,34.0,120.0,237.0,31.0,36.0,48.0,47.0,43.0,264.0,32.0,273.0,48.0,34.0,53.0,283.0,34.0,35.0,34.0,32.0,45.0,53.0,37.0,19.0,26.0,15.0,33.0,48.0,35.0,28.0,28.0,277.0,11.0,23.0,22.0,236.0,16.0,11.0,55.0,312.0,36.0,259.0,26.0,45.0,32.0,27.0,23.0,40.0,42.0,22.0,32.0,36.0,55.0,22.0,25.0,40.0,14.0,11.0,35.0,13.0,12.0,33.0,37.0,53.0,34.0,33.0,22.0,23.0,14.0,26.0,25.0,264.0,20.0,33.0,51.0
39.25,60.0,49.0,51.0,50.0,53.0,160.0,33.0,50.0,56.0,60.0,51.0,99.0,278.0,217.0,228.0,40.0,55.0,35.0,31.0,36.0,44.0,23.0,31.0,122.0,233.0,34.0,35.0,47.0,44.0,42.0,264.0,33.0,274.0,49.0,35.0,50.0,281.0,33.0,31.0,31.0,33.0,42.0,47.0,35.0,20.0,25.0,16.0,35.0,51.0,35.0,26.0,26.0,275.0,11.0,23.0,22.0,236.0,17.0,11.0,58.0,311.0,36.0,257.0,27.0,41.0,29.0,28.0,24.0,41.0,42.0,21.0,33.0,35.0,55.0,21.0,27.0,39.0,17.0,12.0,35.0,15.0,14.0,33.0,36.0,53.0,33.0,34.0,23.0,26.0,13.0,27.0,26.0,266.0,18.0,35.0,51.0
39.5,60.0,54.0,53.0,53.0,54.0,165.0,34.0,51.0,57.0,60.0,50.0,101.0,280.0,219.0,232.0,42.0,57.0,36.0,34.0,38.0,46.0,24.0,35.0,124.0,237.0,33.0,38.0,49.0,44.0,46.0,265.0,35.0,275.0,50.0,35.0,52.0,284.0,35.0,35.0,32.0,35.0,46.0,52.0,37.0,19.0,28.0,20.0,34.0,50.0,39.0,30.0,29.0,277.0,13.0,24.0,23.0,237.0,20.0,12.0,57.0,312.0,37.0,259.0,29.0,43.0,31.0,28.0,26.0,42.0,42.0,24.0,37.0,36.0,55.0,25.0,26.0,41.0,16.0,15.0,37.0,15.0,16.0,35.0,38.0,55.0,36.0,32.0,25.0,27.0,15.0,29.0,28.0,267.0,22.0,37.0,53.0
39.75,62.0,53.0,54.0,55.0,56.0,176.0,33.0,54.0,55.0,61.0,50.0,102.0,281.0,221.0,231.0,43.0,60.0,35.0,37.0,38.0,47.0,22.0,34.0,126.0,243.0,34.0,40.0,51.0,50.0,45.0,266.0,34.0,275.0,50.0,35.0,54.0,284.0,33.0,39.0,37.0,32.0,47.0,57.0,39.0,18.0,25.0,17.0,33.0,49.0,37.0,27.0,28.0,275.0,11.0,23.0,24.0,238.0,14.0,11.0,55.0,312.0,34.0,262.0,26.0,43.0,32.0,27.0,24.0,40.0,44.0,24.0,34.0,38.0,57.0,22.0,24.0,40.0,14.0,11.0,34.0,15.0,14.0,34.0,37.0,51.0,35.0,33.0,24.0,23.0,14.0,26.0,25.0,264.0,19.0,36.0,52.0
40.0,61.0,51.0,52.0,55.0,54.0,175.0,31.0,51.0,54.0,58.0,48.0,101.0,281.0,221.0,232.0,43.0,57.0,35.0,35.0,37.0,45.0,21.0,31.0,126.0,246.0,33.0,38.0,51.0,49.0,43.0,265.0,32.0,276.0,48.0,35.0,50.0,283.0,32.0,39.0,36.0,32.0,46.0,55.0,36.0,18.0,23.0,15.0,34.0,48.0,36.0,27.0,28.0,274.0,11.0,21.0,21.0,237.0,14.0,11.0,56.0,311.0,36.0,261.0,27.0,42.0,31.0,27.0,22.0,39.0,42.0,22.0,32.0,35.0,56.0,22.0,24.0,40.0,14.0,11.0,33.0,14.0,12.0,29.0,36.0,51.0,35.0,31.0,23.0,22.0,11.0,25.0,24.0,264.0,17.0,32.0,50.0
40.25,60.0,51.0,53.0,54.0,54.0,174.0,33.0,52.0,54.0,59.0,48.0,101.0,280.0,221.0,232.0,41.0,57.0,34.0,34.0,38.0,45.0,22.0,33.0,129.0,243.0,33.0,39.0,52.0,48.0,43.0,265.0,32.0,276.0,49.0,34.0,52.0,283.0,34.0,37.0,36.0,32.0,45.0,52.0,35.0,18.0,25.0,15.0,35.0,48.0,35.0,28.0,28.0,276.0,11.0,23.0,22.0,238.0,15.0,11.0,54.0,310.0,34.0,262.0,26.0,42.0,30.0,29.0,22.0,41.0,42.0,22.0,35.0,35.0,56.0,21.0,25.0,40.0,14.0,11.0,33.0,13.0,14.0,32.0,37.0,51.0,34.0,30.0,23.0,23.0,11.0,24.0,25.0,264.0,19.0,33.0,49.0
40.5,62.0,53.0,54.0,56.0,54.0,177.0,34.0,54.0,55.0,61.0,49.0,104.0,281.0,223.0,233.0,43.0,59.0,35.0,34.0,38.0,47.0,21.0,34.0,132.0,245.0,35.0,40.0,50.0,51.0,45.0,264.0,33.0,276.0,49.0,35.0,52.0,282.0,34.0,38.0,37.0,34.0,48.0,55.0,38.0,19.0,26.0,19.0,34.0,49.0,35.0,29.0,25.0,276.0,13.0,24.0,24.0,238.0,14.0,11.0,56.0,312.0,37.0,264.0,28.0,40.0,31.0,28.0,24.0,41.0,43.0,21.0,33.0,36.0,56.0,24.0,25.0,39.0,14.0,11.0,34.0,14.0,14.0,33.0,37.0,52.0,33.0,32.0,24.0,23.0,15.0,26.0,25.0,264.0,19.0,36.0,51.0
40.75,57.0,51.0,51.0,51.0,52.0,170.0,34.0,51.0,54.0,61.0,48.0,102.0,279.0,221.0,231.0,42.0,57.0,34.0,33.0,36.0,43.0,23.0,32.0,132.0,242.0,31.0,36.0,52.0,45.0,43.0,263.0,31.0,275.0,50.0,34.0,50.0,282.0,33.0,35.0,34.0,31.0,44.0,51.0,35.0,17.0,25.0,16.0,34.0,48.0,35.0,25.0,26.0,274.0,11.0,22.0,22.0,238.0,16.0,11.0,57.0,312.0,36.0,261.0,26.0,41.0,31.0,26.0,23.0,40.0,44.0,21.0,34.0,37.0,55.0,21.0,24.0,39.0,14.0,11.0,33.0,12.0,12.0,34.0,35.0,50.0,33.0,31.0,22.0,23.0,12.0,24.0,25.0,264.0,19.0,34.0,49.0
41.0,59.0,53.0,53.0,50.0,53.0,165.0,32.0,50.0,55.0,61.0,48.0,102.0,280.0,220.0,233.0,42.0,57.0,35.0,34.0,36.0,47.0,24.0,33.0,137.0,241.0,34.0,34.0,48.0,46.0,44.0,265.0,34.0,276.0,48.0,36.0,51.0,283.0,32.0,34.0,33.0,32.0,43.0,49.0,35.0,18.0,26.0,16.0,34.0,47.0,39.0,27.0,27.0,277.0,11.0,24.0,22.0,239.0,17.0,11.0,57.0,312.0,36.0,259.0,27.0,43.0,30.0,27.0,24.0,39.0,42.0,22.0,34.0,39.0,55.0,22.0,28.0,39.0,16.0,11.0,34.0,16.0,16.0,32.0,36.0,55.0,34.0,36.0,22.0,25.0,13.0,29.0,24.0,267.0,19.0,33.0,50.0
41.25,62.0,55.0,54.0,52.0,54.0,177.0,36.0,53.0,54.0,61.0,49.0,103.0,282.0,223.0,234.0,43.0,59.0,38.0,35.0,39.0,49.0,22.0,33.0,139.0,247.0,33.0,39.0,51.0,50.0,46.0,266.0,35.0,277.0,50.0,36.0,51.0,284.0,34.0,38.0,36.0,33.0,48.0,54.0,39.0,20.0,26.0,17.0,34.0,49.0,39.0,29.0,30.0,277.0,12.0,24.0,24.0,241.0,18.0,11.0,57.0,311.0,37.0,263.0,29.0,43.0,32.0,29.0,25.0,41.0,47.0,21.0,35.0,37.0,58.0,23.0,26.0,42.0,16.0,11.0,37.0,15.0,15.0,33.0,39.0,54.0,35.0,32.0,24.0,25.0,11.0,27.0,26.0,265.0,21.0,35.0,53.0
41.5,58.0,50.0,50.0,52.0,53.0,171.0,33.0,51.0,56.0,61.0,48.0,101.0,281.0,220.0,233.0,42.0,55.0,35.0,33.0,37.0,45.0,23.0,32.0,140.0,245.0,33.0,36.0,48.0,45.0,43.0,266.0,33.0,276.0,49.0,33.0,51.0,282.0,33.0,34.0,32.0,31.0,43.0,50.0,34.0,20.0,27.0,19.0,34.0,49.0,37.0,28.0,26.0,277.0,12.0,23.0,22.0,242.0,15.0,11.0,56.0,311.0,35.0,259.0,26.0,41.0,31.0,29.0,24.0,40.0,43.0,21.0,33.0,34.0,55.0,21.0,25.0,41.0,16.0,11.0,34.0,15.0,14.0,31.0,38.0,54.0,35.0,31.0,21.0,23.0,13.0,27.0,25.0,265.0,20.0,37.0,50.0
41.75,63.0,54.0,54.0,54.0,55.0,178.0,34.0,55.0,55.0,61.0,51.0,103.0,282.0,225.0,236.0,43.0,60.0,35.0,34.0,39.0,48.0,22.0,33.0,144.0,251.0,34.0,39.0,52.0,50.0,46.0,267.0,35.0,277.0,50.0,35.0,52.0,283.0,35.0,39.0,35.0,34.0,47.0,53.0,36.0,20.0,28.0,18.0,36.0,51.0,39.0,30.0,26.0,277.0,12.0,23.0,22.0,242.0,16.0,11.0,56.0,311.0,37.0,263.0,27.0,44.0,32.0,28.0,25.0,43.0,44.0,22.0,33.0,38.0,59.0,24.0,26.0,41.0,16.0,11.0,35.0,14.0,15.0,34.0,39.0,52.0,35.0,33.0,23.0,24.0,12.0,26.0,26.0,265.0,19.0,37.0,51.0
42.0,61.0,51.0,53.0,52.0,52.0,167.0,33.0,48.0,58.0,62.0,51.0,101.0,282.0,221.0,235.0,42.0,57.0,35.0,31.0,38.0,45.0,24.0,33.0,148.0,247.0,33.0,36.0,50.0,46.0,44.0,265.0,34.0,274.0,50.0,34.0,52.0,283.0,33.0,34.0,34.0,32.0,42.0,47.0,35.0,19.0,26.0,17.0,35.0,49.0,38.0,30.0,25.0,278.0,11.0,24.0,21.0,242.0,16.0,11.0,58.0,311.0,35.0,260.0,29.0,43.0,30.0,26.0,23.0,40.0,42.0,22.0,33.0,35.0,56.0,22.0,27.0,41.0,16.0,12.0,35.0,14.0,14.0,34.0,38.0,52.0,34.0,30.0,24.0,24.0,11.0,26.0,26.0,267.0,19.0,35.0,52.0
42.25,61.0,55.0,55.0,54.0,55.0,175.0,34.0,52.0,58.0,62.0,50.0,102.0,282.0,224.0,235.0,44.0,61.0,36.0,34.0,37.0,46.0,23.0,32.0,150.0,253.0,35.0,39.0,51.0,47.0,45.0,266.0,31.0,277.0,49.0,36.0,50.0,283.0,35.0,37.0,34.0,33.0,44.0,52.0,38.0,20.0,25.0,17.0,34.0,49.0,39.0,29.0,27.0,278.0,12.0,24.0,23.0,241.0,15.0,11.0,56.0,312.0,38.0,262.0,27.0,43.0,31.0,29.0,25.0,41.0,42.0,21.0,32.0,38.0,60.0,23.0,24.0,40.0,16.0,11.0,35.0,12.0,15.0,31.0,35.0,53.0,37.0,35.0,25.0,25.0,13.0,25.0,26.0,265.0,17.0,32.0,49.0
42.5,59.0,49.0,52.0,51.0,51.0,170.0,34.0,49.0,56.0,61.0,48.0,101.0,281.0,222.0,234.0,40.0,57.0,35.0,31.0,37.0,45.0,22.0,34.0,151.0,250.0,31.0,36.0,46.0,45.0,43.0,263.0,31.0,274.0,48.0,34.0,49.0,281.0,33.0,33.0,33.0,32.0,41.0,48.0,33.0,18.0,25.0,15.0,32.0,48.0,36.0,27.0,27.0,276.0,11.0,21.0,21.0,242.0,15.0,11.0,54.0,312.0,37.0,262.0,27.0,41.0,31.0,24.0,22.0,38.0,39.0,19.0,31.0,33.0,58.0,21.0,24.0,39.0,13.0,11.0,33.0,11.0,12.0,32.0,34.0,51.0,33.0,31.0,21.0,24.0,12.0,23.0,24.0,263.0,13.0,33.0,48.0
42.75,60.0,50.0,52.0,54.0,54.0,176.0,33.0,51.0,55.0,59.0,48.0,102.0,281.0,224.0,236.0,42.0,61.0,36.0,32.0,37.0,45.0,20.0,30.0,154.0,250.0,33.0,38.0,49.0,47.0,43.0,264.0,31.0,275.0,49.0,33.0,52.0,282.0,31.0,36.0,34.0,32.0,44.0,51.0,34.0,16.0,24.0,15.0,34.0,48.0,38.0,27.0,25.0,276.0,11.0,22.0,21.0,242.0,15.0,11.0,54.0,312.0,37.0,263.0,26.0,40.0,28.0,26.0,22.0,38.0,43.0,20.0,33.0,34.0,54.0,22.0,23.0,42.0,14.0,11.0,33.0,13.0,11.0,30.0,37.0,52.0,32.0,31.0,20.0,22.0,11.0,23.0,23.0,264.0,19.0,33.0,50.0
43.0,61.0,54.0,53.0,55.0,55.0,183.0,35.0,52.0,55.0,61.0,49.0,103.0,283.0,225.0,238.0,43.0,65.0,36.0,34.0,39.0,45.0,21.0,33.0,158.0,254.0,34.0,39.0,50.0,49.0,46.0,266.0,34.0,278.0,51.0,36.0,53.0,283.0,34.0,40.0,39.0,33.0,48.0,56.0,39.0,19.0,26.0,16.0,34.0,49.0,38.0,29.0,26.0,278.0,13.0,22.0,22.0,244.0,18.0,11.0,55.0,312.0,37.0,265.0,28.0,44.0,31.0,27.0,24.0,42.0,43.0,24.0,34.0,36.0,57.0,22.0,25.0,43.0,15.0,11.0,34.0,14.0,14.0,34.0,39.0,53.0,35.0,31.0,23.0,24.0,13.0,27.0,24.0,265.0,19.0,36.0,51.0
43.25,64.0,55.0,56.0,58.0,56.0,184.0,34.0,55.0,56.0,60.0,49.0,104.0,284.0,227.0,239.0,45.0,69.0,35.0,36.0,38.0,47.0,22.0,35.0,161.0,256.0,33.0,39.0,52.0,51.0,44.0,268.0,33.0,279.0,51.0,36.0,53.0,284.0,35.0,41.0,38.0,34.0,47.0,57.0,40.0,20.0,26.0,18.0,34.0,49.0,39.0,32.0,29.0,277.0,12.0,24.0,24.0,245.0,17.0,11.0,56.0,312.0,37.0,265.0,28.0,44.0,33.0,28.0,25.0,42.0,45.0,22.0,34.0,35.0,58.0,25.0,26.0,42.0,16.0,12.0,35.0,13.0,15.0,33.0,39.0,51.0,35.0,34.0,23.0,25.0,13.0,28.0,24.0,265.0,19.0,36.0,51.0
43.5,64.0,55.0,55.0,58.0,56.0,186.0,36.0,56.0,57.0,64.0,51.0,106.0,284.0,226.0,240.0,48.0,71.0,39.0,36.0,40.0,50.0,24.0,34.0,165.0,258.0,37.0,40.0,54.0,52.0,48.0,268.0,35.0,279.0,52.0,37.0,54.0,284.0,36.0,43.0,39.0,36.0,47.0,55.0,39.0,21.0,27.0,19.0,35.0,50.0,41.0,32.0,32.0,278.0,14.0,26.0,23.0,246.0,16.0,12.0,57.0,310.0,37.0,267.0,30.0,43.0,33.0,27.0,25.0,41.0,45.0,25.0,36.0,39.0,59.0,26.0,25.0,43.0,19.0,12.0,37.0,15.0,16.0,32.0,38.0,54.0,37.0,35.0,26.0,25.0,14.0,27.0,27.0,266.0,22.0,37.0,55.0
43.75,64.0,54.0,55.0,57.0,55.0,185.0,35.0,54.0,54.0,61.0,49.0,102.0,284.0,228.0,239.0,44.0,71.0,37.0,34.0,39.0,47.0,20.0,33.0,164.0,261.0,33.0,41.0,53.0,51.0,43.0,268.0,32.0,279.0,49.0,36.0,52.0,283.0,35.0,44.0,38.0,33.0,48.0,57.0,38.0,19.0,24.0,17.0,34.0,50.0,39.0,32.0,29.0,279.0,12.0,24.0,22.0,247.0,13.0,11.0,55.0,312.0,38.0,269.0,27.0,43.0,32.0,29.0,23.0,40.0,43.0,20.0,33.0,36.0,59.0,22.0,25.0,41.0,14.0,11.0,33.0,14.0,12.0,32.0,37.0,51.0,37.0,33.0,24.0,25.0,14.0,25.0,26.0,264.0,17.0,34.0,50.0
44.0,61.0,52.0,52.0,53.0,54.0,179.0,32.0,49.0,56.0,61.0,48.0,100.0,282.0,225.0,238.0,42.0,69.0,36.0,32.0,38.0,46.0,19.0,33.0,170.0,254.0,32.0,37.0,49.0,48.0,43.0,265.0,35.0,276.0,49.0,34.0,51.0,281.0,32.0,37.0,35.0,31.0,45.0,52.0,37.0,18.0,25.0,14.0,33.0,48.0,37.0,27.0,26.0,275.0,11.0,23.0,24.0,245.0,14.0,11.0,56.0,313.0,35.0,263.0,29.0,42.0,30.0,28.0,23.0,39.0,43.0,22.0,34.0,35.0,55.0,22.0,25.0,42.0,13.0,11.0,34.0,15.0,13.0,31.0,37.0,52.0,33.0,31.0,22.0,25.0,12.0,26.0,26.0,263.0,18.0,36.0,50.0
44.25,62.0,54.0,54.0,55.0,53.0,182.0,32.0,52.0,56.0,60.0,49.0,103.0,282.0,226.0,239.0,43.0,75.0,37.0,36.0,38.0,48.0,21.0,34.0,170.0,258.0,35.0,37.0,52.0,50.0,45.0,267.0,33.0,279.0,49.0,37.0,53.0,284.0,34.0,41.0,36.0,31.0,47.0,53.0,37.0,20.0,27.0,17.0,33.0,49.0,38.0,31.0,30.0,278.0,12.0,24.0,23.0,246.0,17.0,11.0,55.0,311.0,37.0,265.0,28.0,43.0,32.0,28.0,24.0,42.0,45.0,23.0,35.0,36.0,57.0,24.0,23.0,42.0,16.0,11.0,35.0,14.0,13.0,34.0,38.0,51.0,34.0,34.0,23.0,25.0,13.0,28.0,24.0,265.0,20.0,36.0,51.0
44.5,57.0,48.0,51.0,50.0,51.0,168.0,31.0,45.0,54.0,58.0,47.0,99.0,279.0,222.0,235.0,40.0,66.0,32.0,32.0,35.0,44.0,21.0,32.0,170.0,252.0,31.0,32.0,48.0,42.0,41.0,265.0,31.0,276.0,47.0,33.0,48.0,281.0,31.0,32.0,30.0,31.0,40.0,44.0,35.0,17.0,24.0,15.0,32.0,49.0,35.0,28.0,26.0,277.0,11.0,22.0,21.0,246.0,13.0,11.0,56.0,312.0,35.0,261.0,26.0,41.0,29.0,24.0,22.0,40.0,38.0,20.0,30.0,31.0,55.0,20.0,26.0,39.0,14.0,11.0,32.0,13.0,14.0,32.0,36.0,53.0,34.0,29.0,21.0,23.0,12.0,25.0,25.0,266.0,18.0,35.0,49.0
44.75,56.0,48.0,51.0,47.0,49.0,167.0,29.0,46.0,54.0,59.0,47.0,100.0,280.0,221.0,237.0,38.0,68.0,33.0,28.0,34.0,44.0,20.0,30.0,176.0,252.0,32.0,32.0,44.0,41.0,38.0,262.0,29.0,273.0,46.0,32.0,46.0,280.0,30.0,29.0,28.0,27.0,40.0,44.0,34.0,18.0,22.0,14.0,33.0,47.0,34.0,26.0,23.0,276.0,11.0,20.0,21.0,243.0,12.0,11.0,53.0,310.0,33.0,259.0,25.0,37.0,24.0,24.0,21.0,37.0,37.0,17.0,32.0,31.0,52.0,19.0,22.0,40.0,13.0,11.0,31.0,11.0,11.0,30.0,34.0,48.0,29.0,30.0,17.0,22.0,11.0,25.0,22.0,265.0,16.0,33.0,49.0
45.0,59.0,51.0,54.0,51.0,53.0,169.0,34.0,48.0,57.0,60.0,49.0,101.0,283.0,222.0,238.0,42.0,72.0,35.0,34.0,39.0,48.0,23.0,33.0,179.0,254.0,31.0,34.0,49.0,43.0,42.0,266.0,34.0,275.0,50.0,35.0,50.0,283.0,35.0,33.0,29.0,32.0,42.0,46.0,37.0,19.0,26.0,17.0,36.0,52.0,39.0,28.0,27.0,279.0,11.0,23.0,22.0,247.0,17.0,11.0,57.0,313.0,36.0,262.0,30.0,43.0,29.0,27.0,25.0,42.0,42.0,22.0,32.0,35.0,57.0,21.0,27.0,39.0,16.0,11.0,36.0,15.0,15.0,34.0,39.0,52.0,37.0,32.0,23.0,26.0,14.0,27.0,29.0,268.0,19.0,36.0,51.0
45.25,62.0,52.0,55.0,56.0,54.0,180.0,37.0,54.0,57.0,62.0,50.0,104.0,284.0,226.0,239.0,43.0,78.0,38.0,33.0,38.0,49.0,25.0,33.0,185.0,260.0,33.0,39.0,51.0,48.0,45.0,267.0,34.0,277.0,51.0,34.0,52.0,283.0,34.0,39.0,37.0,33.0,44.0,49.0,37.0,18.0,25.0,19.0,34.0,50.0,38.0,30.0,28.0,280.0,11.0,21.0,22.0,248.0,17.0,11.0,57.0,312.0,36.0,265.0,29.0,43.0,31.0,28.0,24.0,41.0,43.0,22.0,33.0,35.0,57.0,23.0,26.0,42.0,16.0,12.0,34.0,15.0,14.0,34.0,38.0,53.0,31.0,31.0,24.0,24.0,15.0,26.0,26.0,267.0,17.0,36.0,51.0
45.5,59.0,48.0,50.0,51.0,51.0,171.0,32.0,49.0,56.0,59.0,48.0,101.0,283.0,225.0,237.0,40.0,78.0,34.0,31.0,34.0,45.0,22.0,31.0,185.0,255.0,32.0,33.0,48.0,44.0,39.0,265.0,30.0,274.0,49.0,33.0,49.0,283.0,33.0,33.0,32.0,28.0,41.0,44.0,35.0,17.0,21.0,14.0,32.0,48.0,38.0,27.0,26.0,278.0,11.0,22.0,19.0,246.0,14.0,11.0,55.0,311.0,33.0,263.0,28.0,41.0,29.0,25.0,21.0,40.0,41.0,18.0,33.0,32.0,54.0,19.0,25.0,41.0,14.0,11.0,32.0,12.0,12.0,31.0,34.0,52.0,34.0,30.0,21.0,22.0,11.0,26.0,24.0,265.0,14.0,32.0,48.0
45.75,58.0,50.0,52.0,53.0,53.0,183.0,33.0,50.0,53.0,57.0,45.0,100.0,282.0,227.0,239.0,40.0,84.0,34.0,31.0,37.0,46.0,21.0,31.0,186.0,258.0,31.0,35.0,51.0,46.0,43.0,265.0,30.0,276.0,47.0,32.0,49.0,281.0,33.0,37.0,33.0,29.0,45.0,50.0,35.0,16.0,24.0,15.0,31.0,47.0,39.0,27.0,26.0,277.0,11.0,21.0,21.0,247.0,13.0,11.0,54.0,312.0,33.0,265.0,26.0,40.0,28.0,25.0,23.0,39.0,42.0,21.0,31.0,31.0,55.0,20.0,23.0,40.0,13.0,11.0,33.0,11.0,11.0,31.0,35.0,48.0,31.0,29.0,19.0,24.0,11.0,23.0,21.0,264.0,18.0,34.0,49.0
46.0,60.0,48.0,53.0,53.0,52.0,172.0,31.0,49.0,55.0,59.0,46.0,103.0,282.0,227.0,239.0,40.0,82.0,35.0,32.0,36.0,47.0,22.0,32.0,190.0,258.0,33.0,35.0,50.0,44.0,43.0,266.0,32.0,275.0,48.0,34.0,49.0,282.0,33.0,33.0,32.0,32.0,41.0,47.0,34.0,19.0,24.0,17.0,33.0,50.0,38.0,28.0,25.0,277.0,11.0,22.0,21.0,247.0,13.0,11.0,55.0,311.0,35.0,263.0,27.0,42.0,28.0,25.0,22.0,39.0,40.0,20.0,33.0,35.0,56.0,21.0,24.0,41.0,16.0,11.0,35.0,14.0,15.0,33.0,36.0,53.0,34.0,29.0,20.0,25.0,13.0,26.0,25.0,266.0,18.0,33.0,49.0
46.25,57.0,48.0,51.0,51.0,50.0,171.0,33.0,47.0,54.0,57.0,46.0,99.0,280.0,222.0,238.0,38.0,84.0,34.0,31.0,35.0,44.0,19.0,30.0,189.0,254.0,31.0,34.0,46.0,43.0,41.0,265.0,31.0,274.0,47.0,33.0,49.0,280.0,32.0,30.0,30.0,29.0,42.0,45.0,33.0,17.0,22.0,16.0,34.0,51.0,37.0,28.0,26.0,277.0,11.0,22.0,21.0,246.0,14.0,11.0,57.0,313.0,36.0,262.0,26.0,41.0,26.0,23.0,22.0,39.0,40.0,19.0,34.0,35.0,53.0,23.0,25.0,40.0,13.0,11.0,33.0,11.0,12.0,31.0,35.0,52.0,33.0,30.0,19.0,24.0,12.0,25.0,23.0,266.0,18.0,32.0,49.0
46.5,59.0,47.0,52.0,51.0,52.0,171.0,31.0,46.0,53.0,59.0,47.0,101.0,280.0,224.0,239.0,40.0,87.0,35.0,31.0,34.0,45.0,19.0,31.0,192.0,256.0,30.0,33.0,48.0,43.0,43.0,266.0,30.0,275.0,46.0,31.0,50.0,281.0,32.0,32.0,30.0,30.0,43.0,43.0,34.0,16.0,22.0,12.0,32.0,49.0,37.0,27.0,25.0,277.0,11.0,22.0,20.0,249.0,13.0,11.0,55.0,311.0,34.0,263.0,28.0,40.0,28.0,24.0,21.0,39.0,40.0,20.0,32.0,33.0,54.0,20.0,25.0,40.0,12.0,11.0,33.0,12.0,13.0,33.0,33.0,51.0,31.0,30.0,20.0,21.0,11.0,24.0,24.0,266.0,17.0,34.0,49.0
46.75,58.0,49.0,51.0,51.0,53.0,172.0,34.0,46.0,55.0,61.0,48.0,104.0,283.0,224.0,240.0,41.0,91.0,34.0,31.0,37.0,46.0,23.0,32.0,198.0,257.0,33.0,35.0,47.0,45.0,42.0,267.0,32.0,275.0,48.0,34.0,51.0,282.0,33.0,34.0,32.0,32.0,42.0,45.0,35.0,21.0,23.0,17.0,34.0,49.0,38.0,29.0,26.0,278.0,11.0,22.0,22.0,248.0,15.0,11.0,55.0,313.0,36.0,264.0,26.0,43.0,29.0,26.0,23.0,40.0,42.0,20.0,36.0,35.0,57.0,22.0,25.0,41.0,14.0,11.0,35.0,16.0,12.0,33.0,35.0,54.0,34.0,30.0,22.0,25.0,13.0,26.0,26.0,267.0,20.0,35.0,48.0
47.0,59.0,50.0,52.0,53.0,52.0,172.0,34.0,48.0,58.0,62.0,52.0,104.0,282.0,225.0,241.0,41.0,92.0,39.0,33.0,37.0,50.0,25.0,33.0,201.0,259.0,34.0,35.0,49.0,45.0,43.0,266.0,33.0,275.0,48.0,34.0,50.0,282.0,34.0,34.0,33.0,32.0,42.0,44.0,36.0,21.0,27.0,17.0,36.0,50.0,40.0,29.0,25.0,279.0,11.0,22.0,23.0,248.0,17.0,11.0,57.0,313.0,36.0,264.0,29.0,42.0,28.0,26.0,23.0,42.0,41.0,22.0,34.0,35.0,57.0,23.0,27.0,42.0,16.0,11.0,36.0,16.0,15.0,34.0,36.0,54.0,34.0,31.0,23.0,26.0,13.0,26.0,27.0,268.0,19.0,36.0,52.0
47.25,60.0,51.0,51.0,53.0,54.0,186.0,32.0,53.0,54.0,58.0,47.0,101.0,282.0,228.0,241.0,42.0,103.0,34.0,33.0,36.0,47.0,21.0,32.0,202.0,264.0,31.0,34.0,50.0,48.0,41.0,267.0,30.0,278.0,48.0,34.0,51.0,282.0,32.0,42.0,35.0,32.0,45.0,51.0,36.0,16.0,23.0,14.0,31.0,48.0,38.0,28.0,25.0,277.0,11.0,20.0,22.0,250.0,14.0,11.0,54.0,313.0,36.0,268.0,27.0,42.0,29.0,26.0,20.0,39.0,42.0,19.0,32.0,35.0,54.0,20.0,22.0,42.0,13.0,11.0,33.0,12.0,13.0,30.0,35.0,52.0,32.0,31.0,20.0,20.0,11.0,22.0,22.0,262.0,17.0,34.0,48.0
47.5,66.0,56.0,58.0,58.0,58.0,192.0,37.0,57.0,57.0,61.0,49.0,105.0,286.0,232.0,244.0,47.0,110.0,38.0,36.0,42.0,51.0,24.0,34.0,205.0,269.0,37.0,41.0,55.0,52.0,46.0,271.0,35.0,281.0,51.0,36.0,54.0,286.0,37.0,47.0,39.0,36.0,53.0,56.0,39.0,19.0,29.0,18.0,35.0,50.0,44.0,32.0,31.0,282.0,15.0,23.0,25.0,253.0,17.0,11.0,59.0,313.0,38.0,273.0,29.0,47.0,32.0,29.0,25.0,43.0,46.0,24.0,35.0,40.0,60.0,25.0,25.0,46.0,16.0,12.0,35.0,14.0,15.0,36.0,37.0,55.0,38.0,35.0,25.0,24.0,15.0,26.0,25.0,265.0,21.0,36.0,52.0
47.75,59.0,51.0,53.0,54.0,53.0,184.0,33.0,50.0,53.0,59.0,46.0,102.0,284.0,229.0,242.0,41.0,107.0,34.0,33.0,39.0,48.0,22.0,32.0,206.0,265.0,32.0,38.0,51.0,50.0,43.0,267.0,33.0,277.0,48.0,34.0,49.0,282.0,33.0,40.0,34.0,30.0,47.0,50.0,36.0,17.0,23.0,15.0,32.0,48.0,37.0,28.0,27.0,280.0,11.0,21.0,21.0,251.0,14.0,11.0,55.0,313.0,34.0,269.0,26.0,41.0,29.0,26.0,22.0,38.0,42.0,21.0,32.0,33.0,54.0,22.0,24.0,43.0,15.0,11.0,32.0,13.0,12.0,33.0,34.0,52.0,32.0,31.0,22.0,23.0,11.0,24.0,23.0,263.0,17.0,34.0,48.0
