,Data File    ,C:\Program Files\Biolog\OL_DC_23\PMX\Data_2019\02\_09-2554_Escherichia coli__2_37_PMX_438_2#19#2019_A_ 4B_7.oka,Unnamed: 2,Unnamed: 3,Unnamed: 4,Unnamed: 5,Unnamed: 6,Unnamed: 7,Unnamed: 8,Unnamed: 9,Unnamed: 10,Unnamed: 11,Unnamed: 12,Unnamed: 13,Unnamed: 14,Unnamed: 15,Unnamed: 16,Unnamed: 17,Unnamed: 18,Unnamed: 19,Unnamed: 20,Unnamed: 21,Unnamed: 22,Unnamed: 23,Unnamed: 24,Unnamed: 25,Unnamed: 26,Unnamed: 27,Unnamed: 28,Unnamed: 29,Unnamed: 30,Unnamed: 31,Unnamed: 32,Unnamed: 33,Unnamed: 34,Unnamed: 35,Unnamed: 36,Unnamed: 37,Unnamed: 38,Unnamed: 39,Unnamed: 40,Unnamed: 41,Unnamed: 42,Unnamed: 43,Unnamed: 44,Unnamed: 45,Unnamed: 46,Unnamed: 47,Unnamed: 48,Unnamed: 49,Unnamed: 50,Unnamed: 51,Unnamed: 52,Unnamed: 53,Unnamed: 54,Unnamed: 55,Unnamed: 56,Unnamed: 57,Unnamed: 58,Unnamed: 59,Unnamed: 60,Unnamed: 61,Unnamed: 62,Unnamed: 63,Unnamed: 64,Unnamed: 65,Unnamed: 66,Unnamed: 67,Unnamed: 68,Unnamed: 69,Unnamed: 70,Unnamed: 71,Unnamed: 72,Unnamed: 73,Unnamed: 74,Unnamed: 75,Unnamed: 76,Unnamed: 77,Unnamed: 78,Unnamed: 79,Unnamed: 80,Unnamed: 81,Unnamed: 82,Unnamed: 83,Unnamed: 84,Unnamed: 85,Unnamed: 86,Unnamed: 87,Unnamed: 88,Unnamed: 89,Unnamed: 90,Unnamed: 91,Unnamed: 92,Unnamed: 93,Unnamed: 94,Unnamed: 95,Unnamed: 96
0,Set up Time,2/19/2019 10:40:53 AM,,,,,,,,,,,,,,,,,,,,,,,,,,,,,,,,,,,,,,,,,,,,,,,,,,,,,,,,,,,,,,,,,,,,,,,,,,,,,,,,,,,,,,,,,,,,,,,
1,Position, 4-B,,,,,,,,,,,,,,,,,,,,,,,,,,,,,,,,,,,,,,,,,,,,,,,,,,,,,,,,,,,,,,,,,,,,,,,,,,,,,,,,,,,,,,,,,,,,,,,
2,Plate Type,PM02-A,,,,,,,,,,,,,,,,,,,,,,,,,,,,,,,,,,,,,,,,,,,,,,,,,,,,,,,,,,,,,,,,,,,,,,,,,,,,,,,,,,,,,,,,,,,,,,,
3,Strain Type,---,,,,,,,,,,,,,,,,,,,,,,,,,,,,,,,,,,,,,,,,,,,,,,,,,,,,,,,,,,,,,,,,,,,,,,,,,,,,,,,,,,,,,,,,,,,,,,,
4,Sample Number,,,,,,,,,,,,,,,,,,,,,,,,,,,,,,,,,,,,,,,,,,,,,,,,,,,,,,,,,,,,,,,,,,,,,,,,,,,,,,,,,,,,,,,,,,,,,,,,
5,Strain Name,Escherichia coli,,,,,,,,,,,,,,,,,,,,,,,,,,,,,,,,,,,,,,,,,,,,,,,,,,,,,,,,,,,,,,,,,,,,,,,,,,,,,,,,,,,,,,,,,,,,,,,
6,O-type,O113,,,,,,,,,,,,,,,,,,,,,,,,,,,,,,,,,,,,,,,,,,,,,,,,,,,,,,,,,,,,,,,,,,,,,,,,,,,,,,,,,,,,,,,,,,,,,,,
7,H-type,H21,,,,,,,,,,,,,,,,,,,,,,,,,,,,,,,,,,,,,,,,,,,,,,,,,,,,,,,,,,,,,,,,,,,,,,,,,,,,,,,,,,,,,,,,,,,,,,,
8,Host,Human,,,,,,,,,,,,,,,,,,,,,,,,,,,,,,,,,,,,,,,,,,,,,,,,,,,,,,,,,,,,,,,,,,,,,,,,,,,,,,,,,,,,,,,,,,,,,,,
9,Strain Number,09-2554,,,,,,,,,,,,,,,,,,,,,,,,,,,,,,,,,,,,,,,,,,,,,,,,,,,,,,,,,,,,,,,,,,,,,,,,,,,,,,,,,,,,,,,,,,,,,,,
10,Other,,,,,,,,,,,,,,,,,,,,,,,,,,,,,,,,,,,,,,,,,,,,,,,,,,,,,,,,,,,,,,,,,,,,,,,,,,,,,,,,,,,,,,,,,,,,,,,,
0,Hour,A01,A02,A03,A04,A05,A06,A07,A08,A09,A10,A11,A12,B01,B02,B03,B04,B05,B06,B07,B08,B09,B10,B11,B12,C01,C02,C03,C04,C05,C06,C07,C08,C09,C10,C11,C12,D01,D02,D03,D04,D05,D06,D07,D08,D09,D10,D11,D12,E01,E02,E03,E04,E05,E06,E07,E08,E09,E10,E11,E12,F01,F02,F03,F04,F05,F06,F07,F08,F09,F10,F11,F12,G01,G02,G03,G04,G05,G06,G07,G08,G09,G10,G11,G12,H01,H02,H03,H04,H05,H06,H07,H08,H09,H10,H11,H12
0,0.0,47.0,28.0,28.0,23.0,30.0,18.0,14.0,12.0,17.0,12.0,16.0,47.0,40.0,17.0,16.0,11.0,21.0,11.0,11.0,11.0,11.0,11.0,11.0,13.0,29.0,11.0,13.0,11.0,11.0,11.0,11.0,11.0,11.0,11.0,11.0,14.0,24.0,13.0,11.0,11.0,11.0,11.0,11.0,11.0,11.0,11.0,11.0,14.0,42.0,25.0,18.0,15.0,15.0,11.0,11.0,11.0,11.0,11.0,11.0,27.0,30.0,24.0,14.0,17.0,14.0,11.0,11.0,11.0,12.0,11.0,11.0,27.0,34.0,27.0,19.0,16.0,11.0,11.0,11.0,11.0,11.0,22.0,11.0,22.0,46.0,41.0,21.0,33.0,13.0,14.0,11.0,18.0,42.0,11.0,11.0,21.0
1,0.25,48.0,28.0,26.0,24.0,27.0,18.0,17.0,14.0,19.0,15.0,19.0,52.0,41.0,20.0,19.0,11.0,25.0,11.0,11.0,11.0,12.0,11.0,11.0,15.0,31.0,12.0,14.0,11.0,11.0,11.0,11.0,11.0,11.0,11.0,11.0,14.0,28.0,13.0,13.0,11.0,11.0,11.0,11.0,11.0,11.0,11.0,11.0,13.0,47.0,21.0,18.0,17.0,18.0,11.0,11.0,11.0,11.0,11.0,11.0,25.0,35.0,24.0,17.0,16.0,11.0,11.0,11.0,11.0,11.0,11.0,11.0,22.0,34.0,30.0,14.0,19.0,11.0,11.0,11.0,11.0,11.0,23.0,11.0,20.0,43.0,41.0,20.0,33.0,13.0,15.0,11.0,18.0,42.0,11.0,11.0,23.0
2,0.5,50.0,27.0,27.0,23.0,27.0,18.0,16.0,12.0,12.0,13.0,19.0,52.0,38.0,19.0,16.0,11.0,25.0,11.0,11.0,11.0,11.0,11.0,11.0,11.0,31.0,13.0,11.0,11.0,11.0,11.0,11.0,11.0,11.0,11.0,11.0,12.0,28.0,12.0,12.0,11.0,11.0,11.0,11.0,11.0,11.0,11.0,11.0,11.0,33.0,24.0,14.0,15.0,16.0,11.0,11.0,11.0,11.0,11.0,11.0,24.0,34.0,23.0,14.0,19.0,11.0,11.0,11.0,11.0,11.0,11.0,11.0,21.0,35.0,28.0,14.0,20.0,11.0,11.0,11.0,11.0,11.0,18.0,11.0,20.0,42.0,38.0,20.0,36.0,16.0,14.0,11.0,18.0,40.0,11.0,11.0,23.0
3,0.75,49.0,27.0,26.0,22.0,26.0,20.0,17.0,15.0,14.0,19.0,18.0,54.0,39.0,18.0,17.0,11.0,25.0,11.0,11.0,11.0,12.0,11.0,11.0,14.0,29.0,13.0,12.0,11.0,14.0,11.0,11.0,11.0,11.0,11.0,11.0,13.0,29.0,11.0,13.0,11.0,11.0,11.0,11.0,11.0,11.0,11.0,11.0,12.0,30.0,22.0,13.0,13.0,14.0,11.0,11.0,11.0,11.0,11.0,11.0,24.0,34.0,22.0,15.0,15.0,11.0,11.0,11.0,11.0,11.0,11.0,11.0,23.0,33.0,29.0,14.0,18.0,11.0,11.0,11.0,11.0,11.0,17.0,11.0,18.0,39.0,39.0,20.0,29.0,11.0,13.0,11.0,17.0,37.0,11.0,11.0,22.0
4,1.0,50.0,36.0,29.0,28.0,31.0,24.0,13.0,15.0,12.0,17.0,22.0,57.0,41.0,20.0,16.0,12.0,26.0,11.0,11.0,11.0,14.0,11.0,11.0,16.0,30.0,11.0,11.0,11.0,11.0,11.0,11.0,11.0,11.0,11.0,11.0,18.0,30.0,13.0,14.0,11.0,11.0,11.0,11.0,11.0,11.0,11.0,11.0,16.0,25.0,20.0,11.0,15.0,17.0,11.0,11.0,11.0,11.0,11.0,11.0,25.0,31.0,22.0,12.0,14.0,11.0,11.0,11.0,11.0,13.0,11.0,11.0,19.0,33.0,28.0,14.0,16.0,11.0,11.0,11.0,11.0,11.0,11.0,11.0,20.0,42.0,43.0,21.0,28.0,14.0,17.0,11.0,12.0,38.0,11.0,11.0,22.0
5,1.25,54.0,32.0,30.0,28.0,30.0,25.0,20.0,18.0,16.0,23.0,24.0,56.0,44.0,21.0,20.0,14.0,29.0,12.0,11.0,11.0,15.0,11.0,14.0,15.0,34.0,13.0,15.0,12.0,16.0,11.0,11.0,11.0,11.0,11.0,12.0,15.0,32.0,17.0,15.0,11.0,11.0,11.0,11.0,11.0,11.0,11.0,11.0,15.0,32.0,24.0,14.0,18.0,20.0,11.0,11.0,11.0,11.0,11.0,11.0,29.0,41.0,26.0,18.0,20.0,14.0,15.0,11.0,11.0,11.0,11.0,11.0,25.0,40.0,32.0,16.0,22.0,14.0,13.0,11.0,11.0,11.0,16.0,11.0,21.0,47.0,43.0,25.0,33.0,21.0,19.0,12.0,16.0,38.0,11.0,11.0,27.0
6,1.5,61.0,34.0,41.0,32.0,37.0,32.0,27.0,23.0,24.0,25.0,35.0,62.0,46.0,28.0,19.0,14.0,34.0,11.0,13.0,11.0,14.0,11.0,18.0,15.0,39.0,18.0,19.0,14.0,19.0,11.0,11.0,11.0,11.0,11.0,16.0,16.0,38.0,15.0,19.0,11.0,15.0,11.0,16.0,11.0,11.0,11.0,12.0,14.0,32.0,23.0,13.0,18.0,21.0,11.0,11.0,11.0,11.0,11.0,11.0,35.0,51.0,28.0,22.0,23.0,17.0,17.0,11.0,11.0,12.0,11.0,11.0,28.0,42.0,35.0,21.0,24.0,12.0,14.0,11.0,12.0,11.0,12.0,11.0,25.0,51.0,48.0,31.0,33.0,22.0,21.0,13.0,17.0,39.0,11.0,11.0,34.0
7,1.75,70.0,41.0,49.0,43.0,47.0,42.0,35.0,33.0,35.0,30.0,43.0,72.0,50.0,33.0,17.0,26.0,41.0,19.0,22.0,17.0,17.0,11.0,28.0,20.0,46.0,24.0,28.0,24.0,24.0,17.0,15.0,17.0,21.0,22.0,23.0,19.0,46.0,20.0,28.0,14.0,20.0,11.0,23.0,12.0,11.0,14.0,16.0,21.0,31.0,21.0,12.0,19.0,24.0,11.0,11.0,15.0,12.0,11.0,11.0,41.0,59.0,34.0,28.0,28.0,29.0,21.0,11.0,16.0,15.0,22.0,11.0,32.0,45.0,44.0,30.0,30.0,14.0,13.0,11.0,18.0,11.0,11.0,17.0,35.0,55.0,53.0,38.0,35.0,29.0,27.0,20.0,20.0,36.0,17.0,13.0,39.0
8,2.0,77.0,50.0,61.0,49.0,59.0,52.0,45.0,42.0,43.0,38.0,53.0,85.0,58.0,41.0,20.0,34.0,51.0,30.0,34.0,26.0,20.0,18.0,37.0,23.0,55.0,31.0,35.0,33.0,37.0,24.0,24.0,24.0,27.0,28.0,32.0,23.0,56.0,29.0,37.0,24.0,32.0,13.0,32.0,21.0,14.0,22.0,26.0,30.0,36.0,27.0,16.0,27.0,31.0,12.0,16.0,22.0,16.0,14.0,11.0,49.0,70.0,44.0,39.0,39.0,44.0,31.0,20.0,21.0,16.0,33.0,14.0,38.0,52.0,53.0,36.0,34.0,21.0,21.0,11.0,30.0,11.0,11.0,24.0,39.0,64.0,58.0,47.0,41.0,39.0,37.0,30.0,30.0,40.0,21.0,20.0,48.0
9,2.25,74.0,49.0,67.0,49.0,61.0,59.0,47.0,51.0,53.0,43.0,59.0,93.0,54.0,39.0,18.0,38.0,52.0,36.0,40.0,33.0,23.0,26.0,45.0,29.0,56.0,34.0,37.0,39.0,38.0,33.0,29.0,33.0,35.0,34.0,37.0,27.0,57.0,31.0,38.0,30.0,31.0,28.0,40.0,30.0,25.0,30.0,33.0,37.0,30.0,20.0,12.0,30.0,34.0,12.0,23.0,28.0,22.0,18.0,11.0,52.0,67.0,41.0,40.0,37.0,49.0,33.0,24.0,25.0,26.0,40.0,17.0,45.0,43.0,52.0,35.0,27.0,19.0,17.0,11.0,33.0,11.0,16.0,28.0,40.0,55.0,48.0,42.0,32.0,32.0,33.0,32.0,27.0,41.0,28.0,33.0,51.0
10,2.5,79.0,51.0,70.0,52.0,64.0,63.0,50.0,50.0,52.0,46.0,60.0,98.0,60.0,43.0,21.0,40.0,56.0,37.0,40.0,29.0,21.0,27.0,46.0,38.0,60.0,35.0,42.0,40.0,40.0,32.0,32.0,29.0,35.0,34.0,39.0,23.0,65.0,30.0,40.0,33.0,34.0,36.0,42.0,29.0,27.0,27.0,31.0,39.0,37.0,29.0,14.0,35.0,35.0,11.0,21.0,25.0,21.0,18.0,11.0,52.0,80.0,47.0,47.0,42.0,55.0,37.0,26.0,23.0,32.0,42.0,16.0,44.0,50.0,62.0,35.0,33.0,19.0,17.0,11.0,33.0,11.0,13.0,26.0,39.0,64.0,57.0,44.0,37.0,36.0,35.0,32.0,27.0,40.0,25.0,30.0,51.0
11,2.75,83.0,51.0,74.0,55.0,70.0,72.0,55.0,54.0,56.0,55.0,63.0,103.0,65.0,46.0,23.0,43.0,60.0,39.0,43.0,32.0,22.0,28.0,48.0,49.0,65.0,37.0,45.0,40.0,44.0,32.0,36.0,30.0,36.0,32.0,38.0,27.0,70.0,30.0,42.0,35.0,35.0,39.0,46.0,31.0,26.0,28.0,33.0,39.0,38.0,33.0,15.0,41.0,40.0,11.0,21.0,27.0,19.0,18.0,11.0,56.0,91.0,47.0,51.0,41.0,60.0,35.0,24.0,23.0,40.0,45.0,17.0,45.0,51.0,67.0,38.0,34.0,20.0,18.0,11.0,35.0,11.0,11.0,27.0,40.0,66.0,55.0,45.0,37.0,34.0,38.0,33.0,28.0,41.0,22.0,34.0,55.0
12,3.0,85.0,54.0,77.0,61.0,72.0,82.0,56.0,57.0,58.0,75.0,65.0,108.0,72.0,54.0,23.0,43.0,59.0,40.0,45.0,32.0,24.0,28.0,51.0,55.0,68.0,38.0,48.0,44.0,46.0,34.0,41.0,29.0,37.0,33.0,38.0,36.0,78.0,34.0,48.0,37.0,37.0,45.0,51.0,32.0,25.0,28.0,33.0,41.0,42.0,40.0,18.0,46.0,46.0,17.0,26.0,27.0,21.0,19.0,11.0,57.0,102.0,53.0,60.0,46.0,66.0,39.0,27.0,25.0,45.0,48.0,16.0,44.0,54.0,75.0,44.0,37.0,22.0,23.0,11.0,37.0,11.0,12.0,26.0,40.0,73.0,60.0,49.0,44.0,42.0,42.0,35.0,30.0,42.0,23.0,36.0,56.0
13,3.25,86.0,54.0,76.0,59.0,72.0,89.0,54.0,57.0,58.0,102.0,64.0,112.0,71.0,54.0,23.0,44.0,62.0,39.0,45.0,33.0,23.0,27.0,50.0,60.0,68.0,38.0,48.0,43.0,47.0,32.0,43.0,29.0,38.0,32.0,40.0,39.0,81.0,34.0,46.0,39.0,35.0,46.0,56.0,32.0,25.0,25.0,29.0,40.0,41.0,40.0,19.0,48.0,48.0,15.0,24.0,29.0,22.0,18.0,11.0,57.0,109.0,52.0,64.0,45.0,69.0,37.0,26.0,26.0,51.0,49.0,17.0,44.0,54.0,78.0,42.0,37.0,22.0,23.0,11.0,36.0,11.0,11.0,24.0,39.0,75.0,59.0,50.0,45.0,42.0,43.0,35.0,33.0,44.0,27.0,37.0,56.0
14,3.5,90.0,60.0,81.0,64.0,75.0,98.0,58.0,60.0,62.0,133.0,68.0,116.0,79.0,55.0,29.0,47.0,65.0,43.0,49.0,32.0,28.0,32.0,55.0,66.0,72.0,41.0,52.0,47.0,50.0,35.0,51.0,32.0,40.0,34.0,40.0,49.0,91.0,37.0,51.0,42.0,41.0,51.0,60.0,35.0,28.0,31.0,37.0,42.0,46.0,43.0,22.0,49.0,55.0,19.0,27.0,31.0,21.0,23.0,14.0,58.0,117.0,56.0,75.0,50.0,71.0,44.0,30.0,29.0,58.0,51.0,19.0,46.0,58.0,82.0,47.0,42.0,26.0,27.0,13.0,40.0,11.0,15.0,25.0,40.0,82.0,64.0,52.0,50.0,46.0,48.0,39.0,36.0,47.0,29.0,40.0,59.0
15,3.75,87.0,53.0,75.0,59.0,71.0,102.0,56.0,60.0,59.0,148.0,66.0,117.0,74.0,51.0,23.0,42.0,61.0,42.0,44.0,32.0,23.0,27.0,50.0,70.0,69.0,40.0,48.0,43.0,46.0,33.0,54.0,29.0,38.0,33.0,39.0,51.0,89.0,33.0,46.0,36.0,36.0,46.0,55.0,33.0,26.0,26.0,31.0,40.0,41.0,39.0,18.0,45.0,54.0,14.0,24.0,26.0,20.0,19.0,11.0,55.0,117.0,52.0,80.0,46.0,65.0,39.0,25.0,23.0,58.0,47.0,19.0,43.0,55.0,82.0,41.0,38.0,22.0,22.0,11.0,37.0,11.0,13.0,25.0,37.0,76.0,59.0,48.0,44.0,38.0,43.0,36.0,32.0,46.0,25.0,37.0,54.0
16,4.0,89.0,58.0,77.0,61.0,76.0,108.0,58.0,60.0,60.0,161.0,67.0,117.0,81.0,62.0,27.0,43.0,64.0,43.0,47.0,33.0,22.0,27.0,51.0,73.0,72.0,40.0,50.0,45.0,48.0,33.0,55.0,32.0,35.0,32.0,37.0,49.0,96.0,36.0,49.0,41.0,42.0,48.0,57.0,36.0,26.0,25.0,34.0,40.0,48.0,43.0,23.0,49.0,61.0,20.0,26.0,29.0,21.0,20.0,11.0,55.0,125.0,55.0,93.0,51.0,69.0,43.0,29.0,26.0,61.0,49.0,18.0,45.0,60.0,88.0,46.0,41.0,26.0,27.0,12.0,39.0,11.0,14.0,24.0,39.0,84.0,65.0,54.0,50.0,45.0,48.0,40.0,38.0,52.0,26.0,37.0,60.0
17,4.25,90.0,56.0,78.0,63.0,72.0,114.0,57.0,61.0,60.0,169.0,66.0,121.0,82.0,65.0,24.0,42.0,62.0,42.0,46.0,32.0,21.0,29.0,51.0,80.0,71.0,41.0,50.0,42.0,50.0,31.0,60.0,31.0,38.0,32.0,37.0,50.0,97.0,35.0,49.0,41.0,37.0,49.0,57.0,33.0,26.0,26.0,31.0,41.0,44.0,42.0,20.0,45.0,62.0,16.0,26.0,27.0,21.0,22.0,11.0,58.0,127.0,57.0,97.0,47.0,68.0,43.0,27.0,26.0,64.0,47.0,17.0,44.0,55.0,87.0,43.0,39.0,23.0,24.0,11.0,39.0,12.0,15.0,27.0,37.0,78.0,61.0,50.0,43.0,40.0,42.0,35.0,33.0,50.0,25.0,36.0,60.0
18,4.5,88.0,57.0,79.0,61.0,71.0,119.0,58.0,61.0,60.0,177.0,68.0,123.0,87.0,72.0,22.0,42.0,61.0,41.0,45.0,32.0,23.0,28.0,52.0,85.0,69.0,42.0,49.0,43.0,48.0,33.0,61.0,30.0,41.0,33.0,38.0,49.0,99.0,34.0,48.0,41.0,37.0,47.0,55.0,35.0,26.0,25.0,33.0,40.0,42.0,41.0,17.0,47.0,65.0,15.0,25.0,26.0,21.0,20.0,11.0,56.0,129.0,53.0,105.0,47.0,68.0,40.0,28.0,25.0,67.0,49.0,20.0,43.0,54.0,91.0,41.0,38.0,22.0,21.0,11.0,40.0,11.0,13.0,26.0,36.0,81.0,58.0,45.0,42.0,37.0,41.0,34.0,34.0,56.0,25.0,37.0,57.0
19,4.75,86.0,52.0,74.0,59.0,70.0,121.0,57.0,59.0,62.0,185.0,66.0,121.0,89.0,77.0,21.0,40.0,59.0,41.0,44.0,31.0,22.0,28.0,53.0,91.0,66.0,37.0,46.0,41.0,45.0,31.0,66.0,32.0,42.0,33.0,36.0,50.0,99.0,31.0,44.0,36.0,37.0,45.0,54.0,35.0,27.0,28.0,33.0,43.0,39.0,37.0,15.0,43.0,67.0,15.0,24.0,26.0,22.0,18.0,12.0,56.0,131.0,48.0,109.0,44.0,67.0,37.0,28.0,24.0,69.0,48.0,20.0,43.0,48.0,87.0,38.0,35.0,19.0,18.0,11.0,37.0,11.0,16.0,26.0,35.0,76.0,51.0,43.0,37.0,34.0,37.0,32.0,31.0,59.0,23.0,38.0,56.0
20,5.0,81.0,52.0,71.0,56.0,66.0,126.0,53.0,64.0,64.0,189.0,68.0,123.0,89.0,81.0,15.0,41.0,57.0,41.0,45.0,33.0,23.0,30.0,52.0,94.0,61.0,38.0,43.0,39.0,41.0,34.0,69.0,32.0,44.0,33.0,37.0,51.0,94.0,33.0,42.0,38.0,34.0,47.0,54.0,35.0,26.0,27.0,35.0,43.0,30.0,30.0,13.0,41.0,70.0,12.0,26.0,26.0,20.0,18.0,13.0,55.0,129.0,42.0,108.0,37.0,62.0,37.0,25.0,25.0,69.0,44.0,22.0,41.0,40.0,77.0,34.0,27.0,19.0,16.0,11.0,34.0,11.0,14.0,26.0,32.0,68.0,45.0,37.0,28.0,29.0,31.0,31.0,29.0,61.0,21.0,40.0,56.0
21,5.25,84.0,53.0,73.0,57.0,70.0,129.0,56.0,61.0,61.0,193.0,68.0,124.0,97.0,91.0,20.0,39.0,57.0,40.0,45.0,32.0,22.0,28.0,51.0,98.0,62.0,39.0,45.0,40.0,43.0,33.0,70.0,30.0,45.0,32.0,35.0,52.0,103.0,32.0,42.0,35.0,35.0,47.0,54.0,33.0,26.0,26.0,35.0,44.0,37.0,35.0,15.0,45.0,75.0,14.0,24.0,27.0,21.0,19.0,12.0,55.0,140.0,47.0,116.0,40.0,65.0,37.0,26.0,25.0,69.0,49.0,20.0,43.0,45.0,85.0,39.0,33.0,19.0,19.0,11.0,37.0,11.0,14.0,26.0,33.0,73.0,49.0,39.0,35.0,31.0,36.0,30.0,31.0,61.0,23.0,38.0,58.0
22,5.5,85.0,53.0,73.0,55.0,67.0,130.0,55.0,59.0,60.0,196.0,67.0,119.0,103.0,97.0,19.0,40.0,58.0,38.0,44.0,29.0,23.0,24.0,50.0,97.0,63.0,37.0,44.0,40.0,41.0,31.0,73.0,28.0,44.0,27.0,34.0,49.0,105.0,31.0,45.0,35.0,33.0,43.0,52.0,31.0,24.0,23.0,31.0,39.0,38.0,36.0,15.0,43.0,78.0,11.0,23.0,26.0,20.0,16.0,11.0,56.0,145.0,48.0,121.0,43.0,62.0,35.0,25.0,23.0,72.0,46.0,19.0,41.0,45.0,89.0,38.0,34.0,20.0,16.0,11.0,36.0,11.0,11.0,24.0,30.0,76.0,52.0,41.0,38.0,32.0,34.0,29.0,31.0,66.0,20.0,35.0,56.0
23,5.75,78.0,47.0,66.0,56.0,65.0,132.0,53.0,62.0,62.0,200.0,66.0,121.0,105.0,105.0,13.0,38.0,55.0,38.0,42.0,29.0,22.0,29.0,52.0,103.0,58.0,36.0,41.0,40.0,41.0,31.0,75.0,30.0,44.0,31.0,33.0,51.0,103.0,30.0,37.0,33.0,33.0,43.0,53.0,33.0,24.0,26.0,31.0,41.0,30.0,27.0,11.0,41.0,82.0,11.0,22.0,25.0,21.0,16.0,12.0,55.0,141.0,39.0,120.0,37.0,61.0,34.0,25.0,22.0,70.0,44.0,18.0,41.0,38.0,80.0,30.0,28.0,20.0,17.0,11.0,33.0,11.0,13.0,24.0,29.0,68.0,40.0,34.0,27.0,28.0,32.0,31.0,28.0,66.0,20.0,39.0,52.0
24,6.0,78.0,49.0,67.0,52.0,62.0,132.0,53.0,62.0,64.0,206.0,69.0,120.0,114.0,126.0,16.0,38.0,56.0,39.0,42.0,30.0,22.0,30.0,54.0,107.0,58.0,40.0,42.0,40.0,40.0,31.0,81.0,31.0,48.0,32.0,36.0,52.0,107.0,32.0,41.0,34.0,32.0,46.0,54.0,34.0,26.0,27.0,34.0,42.0,29.0,29.0,11.0,40.0,90.0,11.0,24.0,26.0,20.0,18.0,13.0,55.0,143.0,43.0,126.0,38.0,60.0,34.0,24.0,23.0,70.0,43.0,20.0,44.0,40.0,82.0,34.0,31.0,21.0,16.0,11.0,34.0,11.0,13.0,26.0,31.0,69.0,42.0,36.0,26.0,28.0,31.0,34.0,31.0,70.0,22.0,42.0,54.0
25,6.25,80.0,48.0,66.0,54.0,62.0,137.0,52.0,61.0,64.0,209.0,70.0,121.0,119.0,141.0,15.0,39.0,52.0,39.0,43.0,30.0,20.0,28.0,51.0,109.0,57.0,36.0,39.0,39.0,40.0,30.0,83.0,29.0,49.0,30.0,36.0,50.0,112.0,31.0,40.0,37.0,32.0,45.0,51.0,35.0,26.0,29.0,32.0,44.0,29.0,27.0,11.0,39.0,94.0,11.0,22.0,26.0,22.0,16.0,12.0,52.0,139.0,41.0,125.0,35.0,62.0,34.0,24.0,23.0,69.0,43.0,19.0,41.0,35.0,80.0,33.0,27.0,21.0,16.0,11.0,36.0,11.0,12.0,24.0,29.0,68.0,37.0,34.0,27.0,29.0,28.0,30.0,29.0,72.0,20.0,41.0,52.0
26,6.5,77.0,46.0,65.0,50.0,61.0,137.0,52.0,61.0,64.0,212.0,68.0,120.0,127.0,155.0,12.0,38.0,52.0,37.0,43.0,31.0,20.0,27.0,53.0,112.0,56.0,39.0,44.0,39.0,40.0,32.0,86.0,28.0,51.0,30.0,35.0,51.0,115.0,31.0,39.0,34.0,33.0,45.0,54.0,32.0,27.0,28.0,32.0,42.0,30.0,29.0,11.0,40.0,102.0,11.0,23.0,25.0,19.0,17.0,14.0,53.0,142.0,44.0,131.0,37.0,61.0,35.0,25.0,22.0,71.0,41.0,19.0,43.0,37.0,83.0,33.0,30.0,23.0,16.0,11.0,36.0,11.0,14.0,24.0,30.0,69.0,37.0,36.0,24.0,29.0,30.0,32.0,31.0,75.0,22.0,42.0,56.0
27,6.75,75.0,48.0,63.0,52.0,58.0,138.0,52.0,60.0,61.0,215.0,69.0,119.0,132.0,163.0,14.0,38.0,52.0,38.0,41.0,30.0,18.0,28.0,53.0,114.0,56.0,38.0,42.0,39.0,39.0,32.0,88.0,31.0,53.0,30.0,34.0,52.0,124.0,31.0,40.0,33.0,33.0,44.0,53.0,35.0,27.0,28.0,33.0,42.0,30.0,28.0,11.0,38.0,107.0,11.0,22.0,22.0,22.0,16.0,13.0,55.0,139.0,43.0,133.0,37.0,60.0,35.0,25.0,23.0,70.0,41.0,18.0,44.0,39.0,83.0,34.0,28.0,21.0,17.0,11.0,35.0,11.0,12.0,27.0,30.0,69.0,37.0,34.0,24.0,29.0,29.0,32.0,30.0,76.0,22.0,40.0,53.0
28,7.0,80.0,53.0,68.0,55.0,64.0,144.0,54.0,62.0,68.0,220.0,72.0,124.0,137.0,174.0,15.0,39.0,55.0,39.0,44.0,33.0,22.0,33.0,54.0,121.0,60.0,41.0,43.0,42.0,42.0,34.0,94.0,31.0,57.0,32.0,38.0,55.0,132.0,34.0,41.0,37.0,35.0,44.0,54.0,35.0,30.0,32.0,35.0,46.0,32.0,32.0,11.0,43.0,116.0,12.0,25.0,27.0,24.0,18.0,16.0,54.0,139.0,44.0,137.0,40.0,62.0,35.0,25.0,25.0,72.0,42.0,22.0,43.0,37.0,88.0,36.0,30.0,22.0,18.0,11.0,34.0,11.0,14.0,27.0,31.0,71.0,41.0,35.0,27.0,30.0,32.0,33.0,32.0,80.0,23.0,43.0,54.0
29,7.25,77.0,46.0,63.0,49.0,59.0,141.0,52.0,59.0,62.0,221.0,69.0,120.0,140.0,177.0,11.0,37.0,52.0,36.0,41.0,30.0,18.0,28.0,52.0,120.0,57.0,37.0,40.0,37.0,38.0,30.0,94.0,30.0,55.0,29.0,32.0,48.0,133.0,30.0,37.0,31.0,32.0,42.0,54.0,31.0,25.0,27.0,33.0,41.0,28.0,27.0,11.0,37.0,120.0,11.0,22.0,26.0,20.0,16.0,13.0,53.0,140.0,42.0,137.0,36.0,60.0,33.0,25.0,22.0,68.0,41.0,19.0,44.0,38.0,83.0,30.0,29.0,21.0,16.0,11.0,34.0,11.0,12.0,25.0,28.0,70.0,37.0,32.0,24.0,27.0,29.0,32.0,29.0,79.0,20.0,39.0,54.0
30,7.5,94.0,60.0,79.0,63.0,75.0,149.0,60.0,65.0,66.0,225.0,74.0,124.0,151.0,194.0,27.0,43.0,63.0,43.0,49.0,34.0,26.0,29.0,54.0,126.0,70.0,45.0,53.0,44.0,50.0,34.0,102.0,30.0,60.0,33.0,38.0,52.0,148.0,35.0,51.0,38.0,39.0,46.0,57.0,35.0,28.0,28.0,35.0,44.0,45.0,44.0,21.0,51.0,131.0,18.0,26.0,30.0,25.0,22.0,14.0,59.0,154.0,56.0,152.0,49.0,71.0,41.0,29.0,27.0,77.0,49.0,21.0,46.0,54.0,108.0,44.0,40.0,26.0,22.0,11.0,41.0,12.0,17.0,25.0,37.0,86.0,59.0,49.0,42.0,39.0,42.0,36.0,37.0,88.0,26.0,37.0,59.0
31,7.75,90.0,54.0,74.0,56.0,70.0,148.0,55.0,60.0,62.0,225.0,69.0,122.0,150.0,197.0,21.0,40.0,57.0,37.0,44.0,30.0,24.0,27.0,51.0,124.0,66.0,41.0,46.0,40.0,44.0,30.0,101.0,28.0,59.0,30.0,35.0,50.0,147.0,33.0,44.0,37.0,34.0,42.0,53.0,32.0,25.0,27.0,31.0,40.0,39.0,37.0,18.0,47.0,135.0,14.0,24.0,27.0,19.0,17.0,11.0,55.0,147.0,50.0,153.0,42.0,66.0,38.0,27.0,24.0,73.0,45.0,19.0,40.0,47.0,103.0,40.0,36.0,22.0,18.0,11.0,36.0,11.0,15.0,23.0,31.0,82.0,52.0,43.0,39.0,37.0,35.0,31.0,33.0,87.0,23.0,36.0,54.0
32,8.0,90.0,57.0,75.0,58.0,67.0,149.0,57.0,61.0,64.0,229.0,71.0,121.0,153.0,201.0,18.0,39.0,58.0,39.0,44.0,31.0,21.0,28.0,53.0,130.0,66.0,41.0,47.0,43.0,44.0,32.0,106.0,30.0,60.0,31.0,37.0,50.0,152.0,32.0,45.0,36.0,35.0,44.0,54.0,32.0,25.0,27.0,32.0,41.0,37.0,38.0,14.0,46.0,143.0,13.0,22.0,27.0,21.0,18.0,11.0,56.0,147.0,52.0,156.0,43.0,68.0,36.0,27.0,23.0,74.0,46.0,24.0,43.0,46.0,103.0,37.0,36.0,23.0,19.0,11.0,39.0,11.0,16.0,25.0,32.0,81.0,51.0,41.0,37.0,33.0,37.0,31.0,32.0,87.0,20.0,39.0,54.0
33,8.25,89.0,57.0,73.0,56.0,70.0,148.0,57.0,61.0,65.0,234.0,74.0,124.0,155.0,205.0,21.0,39.0,56.0,42.0,46.0,32.0,24.0,29.0,53.0,134.0,67.0,40.0,46.0,42.0,45.0,32.0,109.0,31.0,62.0,33.0,37.0,54.0,156.0,32.0,46.0,35.0,37.0,44.0,56.0,35.0,28.0,30.0,36.0,43.0,37.0,37.0,16.0,48.0,147.0,14.0,25.0,29.0,24.0,20.0,14.0,57.0,146.0,48.0,162.0,42.0,67.0,38.0,27.0,25.0,78.0,46.0,22.0,43.0,46.0,100.0,37.0,36.0,23.0,20.0,11.0,37.0,11.0,15.0,24.0,34.0,80.0,49.0,40.0,35.0,33.0,37.0,33.0,34.0,91.0,23.0,39.0,56.0
34,8.5,81.0,49.0,66.0,53.0,63.0,148.0,51.0,62.0,64.0,235.0,72.0,122.0,151.0,204.0,12.0,37.0,51.0,37.0,42.0,31.0,22.0,28.0,53.0,134.0,59.0,38.0,44.0,38.0,40.0,30.0,110.0,31.0,64.0,29.0,35.0,50.0,156.0,31.0,40.0,32.0,34.0,42.0,54.0,33.0,27.0,26.0,32.0,43.0,30.0,30.0,11.0,42.0,151.0,11.0,22.0,25.0,22.0,17.0,11.0,53.0,140.0,44.0,160.0,38.0,61.0,32.0,26.0,23.0,72.0,41.0,19.0,44.0,40.0,95.0,33.0,31.0,22.0,16.0,11.0,36.0,11.0,13.0,24.0,28.0,72.0,40.0,37.0,28.0,30.0,31.0,32.0,30.0,89.0,21.0,41.0,51.0
35,8.75,82.0,52.0,69.0,54.0,63.0,152.0,55.0,63.0,68.0,239.0,73.0,122.0,156.0,211.0,17.0,40.0,55.0,42.0,45.0,34.0,22.0,32.0,55.0,140.0,60.0,41.0,45.0,42.0,41.0,33.0,113.0,31.0,67.0,33.0,36.0,56.0,161.0,35.0,43.0,34.0,36.0,45.0,55.0,35.0,28.0,29.0,36.0,43.0,31.0,31.0,13.0,44.0,156.0,12.0,22.0,26.0,22.0,20.0,15.0,55.0,139.0,45.0,166.0,39.0,64.0,37.0,27.0,24.0,73.0,41.0,20.0,44.0,41.0,95.0,34.0,33.0,23.0,20.0,11.0,38.0,12.0,14.0,29.0,30.0,76.0,39.0,36.0,26.0,33.0,33.0,34.0,31.0,93.0,25.0,43.0,55.0
36,9.0,77.0,51.0,67.0,52.0,62.0,150.0,53.0,63.0,69.0,242.0,71.0,124.0,156.0,212.0,15.0,38.0,53.0,41.0,42.0,31.0,22.0,31.0,55.0,141.0,60.0,40.0,44.0,41.0,40.0,32.0,118.0,33.0,70.0,32.0,36.0,55.0,162.0,35.0,40.0,35.0,34.0,43.0,55.0,33.0,30.0,28.0,34.0,44.0,30.0,30.0,12.0,41.0,160.0,13.0,23.0,24.0,22.0,20.0,16.0,55.0,139.0,44.0,167.0,40.0,62.0,34.0,26.0,23.0,73.0,40.0,22.0,44.0,39.0,93.0,34.0,31.0,25.0,18.0,11.0,36.0,11.0,11.0,28.0,28.0,74.0,39.0,35.0,27.0,30.0,32.0,35.0,32.0,93.0,23.0,44.0,55.0
37,9.25,77.0,51.0,66.0,51.0,59.0,150.0,53.0,64.0,66.0,243.0,71.0,122.0,158.0,211.0,12.0,37.0,53.0,37.0,42.0,31.0,19.0,31.0,55.0,143.0,60.0,38.0,43.0,39.0,39.0,31.0,118.0,30.0,68.0,32.0,36.0,51.0,165.0,33.0,38.0,32.0,34.0,43.0,54.0,33.0,30.0,27.0,32.0,42.0,30.0,28.0,11.0,41.0,163.0,13.0,23.0,25.0,21.0,17.0,13.0,53.0,138.0,45.0,168.0,37.0,58.0,35.0,25.0,23.0,71.0,39.0,19.0,44.0,40.0,96.0,33.0,31.0,22.0,16.0,11.0,37.0,11.0,13.0,26.0,27.0,74.0,39.0,35.0,25.0,28.0,30.0,33.0,30.0,94.0,21.0,42.0,53.0
38,9.5,78.0,53.0,67.0,50.0,61.0,150.0,53.0,62.0,64.0,246.0,74.0,122.0,159.0,217.0,15.0,37.0,52.0,39.0,41.0,30.0,20.0,29.0,53.0,146.0,59.0,39.0,42.0,38.0,39.0,32.0,120.0,32.0,70.0,31.0,35.0,51.0,169.0,32.0,38.0,33.0,33.0,44.0,53.0,33.0,27.0,27.0,33.0,43.0,30.0,29.0,15.0,42.0,166.0,11.0,23.0,24.0,22.0,16.0,13.0,55.0,137.0,42.0,172.0,39.0,59.0,36.0,27.0,22.0,72.0,40.0,20.0,40.0,38.0,96.0,34.0,30.0,24.0,17.0,11.0,35.0,11.0,13.0,26.0,29.0,73.0,36.0,35.0,25.0,31.0,30.0,33.0,31.0,99.0,22.0,42.0,53.0
39,9.75,78.0,55.0,67.0,54.0,62.0,153.0,54.0,64.0,66.0,248.0,73.0,122.0,163.0,220.0,15.0,38.0,53.0,40.0,42.0,33.0,21.0,31.0,58.0,151.0,60.0,40.0,47.0,43.0,40.0,32.0,126.0,33.0,73.0,32.0,38.0,56.0,173.0,34.0,42.0,34.0,36.0,43.0,58.0,35.0,31.0,30.0,35.0,45.0,31.0,31.0,12.0,45.0,170.0,13.0,24.0,27.0,23.0,18.0,16.0,58.0,140.0,47.0,174.0,39.0,63.0,36.0,27.0,23.0,74.0,43.0,21.0,48.0,42.0,97.0,36.0,34.0,26.0,20.0,11.0,37.0,11.0,14.0,27.0,31.0,76.0,40.0,35.0,25.0,31.0,32.0,34.0,35.0,101.0,25.0,44.0,58.0
40,10.0,80.0,51.0,67.0,52.0,61.0,153.0,53.0,61.0,68.0,251.0,73.0,122.0,165.0,222.0,13.0,38.0,53.0,38.0,43.0,32.0,21.0,31.0,55.0,151.0,59.0,42.0,45.0,41.0,41.0,32.0,128.0,32.0,73.0,33.0,35.0,52.0,175.0,32.0,39.0,34.0,35.0,44.0,55.0,34.0,28.0,29.0,33.0,42.0,28.0,31.0,14.0,44.0,168.0,11.0,23.0,24.0,21.0,18.0,11.0,52.0,138.0,44.0,176.0,40.0,61.0,36.0,27.0,22.0,74.0,40.0,20.0,43.0,40.0,99.0,33.0,32.0,26.0,18.0,11.0,36.0,11.0,13.0,26.0,29.0,75.0,39.0,36.0,27.0,30.0,31.0,32.0,31.0,101.0,23.0,43.0,54.0
41,10.25,78.0,50.0,69.0,49.0,61.0,153.0,54.0,63.0,66.0,251.0,71.0,123.0,165.0,223.0,16.0,38.0,53.0,40.0,42.0,33.0,21.0,29.0,55.0,156.0,58.0,41.0,47.0,39.0,41.0,30.0,128.0,33.0,75.0,31.0,36.0,54.0,176.0,32.0,40.0,33.0,33.0,44.0,56.0,34.0,29.0,30.0,35.0,43.0,31.0,30.0,12.0,45.0,171.0,12.0,24.0,24.0,22.0,19.0,15.0,56.0,138.0,46.0,179.0,39.0,61.0,37.0,27.0,24.0,72.0,41.0,20.0,45.0,40.0,98.0,34.0,32.0,24.0,19.0,11.0,37.0,11.0,15.0,27.0,29.0,75.0,39.0,34.0,25.0,30.0,30.0,36.0,34.0,102.0,22.0,44.0,56.0
42,10.5,81.0,54.0,69.0,52.0,62.0,154.0,50.0,62.0,64.0,253.0,70.0,123.0,171.0,227.0,14.0,37.0,53.0,37.0,41.0,32.0,22.0,29.0,52.0,159.0,60.0,41.0,46.0,40.0,42.0,31.0,132.0,31.0,77.0,32.0,36.0,53.0,181.0,31.0,40.0,33.0,34.0,46.0,55.0,33.0,29.0,29.0,32.0,42.0,30.0,30.0,13.0,46.0,172.0,12.0,24.0,25.0,21.0,19.0,15.0,53.0,138.0,44.0,183.0,39.0,60.0,34.0,25.0,23.0,75.0,38.0,21.0,41.0,38.0,101.0,34.0,31.0,24.0,16.0,11.0,36.0,11.0,16.0,26.0,29.0,75.0,41.0,34.0,26.0,29.0,30.0,32.0,33.0,103.0,23.0,39.0,55.0
43,10.75,84.0,56.0,72.0,58.0,65.0,161.0,56.0,64.0,68.0,257.0,73.0,124.0,174.0,229.0,15.0,41.0,54.0,42.0,47.0,37.0,25.0,32.0,57.0,165.0,64.0,41.0,46.0,44.0,43.0,31.0,136.0,32.0,82.0,34.0,39.0,56.0,183.0,36.0,44.0,35.0,35.0,47.0,58.0,36.0,31.0,29.0,35.0,45.0,33.0,33.0,14.0,48.0,178.0,15.0,25.0,29.0,22.0,20.0,14.0,56.0,140.0,46.0,184.0,42.0,64.0,36.0,28.0,25.0,75.0,45.0,22.0,43.0,41.0,103.0,37.0,31.0,27.0,18.0,11.0,37.0,11.0,15.0,27.0,31.0,77.0,43.0,40.0,30.0,31.0,33.0,35.0,34.0,107.0,23.0,46.0,56.0
44,11.0,78.0,50.0,67.0,52.0,60.0,156.0,54.0,63.0,67.0,256.0,74.0,123.0,174.0,227.0,11.0,39.0,53.0,39.0,44.0,33.0,21.0,31.0,57.0,164.0,60.0,42.0,44.0,41.0,40.0,32.0,136.0,32.0,81.0,31.0,37.0,54.0,183.0,33.0,39.0,34.0,34.0,45.0,56.0,35.0,28.0,30.0,34.0,43.0,30.0,29.0,13.0,47.0,179.0,11.0,22.0,24.0,22.0,17.0,14.0,54.0,139.0,44.0,187.0,40.0,61.0,36.0,26.0,21.0,73.0,40.0,20.0,45.0,40.0,102.0,34.0,32.0,25.0,17.0,11.0,37.0,11.0,13.0,27.0,28.0,74.0,38.0,37.0,26.0,29.0,31.0,34.0,32.0,106.0,24.0,45.0,56.0
45,11.25,76.0,49.0,66.0,50.0,59.0,158.0,51.0,59.0,64.0,256.0,70.0,119.0,174.0,229.0,13.0,37.0,49.0,37.0,41.0,31.0,17.0,29.0,53.0,166.0,57.0,40.0,42.0,38.0,39.0,28.0,137.0,29.0,79.0,28.0,34.0,52.0,184.0,33.0,40.0,33.0,34.0,43.0,55.0,32.0,27.0,27.0,30.0,41.0,30.0,31.0,11.0,45.0,179.0,11.0,21.0,23.0,19.0,18.0,11.0,51.0,139.0,45.0,186.0,37.0,60.0,35.0,24.0,21.0,71.0,36.0,17.0,42.0,40.0,104.0,32.0,33.0,29.0,16.0,11.0,34.0,11.0,11.0,25.0,27.0,73.0,39.0,35.0,25.0,28.0,29.0,32.0,31.0,105.0,20.0,40.0,53.0
46,11.5,91.0,61.0,77.0,62.0,70.0,162.0,58.0,62.0,67.0,260.0,75.0,125.0,182.0,239.0,23.0,42.0,59.0,42.0,47.0,34.0,27.0,32.0,56.0,171.0,70.0,45.0,50.0,44.0,46.0,35.0,142.0,33.0,86.0,35.0,41.0,56.0,192.0,37.0,47.0,36.0,38.0,46.0,58.0,34.0,28.0,29.0,36.0,46.0,40.0,41.0,20.0,56.0,183.0,18.0,27.0,29.0,22.0,21.0,14.0,59.0,145.0,52.0,193.0,45.0,68.0,41.0,29.0,27.0,77.0,49.0,25.0,46.0,48.0,119.0,43.0,38.0,27.0,20.0,11.0,38.0,13.0,17.0,26.0,35.0,85.0,52.0,44.0,37.0,36.0,39.0,34.0,37.0,111.0,27.0,43.0,57.0
47,11.75,91.0,62.0,77.0,61.0,70.0,165.0,57.0,66.0,67.0,262.0,73.0,124.0,185.0,238.0,23.0,42.0,59.0,43.0,48.0,36.0,29.0,32.0,54.0,174.0,72.0,44.0,50.0,44.0,46.0,33.0,145.0,33.0,86.0,33.0,38.0,57.0,194.0,34.0,47.0,40.0,38.0,45.0,57.0,35.0,30.0,30.0,35.0,44.0,39.0,41.0,18.0,54.0,185.0,18.0,28.0,30.0,23.0,19.0,14.0,58.0,145.0,53.0,196.0,45.0,71.0,40.0,29.0,27.0,79.0,49.0,22.0,45.0,47.0,123.0,41.0,39.0,30.0,21.0,11.0,38.0,12.0,18.0,25.0,34.0,83.0,53.0,46.0,41.0,39.0,41.0,34.0,36.0,113.0,23.0,41.0,57.0
48,12.0,96.0,61.0,78.0,62.0,72.0,164.0,58.0,63.0,66.0,262.0,73.0,123.0,189.0,242.0,27.0,42.0,61.0,44.0,49.0,35.0,26.0,31.0,55.0,178.0,75.0,44.0,54.0,46.0,51.0,36.0,148.0,32.0,91.0,34.0,41.0,53.0,197.0,38.0,52.0,38.0,42.0,46.0,58.0,36.0,28.0,29.0,34.0,42.0,46.0,46.0,24.0,58.0,188.0,20.0,28.0,29.0,25.0,21.0,14.0,60.0,153.0,57.0,201.0,51.0,70.0,43.0,30.0,28.0,78.0,48.0,21.0,45.0,55.0,128.0,47.0,44.0,31.0,24.0,11.0,41.0,13.0,17.0,25.0,35.0,89.0,61.0,50.0,46.0,43.0,45.0,35.0,37.0,114.0,26.0,42.0,60.0
49,12.25,96.0,64.0,81.0,63.0,76.0,165.0,61.0,65.0,65.0,262.0,75.0,122.0,191.0,245.0,26.0,45.0,62.0,44.0,49.0,36.0,26.0,30.0,54.0,178.0,76.0,47.0,53.0,44.0,51.0,34.0,151.0,33.0,92.0,32.0,38.0,55.0,199.0,38.0,53.0,41.0,41.0,48.0,58.0,34.0,26.0,29.0,34.0,42.0,45.0,45.0,26.0,59.0,192.0,22.0,26.0,31.0,22.0,23.0,14.0,57.0,155.0,58.0,204.0,52.0,71.0,43.0,29.0,27.0,78.0,45.0,21.0,44.0,56.0,130.0,47.0,43.0,33.0,25.0,11.0,41.0,11.0,17.0,24.0,35.0,91.0,63.0,53.0,46.0,44.0,47.0,36.0,39.0,119.0,26.0,39.0,60.0
50,12.5,100.0,67.0,85.0,66.0,78.0,170.0,64.0,68.0,67.0,263.0,77.0,125.0,197.0,249.0,31.0,47.0,66.0,47.0,51.0,38.0,30.0,32.0,56.0,182.0,81.0,50.0,59.0,51.0,54.0,38.0,156.0,33.0,96.0,35.0,42.0,54.0,204.0,42.0,56.0,43.0,46.0,47.0,62.0,39.0,29.0,31.0,35.0,44.0,51.0,52.0,29.0,64.0,196.0,26.0,29.0,34.0,25.0,24.0,13.0,62.0,161.0,65.0,208.0,55.0,78.0,49.0,33.0,29.0,82.0,53.0,23.0,47.0,63.0,138.0,53.0,48.0,36.0,29.0,14.0,44.0,14.0,19.0,25.0,39.0,95.0,69.0,58.0,53.0,50.0,53.0,41.0,43.0,121.0,30.0,41.0,63.0
51,12.75,98.0,65.0,82.0,65.0,78.0,169.0,62.0,68.0,68.0,265.0,77.0,126.0,197.0,250.0,29.0,46.0,65.0,47.0,52.0,37.0,28.0,33.0,57.0,185.0,78.0,48.0,55.0,48.0,53.0,36.0,159.0,33.0,99.0,35.0,42.0,56.0,204.0,41.0,55.0,43.0,43.0,49.0,60.0,36.0,28.0,31.0,39.0,45.0,47.0,50.0,27.0,62.0,196.0,24.0,28.0,33.0,25.0,23.0,14.0,60.0,155.0,61.0,205.0,54.0,74.0,46.0,33.0,29.0,81.0,50.0,25.0,47.0,58.0,134.0,48.0,46.0,35.0,25.0,15.0,44.0,13.0,18.0,27.0,38.0,92.0,64.0,55.0,50.0,47.0,48.0,39.0,41.0,120.0,29.0,42.0,62.0
52,13.0,96.0,64.0,80.0,64.0,77.0,167.0,60.0,64.0,66.0,265.0,75.0,123.0,196.0,248.0,25.0,43.0,63.0,45.0,48.0,35.0,28.0,31.0,53.0,189.0,77.0,47.0,54.0,46.0,49.0,35.0,159.0,31.0,97.0,34.0,39.0,54.0,203.0,37.0,51.0,43.0,41.0,45.0,58.0,33.0,27.0,29.0,36.0,42.0,45.0,45.0,23.0,59.0,197.0,21.0,27.0,30.0,22.0,21.0,14.0,59.0,152.0,56.0,207.0,51.0,71.0,43.0,28.0,27.0,79.0,47.0,23.0,44.0,55.0,132.0,44.0,43.0,30.0,23.0,12.0,42.0,12.0,15.0,24.0,36.0,88.0,60.0,48.0,46.0,42.0,46.0,35.0,38.0,121.0,26.0,39.0,59.0
53,13.25,95.0,65.0,80.0,64.0,73.0,169.0,61.0,65.0,67.0,267.0,74.0,123.0,198.0,248.0,27.0,44.0,64.0,45.0,50.0,35.0,29.0,32.0,56.0,189.0,76.0,48.0,54.0,47.0,50.0,35.0,165.0,32.0,98.0,36.0,39.0,54.0,205.0,38.0,53.0,39.0,40.0,48.0,59.0,36.0,28.0,30.0,35.0,43.0,44.0,46.0,22.0,59.0,197.0,21.0,27.0,31.0,24.0,22.0,13.0,60.0,154.0,59.0,208.0,51.0,71.0,41.0,29.0,28.0,79.0,49.0,22.0,45.0,54.0,132.0,45.0,43.0,32.0,23.0,11.0,40.0,11.0,17.0,23.0,37.0,88.0,58.0,50.0,44.0,43.0,42.0,35.0,38.0,125.0,25.0,40.0,59.0
54,13.5,94.0,65.0,79.0,64.0,74.0,169.0,59.0,65.0,68.0,267.0,76.0,125.0,199.0,249.0,25.0,42.0,61.0,44.0,49.0,38.0,27.0,33.0,56.0,193.0,76.0,46.0,53.0,42.0,50.0,34.0,166.0,33.0,102.0,36.0,41.0,54.0,208.0,37.0,51.0,40.0,41.0,47.0,58.0,37.0,29.0,29.0,38.0,46.0,42.0,44.0,22.0,60.0,200.0,20.0,27.0,30.0,22.0,21.0,16.0,59.0,149.0,56.0,206.0,48.0,71.0,42.0,29.0,27.0,80.0,50.0,24.0,46.0,53.0,132.0,44.0,41.0,34.0,23.0,13.0,41.0,13.0,19.0,27.0,36.0,84.0,57.0,48.0,41.0,39.0,41.0,36.0,38.0,122.0,25.0,41.0,57.0
55,13.75,96.0,65.0,79.0,62.0,76.0,172.0,58.0,63.0,67.0,268.0,76.0,124.0,200.0,250.0,25.0,42.0,61.0,45.0,50.0,37.0,28.0,33.0,55.0,193.0,76.0,45.0,52.0,47.0,47.0,35.0,167.0,34.0,101.0,35.0,40.0,54.0,208.0,37.0,52.0,40.0,42.0,47.0,58.0,36.0,29.0,30.0,37.0,44.0,42.0,44.0,23.0,58.0,201.0,22.0,27.0,31.0,22.0,21.0,14.0,58.0,150.0,57.0,208.0,51.0,71.0,43.0,30.0,27.0,77.0,47.0,23.0,46.0,53.0,135.0,46.0,43.0,33.0,25.0,11.0,40.0,13.0,17.0,26.0,35.0,87.0,61.0,50.0,45.0,44.0,43.0,37.0,39.0,125.0,27.0,40.0,58.0
56,14.0,100.0,68.0,85.0,66.0,77.0,173.0,62.0,64.0,66.0,268.0,73.0,123.0,206.0,254.0,30.0,46.0,66.0,47.0,51.0,36.0,28.0,30.0,54.0,196.0,83.0,50.0,57.0,48.0,54.0,35.0,173.0,33.0,105.0,32.0,40.0,52.0,212.0,41.0,55.0,42.0,43.0,48.0,59.0,36.0,26.0,30.0,35.0,42.0,50.0,52.0,28.0,62.0,209.0,27.0,27.0,31.0,22.0,23.0,13.0,60.0,159.0,62.0,217.0,55.0,77.0,49.0,31.0,28.0,80.0,47.0,21.0,45.0,61.0,141.0,52.0,47.0,38.0,28.0,14.0,43.0,13.0,16.0,24.0,37.0,96.0,68.0,59.0,53.0,51.0,52.0,40.0,43.0,131.0,28.0,38.0,63.0
57,14.25,100.0,69.0,83.0,67.0,77.0,176.0,62.0,66.0,67.0,269.0,77.0,126.0,208.0,254.0,29.0,46.0,66.0,48.0,53.0,41.0,29.0,33.0,55.0,199.0,90.0,50.0,55.0,47.0,54.0,39.0,177.0,34.0,110.0,36.0,42.0,55.0,212.0,41.0,55.0,45.0,45.0,50.0,60.0,39.0,31.0,32.0,38.0,45.0,49.0,52.0,29.0,62.0,208.0,25.0,29.0,34.0,26.0,25.0,17.0,63.0,158.0,61.0,214.0,55.0,78.0,48.0,33.0,30.0,82.0,50.0,23.0,47.0,59.0,143.0,51.0,47.0,37.0,29.0,15.0,45.0,15.0,19.0,24.0,38.0,92.0,67.0,57.0,50.0,47.0,51.0,42.0,42.0,132.0,29.0,40.0,63.0
58,14.5,102.0,72.0,86.0,69.0,80.0,178.0,65.0,67.0,70.0,270.0,77.0,126.0,209.0,255.0,32.0,49.0,66.0,49.0,54.0,42.0,31.0,34.0,57.0,202.0,93.0,51.0,58.0,52.0,55.0,39.0,181.0,35.0,113.0,36.0,43.0,57.0,216.0,41.0,58.0,47.0,47.0,51.0,63.0,38.0,29.0,33.0,39.0,46.0,54.0,53.0,31.0,66.0,213.0,28.0,31.0,35.0,27.0,23.0,15.0,63.0,159.0,64.0,219.0,57.0,78.0,51.0,34.0,32.0,83.0,53.0,24.0,47.0,64.0,145.0,53.0,49.0,38.0,31.0,16.0,45.0,14.0,20.0,25.0,41.0,97.0,68.0,58.0,56.0,51.0,51.0,44.0,44.0,136.0,31.0,42.0,64.0
59,14.75,98.0,71.0,84.0,66.0,77.0,177.0,62.0,65.0,67.0,270.0,76.0,123.0,210.0,258.0,31.0,45.0,65.0,46.0,51.0,39.0,27.0,31.0,56.0,201.0,97.0,50.0,58.0,50.0,54.0,37.0,182.0,34.0,111.0,35.0,41.0,53.0,218.0,42.0,56.0,45.0,45.0,48.0,63.0,35.0,28.0,29.0,33.0,44.0,50.0,52.0,28.0,65.0,213.0,26.0,28.0,33.0,24.0,22.0,12.0,63.0,157.0,64.0,218.0,57.0,78.0,47.0,33.0,30.0,81.0,51.0,22.0,46.0,61.0,147.0,53.0,46.0,39.0,29.0,16.0,44.0,14.0,18.0,23.0,38.0,93.0,69.0,59.0,55.0,52.0,51.0,39.0,46.0,136.0,30.0,40.0,64.0
60,15.0,97.0,67.0,81.0,65.0,75.0,177.0,60.0,65.0,66.0,270.0,74.0,124.0,209.0,257.0,29.0,44.0,62.0,45.0,50.0,36.0,29.0,33.0,54.0,205.0,98.0,48.0,55.0,46.0,51.0,34.0,185.0,33.0,114.0,31.0,38.0,53.0,216.0,38.0,53.0,43.0,43.0,48.0,58.0,37.0,27.0,29.0,34.0,42.0,47.0,49.0,27.0,62.0,215.0,23.0,26.0,31.0,22.0,24.0,12.0,59.0,156.0,59.0,217.0,51.0,74.0,45.0,31.0,28.0,80.0,49.0,22.0,46.0,57.0,146.0,50.0,43.0,36.0,26.0,13.0,41.0,11.0,16.0,22.0,36.0,92.0,65.0,54.0,50.0,47.0,49.0,39.0,41.0,136.0,29.0,40.0,61.0
61,15.25,100.0,69.0,83.0,65.0,79.0,178.0,64.0,68.0,69.0,270.0,76.0,123.0,215.0,256.0,28.0,46.0,66.0,47.0,53.0,37.0,29.0,33.0,56.0,207.0,104.0,51.0,57.0,49.0,55.0,37.0,189.0,34.0,119.0,33.0,40.0,52.0,220.0,41.0,57.0,47.0,46.0,50.0,61.0,37.0,28.0,31.0,37.0,45.0,50.0,51.0,30.0,65.0,219.0,26.0,28.0,32.0,24.0,23.0,13.0,63.0,158.0,64.0,220.0,55.0,78.0,48.0,33.0,31.0,82.0,49.0,23.0,49.0,61.0,149.0,53.0,48.0,39.0,29.0,14.0,45.0,13.0,18.0,26.0,38.0,95.0,69.0,60.0,54.0,51.0,52.0,41.0,44.0,140.0,30.0,43.0,64.0
62,15.5,100.0,71.0,84.0,69.0,78.0,180.0,64.0,66.0,69.0,271.0,76.0,126.0,217.0,259.0,31.0,47.0,65.0,47.0,53.0,39.0,29.0,33.0,57.0,207.0,110.0,51.0,58.0,49.0,52.0,37.0,191.0,35.0,120.0,34.0,40.0,53.0,221.0,43.0,55.0,46.0,44.0,48.0,62.0,35.0,28.0,30.0,36.0,43.0,51.0,54.0,31.0,65.0,219.0,26.0,29.0,33.0,22.0,23.0,14.0,60.0,159.0,65.0,224.0,57.0,78.0,49.0,33.0,28.0,81.0,51.0,23.0,45.0,63.0,151.0,54.0,49.0,38.0,29.0,15.0,44.0,14.0,17.0,25.0,38.0,96.0,69.0,59.0,54.0,52.0,53.0,41.0,44.0,142.0,31.0,41.0,65.0
63,15.75,99.0,67.0,83.0,67.0,77.0,181.0,60.0,66.0,67.0,272.0,72.0,122.0,215.0,257.0,29.0,45.0,65.0,46.0,50.0,38.0,29.0,31.0,55.0,208.0,113.0,49.0,57.0,48.0,54.0,36.0,194.0,34.0,121.0,34.0,41.0,52.0,221.0,42.0,55.0,43.0,43.0,48.0,61.0,37.0,28.0,28.0,35.0,42.0,49.0,51.0,29.0,62.0,218.0,25.0,30.0,31.0,24.0,23.0,14.0,60.0,156.0,63.0,219.0,54.0,75.0,47.0,34.0,29.0,81.0,51.0,21.0,44.0,60.0,150.0,50.0,47.0,37.0,28.0,14.0,44.0,14.0,16.0,25.0,39.0,93.0,68.0,57.0,51.0,50.0,50.0,41.0,43.0,142.0,30.0,40.0,61.0
64,16.0,101.0,69.0,85.0,66.0,79.0,182.0,63.0,67.0,69.0,273.0,78.0,125.0,219.0,262.0,32.0,50.0,67.0,49.0,54.0,40.0,29.0,35.0,57.0,213.0,118.0,52.0,58.0,51.0,56.0,38.0,195.0,35.0,127.0,36.0,43.0,54.0,225.0,44.0,57.0,45.0,46.0,51.0,62.0,40.0,30.0,33.0,37.0,43.0,52.0,52.0,32.0,65.0,222.0,29.0,30.0,32.0,25.0,27.0,14.0,60.0,160.0,64.0,223.0,58.0,78.0,49.0,36.0,31.0,81.0,51.0,24.0,48.0,63.0,154.0,54.0,49.0,42.0,32.0,18.0,47.0,14.0,19.0,26.0,41.0,97.0,68.0,60.0,56.0,54.0,52.0,43.0,44.0,147.0,30.0,44.0,67.0
65,16.25,99.0,69.0,83.0,66.0,77.0,180.0,63.0,65.0,70.0,272.0,75.0,123.0,219.0,259.0,31.0,45.0,66.0,47.0,53.0,37.0,28.0,31.0,55.0,213.0,119.0,49.0,57.0,50.0,53.0,37.0,199.0,34.0,126.0,32.0,39.0,54.0,221.0,42.0,56.0,44.0,45.0,49.0,61.0,36.0,26.0,31.0,35.0,41.0,50.0,51.0,29.0,65.0,222.0,27.0,30.0,33.0,22.0,22.0,15.0,63.0,158.0,63.0,223.0,58.0,77.0,49.0,32.0,29.0,79.0,51.0,22.0,46.0,61.0,156.0,53.0,49.0,40.0,29.0,12.0,43.0,11.0,19.0,25.0,38.0,95.0,67.0,57.0,54.0,50.0,52.0,41.0,43.0,147.0,31.0,41.0,62.0
66,16.5,99.0,70.0,84.0,69.0,79.0,183.0,63.0,67.0,67.0,273.0,76.0,124.0,221.0,258.0,27.0,46.0,67.0,47.0,50.0,39.0,28.0,31.0,54.0,213.0,124.0,48.0,57.0,50.0,55.0,36.0,200.0,35.0,130.0,33.0,38.0,54.0,224.0,41.0,56.0,45.0,43.0,48.0,62.0,37.0,27.0,30.0,33.0,41.0,50.0,53.0,30.0,65.0,227.0,28.0,27.0,32.0,23.0,23.0,13.0,61.0,158.0,62.0,225.0,57.0,76.0,47.0,32.0,29.0,81.0,51.0,21.0,45.0,62.0,155.0,50.0,48.0,38.0,31.0,13.0,43.0,12.0,18.0,25.0,38.0,94.0,68.0,59.0,53.0,50.0,53.0,41.0,42.0,150.0,28.0,40.0,63.0
67,16.75,101.0,69.0,86.0,68.0,79.0,185.0,64.0,67.0,69.0,275.0,75.0,123.0,223.0,260.0,31.0,48.0,68.0,49.0,52.0,39.0,31.0,33.0,57.0,216.0,128.0,50.0,58.0,53.0,55.0,37.0,201.0,33.0,133.0,35.0,42.0,56.0,227.0,42.0,57.0,46.0,48.0,49.0,63.0,39.0,29.0,33.0,36.0,44.0,51.0,52.0,30.0,64.0,227.0,27.0,31.0,32.0,23.0,23.0,15.0,63.0,159.0,64.0,226.0,58.0,78.0,49.0,32.0,30.0,83.0,53.0,25.0,45.0,62.0,156.0,52.0,51.0,42.0,32.0,16.0,45.0,15.0,18.0,25.0,38.0,98.0,70.0,61.0,55.0,53.0,55.0,41.0,43.0,153.0,33.0,42.0,62.0
68,17.0,100.0,69.0,83.0,67.0,78.0,186.0,63.0,66.0,68.0,274.0,77.0,127.0,225.0,260.0,31.0,47.0,66.0,48.0,53.0,39.0,30.0,32.0,56.0,217.0,132.0,51.0,58.0,49.0,54.0,36.0,205.0,33.0,137.0,36.0,42.0,55.0,226.0,41.0,56.0,45.0,45.0,50.0,64.0,37.0,28.0,32.0,36.0,42.0,48.0,51.0,28.0,64.0,229.0,26.0,30.0,33.0,24.0,23.0,14.0,62.0,156.0,63.0,224.0,54.0,78.0,48.0,33.0,29.0,81.0,51.0,23.0,48.0,59.0,157.0,53.0,47.0,38.0,28.0,14.0,41.0,13.0,19.0,25.0,40.0,93.0,65.0,57.0,52.0,48.0,51.0,40.0,44.0,154.0,29.0,41.0,63.0
69,17.25,98.0,68.0,84.0,65.0,77.0,185.0,63.0,66.0,69.0,277.0,77.0,128.0,224.0,260.0,28.0,44.0,63.0,48.0,54.0,41.0,31.0,35.0,58.0,219.0,137.0,49.0,57.0,49.0,54.0,38.0,206.0,36.0,141.0,36.0,44.0,58.0,226.0,42.0,54.0,43.0,45.0,51.0,62.0,39.0,31.0,33.0,38.0,47.0,47.0,48.0,27.0,63.0,230.0,24.0,29.0,33.0,25.0,24.0,16.0,61.0,153.0,63.0,224.0,53.0,74.0,46.0,32.0,30.0,81.0,52.0,25.0,47.0,54.0,155.0,49.0,47.0,39.0,28.0,13.0,44.0,15.0,18.0,27.0,40.0,90.0,62.0,52.0,48.0,45.0,46.0,37.0,40.0,155.0,27.0,44.0,62.0
70,17.5,98.0,68.0,83.0,65.0,77.0,186.0,60.0,66.0,67.0,275.0,74.0,124.0,225.0,260.0,28.0,44.0,65.0,47.0,52.0,39.0,29.0,32.0,53.0,221.0,141.0,49.0,55.0,48.0,53.0,35.0,208.0,32.0,140.0,33.0,40.0,52.0,226.0,41.0,54.0,43.0,43.0,51.0,61.0,38.0,26.0,31.0,35.0,42.0,47.0,49.0,26.0,62.0,228.0,25.0,29.0,31.0,22.0,23.0,14.0,58.0,154.0,62.0,225.0,55.0,73.0,47.0,33.0,28.0,81.0,49.0,23.0,47.0,58.0,158.0,50.0,47.0,39.0,27.0,13.0,43.0,12.0,15.0,25.0,38.0,91.0,66.0,55.0,51.0,49.0,51.0,41.0,40.0,154.0,27.0,39.0,61.0
71,17.75,100.0,70.0,84.0,69.0,78.0,188.0,63.0,66.0,70.0,275.0,75.0,125.0,228.0,261.0,30.0,48.0,67.0,48.0,55.0,42.0,29.0,34.0,56.0,223.0,146.0,50.0,56.0,50.0,55.0,37.0,209.0,34.0,142.0,36.0,41.0,56.0,229.0,43.0,58.0,45.0,46.0,50.0,62.0,37.0,31.0,32.0,36.0,45.0,49.0,51.0,29.0,64.0,234.0,28.0,29.0,33.0,25.0,25.0,14.0,62.0,157.0,62.0,227.0,55.0,77.0,48.0,31.0,28.0,83.0,52.0,24.0,46.0,61.0,162.0,53.0,48.0,41.0,28.0,15.0,44.0,13.0,20.0,27.0,41.0,91.0,65.0,56.0,52.0,51.0,52.0,39.0,42.0,157.0,30.0,42.0,64.0
72,18.0,101.0,68.0,85.0,68.0,80.0,192.0,62.0,69.0,72.0,280.0,77.0,126.0,229.0,263.0,31.0,48.0,68.0,50.0,54.0,42.0,33.0,37.0,58.0,225.0,158.0,51.0,57.0,50.0,56.0,41.0,213.0,37.0,147.0,39.0,45.0,59.0,231.0,44.0,61.0,47.0,47.0,52.0,65.0,41.0,30.0,33.0,41.0,47.0,48.0,51.0,30.0,66.0,235.0,27.0,31.0,35.0,25.0,25.0,16.0,63.0,156.0,63.0,225.0,56.0,79.0,47.0,36.0,32.0,85.0,53.0,25.0,48.0,60.0,163.0,51.0,50.0,42.0,28.0,15.0,46.0,16.0,22.0,28.0,41.0,93.0,65.0,55.0,52.0,48.0,49.0,40.0,42.0,164.0,29.0,46.0,62.0
73,18.25,94.0,64.0,79.0,64.0,74.0,188.0,60.0,65.0,68.0,278.0,75.0,124.0,225.0,259.0,23.0,40.0,59.0,45.0,50.0,39.0,28.0,33.0,56.0,224.0,163.0,45.0,52.0,47.0,50.0,36.0,211.0,35.0,148.0,33.0,42.0,55.0,228.0,41.0,52.0,41.0,40.0,48.0,60.0,36.0,30.0,30.0,36.0,43.0,41.0,45.0,21.0,59.0,235.0,22.0,29.0,31.0,24.0,21.0,13.0,59.0,148.0,56.0,223.0,49.0,72.0,43.0,31.0,26.0,79.0,49.0,21.0,45.0,50.0,159.0,46.0,43.0,37.0,24.0,11.0,40.0,12.0,16.0,24.0,34.0,88.0,59.0,50.0,44.0,41.0,43.0,36.0,37.0,161.0,26.0,41.0,59.0
74,18.5,90.0,63.0,77.0,59.0,71.0,185.0,58.0,65.0,67.0,276.0,71.0,123.0,227.0,255.0,20.0,40.0,58.0,45.0,48.0,38.0,27.0,32.0,53.0,224.0,172.0,45.0,51.0,44.0,48.0,33.0,212.0,33.0,147.0,32.0,40.0,56.0,229.0,36.0,47.0,38.0,40.0,47.0,60.0,35.0,27.0,29.0,34.0,44.0,39.0,40.0,17.0,59.0,235.0,17.0,26.0,29.0,24.0,19.0,13.0,58.0,146.0,54.0,223.0,47.0,67.0,41.0,31.0,24.0,77.0,44.0,20.0,45.0,48.0,152.0,41.0,40.0,36.0,19.0,11.0,38.0,11.0,15.0,26.0,31.0,82.0,50.0,43.0,38.0,37.0,38.0,33.0,35.0,161.0,25.0,42.0,56.0
75,18.75,96.0,67.0,81.0,63.0,74.0,188.0,58.0,66.0,68.0,277.0,76.0,124.0,229.0,259.0,23.0,45.0,60.0,47.0,50.0,39.0,29.0,30.0,54.0,226.0,182.0,48.0,54.0,46.0,51.0,37.0,214.0,35.0,153.0,35.0,42.0,56.0,229.0,40.0,52.0,42.0,43.0,49.0,61.0,37.0,30.0,32.0,36.0,43.0,41.0,46.0,22.0,60.0,237.0,21.0,27.0,29.0,23.0,23.0,14.0,58.0,146.0,55.0,223.0,51.0,71.0,43.0,31.0,28.0,79.0,47.0,24.0,46.0,50.0,161.0,46.0,42.0,39.0,22.0,11.0,41.0,13.0,16.0,26.0,33.0,86.0,58.0,49.0,43.0,41.0,42.0,35.0,37.0,164.0,26.0,42.0,57.0
76,19.0,101.0,70.0,84.0,69.0,79.0,191.0,64.0,66.0,70.0,277.0,75.0,126.0,235.0,262.0,31.0,47.0,66.0,49.0,54.0,42.0,32.0,34.0,57.0,229.0,184.0,52.0,57.0,51.0,54.0,38.0,217.0,36.0,154.0,37.0,43.0,55.0,235.0,44.0,60.0,45.0,47.0,50.0,63.0,38.0,29.0,33.0,37.0,45.0,50.0,53.0,31.0,66.0,240.0,26.0,30.0,31.0,24.0,24.0,16.0,62.0,157.0,64.0,230.0,57.0,77.0,48.0,33.0,29.0,82.0,51.0,24.0,47.0,60.0,168.0,52.0,50.0,45.0,29.0,13.0,44.0,14.0,20.0,26.0,40.0,93.0,66.0,55.0,52.0,51.0,52.0,43.0,41.0,169.0,31.0,42.0,63.0
77,19.25,94.0,66.0,81.0,64.0,74.0,192.0,59.0,66.0,70.0,280.0,76.0,122.0,232.0,260.0,23.0,44.0,61.0,48.0,51.0,41.0,30.0,36.0,56.0,228.0,195.0,49.0,53.0,47.0,50.0,36.0,218.0,37.0,157.0,36.0,42.0,56.0,233.0,40.0,53.0,44.0,43.0,49.0,63.0,39.0,30.0,32.0,37.0,44.0,43.0,46.0,23.0,60.0,238.0,22.0,29.0,32.0,26.0,22.0,16.0,60.0,148.0,58.0,225.0,51.0,71.0,45.0,33.0,27.0,80.0,47.0,23.0,45.0,52.0,161.0,44.0,44.0,40.0,23.0,12.0,40.0,14.0,18.0,27.0,34.0,87.0,56.0,50.0,42.0,41.0,42.0,37.0,38.0,167.0,28.0,43.0,59.0
78,19.5,96.0,66.0,79.0,62.0,72.0,190.0,59.0,64.0,67.0,280.0,74.0,125.0,234.0,258.0,25.0,42.0,60.0,47.0,51.0,41.0,27.0,30.0,54.0,228.0,198.0,47.0,52.0,47.0,50.0,35.0,218.0,33.0,156.0,35.0,42.0,52.0,233.0,39.0,52.0,42.0,41.0,47.0,60.0,36.0,29.0,31.0,36.0,43.0,42.0,46.0,22.0,61.0,242.0,20.0,27.0,28.0,23.0,20.0,14.0,60.0,147.0,57.0,225.0,50.0,71.0,42.0,32.0,27.0,78.0,49.0,22.0,45.0,50.0,164.0,45.0,44.0,41.0,22.0,11.0,42.0,11.0,18.0,25.0,35.0,86.0,57.0,47.0,43.0,39.0,42.0,35.0,36.0,170.0,25.0,41.0,58.0
79,19.75,91.0,62.0,78.0,59.0,70.0,191.0,56.0,65.0,70.0,280.0,74.0,124.0,234.0,257.0,21.0,42.0,60.0,45.0,50.0,41.0,30.0,34.0,55.0,231.0,201.0,46.0,49.0,46.0,48.0,36.0,220.0,36.0,157.0,37.0,42.0,56.0,232.0,38.0,49.0,41.0,40.0,48.0,60.0,38.0,30.0,33.0,37.0,46.0,40.0,41.0,20.0,59.0,242.0,18.0,27.0,31.0,24.0,21.0,15.0,59.0,143.0,53.0,222.0,46.0,67.0,41.0,32.0,28.0,80.0,47.0,25.0,46.0,48.0,157.0,41.0,41.0,39.0,21.0,11.0,41.0,14.0,18.0,26.0,34.0,81.0,48.0,40.0,34.0,35.0,36.0,34.0,37.0,171.0,26.0,45.0,57.0
80,20.0,91.0,62.0,79.0,59.0,68.0,191.0,59.0,65.0,68.0,281.0,73.0,127.0,236.0,258.0,22.0,41.0,61.0,45.0,51.0,40.0,28.0,34.0,57.0,232.0,204.0,48.0,50.0,46.0,47.0,34.0,221.0,36.0,160.0,36.0,43.0,57.0,233.0,41.0,49.0,38.0,40.0,49.0,63.0,37.0,30.0,31.0,38.0,45.0,37.0,44.0,20.0,59.0,242.0,19.0,27.0,31.0,25.0,21.0,15.0,61.0,143.0,54.0,224.0,48.0,67.0,43.0,31.0,26.0,79.0,46.0,24.0,48.0,45.0,161.0,41.0,39.0,42.0,21.0,11.0,40.0,11.0,17.0,27.0,34.0,79.0,51.0,44.0,36.0,36.0,35.0,33.0,36.0,173.0,25.0,44.0,56.0
81,20.25,92.0,63.0,76.0,60.0,71.0,190.0,59.0,66.0,68.0,279.0,75.0,127.0,237.0,256.0,22.0,41.0,58.0,46.0,49.0,41.0,28.0,34.0,53.0,231.0,208.0,47.0,50.0,47.0,49.0,35.0,222.0,35.0,160.0,34.0,43.0,56.0,234.0,37.0,48.0,38.0,40.0,47.0,60.0,36.0,29.0,32.0,36.0,44.0,39.0,42.0,20.0,59.0,243.0,18.0,26.0,29.0,24.0,21.0,15.0,58.0,145.0,52.0,225.0,49.0,67.0,40.0,29.0,25.0,77.0,48.0,24.0,46.0,45.0,160.0,42.0,40.0,40.0,21.0,11.0,37.0,13.0,16.0,25.0,33.0,82.0,48.0,43.0,37.0,36.0,38.0,33.0,33.0,175.0,25.0,43.0,58.0
82,20.5,87.0,61.0,75.0,60.0,69.0,194.0,56.0,66.0,70.0,280.0,73.0,124.0,236.0,255.0,17.0,41.0,56.0,46.0,49.0,39.0,29.0,32.0,55.0,229.0,216.0,46.0,48.0,46.0,45.0,34.0,221.0,34.0,160.0,35.0,41.0,55.0,233.0,39.0,47.0,41.0,39.0,50.0,59.0,37.0,31.0,32.0,35.0,46.0,36.0,39.0,19.0,56.0,243.0,17.0,26.0,31.0,23.0,19.0,15.0,58.0,141.0,50.0,222.0,46.0,66.0,41.0,31.0,24.0,77.0,47.0,24.0,45.0,42.0,160.0,41.0,39.0,40.0,19.0,11.0,37.0,11.0,17.0,27.0,34.0,77.0,45.0,42.0,32.0,35.0,35.0,32.0,36.0,176.0,25.0,44.0,55.0
83,20.75,86.0,60.0,74.0,57.0,67.0,191.0,55.0,64.0,69.0,281.0,71.0,122.0,238.0,255.0,17.0,40.0,57.0,42.0,47.0,38.0,25.0,32.0,55.0,229.0,224.0,44.0,49.0,44.0,44.0,35.0,224.0,34.0,163.0,34.0,40.0,52.0,233.0,38.0,47.0,38.0,39.0,47.0,59.0,35.0,31.0,29.0,35.0,44.0,34.0,37.0,14.0,58.0,245.0,16.0,26.0,27.0,22.0,16.0,12.0,59.0,142.0,49.0,224.0,45.0,65.0,40.0,29.0,24.0,77.0,43.0,19.0,43.0,46.0,161.0,40.0,38.0,39.0,19.0,11.0,36.0,11.0,15.0,24.0,30.0,79.0,46.0,40.0,32.0,33.0,36.0,33.0,32.0,178.0,22.0,44.0,55.0
84,21.0,98.0,67.0,82.0,66.0,79.0,196.0,62.0,69.0,69.0,281.0,75.0,126.0,244.0,263.0,28.0,46.0,65.0,47.0,53.0,42.0,32.0,34.0,56.0,232.0,231.0,52.0,57.0,51.0,53.0,36.0,226.0,37.0,167.0,37.0,44.0,58.0,239.0,42.0,56.0,44.0,44.0,49.0,64.0,39.0,31.0,33.0,36.0,44.0,46.0,49.0,27.0,64.0,248.0,25.0,28.0,31.0,23.0,23.0,13.0,62.0,153.0,60.0,231.0,55.0,74.0,45.0,31.0,28.0,81.0,50.0,24.0,45.0,55.0,174.0,48.0,48.0,44.0,25.0,12.0,41.0,14.0,19.0,27.0,39.0,90.0,61.0,50.0,44.0,44.0,46.0,37.0,39.0,182.0,28.0,43.0,59.0
85,21.25,93.0,65.0,79.0,60.0,74.0,195.0,59.0,66.0,69.0,283.0,76.0,126.0,243.0,260.0,23.0,42.0,60.0,47.0,54.0,41.0,30.0,34.0,56.0,233.0,238.0,50.0,50.0,48.0,50.0,36.0,226.0,35.0,167.0,38.0,45.0,58.0,237.0,39.0,51.0,38.0,43.0,48.0,62.0,40.0,31.0,32.0,38.0,48.0,39.0,45.0,21.0,61.0,248.0,21.0,28.0,31.0,25.0,23.0,17.0,60.0,146.0,53.0,228.0,50.0,70.0,43.0,32.0,28.0,82.0,48.0,25.0,46.0,47.0,167.0,43.0,43.0,41.0,22.0,11.0,40.0,12.0,18.0,29.0,35.0,82.0,51.0,45.0,37.0,36.0,38.0,33.0,36.0,184.0,28.0,45.0,56.0
86,21.5,92.0,63.0,77.0,61.0,73.0,197.0,59.0,66.0,69.0,283.0,75.0,125.0,243.0,260.0,21.0,42.0,60.0,48.0,53.0,40.0,30.0,32.0,56.0,233.0,241.0,47.0,52.0,46.0,49.0,36.0,225.0,38.0,167.0,36.0,42.0,58.0,238.0,40.0,49.0,39.0,43.0,50.0,62.0,38.0,29.0,30.0,36.0,46.0,40.0,45.0,20.0,62.0,249.0,20.0,29.0,30.0,23.0,21.0,14.0,61.0,146.0,54.0,227.0,49.0,68.0,41.0,32.0,27.0,77.0,49.0,23.0,45.0,48.0,171.0,43.0,43.0,42.0,21.0,11.0,39.0,13.0,18.0,26.0,35.0,83.0,54.0,45.0,39.0,39.0,39.0,35.0,35.0,186.0,27.0,44.0,55.0
87,21.75,96.0,67.0,80.0,66.0,75.0,198.0,60.0,67.0,68.0,281.0,75.0,126.0,248.0,261.0,25.0,45.0,64.0,47.0,51.0,41.0,29.0,35.0,57.0,233.0,246.0,50.0,53.0,48.0,52.0,37.0,228.0,35.0,166.0,33.0,40.0,55.0,239.0,40.0,53.0,42.0,45.0,49.0,61.0,39.0,30.0,32.0,37.0,44.0,44.0,48.0,23.0,62.0,250.0,24.0,27.0,32.0,24.0,21.0,15.0,62.0,149.0,59.0,230.0,53.0,71.0,43.0,32.0,29.0,79.0,49.0,25.0,45.0,52.0,176.0,48.0,45.0,43.0,26.0,11.0,41.0,13.0,18.0,26.0,35.0,84.0,58.0,49.0,44.0,42.0,43.0,38.0,37.0,189.0,26.0,41.0,58.0
88,22.0,92.0,63.0,78.0,60.0,70.0,198.0,57.0,66.0,68.0,281.0,74.0,124.0,245.0,258.0,23.0,41.0,58.0,46.0,50.0,40.0,29.0,31.0,53.0,234.0,247.0,45.0,51.0,44.0,46.0,35.0,226.0,35.0,167.0,36.0,40.0,55.0,238.0,38.0,48.0,39.0,39.0,48.0,59.0,38.0,30.0,30.0,35.0,44.0,37.0,39.0,17.0,57.0,250.0,19.0,28.0,30.0,24.0,21.0,15.0,59.0,142.0,52.0,227.0,47.0,67.0,40.0,30.0,26.0,79.0,47.0,23.0,44.0,45.0,169.0,39.0,40.0,40.0,20.0,11.0,38.0,12.0,18.0,25.0,33.0,81.0,49.0,45.0,37.0,35.0,36.0,34.0,34.0,191.0,25.0,43.0,56.0
89,22.25,88.0,61.0,73.0,57.0,67.0,198.0,56.0,69.0,71.0,282.0,73.0,122.0,246.0,256.0,17.0,41.0,56.0,46.0,47.0,40.0,28.0,34.0,55.0,234.0,251.0,47.0,48.0,45.0,45.0,36.0,228.0,35.0,170.0,35.0,40.0,55.0,238.0,38.0,46.0,38.0,39.0,48.0,62.0,39.0,31.0,32.0,36.0,43.0,35.0,40.0,16.0,57.0,251.0,19.0,26.0,30.0,23.0,19.0,14.0,59.0,141.0,50.0,226.0,47.0,66.0,40.0,30.0,25.0,78.0,43.0,22.0,44.0,44.0,168.0,39.0,38.0,42.0,20.0,11.0,37.0,11.0,16.0,28.0,30.0,79.0,45.0,41.0,33.0,33.0,35.0,34.0,33.0,196.0,24.0,45.0,56.0
90,22.5,89.0,61.0,76.0,58.0,67.0,197.0,56.0,64.0,69.0,281.0,73.0,125.0,247.0,258.0,20.0,40.0,57.0,45.0,49.0,40.0,27.0,34.0,57.0,234.0,251.0,47.0,49.0,44.0,47.0,37.0,230.0,35.0,169.0,34.0,40.0,55.0,239.0,40.0,48.0,38.0,41.0,50.0,62.0,39.0,30.0,33.0,37.0,43.0,37.0,41.0,17.0,60.0,253.0,18.0,26.0,29.0,24.0,20.0,13.0,57.0,143.0,53.0,228.0,46.0,65.0,39.0,29.0,25.0,77.0,44.0,21.0,44.0,46.0,171.0,39.0,40.0,43.0,19.0,13.0,38.0,12.0,18.0,26.0,32.0,80.0,48.0,42.0,33.0,35.0,35.0,34.0,33.0,199.0,25.0,45.0,57.0
91,22.75,88.0,61.0,76.0,58.0,68.0,198.0,59.0,67.0,70.0,282.0,74.0,123.0,247.0,257.0,20.0,40.0,58.0,47.0,50.0,39.0,28.0,34.0,55.0,234.0,254.0,48.0,50.0,46.0,47.0,36.0,230.0,37.0,170.0,35.0,40.0,56.0,240.0,39.0,50.0,39.0,42.0,48.0,60.0,38.0,31.0,32.0,34.0,45.0,36.0,40.0,18.0,58.0,253.0,18.0,27.0,29.0,23.0,21.0,15.0,58.0,143.0,54.0,228.0,46.0,68.0,42.0,30.0,25.0,79.0,44.0,23.0,44.0,46.0,172.0,42.0,40.0,42.0,21.0,11.0,38.0,11.0,14.0,28.0,31.0,82.0,46.0,44.0,33.0,35.0,35.0,34.0,34.0,204.0,25.0,46.0,55.0
92,23.0,96.0,68.0,81.0,64.0,76.0,201.0,61.0,67.0,70.0,281.0,74.0,126.0,252.0,262.0,26.0,46.0,63.0,48.0,53.0,41.0,31.0,33.0,56.0,235.0,258.0,50.0,55.0,48.0,54.0,37.0,231.0,37.0,172.0,36.0,43.0,56.0,240.0,42.0,53.0,42.0,43.0,51.0,62.0,38.0,29.0,32.0,38.0,45.0,44.0,45.0,25.0,64.0,255.0,23.0,28.0,31.0,25.0,23.0,13.0,61.0,150.0,59.0,233.0,52.0,72.0,44.0,31.0,28.0,80.0,48.0,24.0,47.0,51.0,182.0,46.0,45.0,43.0,24.0,11.0,42.0,12.0,18.0,26.0,36.0,87.0,58.0,50.0,43.0,41.0,43.0,36.0,39.0,210.0,27.0,44.0,60.0
93,23.25,94.0,65.0,80.0,64.0,74.0,202.0,61.0,68.0,71.0,284.0,74.0,125.0,253.0,262.0,26.0,43.0,62.0,46.0,53.0,43.0,30.0,33.0,56.0,235.0,261.0,49.0,55.0,48.0,49.0,39.0,230.0,36.0,174.0,36.0,42.0,57.0,242.0,41.0,52.0,41.0,44.0,52.0,64.0,38.0,32.0,32.0,36.0,45.0,42.0,46.0,24.0,64.0,256.0,20.0,28.0,31.0,24.0,23.0,15.0,60.0,148.0,58.0,233.0,53.0,71.0,43.0,33.0,28.0,81.0,47.0,24.0,45.0,49.0,180.0,47.0,43.0,43.0,24.0,11.0,41.0,12.0,19.0,26.0,35.0,85.0,55.0,48.0,41.0,40.0,40.0,34.0,37.0,214.0,27.0,45.0,58.0
94,23.5,89.0,62.0,78.0,60.0,72.0,199.0,56.0,65.0,68.0,283.0,74.0,126.0,252.0,259.0,18.0,40.0,58.0,45.0,51.0,40.0,31.0,32.0,55.0,234.0,259.0,46.0,51.0,47.0,48.0,35.0,230.0,36.0,174.0,36.0,42.0,57.0,239.0,41.0,48.0,40.0,40.0,51.0,60.0,40.0,31.0,31.0,37.0,46.0,37.0,43.0,19.0,61.0,253.0,18.0,28.0,30.0,25.0,21.0,15.0,60.0,143.0,52.0,229.0,48.0,66.0,41.0,31.0,26.0,77.0,45.0,26.0,46.0,46.0,177.0,41.0,40.0,46.0,21.0,11.0,39.0,13.0,18.0,26.0,35.0,79.0,48.0,43.0,34.0,36.0,36.0,34.0,34.0,217.0,26.0,45.0,55.0
95,23.75,93.0,64.0,81.0,60.0,72.0,202.0,59.0,65.0,69.0,282.0,73.0,127.0,254.0,260.0,24.0,42.0,57.0,47.0,52.0,43.0,31.0,32.0,55.0,236.0,262.0,47.0,49.0,48.0,49.0,36.0,230.0,37.0,175.0,36.0,43.0,56.0,243.0,39.0,50.0,42.0,41.0,54.0,61.0,40.0,29.0,30.0,37.0,45.0,40.0,44.0,19.0,62.0,257.0,21.0,28.0,32.0,23.0,21.0,14.0,59.0,145.0,56.0,229.0,49.0,69.0,42.0,30.0,26.0,81.0,46.0,22.0,43.0,48.0,179.0,44.0,43.0,43.0,21.0,11.0,40.0,13.0,17.0,27.0,35.0,82.0,52.0,42.0,39.0,37.0,39.0,35.0,37.0,220.0,27.0,46.0,56.0
96,24.0,89.0,63.0,79.0,59.0,69.0,203.0,57.0,67.0,68.0,285.0,73.0,126.0,252.0,257.0,20.0,40.0,59.0,46.0,51.0,41.0,28.0,35.0,55.0,236.0,263.0,47.0,49.0,45.0,49.0,35.0,231.0,37.0,178.0,36.0,42.0,58.0,241.0,38.0,49.0,39.0,40.0,57.0,62.0,39.0,31.0,31.0,38.0,44.0,36.0,41.0,18.0,59.0,255.0,20.0,28.0,29.0,25.0,20.0,15.0,59.0,140.0,52.0,228.0,46.0,68.0,41.0,33.0,25.0,79.0,46.0,24.0,46.0,45.0,180.0,40.0,38.0,45.0,21.0,11.0,38.0,13.0,18.0,28.0,34.0,79.0,47.0,42.0,35.0,36.0,37.0,34.0,34.0,222.0,25.0,45.0,57.0
97,24.25,94.0,67.0,81.0,62.0,73.0,204.0,58.0,68.0,71.0,283.0,74.0,126.0,254.0,261.0,23.0,43.0,59.0,47.0,53.0,43.0,32.0,34.0,56.0,236.0,266.0,48.0,54.0,48.0,50.0,38.0,234.0,37.0,179.0,37.0,44.0,56.0,242.0,41.0,53.0,43.0,44.0,62.0,63.0,40.0,32.0,32.0,39.0,47.0,42.0,46.0,21.0,63.0,256.0,22.0,31.0,34.0,26.0,22.0,16.0,59.0,147.0,55.0,231.0,51.0,70.0,43.0,34.0,28.0,82.0,47.0,24.0,47.0,50.0,183.0,44.0,42.0,45.0,24.0,12.0,40.0,13.0,19.0,25.0,36.0,84.0,54.0,48.0,40.0,39.0,39.0,35.0,36.0,227.0,27.0,44.0,58.0
98,24.5,88.0,61.0,78.0,60.0,69.0,202.0,58.0,66.0,69.0,285.0,76.0,125.0,253.0,258.0,19.0,41.0,58.0,44.0,50.0,43.0,28.0,32.0,56.0,234.0,267.0,46.0,48.0,44.0,48.0,36.0,232.0,36.0,180.0,36.0,41.0,57.0,242.0,37.0,50.0,39.0,40.0,64.0,61.0,38.0,31.0,31.0,36.0,45.0,35.0,41.0,17.0,58.0,257.0,18.0,28.0,30.0,24.0,22.0,15.0,60.0,143.0,52.0,229.0,46.0,67.0,41.0,29.0,26.0,77.0,49.0,22.0,44.0,46.0,181.0,41.0,39.0,44.0,22.0,11.0,39.0,13.0,18.0,27.0,34.0,80.0,47.0,41.0,34.0,34.0,36.0,33.0,34.0,227.0,28.0,46.0,58.0
99,24.75,87.0,61.0,75.0,58.0,67.0,201.0,56.0,64.0,67.0,283.0,73.0,126.0,254.0,257.0,19.0,39.0,55.0,46.0,50.0,41.0,28.0,33.0,55.0,235.0,267.0,48.0,49.0,43.0,47.0,33.0,232.0,35.0,180.0,36.0,39.0,56.0,243.0,39.0,47.0,37.0,39.0,64.0,60.0,38.0,31.0,30.0,37.0,45.0,35.0,39.0,18.0,57.0,257.0,18.0,27.0,30.0,24.0,19.0,15.0,58.0,142.0,52.0,229.0,45.0,66.0,40.0,30.0,24.0,79.0,45.0,24.0,47.0,42.0,181.0,39.0,40.0,45.0,20.0,11.0,37.0,11.0,17.0,27.0,33.0,78.0,43.0,40.0,32.0,35.0,36.0,34.0,35.0,230.0,25.0,47.0,55.0
100,25.0,97.0,69.0,84.0,65.0,77.0,208.0,63.0,70.0,73.0,284.0,77.0,127.0,259.0,264.0,27.0,45.0,64.0,51.0,55.0,44.0,34.0,34.0,58.0,237.0,273.0,50.0,55.0,51.0,54.0,38.0,237.0,38.0,184.0,37.0,43.0,57.0,245.0,45.0,56.0,42.0,45.0,72.0,65.0,39.0,30.0,33.0,38.0,44.0,42.0,49.0,26.0,65.0,260.0,23.0,29.0,33.0,26.0,23.0,16.0,60.0,151.0,61.0,235.0,55.0,75.0,46.0,35.0,27.0,83.0,51.0,24.0,46.0,53.0,193.0,49.0,47.0,48.0,26.0,13.0,43.0,14.0,18.0,28.0,38.0,89.0,59.0,53.0,45.0,43.0,43.0,37.0,39.0,236.0,28.0,43.0,60.0
101,25.25,95.0,66.0,81.0,64.0,74.0,205.0,61.0,68.0,69.0,283.0,75.0,125.0,258.0,263.0,25.0,43.0,61.0,48.0,50.0,45.0,29.0,32.0,55.0,234.0,271.0,49.0,56.0,49.0,51.0,37.0,233.0,34.0,186.0,36.0,40.0,57.0,245.0,41.0,53.0,42.0,44.0,72.0,62.0,39.0,28.0,30.0,37.0,43.0,43.0,49.0,24.0,64.0,259.0,21.0,30.0,32.0,24.0,22.0,11.0,59.0,150.0,60.0,235.0,52.0,71.0,45.0,33.0,28.0,80.0,49.0,23.0,45.0,53.0,190.0,48.0,46.0,48.0,22.0,13.0,40.0,11.0,18.0,26.0,37.0,84.0,58.0,49.0,42.0,42.0,41.0,35.0,39.0,236.0,26.0,41.0,60.0
102,25.5,96.0,67.0,81.0,62.0,75.0,206.0,60.0,66.0,70.0,283.0,75.0,124.0,258.0,262.0,27.0,43.0,62.0,48.0,52.0,44.0,31.0,33.0,55.0,235.0,272.0,49.0,55.0,49.0,52.0,38.0,235.0,37.0,187.0,36.0,44.0,57.0,246.0,42.0,55.0,41.0,43.0,77.0,63.0,39.0,29.0,34.0,36.0,45.0,45.0,48.0,24.0,64.0,259.0,21.0,28.0,31.0,23.0,23.0,15.0,60.0,148.0,61.0,234.0,53.0,71.0,46.0,32.0,28.0,81.0,49.0,24.0,46.0,54.0,193.0,49.0,46.0,48.0,24.0,13.0,42.0,14.0,17.0,24.0,36.0,85.0,58.0,49.0,42.0,43.0,43.0,38.0,38.0,240.0,25.0,43.0,58.0
103,25.75,99.0,69.0,83.0,66.0,75.0,208.0,61.0,67.0,69.0,284.0,74.0,126.0,260.0,263.0,27.0,45.0,64.0,47.0,53.0,42.0,31.0,34.0,54.0,234.0,273.0,50.0,56.0,49.0,52.0,37.0,236.0,36.0,191.0,35.0,44.0,56.0,245.0,43.0,54.0,43.0,44.0,78.0,62.0,40.0,30.0,32.0,36.0,45.0,46.0,51.0,26.0,65.0,260.0,25.0,30.0,33.0,23.0,22.0,13.0,61.0,150.0,61.0,235.0,56.0,73.0,45.0,31.0,27.0,81.0,51.0,22.0,44.0,55.0,196.0,48.0,47.0,46.0,25.0,12.0,43.0,14.0,16.0,24.0,37.0,87.0,59.0,51.0,46.0,45.0,43.0,38.0,39.0,241.0,26.0,43.0,59.0
104,26.0,99.0,67.0,83.0,65.0,77.0,209.0,61.0,67.0,70.0,283.0,76.0,129.0,262.0,266.0,28.0,46.0,65.0,50.0,56.0,45.0,34.0,35.0,57.0,235.0,276.0,53.0,57.0,51.0,56.0,39.0,237.0,40.0,195.0,38.0,43.0,58.0,246.0,43.0,56.0,45.0,47.0,83.0,65.0,40.0,30.0,34.0,38.0,46.0,46.0,50.0,26.0,68.0,259.0,25.0,29.0,34.0,26.0,24.0,16.0,63.0,150.0,60.0,236.0,55.0,75.0,47.0,32.0,29.0,81.0,53.0,23.0,47.0,55.0,196.0,48.0,49.0,48.0,26.0,13.0,42.0,15.0,19.0,27.0,37.0,87.0,59.0,51.0,44.0,44.0,44.0,37.0,39.0,245.0,27.0,45.0,60.0
105,26.25,96.0,69.0,81.0,66.0,76.0,208.0,63.0,67.0,71.0,285.0,75.0,127.0,260.0,264.0,28.0,45.0,65.0,49.0,54.0,45.0,32.0,35.0,55.0,236.0,276.0,52.0,58.0,50.0,53.0,37.0,238.0,37.0,197.0,36.0,44.0,56.0,248.0,43.0,56.0,43.0,47.0,85.0,65.0,41.0,30.0,32.0,36.0,45.0,42.0,50.0,25.0,65.0,260.0,23.0,30.0,33.0,26.0,24.0,15.0,62.0,151.0,61.0,234.0,54.0,72.0,47.0,35.0,29.0,82.0,51.0,25.0,46.0,53.0,195.0,48.0,47.0,49.0,26.0,12.0,42.0,15.0,18.0,28.0,39.0,87.0,59.0,51.0,45.0,44.0,44.0,37.0,40.0,246.0,29.0,44.0,61.0
106,26.5,100.0,69.0,85.0,68.0,78.0,210.0,64.0,69.0,69.0,286.0,77.0,130.0,259.0,266.0,29.0,47.0,66.0,51.0,57.0,46.0,34.0,36.0,58.0,237.0,278.0,53.0,58.0,52.0,56.0,40.0,239.0,37.0,201.0,38.0,43.0,58.0,248.0,45.0,57.0,45.0,47.0,90.0,66.0,41.0,32.0,34.0,40.0,47.0,47.0,52.0,26.0,68.0,261.0,27.0,32.0,34.0,25.0,26.0,15.0,63.0,154.0,64.0,237.0,57.0,75.0,47.0,34.0,31.0,83.0,52.0,26.0,48.0,56.0,199.0,49.0,49.0,52.0,25.0,13.0,45.0,14.0,19.0,24.0,38.0,88.0,63.0,52.0,46.0,46.0,47.0,38.0,42.0,247.0,31.0,46.0,64.0
107,26.75,99.0,69.0,83.0,66.0,76.0,212.0,64.0,70.0,71.0,284.0,77.0,129.0,263.0,267.0,28.0,47.0,66.0,51.0,56.0,45.0,32.0,35.0,57.0,237.0,278.0,54.0,58.0,54.0,56.0,40.0,240.0,37.0,204.0,37.0,44.0,57.0,249.0,44.0,57.0,45.0,47.0,92.0,65.0,42.0,33.0,34.0,38.0,44.0,48.0,52.0,28.0,69.0,263.0,25.0,32.0,34.0,26.0,26.0,17.0,62.0,153.0,63.0,239.0,56.0,76.0,48.0,34.0,30.0,83.0,51.0,23.0,47.0,57.0,200.0,49.0,51.0,51.0,27.0,14.0,45.0,14.0,20.0,29.0,38.0,89.0,63.0,54.0,49.0,48.0,49.0,39.0,43.0,251.0,31.0,45.0,63.0
108,27.0,102.0,70.0,87.0,68.0,79.0,212.0,64.0,69.0,71.0,285.0,77.0,133.0,262.0,267.0,31.0,48.0,67.0,51.0,57.0,45.0,36.0,36.0,58.0,238.0,278.0,54.0,58.0,53.0,56.0,39.0,241.0,38.0,207.0,40.0,44.0,59.0,250.0,46.0,61.0,47.0,48.0,94.0,67.0,41.0,32.0,33.0,39.0,47.0,47.0,55.0,29.0,70.0,263.0,28.0,31.0,34.0,26.0,25.0,18.0,64.0,154.0,64.0,240.0,58.0,76.0,48.0,34.0,32.0,87.0,54.0,26.0,48.0,58.0,201.0,51.0,49.0,50.0,28.0,15.0,46.0,17.0,22.0,29.0,42.0,91.0,65.0,56.0,50.0,48.0,49.0,40.0,43.0,253.0,31.0,44.0,64.0
109,27.25,99.0,69.0,84.0,65.0,78.0,211.0,65.0,71.0,73.0,288.0,77.0,134.0,263.0,264.0,30.0,47.0,65.0,50.0,57.0,46.0,33.0,36.0,58.0,238.0,280.0,52.0,57.0,52.0,55.0,41.0,241.0,40.0,208.0,38.0,46.0,60.0,249.0,44.0,56.0,45.0,47.0,95.0,65.0,44.0,33.0,35.0,39.0,49.0,45.0,51.0,28.0,68.0,262.0,26.0,33.0,36.0,27.0,25.0,18.0,64.0,153.0,63.0,236.0,56.0,74.0,48.0,35.0,30.0,84.0,53.0,26.0,49.0,54.0,202.0,49.0,49.0,50.0,27.0,14.0,44.0,16.0,20.0,29.0,39.0,88.0,59.0,52.0,45.0,45.0,45.0,38.0,41.0,254.0,30.0,47.0,61.0
110,27.5,97.0,68.0,83.0,65.0,77.0,212.0,63.0,68.0,69.0,284.0,73.0,138.0,261.0,265.0,28.0,44.0,65.0,47.0,56.0,45.0,32.0,34.0,57.0,237.0,279.0,53.0,58.0,51.0,55.0,39.0,240.0,39.0,211.0,37.0,45.0,57.0,250.0,44.0,57.0,44.0,46.0,97.0,66.0,40.0,29.0,33.0,36.0,46.0,46.0,50.0,26.0,68.0,262.0,26.0,29.0,32.0,24.0,24.0,14.0,62.0,152.0,61.0,236.0,53.0,74.0,45.0,35.0,28.0,81.0,50.0,22.0,46.0,56.0,200.0,49.0,48.0,49.0,26.0,12.0,44.0,15.0,21.0,26.0,39.0,86.0,59.0,52.0,46.0,45.0,45.0,37.0,40.0,255.0,30.0,44.0,60.0
111,27.75,96.0,69.0,80.0,62.0,73.0,210.0,62.0,68.0,70.0,286.0,75.0,138.0,262.0,264.0,26.0,46.0,64.0,50.0,54.0,44.0,31.0,34.0,56.0,238.0,279.0,53.0,56.0,50.0,52.0,39.0,241.0,36.0,211.0,35.0,43.0,55.0,249.0,44.0,57.0,42.0,44.0,97.0,64.0,39.0,31.0,32.0,36.0,46.0,44.0,50.0,27.0,65.0,262.0,22.0,29.0,32.0,25.0,23.0,16.0,60.0,150.0,61.0,237.0,53.0,73.0,46.0,35.0,28.0,81.0,51.0,24.0,45.0,52.0,201.0,50.0,46.0,49.0,25.0,12.0,42.0,13.0,19.0,26.0,36.0,88.0,60.0,51.0,46.0,44.0,43.0,37.0,38.0,257.0,29.0,43.0,59.0
112,28.0,96.0,68.0,82.0,64.0,76.0,211.0,64.0,69.0,70.0,287.0,74.0,144.0,263.0,265.0,27.0,45.0,63.0,49.0,55.0,45.0,32.0,35.0,57.0,235.0,280.0,50.0,58.0,50.0,55.0,39.0,239.0,36.0,214.0,34.0,42.0,57.0,250.0,44.0,56.0,45.0,47.0,98.0,64.0,42.0,29.0,32.0,37.0,43.0,44.0,51.0,27.0,67.0,262.0,25.0,29.0,34.0,24.0,23.0,13.0,64.0,151.0,62.0,237.0,55.0,73.0,46.0,32.0,27.0,82.0,51.0,23.0,46.0,53.0,205.0,49.0,46.0,49.0,25.0,13.0,42.0,14.0,19.0,24.0,39.0,88.0,61.0,52.0,46.0,43.0,45.0,38.0,39.0,257.0,28.0,44.0,62.0
113,28.25,96.0,66.0,81.0,63.0,75.0,210.0,59.0,65.0,69.0,285.0,71.0,145.0,262.0,261.0,23.0,43.0,61.0,48.0,53.0,42.0,29.0,33.0,53.0,235.0,279.0,48.0,53.0,47.0,53.0,37.0,239.0,35.0,215.0,34.0,39.0,55.0,248.0,41.0,55.0,41.0,45.0,99.0,60.0,39.0,31.0,29.0,35.0,41.0,43.0,49.0,22.0,65.0,261.0,22.0,29.0,31.0,22.0,22.0,14.0,60.0,149.0,59.0,234.0,53.0,73.0,45.0,32.0,26.0,80.0,47.0,22.0,45.0,52.0,201.0,47.0,45.0,48.0,24.0,12.0,40.0,13.0,19.0,24.0,34.0,84.0,58.0,48.0,43.0,41.0,45.0,35.0,39.0,257.0,25.0,41.0,57.0
114,28.5,98.0,69.0,84.0,67.0,76.0,214.0,66.0,69.0,72.0,287.0,77.0,154.0,264.0,265.0,28.0,48.0,67.0,50.0,57.0,47.0,34.0,36.0,59.0,240.0,281.0,54.0,60.0,51.0,56.0,40.0,242.0,38.0,220.0,39.0,44.0,59.0,251.0,43.0,57.0,47.0,46.0,103.0,67.0,42.0,33.0,35.0,39.0,46.0,47.0,52.0,29.0,69.0,264.0,24.0,31.0,37.0,27.0,23.0,16.0,63.0,152.0,62.0,239.0,56.0,77.0,48.0,35.0,28.0,84.0,53.0,25.0,46.0,53.0,205.0,51.0,49.0,50.0,25.0,14.0,45.0,15.0,18.0,28.0,38.0,87.0,61.0,53.0,47.0,45.0,47.0,39.0,40.0,263.0,30.0,46.0,61.0
115,28.75,97.0,69.0,84.0,65.0,75.0,212.0,61.0,67.0,69.0,285.0,74.0,156.0,264.0,265.0,30.0,45.0,64.0,48.0,54.0,45.0,31.0,34.0,55.0,237.0,280.0,53.0,57.0,50.0,55.0,38.0,240.0,37.0,220.0,36.0,46.0,57.0,251.0,42.0,56.0,44.0,46.0,99.0,64.0,41.0,30.0,32.0,37.0,45.0,46.0,52.0,29.0,67.0,261.0,24.0,32.0,34.0,23.0,24.0,16.0,62.0,150.0,63.0,238.0,54.0,75.0,46.0,32.0,28.0,83.0,50.0,21.0,47.0,54.0,206.0,49.0,48.0,49.0,24.0,12.0,42.0,14.0,18.0,28.0,37.0,88.0,62.0,51.0,47.0,45.0,45.0,39.0,39.0,260.0,29.0,45.0,61.0
116,29.0,95.0,68.0,82.0,64.0,74.0,213.0,59.0,66.0,69.0,286.0,74.0,162.0,262.0,264.0,25.0,44.0,63.0,50.0,55.0,45.0,32.0,33.0,56.0,238.0,281.0,51.0,56.0,49.0,53.0,38.0,240.0,40.0,220.0,35.0,45.0,57.0,250.0,43.0,53.0,44.0,44.0,101.0,64.0,40.0,30.0,32.0,35.0,45.0,44.0,51.0,25.0,65.0,262.0,23.0,29.0,33.0,24.0,23.0,15.0,62.0,149.0,60.0,235.0,53.0,73.0,47.0,31.0,27.0,82.0,50.0,25.0,46.0,51.0,205.0,47.0,47.0,47.0,24.0,12.0,41.0,13.0,19.0,27.0,35.0,86.0,57.0,50.0,44.0,44.0,44.0,35.0,38.0,261.0,26.0,45.0,59.0
117,29.25,96.0,70.0,83.0,65.0,75.0,213.0,63.0,69.0,70.0,286.0,76.0,166.0,264.0,263.0,29.0,46.0,64.0,50.0,53.0,45.0,32.0,34.0,56.0,236.0,281.0,50.0,57.0,50.0,51.0,38.0,240.0,39.0,222.0,36.0,44.0,57.0,251.0,44.0,58.0,45.0,44.0,101.0,64.0,40.0,31.0,31.0,36.0,43.0,44.0,50.0,26.0,66.0,262.0,23.0,30.0,33.0,25.0,24.0,14.0,63.0,148.0,61.0,235.0,57.0,72.0,47.0,33.0,28.0,83.0,50.0,24.0,46.0,51.0,207.0,48.0,47.0,49.0,24.0,11.0,42.0,14.0,20.0,27.0,37.0,86.0,61.0,52.0,44.0,44.0,45.0,37.0,40.0,263.0,30.0,45.0,59.0
118,29.5,98.0,69.0,84.0,68.0,77.0,212.0,63.0,67.0,70.0,284.0,74.0,171.0,264.0,264.0,28.0,48.0,65.0,47.0,55.0,46.0,33.0,33.0,56.0,238.0,280.0,54.0,58.0,52.0,55.0,39.0,241.0,38.0,224.0,36.0,43.0,57.0,251.0,46.0,57.0,44.0,47.0,101.0,64.0,41.0,30.0,32.0,39.0,44.0,43.0,52.0,28.0,69.0,261.0,24.0,31.0,34.0,24.0,24.0,13.0,63.0,154.0,63.0,239.0,57.0,74.0,46.0,33.0,28.0,84.0,49.0,25.0,47.0,54.0,210.0,52.0,47.0,51.0,24.0,11.0,42.0,13.0,18.0,28.0,39.0,87.0,60.0,52.0,45.0,45.0,45.0,37.0,41.0,264.0,28.0,45.0,60.0
119,29.75,96.0,70.0,82.0,65.0,76.0,212.0,60.0,67.0,71.0,286.0,74.0,174.0,265.0,264.0,26.0,44.0,66.0,48.0,53.0,46.0,34.0,34.0,55.0,238.0,283.0,52.0,57.0,49.0,54.0,39.0,243.0,38.0,226.0,35.0,43.0,55.0,252.0,45.0,56.0,44.0,46.0,101.0,64.0,40.0,32.0,30.0,37.0,45.0,46.0,51.0,26.0,67.0,263.0,24.0,32.0,34.0,26.0,23.0,15.0,60.0,151.0,61.0,237.0,56.0,75.0,47.0,34.0,28.0,82.0,50.0,24.0,46.0,54.0,209.0,50.0,48.0,50.0,24.0,12.0,43.0,14.0,21.0,26.0,38.0,86.0,62.0,52.0,46.0,45.0,43.0,38.0,38.0,263.0,28.0,45.0,61.0
120,30.0,98.0,70.0,84.0,66.0,79.0,214.0,62.0,69.0,70.0,286.0,75.0,180.0,266.0,265.0,26.0,46.0,67.0,50.0,54.0,46.0,35.0,34.0,56.0,237.0,284.0,54.0,60.0,52.0,54.0,39.0,243.0,38.0,228.0,36.0,45.0,57.0,252.0,45.0,60.0,45.0,48.0,105.0,64.0,41.0,30.0,35.0,38.0,46.0,48.0,54.0,29.0,68.0,264.0,27.0,30.0,33.0,25.0,23.0,16.0,63.0,153.0,64.0,240.0,57.0,77.0,47.0,34.0,30.0,84.0,52.0,24.0,45.0,54.0,212.0,51.0,50.0,53.0,28.0,13.0,45.0,16.0,20.0,27.0,38.0,91.0,62.0,54.0,48.0,47.0,49.0,39.0,41.0,265.0,27.0,45.0,60.0
121,30.25,97.0,70.0,86.0,66.0,77.0,215.0,63.0,69.0,70.0,287.0,73.0,184.0,267.0,264.0,29.0,47.0,66.0,49.0,56.0,46.0,35.0,35.0,56.0,237.0,284.0,53.0,57.0,53.0,54.0,41.0,245.0,39.0,229.0,37.0,45.0,54.0,252.0,45.0,58.0,46.0,50.0,103.0,66.0,42.0,33.0,35.0,38.0,45.0,45.0,52.0,30.0,68.0,264.0,25.0,30.0,34.0,24.0,26.0,14.0,63.0,152.0,64.0,240.0,57.0,75.0,47.0,35.0,29.0,84.0,49.0,24.0,47.0,53.0,213.0,52.0,50.0,52.0,27.0,13.0,45.0,14.0,19.0,27.0,39.0,89.0,62.0,55.0,49.0,46.0,47.0,40.0,41.0,268.0,29.0,45.0,61.0
122,30.5,98.0,68.0,82.0,64.0,75.0,213.0,60.0,67.0,69.0,286.0,75.0,189.0,265.0,264.0,27.0,45.0,63.0,50.0,54.0,44.0,33.0,33.0,56.0,237.0,282.0,51.0,56.0,50.0,52.0,38.0,241.0,36.0,229.0,36.0,43.0,55.0,253.0,45.0,56.0,44.0,46.0,101.0,66.0,38.0,30.0,30.0,37.0,43.0,45.0,51.0,28.0,69.0,262.0,25.0,28.0,34.0,24.0,20.0,15.0,61.0,151.0,61.0,238.0,54.0,74.0,45.0,32.0,28.0,83.0,50.0,23.0,45.0,53.0,212.0,49.0,48.0,49.0,27.0,11.0,43.0,13.0,18.0,27.0,36.0,88.0,60.0,52.0,46.0,44.0,45.0,37.0,40.0,265.0,28.0,45.0,60.0
123,30.75,101.0,71.0,88.0,70.0,79.0,215.0,65.0,70.0,72.0,289.0,77.0,197.0,268.0,267.0,31.0,48.0,71.0,53.0,58.0,49.0,38.0,37.0,57.0,239.0,285.0,57.0,63.0,55.0,57.0,41.0,245.0,39.0,232.0,39.0,45.0,59.0,254.0,46.0,61.0,47.0,49.0,106.0,66.0,44.0,34.0,35.0,39.0,47.0,47.0,54.0,31.0,72.0,265.0,28.0,34.0,37.0,27.0,25.0,17.0,66.0,154.0,67.0,240.0,58.0,79.0,49.0,36.0,32.0,84.0,53.0,27.0,48.0,60.0,214.0,55.0,51.0,53.0,30.0,16.0,47.0,19.0,22.0,29.0,43.0,93.0,64.0,55.0,50.0,49.0,50.0,39.0,44.0,269.0,32.0,47.0,63.0
124,31.0,96.0,70.0,84.0,65.0,77.0,214.0,63.0,70.0,70.0,287.0,75.0,202.0,266.0,264.0,27.0,45.0,67.0,50.0,55.0,46.0,34.0,34.0,56.0,239.0,284.0,52.0,57.0,52.0,55.0,40.0,246.0,40.0,233.0,37.0,44.0,57.0,253.0,46.0,59.0,45.0,48.0,104.0,64.0,41.0,33.0,33.0,37.0,46.0,44.0,50.0,26.0,68.0,264.0,25.0,28.0,35.0,27.0,24.0,15.0,61.0,150.0,63.0,239.0,54.0,77.0,45.0,36.0,30.0,86.0,52.0,26.0,47.0,54.0,214.0,51.0,48.0,52.0,25.0,13.0,43.0,15.0,20.0,29.0,36.0,87.0,61.0,52.0,46.0,44.0,46.0,40.0,40.0,269.0,30.0,47.0,61.0
125,31.25,96.0,68.0,81.0,65.0,75.0,212.0,60.0,68.0,68.0,286.0,72.0,204.0,267.0,264.0,27.0,45.0,63.0,48.0,54.0,46.0,30.0,33.0,55.0,236.0,283.0,52.0,57.0,50.0,52.0,37.0,243.0,35.0,232.0,34.0,42.0,56.0,251.0,46.0,56.0,44.0,45.0,101.0,64.0,38.0,32.0,32.0,37.0,42.0,43.0,52.0,27.0,67.0,262.0,24.0,31.0,31.0,25.0,24.0,15.0,60.0,149.0,62.0,238.0,56.0,73.0,45.0,32.0,27.0,83.0,48.0,21.0,45.0,54.0,213.0,50.0,47.0,50.0,24.0,11.0,42.0,13.0,18.0,24.0,37.0,85.0,60.0,51.0,45.0,43.0,46.0,37.0,38.0,266.0,28.0,46.0,59.0
126,31.5,85.0,60.0,74.0,56.0,64.0,208.0,58.0,67.0,71.0,287.0,73.0,210.0,262.0,255.0,17.0,43.0,61.0,45.0,50.0,44.0,28.0,35.0,57.0,236.0,283.0,49.0,52.0,48.0,46.0,38.0,243.0,38.0,234.0,34.0,40.0,57.0,248.0,42.0,50.0,38.0,41.0,102.0,63.0,40.0,31.0,33.0,36.0,45.0,35.0,41.0,17.0,64.0,262.0,16.0,26.0,26.0,25.0,21.0,15.0,58.0,143.0,52.0,234.0,49.0,67.0,42.0,30.0,25.0,79.0,43.0,23.0,47.0,46.0,209.0,40.0,42.0,52.0,23.0,11.0,39.0,12.0,16.0,30.0,31.0,79.0,44.0,42.0,30.0,34.0,35.0,36.0,35.0,270.0,27.0,52.0,59.0
127,31.75,85.0,61.0,75.0,59.0,65.0,211.0,57.0,68.0,73.0,289.0,74.0,214.0,263.0,257.0,16.0,43.0,59.0,48.0,51.0,44.0,29.0,36.0,58.0,238.0,281.0,49.0,50.0,45.0,46.0,36.0,244.0,37.0,236.0,35.0,40.0,56.0,251.0,41.0,51.0,40.0,41.0,103.0,61.0,40.0,32.0,34.0,36.0,45.0,36.0,40.0,19.0,60.0,263.0,18.0,27.0,28.0,24.0,20.0,17.0,58.0,141.0,52.0,234.0,47.0,68.0,41.0,31.0,26.0,80.0,44.0,22.0,44.0,44.0,209.0,41.0,40.0,52.0,21.0,12.0,36.0,13.0,16.0,29.0,32.0,77.0,43.0,42.0,32.0,33.0,33.0,34.0,36.0,268.0,26.0,50.0,57.0
128,32.0,82.0,58.0,70.0,55.0,62.0,210.0,54.0,65.0,69.0,285.0,70.0,218.0,262.0,254.0,15.0,42.0,58.0,44.0,48.0,42.0,25.0,33.0,56.0,235.0,279.0,47.0,48.0,44.0,46.0,35.0,242.0,37.0,236.0,32.0,39.0,54.0,250.0,42.0,49.0,36.0,40.0,101.0,60.0,39.0,31.0,30.0,33.0,43.0,32.0,38.0,14.0,60.0,263.0,15.0,25.0,26.0,22.0,18.0,13.0,55.0,139.0,50.0,231.0,44.0,63.0,38.0,29.0,22.0,76.0,41.0,19.0,43.0,41.0,207.0,38.0,38.0,49.0,19.0,11.0,37.0,11.0,14.0,28.0,30.0,75.0,41.0,40.0,28.0,31.0,32.0,32.0,32.0,266.0,23.0,47.0,56.0
129,32.25,83.0,59.0,72.0,55.0,65.0,210.0,55.0,66.0,72.0,288.0,74.0,226.0,262.0,255.0,17.0,40.0,61.0,48.0,50.0,45.0,28.0,34.0,58.0,236.0,283.0,49.0,49.0,45.0,44.0,37.0,243.0,37.0,237.0,35.0,40.0,56.0,250.0,41.0,49.0,39.0,41.0,103.0,62.0,40.0,32.0,33.0,36.0,43.0,33.0,41.0,17.0,61.0,263.0,16.0,25.0,27.0,23.0,20.0,14.0,56.0,142.0,52.0,233.0,47.0,65.0,41.0,32.0,22.0,77.0,42.0,21.0,45.0,42.0,210.0,39.0,41.0,51.0,20.0,12.0,37.0,12.0,15.0,28.0,30.0,78.0,43.0,37.0,28.0,31.0,33.0,34.0,34.0,269.0,25.0,49.0,58.0
130,32.5,83.0,58.0,72.0,53.0,64.0,208.0,56.0,67.0,68.0,286.0,71.0,229.0,261.0,254.0,16.0,40.0,62.0,45.0,49.0,42.0,26.0,33.0,57.0,236.0,281.0,48.0,48.0,45.0,44.0,34.0,245.0,36.0,237.0,33.0,39.0,56.0,248.0,39.0,49.0,36.0,42.0,103.0,61.0,38.0,32.0,31.0,32.0,43.0,34.0,39.0,14.0,61.0,263.0,18.0,25.0,25.0,23.0,21.0,14.0,55.0,140.0,51.0,234.0,46.0,64.0,39.0,29.0,23.0,77.0,41.0,21.0,44.0,43.0,208.0,38.0,40.0,49.0,19.0,11.0,37.0,12.0,16.0,29.0,30.0,76.0,43.0,37.0,28.0,32.0,33.0,34.0,34.0,269.0,23.0,50.0,58.0
131,32.75,84.0,57.0,71.0,55.0,63.0,208.0,56.0,67.0,70.0,286.0,71.0,229.0,261.0,254.0,17.0,42.0,64.0,47.0,49.0,44.0,27.0,35.0,56.0,236.0,280.0,48.0,50.0,47.0,46.0,36.0,243.0,37.0,237.0,34.0,39.0,55.0,251.0,41.0,46.0,36.0,42.0,104.0,61.0,40.0,31.0,33.0,35.0,46.0,33.0,38.0,18.0,62.0,263.0,15.0,26.0,28.0,23.0,22.0,13.0,58.0,140.0,51.0,233.0,47.0,64.0,40.0,29.0,24.0,76.0,40.0,22.0,44.0,42.0,210.0,39.0,41.0,50.0,22.0,11.0,38.0,12.0,15.0,29.0,30.0,76.0,42.0,39.0,29.0,32.0,35.0,35.0,33.0,267.0,25.0,51.0,56.0
132,33.0,82.0,56.0,72.0,55.0,64.0,208.0,56.0,68.0,70.0,287.0,72.0,235.0,261.0,255.0,16.0,42.0,63.0,45.0,48.0,41.0,27.0,33.0,57.0,236.0,280.0,49.0,49.0,45.0,45.0,36.0,244.0,38.0,237.0,34.0,38.0,55.0,250.0,40.0,47.0,35.0,41.0,103.0,60.0,39.0,32.0,30.0,34.0,44.0,36.0,37.0,16.0,63.0,262.0,15.0,26.0,27.0,22.0,19.0,16.0,57.0,140.0,51.0,232.0,47.0,64.0,42.0,29.0,23.0,75.0,41.0,19.0,45.0,44.0,210.0,41.0,41.0,50.0,20.0,11.0,37.0,11.0,18.0,28.0,32.0,76.0,41.0,38.0,29.0,33.0,32.0,34.0,33.0,268.0,26.0,49.0,57.0
133,33.25,84.0,62.0,75.0,58.0,66.0,213.0,57.0,69.0,71.0,289.0,70.0,238.0,264.0,255.0,17.0,40.0,69.0,45.0,50.0,44.0,28.0,35.0,56.0,235.0,281.0,49.0,50.0,46.0,48.0,36.0,243.0,38.0,239.0,35.0,41.0,56.0,249.0,41.0,50.0,38.0,41.0,105.0,63.0,42.0,33.0,32.0,35.0,45.0,36.0,39.0,17.0,60.0,262.0,19.0,29.0,29.0,25.0,20.0,14.0,57.0,141.0,52.0,232.0,47.0,66.0,40.0,34.0,24.0,79.0,42.0,23.0,45.0,46.0,215.0,40.0,40.0,50.0,22.0,12.0,39.0,12.0,18.0,29.0,31.0,78.0,44.0,41.0,31.0,34.0,34.0,35.0,35.0,270.0,26.0,49.0,57.0
134,33.5,84.0,62.0,72.0,55.0,66.0,211.0,55.0,66.0,70.0,286.0,73.0,239.0,262.0,255.0,16.0,42.0,69.0,46.0,51.0,43.0,28.0,34.0,56.0,235.0,281.0,48.0,49.0,45.0,47.0,35.0,242.0,36.0,239.0,35.0,40.0,54.0,250.0,40.0,47.0,39.0,41.0,103.0,62.0,39.0,32.0,35.0,34.0,43.0,35.0,38.0,18.0,61.0,262.0,17.0,27.0,28.0,23.0,21.0,16.0,55.0,139.0,53.0,233.0,46.0,65.0,40.0,29.0,24.0,78.0,42.0,23.0,44.0,44.0,211.0,39.0,40.0,50.0,20.0,11.0,38.0,12.0,15.0,28.0,31.0,77.0,42.0,39.0,31.0,33.0,34.0,34.0,33.0,270.0,25.0,48.0,56.0
135,33.75,83.0,57.0,72.0,55.0,64.0,210.0,55.0,64.0,68.0,286.0,71.0,243.0,262.0,254.0,15.0,41.0,73.0,44.0,51.0,41.0,26.0,33.0,53.0,236.0,279.0,48.0,49.0,45.0,45.0,34.0,243.0,35.0,239.0,30.0,36.0,55.0,251.0,40.0,46.0,37.0,40.0,102.0,60.0,38.0,30.0,31.0,35.0,43.0,33.0,41.0,16.0,63.0,262.0,15.0,25.0,28.0,23.0,19.0,13.0,56.0,137.0,53.0,234.0,43.0,62.0,40.0,30.0,22.0,76.0,41.0,20.0,45.0,44.0,212.0,38.0,41.0,50.0,19.0,11.0,37.0,11.0,16.0,27.0,29.0,76.0,41.0,40.0,31.0,34.0,32.0,34.0,33.0,268.0,26.0,47.0,55.0
136,34.0,82.0,59.0,72.0,56.0,66.0,211.0,57.0,68.0,70.0,286.0,72.0,245.0,261.0,255.0,16.0,41.0,72.0,45.0,51.0,42.0,28.0,36.0,58.0,236.0,281.0,50.0,51.0,44.0,46.0,35.0,245.0,39.0,241.0,35.0,38.0,56.0,251.0,42.0,48.0,38.0,39.0,103.0,60.0,41.0,33.0,33.0,36.0,45.0,33.0,38.0,16.0,63.0,262.0,17.0,26.0,28.0,23.0,19.0,14.0,56.0,141.0,51.0,234.0,47.0,65.0,41.0,31.0,25.0,78.0,40.0,20.0,45.0,44.0,213.0,40.0,40.0,51.0,19.0,12.0,39.0,12.0,17.0,30.0,31.0,78.0,40.0,40.0,30.0,31.0,32.0,35.0,34.0,269.0,24.0,51.0,56.0
137,34.25,91.0,65.0,81.0,63.0,71.0,216.0,60.0,70.0,71.0,289.0,76.0,251.0,266.0,260.0,22.0,46.0,82.0,50.0,53.0,48.0,33.0,35.0,58.0,240.0,284.0,52.0,54.0,50.0,50.0,39.0,248.0,40.0,244.0,37.0,44.0,59.0,256.0,45.0,55.0,42.0,45.0,106.0,64.0,43.0,33.0,36.0,39.0,46.0,40.0,46.0,23.0,66.0,266.0,21.0,31.0,32.0,27.0,23.0,17.0,60.0,145.0,58.0,236.0,50.0,71.0,44.0,36.0,29.0,84.0,47.0,26.0,48.0,50.0,219.0,44.0,44.0,51.0,23.0,13.0,42.0,17.0,18.0,30.0,35.0,83.0,51.0,45.0,36.0,39.0,38.0,38.0,37.0,274.0,28.0,53.0,58.0
138,34.5,85.0,60.0,71.0,55.0,64.0,212.0,55.0,67.0,73.0,285.0,74.0,248.0,262.0,256.0,17.0,41.0,78.0,45.0,50.0,43.0,28.0,35.0,55.0,235.0,280.0,50.0,52.0,46.0,44.0,36.0,244.0,38.0,242.0,35.0,41.0,57.0,251.0,42.0,48.0,36.0,40.0,105.0,60.0,40.0,31.0,33.0,37.0,44.0,33.0,38.0,16.0,58.0,261.0,16.0,25.0,28.0,22.0,20.0,15.0,56.0,138.0,50.0,233.0,46.0,64.0,40.0,30.0,24.0,78.0,39.0,20.0,44.0,41.0,215.0,38.0,39.0,48.0,17.0,11.0,37.0,11.0,15.0,28.0,31.0,76.0,41.0,36.0,31.0,33.0,33.0,33.0,33.0,269.0,25.0,50.0,56.0
139,34.75,86.0,61.0,74.0,57.0,66.0,212.0,57.0,69.0,71.0,288.0,73.0,251.0,266.0,257.0,19.0,44.0,82.0,47.0,52.0,46.0,29.0,36.0,57.0,238.0,282.0,51.0,52.0,48.0,47.0,38.0,247.0,39.0,245.0,37.0,40.0,58.0,252.0,43.0,51.0,39.0,42.0,104.0,60.0,40.0,31.0,32.0,37.0,46.0,34.0,40.0,19.0,62.0,264.0,18.0,29.0,30.0,26.0,21.0,16.0,57.0,141.0,54.0,234.0,47.0,67.0,43.0,33.0,26.0,79.0,43.0,23.0,46.0,45.0,215.0,42.0,41.0,51.0,22.0,11.0,39.0,12.0,15.0,30.0,33.0,80.0,45.0,41.0,31.0,33.0,33.0,36.0,34.0,272.0,25.0,52.0,57.0
140,35.0,87.0,62.0,73.0,56.0,66.0,211.0,58.0,68.0,73.0,289.0,75.0,251.0,263.0,256.0,19.0,42.0,84.0,49.0,52.0,45.0,29.0,37.0,58.0,237.0,283.0,50.0,51.0,46.0,45.0,36.0,245.0,39.0,243.0,35.0,40.0,57.0,252.0,44.0,51.0,40.0,42.0,105.0,62.0,42.0,32.0,36.0,35.0,44.0,35.0,41.0,17.0,65.0,264.0,18.0,26.0,28.0,24.0,20.0,15.0,59.0,143.0,54.0,236.0,48.0,66.0,41.0,30.0,25.0,82.0,43.0,23.0,45.0,46.0,217.0,40.0,43.0,53.0,22.0,11.0,38.0,11.0,16.0,31.0,31.0,80.0,45.0,41.0,31.0,33.0,35.0,34.0,34.0,271.0,26.0,52.0,60.0
141,35.25,86.0,61.0,75.0,58.0,66.0,213.0,58.0,67.0,71.0,289.0,76.0,252.0,264.0,258.0,19.0,43.0,88.0,48.0,51.0,44.0,30.0,36.0,60.0,238.0,283.0,51.0,52.0,48.0,49.0,38.0,248.0,40.0,244.0,37.0,41.0,57.0,255.0,43.0,52.0,41.0,41.0,106.0,63.0,41.0,32.0,34.0,36.0,45.0,35.0,41.0,20.0,67.0,266.0,16.0,28.0,29.0,26.0,21.0,18.0,59.0,143.0,52.0,235.0,49.0,66.0,41.0,31.0,23.0,79.0,43.0,21.0,46.0,45.0,219.0,41.0,42.0,53.0,23.0,12.0,38.0,13.0,15.0,32.0,33.0,80.0,43.0,41.0,31.0,35.0,34.0,36.0,36.0,271.0,26.0,53.0,60.0
142,35.5,85.0,62.0,74.0,57.0,67.0,211.0,55.0,68.0,70.0,289.0,73.0,253.0,264.0,255.0,18.0,43.0,90.0,46.0,52.0,45.0,28.0,35.0,56.0,236.0,283.0,50.0,51.0,46.0,46.0,37.0,247.0,37.0,244.0,35.0,40.0,58.0,254.0,43.0,50.0,39.0,42.0,102.0,63.0,41.0,31.0,33.0,35.0,45.0,35.0,42.0,17.0,65.0,264.0,18.0,27.0,28.0,24.0,19.0,14.0,58.0,141.0,53.0,234.0,48.0,66.0,41.0,32.0,25.0,76.0,42.0,21.0,43.0,45.0,215.0,41.0,43.0,53.0,21.0,11.0,38.0,12.0,16.0,28.0,31.0,78.0,42.0,41.0,32.0,32.0,35.0,35.0,36.0,271.0,25.0,53.0,57.0
143,35.75,84.0,60.0,73.0,59.0,65.0,213.0,59.0,72.0,72.0,288.0,74.0,255.0,265.0,257.0,17.0,45.0,91.0,49.0,51.0,46.0,29.0,38.0,60.0,239.0,283.0,51.0,51.0,46.0,49.0,37.0,248.0,40.0,245.0,35.0,43.0,57.0,253.0,45.0,51.0,38.0,43.0,107.0,63.0,44.0,34.0,35.0,38.0,48.0,36.0,42.0,20.0,65.0,266.0,18.0,29.0,28.0,25.0,20.0,17.0,60.0,140.0,53.0,234.0,49.0,66.0,43.0,31.0,23.0,79.0,42.0,25.0,48.0,44.0,218.0,42.0,45.0,55.0,22.0,11.0,40.0,13.0,19.0,32.0,34.0,78.0,43.0,42.0,30.0,34.0,37.0,37.0,35.0,273.0,27.0,55.0,59.0
144,36.0,86.0,62.0,76.0,57.0,66.0,216.0,56.0,68.0,70.0,289.0,74.0,254.0,265.0,257.0,19.0,43.0,93.0,48.0,49.0,46.0,30.0,36.0,55.0,238.0,284.0,50.0,51.0,47.0,46.0,36.0,247.0,39.0,243.0,37.0,41.0,58.0,253.0,44.0,49.0,39.0,42.0,103.0,60.0,40.0,32.0,34.0,35.0,45.0,36.0,41.0,19.0,63.0,264.0,18.0,27.0,29.0,25.0,20.0,16.0,57.0,141.0,52.0,233.0,47.0,69.0,42.0,34.0,25.0,79.0,41.0,23.0,44.0,44.0,218.0,40.0,41.0,50.0,22.0,12.0,39.0,11.0,17.0,30.0,31.0,80.0,42.0,39.0,32.0,33.0,35.0,34.0,35.0,270.0,26.0,51.0,58.0
145,36.25,85.0,61.0,74.0,56.0,65.0,211.0,57.0,67.0,70.0,291.0,74.0,256.0,266.0,257.0,20.0,43.0,96.0,48.0,52.0,44.0,29.0,36.0,59.0,238.0,284.0,52.0,51.0,48.0,47.0,37.0,248.0,38.0,246.0,35.0,40.0,57.0,253.0,45.0,51.0,40.0,42.0,105.0,62.0,40.0,34.0,35.0,38.0,45.0,34.0,43.0,18.0,64.0,265.0,17.0,27.0,29.0,25.0,19.0,15.0,60.0,142.0,52.0,234.0,48.0,67.0,42.0,32.0,25.0,79.0,44.0,23.0,45.0,43.0,218.0,39.0,42.0,55.0,25.0,11.0,39.0,13.0,16.0,30.0,32.0,79.0,41.0,41.0,31.0,35.0,34.0,37.0,35.0,273.0,27.0,55.0,58.0
146,36.5,88.0,63.0,78.0,59.0,67.0,214.0,56.0,67.0,70.0,289.0,71.0,257.0,265.0,259.0,17.0,41.0,97.0,45.0,50.0,45.0,32.0,33.0,55.0,237.0,282.0,49.0,52.0,44.0,48.0,37.0,244.0,37.0,244.0,35.0,41.0,55.0,253.0,42.0,48.0,36.0,41.0,103.0,62.0,40.0,30.0,32.0,36.0,44.0,34.0,42.0,17.0,61.0,262.0,18.0,29.0,30.0,26.0,19.0,14.0,59.0,140.0,53.0,234.0,47.0,67.0,40.0,31.0,26.0,78.0,47.0,25.0,43.0,44.0,219.0,39.0,39.0,50.0,20.0,11.0,38.0,12.0,18.0,28.0,34.0,79.0,43.0,42.0,29.0,31.0,34.0,34.0,33.0,271.0,26.0,52.0,56.0
147,36.75,83.0,61.0,70.0,53.0,62.0,210.0,53.0,65.0,69.0,287.0,71.0,255.0,262.0,253.0,17.0,40.0,98.0,47.0,49.0,44.0,26.0,34.0,55.0,235.0,282.0,49.0,50.0,46.0,43.0,34.0,245.0,35.0,244.0,34.0,39.0,54.0,253.0,42.0,48.0,37.0,42.0,101.0,61.0,40.0,30.0,31.0,35.0,42.0,32.0,39.0,16.0,61.0,262.0,13.0,26.0,27.0,23.0,20.0,13.0,57.0,141.0,50.0,233.0,44.0,63.0,38.0,29.0,22.0,78.0,39.0,17.0,43.0,43.0,218.0,38.0,40.0,49.0,19.0,11.0,37.0,11.0,15.0,27.0,31.0,77.0,40.0,38.0,25.0,31.0,32.0,34.0,33.0,271.0,23.0,52.0,57.0
148,37.0,86.0,60.0,73.0,59.0,65.0,215.0,56.0,70.0,72.0,289.0,73.0,258.0,264.0,256.0,18.0,43.0,103.0,47.0,52.0,46.0,29.0,34.0,59.0,237.0,283.0,51.0,54.0,49.0,48.0,37.0,248.0,37.0,245.0,36.0,43.0,57.0,253.0,43.0,50.0,38.0,41.0,106.0,62.0,41.0,34.0,34.0,36.0,47.0,35.0,41.0,19.0,63.0,264.0,16.0,28.0,30.0,23.0,18.0,14.0,60.0,141.0,54.0,233.0,48.0,67.0,42.0,31.0,25.0,78.0,45.0,24.0,45.0,46.0,221.0,39.0,41.0,55.0,22.0,11.0,37.0,13.0,17.0,30.0,32.0,78.0,44.0,42.0,32.0,33.0,34.0,35.0,36.0,273.0,26.0,53.0,58.0
149,37.25,85.0,60.0,74.0,57.0,67.0,214.0,58.0,69.0,72.0,289.0,74.0,258.0,265.0,256.0,20.0,43.0,104.0,46.0,53.0,46.0,29.0,36.0,58.0,237.0,284.0,53.0,53.0,49.0,46.0,37.0,247.0,41.0,246.0,37.0,41.0,58.0,254.0,45.0,52.0,41.0,43.0,104.0,64.0,43.0,34.0,36.0,36.0,44.0,34.0,42.0,19.0,65.0,265.0,18.0,26.0,30.0,24.0,22.0,16.0,59.0,143.0,53.0,235.0,51.0,67.0,43.0,32.0,27.0,82.0,43.0,25.0,46.0,46.0,220.0,41.0,42.0,55.0,22.0,12.0,41.0,12.0,19.0,32.0,32.0,80.0,46.0,40.0,31.0,37.0,36.0,38.0,35.0,274.0,27.0,54.0,60.0
150,37.5,87.0,61.0,76.0,58.0,67.0,214.0,59.0,67.0,72.0,290.0,74.0,259.0,265.0,255.0,19.0,44.0,106.0,49.0,51.0,46.0,31.0,36.0,58.0,238.0,284.0,53.0,52.0,50.0,48.0,37.0,248.0,40.0,246.0,36.0,43.0,57.0,253.0,45.0,52.0,40.0,43.0,104.0,63.0,42.0,34.0,35.0,38.0,47.0,35.0,42.0,20.0,65.0,265.0,19.0,29.0,28.0,25.0,21.0,16.0,60.0,142.0,52.0,234.0,49.0,65.0,42.0,32.0,26.0,81.0,42.0,24.0,49.0,45.0,221.0,40.0,41.0,53.0,24.0,11.0,38.0,13.0,17.0,30.0,34.0,80.0,44.0,42.0,31.0,36.0,34.0,36.0,36.0,273.0,29.0,53.0,59.0
151,37.75,87.0,60.0,74.0,59.0,67.0,215.0,56.0,69.0,71.0,288.0,74.0,257.0,265.0,255.0,17.0,42.0,108.0,47.0,50.0,46.0,31.0,35.0,56.0,238.0,283.0,50.0,51.0,46.0,46.0,38.0,248.0,38.0,245.0,37.0,42.0,57.0,253.0,45.0,51.0,40.0,42.0,107.0,61.0,41.0,33.0,36.0,36.0,44.0,34.0,40.0,19.0,63.0,264.0,18.0,29.0,29.0,25.0,20.0,16.0,57.0,140.0,51.0,233.0,49.0,66.0,41.0,31.0,27.0,80.0,43.0,23.0,44.0,43.0,222.0,40.0,40.0,53.0,22.0,11.0,37.0,12.0,16.0,31.0,31.0,77.0,43.0,40.0,31.0,33.0,35.0,34.0,33.0,274.0,25.0,53.0,58.0
152,38.0,84.0,59.0,71.0,53.0,63.0,213.0,54.0,66.0,70.0,288.0,70.0,257.0,264.0,254.0,16.0,40.0,111.0,47.0,49.0,44.0,28.0,33.0,56.0,237.0,283.0,49.0,49.0,43.0,44.0,35.0,248.0,37.0,246.0,34.0,38.0,55.0,254.0,42.0,48.0,38.0,40.0,104.0,60.0,39.0,32.0,34.0,34.0,42.0,33.0,41.0,19.0,62.0,263.0,17.0,27.0,27.0,23.0,17.0,13.0,58.0,140.0,54.0,234.0,47.0,64.0,39.0,30.0,22.0,77.0,41.0,21.0,44.0,42.0,220.0,38.0,40.0,53.0,21.0,11.0,37.0,11.0,15.0,27.0,32.0,78.0,41.0,39.0,29.0,31.0,32.0,33.0,34.0,272.0,24.0,52.0,57.0
153,38.25,85.0,62.0,72.0,57.0,65.0,213.0,58.0,69.0,72.0,289.0,72.0,259.0,264.0,257.0,18.0,41.0,112.0,47.0,52.0,44.0,28.0,35.0,58.0,237.0,284.0,51.0,52.0,48.0,46.0,37.0,248.0,38.0,246.0,34.0,40.0,56.0,253.0,45.0,49.0,38.0,42.0,106.0,63.0,40.0,33.0,33.0,36.0,44.0,36.0,41.0,18.0,66.0,264.0,15.0,27.0,28.0,24.0,22.0,15.0,57.0,140.0,52.0,235.0,49.0,66.0,40.0,31.0,26.0,78.0,43.0,20.0,44.0,44.0,222.0,40.0,42.0,53.0,21.0,11.0,39.0,11.0,18.0,27.0,31.0,77.0,44.0,40.0,31.0,35.0,35.0,36.0,34.0,273.0,26.0,53.0,59.0
154,38.5,86.0,61.0,74.0,60.0,69.0,215.0,57.0,68.0,69.0,291.0,72.0,260.0,267.0,258.0,18.0,42.0,115.0,47.0,53.0,46.0,32.0,34.0,56.0,236.0,284.0,50.0,55.0,48.0,48.0,35.0,248.0,38.0,247.0,36.0,43.0,57.0,253.0,46.0,52.0,40.0,43.0,106.0,62.0,40.0,33.0,32.0,37.0,46.0,36.0,43.0,20.0,64.0,263.0,18.0,27.0,31.0,25.0,20.0,13.0,61.0,142.0,55.0,233.0,48.0,65.0,42.0,32.0,26.0,81.0,46.0,24.0,45.0,45.0,222.0,40.0,41.0,52.0,22.0,12.0,39.0,13.0,17.0,29.0,33.0,79.0,45.0,41.0,31.0,33.0,36.0,37.0,34.0,273.0,25.0,53.0,59.0
155,38.75,85.0,62.0,75.0,56.0,66.0,212.0,54.0,66.0,68.0,289.0,71.0,260.0,266.0,257.0,18.0,42.0,115.0,46.0,52.0,45.0,27.0,33.0,55.0,238.0,285.0,51.0,52.0,48.0,46.0,35.0,250.0,36.0,247.0,34.0,39.0,54.0,256.0,43.0,50.0,39.0,41.0,103.0,61.0,40.0,30.0,30.0,33.0,42.0,36.0,43.0,18.0,66.0,265.0,16.0,28.0,27.0,24.0,19.0,12.0,58.0,145.0,54.0,237.0,49.0,67.0,37.0,29.0,26.0,79.0,43.0,19.0,44.0,46.0,222.0,43.0,41.0,52.0,21.0,11.0,39.0,11.0,14.0,28.0,31.0,80.0,45.0,41.0,31.0,34.0,35.0,35.0,34.0,273.0,24.0,51.0,59.0
156,39.0,84.0,60.0,73.0,56.0,63.0,211.0,55.0,67.0,71.0,290.0,72.0,259.0,266.0,255.0,18.0,41.0,117.0,44.0,49.0,43.0,28.0,35.0,57.0,236.0,283.0,49.0,49.0,47.0,46.0,35.0,248.0,37.0,245.0,35.0,38.0,56.0,253.0,43.0,48.0,38.0,42.0,102.0,61.0,39.0,32.0,31.0,34.0,43.0,32.0,39.0,15.0,63.0,263.0,14.0,25.0,28.0,23.0,18.0,13.0,56.0,140.0,51.0,233.0,46.0,65.0,40.0,29.0,21.0,79.0,39.0,19.0,44.0,44.0,221.0,38.0,43.0,53.0,19.0,11.0,36.0,11.0,13.0,28.0,32.0,77.0,39.0,39.0,29.0,33.0,34.0,33.0,32.0,273.0,25.0,54.0,57.0
157,39.25,87.0,62.0,75.0,57.0,68.0,215.0,59.0,69.0,72.0,289.0,74.0,261.0,267.0,257.0,20.0,45.0,122.0,50.0,51.0,48.0,31.0,36.0,59.0,239.0,284.0,52.0,53.0,48.0,48.0,38.0,250.0,39.0,248.0,35.0,40.0,59.0,255.0,47.0,52.0,40.0,44.0,106.0,65.0,43.0,34.0,33.0,38.0,46.0,37.0,44.0,21.0,68.0,264.0,18.0,30.0,29.0,26.0,20.0,16.0,59.0,143.0,55.0,237.0,51.0,66.0,41.0,32.0,27.0,79.0,42.0,23.0,46.0,46.0,224.0,42.0,43.0,55.0,24.0,13.0,40.0,14.0,17.0,30.0,34.0,80.0,46.0,41.0,31.0,35.0,35.0,35.0,35.0,272.0,27.0,55.0,61.0
158,39.5,85.0,62.0,74.0,58.0,65.0,214.0,58.0,69.0,71.0,290.0,75.0,262.0,268.0,258.0,19.0,44.0,125.0,49.0,53.0,47.0,31.0,36.0,60.0,239.0,285.0,52.0,54.0,49.0,48.0,36.0,250.0,39.0,248.0,36.0,39.0,58.0,257.0,47.0,51.0,42.0,42.0,107.0,64.0,41.0,33.0,35.0,37.0,45.0,37.0,42.0,20.0,68.0,266.0,15.0,29.0,29.0,27.0,21.0,16.0,59.0,141.0,53.0,236.0,50.0,67.0,42.0,32.0,25.0,81.0,42.0,23.0,47.0,45.0,224.0,41.0,44.0,56.0,23.0,13.0,38.0,12.0,17.0,31.0,34.0,80.0,43.0,43.0,31.0,38.0,35.0,37.0,35.0,272.0,26.0,55.0,60.0
159,39.75,83.0,59.0,70.0,52.0,63.0,214.0,55.0,67.0,70.0,288.0,72.0,261.0,264.0,254.0,15.0,40.0,124.0,46.0,48.0,44.0,25.0,35.0,56.0,236.0,283.0,47.0,50.0,45.0,47.0,36.0,249.0,35.0,246.0,33.0,39.0,54.0,254.0,42.0,48.0,39.0,41.0,104.0,61.0,39.0,31.0,32.0,34.0,44.0,33.0,40.0,17.0,61.0,263.0,16.0,24.0,25.0,21.0,20.0,14.0,57.0,138.0,51.0,234.0,46.0,64.0,39.0,30.0,24.0,77.0,40.0,20.0,43.0,42.0,221.0,38.0,40.0,52.0,20.0,11.0,38.0,12.0,15.0,28.0,30.0,79.0,41.0,39.0,28.0,32.0,32.0,35.0,32.0,272.0,26.0,52.0,57.0
160,40.0,83.0,60.0,72.0,56.0,66.0,214.0,57.0,70.0,71.0,290.0,74.0,261.0,267.0,256.0,19.0,44.0,127.0,47.0,52.0,46.0,29.0,34.0,60.0,236.0,285.0,52.0,52.0,49.0,48.0,35.0,247.0,40.0,248.0,35.0,39.0,58.0,255.0,46.0,49.0,38.0,43.0,104.0,63.0,41.0,33.0,34.0,37.0,44.0,34.0,42.0,19.0,65.0,265.0,17.0,27.0,29.0,24.0,21.0,14.0,58.0,144.0,52.0,235.0,49.0,67.0,42.0,31.0,26.0,80.0,43.0,24.0,47.0,44.0,222.0,42.0,43.0,55.0,22.0,11.0,39.0,13.0,17.0,29.0,31.0,77.0,43.0,41.0,30.0,35.0,33.0,36.0,34.0,273.0,28.0,56.0,59.0
161,40.25,86.0,60.0,72.0,56.0,67.0,215.0,56.0,67.0,68.0,289.0,73.0,260.0,266.0,255.0,17.0,41.0,128.0,46.0,50.0,46.0,29.0,35.0,55.0,235.0,283.0,48.0,50.0,46.0,47.0,35.0,247.0,38.0,247.0,35.0,40.0,54.0,254.0,44.0,51.0,38.0,41.0,104.0,60.0,40.0,32.0,34.0,35.0,44.0,33.0,39.0,21.0,60.0,264.0,16.0,27.0,30.0,22.0,20.0,15.0,57.0,139.0,49.0,233.0,46.0,66.0,41.0,31.0,24.0,78.0,42.0,23.0,43.0,43.0,224.0,40.0,41.0,50.0,21.0,11.0,38.0,11.0,15.0,29.0,31.0,76.0,42.0,39.0,31.0,32.0,33.0,34.0,33.0,270.0,25.0,54.0,58.0
162,40.5,83.0,59.0,73.0,55.0,63.0,211.0,57.0,68.0,71.0,288.0,75.0,262.0,266.0,256.0,16.0,43.0,130.0,46.0,50.0,46.0,27.0,35.0,59.0,236.0,284.0,50.0,52.0,48.0,45.0,35.0,249.0,39.0,247.0,34.0,39.0,55.0,254.0,47.0,49.0,38.0,39.0,106.0,61.0,39.0,32.0,32.0,35.0,43.0,34.0,41.0,18.0,64.0,265.0,14.0,26.0,27.0,24.0,18.0,13.0,58.0,140.0,52.0,235.0,48.0,63.0,39.0,30.0,23.0,78.0,41.0,20.0,46.0,43.0,224.0,39.0,42.0,53.0,20.0,11.0,38.0,11.0,11.0,30.0,32.0,78.0,42.0,41.0,29.0,31.0,33.0,35.0,35.0,274.0,25.0,54.0,59.0
163,40.75,82.0,62.0,74.0,55.0,64.0,212.0,59.0,69.0,71.0,287.0,73.0,263.0,265.0,256.0,17.0,42.0,133.0,46.0,52.0,45.0,28.0,36.0,60.0,239.0,283.0,53.0,53.0,47.0,47.0,38.0,250.0,39.0,248.0,36.0,39.0,56.0,255.0,46.0,49.0,40.0,43.0,105.0,63.0,41.0,32.0,33.0,34.0,47.0,35.0,43.0,19.0,64.0,265.0,18.0,26.0,30.0,25.0,20.0,17.0,59.0,144.0,53.0,237.0,49.0,66.0,42.0,31.0,24.0,80.0,45.0,23.0,46.0,46.0,225.0,40.0,44.0,55.0,20.0,11.0,37.0,13.0,19.0,31.0,32.0,80.0,41.0,41.0,31.0,34.0,33.0,36.0,33.0,273.0,26.0,54.0,58.0
164,41.0,86.0,60.0,71.0,58.0,63.0,214.0,53.0,64.0,69.0,289.0,72.0,261.0,265.0,255.0,19.0,38.0,132.0,46.0,49.0,43.0,29.0,31.0,56.0,236.0,285.0,49.0,50.0,47.0,46.0,34.0,247.0,36.0,247.0,34.0,38.0,55.0,253.0,46.0,51.0,40.0,41.0,103.0,60.0,38.0,30.0,31.0,33.0,42.0,34.0,42.0,18.0,60.0,263.0,15.0,25.0,26.0,21.0,19.0,12.0,56.0,142.0,52.0,236.0,46.0,64.0,39.0,30.0,22.0,78.0,43.0,19.0,44.0,43.0,224.0,40.0,41.0,53.0,21.0,11.0,36.0,11.0,15.0,26.0,29.0,77.0,43.0,39.0,32.0,32.0,35.0,33.0,31.0,273.0,21.0,52.0,55.0
165,41.25,83.0,61.0,75.0,55.0,64.0,213.0,58.0,69.0,71.0,291.0,74.0,263.0,269.0,258.0,19.0,42.0,137.0,46.0,49.0,45.0,28.0,34.0,58.0,238.0,285.0,52.0,55.0,51.0,46.0,36.0,250.0,38.0,248.0,35.0,41.0,54.0,257.0,45.0,50.0,38.0,41.0,107.0,61.0,40.0,32.0,32.0,33.0,43.0,36.0,42.0,17.0,66.0,266.0,15.0,29.0,27.0,23.0,19.0,15.0,60.0,142.0,56.0,237.0,48.0,67.0,41.0,32.0,24.0,79.0,42.0,21.0,47.0,45.0,226.0,41.0,41.0,56.0,21.0,12.0,37.0,12.0,17.0,29.0,34.0,79.0,44.0,41.0,30.0,33.0,35.0,37.0,34.0,273.0,26.0,54.0,59.0
166,41.5,84.0,59.0,73.0,55.0,65.0,214.0,53.0,67.0,69.0,289.0,71.0,263.0,266.0,255.0,17.0,40.0,137.0,45.0,50.0,45.0,29.0,32.0,55.0,238.0,285.0,49.0,51.0,44.0,45.0,32.0,247.0,36.0,247.0,33.0,38.0,53.0,254.0,46.0,47.0,37.0,39.0,104.0,61.0,38.0,32.0,32.0,35.0,42.0,33.0,40.0,17.0,62.0,264.0,14.0,23.0,27.0,23.0,16.0,13.0,57.0,138.0,50.0,235.0,45.0,63.0,37.0,29.0,25.0,80.0,41.0,19.0,43.0,42.0,223.0,38.0,39.0,50.0,19.0,11.0,35.0,11.0,14.0,26.0,31.0,76.0,43.0,38.0,28.0,29.0,31.0,33.0,31.0,272.0,25.0,52.0,56.0
167,41.75,86.0,61.0,75.0,58.0,65.0,215.0,57.0,69.0,70.0,289.0,72.0,264.0,266.0,259.0,17.0,43.0,140.0,48.0,50.0,46.0,28.0,33.0,57.0,238.0,285.0,52.0,55.0,48.0,47.0,36.0,249.0,39.0,248.0,37.0,40.0,56.0,257.0,48.0,51.0,40.0,41.0,105.0,64.0,41.0,33.0,32.0,37.0,44.0,35.0,42.0,17.0,65.0,266.0,18.0,28.0,29.0,24.0,18.0,16.0,59.0,141.0,53.0,235.0,48.0,66.0,39.0,30.0,25.0,79.0,42.0,22.0,46.0,46.0,224.0,41.0,43.0,54.0,22.0,11.0,37.0,11.0,17.0,30.0,32.0,78.0,45.0,41.0,29.0,33.0,34.0,36.0,34.0,273.0,27.0,56.0,57.0
168,42.0,82.0,58.0,70.0,54.0,63.0,213.0,54.0,68.0,69.0,290.0,71.0,261.0,265.0,254.0,16.0,42.0,141.0,45.0,49.0,44.0,27.0,34.0,57.0,234.0,285.0,49.0,52.0,46.0,47.0,34.0,250.0,38.0,248.0,35.0,38.0,55.0,254.0,45.0,48.0,37.0,39.0,105.0,60.0,39.0,31.0,32.0,34.0,41.0,34.0,41.0,18.0,62.0,262.0,14.0,26.0,27.0,23.0,20.0,14.0,57.0,141.0,51.0,235.0,48.0,63.0,41.0,29.0,22.0,77.0,39.0,20.0,44.0,42.0,224.0,39.0,43.0,52.0,20.0,11.0,37.0,12.0,14.0,28.0,31.0,77.0,41.0,37.0,27.0,33.0,34.0,34.0,32.0,272.0,24.0,54.0,57.0
169,42.25,89.0,63.0,76.0,58.0,70.0,216.0,58.0,68.0,69.0,290.0,73.0,265.0,266.0,260.0,22.0,41.0,144.0,47.0,52.0,48.0,33.0,33.0,56.0,237.0,285.0,51.0,56.0,47.0,50.0,35.0,249.0,36.0,248.0,37.0,41.0,56.0,256.0,47.0,49.0,39.0,42.0,105.0,63.0,40.0,33.0,32.0,37.0,45.0,36.0,45.0,20.0,62.0,263.0,18.0,28.0,31.0,25.0,21.0,16.0,60.0,142.0,54.0,236.0,47.0,66.0,42.0,32.0,27.0,80.0,45.0,24.0,45.0,45.0,223.0,39.0,43.0,51.0,21.0,11.0,41.0,13.0,17.0,31.0,34.0,79.0,46.0,40.0,33.0,35.0,36.0,35.0,35.0,272.0,28.0,54.0,57.0
170,42.5,98.0,71.0,83.0,66.0,79.0,218.0,66.0,70.0,70.0,290.0,75.0,265.0,272.0,269.0,31.0,49.0,150.0,51.0,57.0,50.0,35.0,37.0,57.0,240.0,289.0,56.0,64.0,54.0,56.0,40.0,251.0,40.0,248.0,39.0,43.0,57.0,259.0,55.0,58.0,47.0,48.0,104.0,67.0,41.0,31.0,33.0,38.0,46.0,48.0,56.0,31.0,73.0,266.0,27.0,31.0,35.0,26.0,26.0,14.0,64.0,152.0,65.0,241.0,60.0,78.0,49.0,34.0,31.0,87.0,52.0,25.0,47.0,56.0,230.0,53.0,52.0,56.0,28.0,14.0,44.0,14.0,20.0,28.0,40.0,88.0,62.0,52.0,48.0,46.0,46.0,38.0,41.0,273.0,29.0,51.0,61.0
171,42.75,102.0,72.0,86.0,70.0,78.0,219.0,62.0,69.0,69.0,288.0,73.0,264.0,273.0,268.0,32.0,50.0,150.0,51.0,57.0,49.0,35.0,34.0,58.0,239.0,287.0,56.0,64.0,56.0,59.0,40.0,250.0,38.0,248.0,35.0,42.0,55.0,260.0,56.0,64.0,49.0,50.0,105.0,67.0,42.0,30.0,33.0,37.0,44.0,53.0,60.0,34.0,72.0,266.0,27.0,30.0,33.0,24.0,25.0,15.0,63.0,157.0,68.0,245.0,61.0,79.0,53.0,34.0,30.0,87.0,50.0,22.0,45.0,63.0,233.0,56.0,54.0,57.0,33.0,16.0,48.0,16.0,19.0,28.0,40.0,95.0,70.0,60.0,54.0,51.0,53.0,44.0,44.0,270.0,33.0,52.0,65.0
172,43.0,100.0,68.0,86.0,68.0,78.0,218.0,63.0,68.0,68.0,288.0,73.0,264.0,273.0,269.0,30.0,48.0,153.0,51.0,59.0,49.0,35.0,34.0,57.0,240.0,287.0,57.0,64.0,53.0,58.0,40.0,252.0,38.0,249.0,37.0,43.0,55.0,260.0,56.0,60.0,48.0,48.0,106.0,66.0,40.0,31.0,32.0,36.0,42.0,49.0,57.0,35.0,71.0,267.0,28.0,32.0,34.0,25.0,23.0,15.0,63.0,154.0,69.0,244.0,62.0,77.0,51.0,34.0,31.0,86.0,50.0,23.0,45.0,61.0,233.0,53.0,53.0,56.0,30.0,14.0,45.0,13.0,21.0,26.0,39.0,91.0,68.0,56.0,54.0,49.0,51.0,41.0,42.0,273.0,32.0,49.0,64.0
173,43.25,101.0,70.0,84.0,68.0,79.0,218.0,63.0,68.0,68.0,287.0,73.0,264.0,272.0,267.0,28.0,46.0,152.0,49.0,57.0,50.0,34.0,34.0,56.0,239.0,287.0,56.0,64.0,55.0,57.0,40.0,251.0,37.0,247.0,35.0,43.0,53.0,260.0,54.0,60.0,46.0,48.0,105.0,65.0,39.0,28.0,32.0,35.0,42.0,49.0,56.0,32.0,70.0,265.0,26.0,30.0,34.0,24.0,25.0,13.0,63.0,155.0,66.0,242.0,58.0,77.0,48.0,34.0,29.0,84.0,51.0,24.0,45.0,58.0,231.0,54.0,51.0,56.0,28.0,13.0,46.0,14.0,19.0,27.0,36.0,91.0,66.0,55.0,50.0,48.0,50.0,39.0,42.0,271.0,29.0,50.0,62.0
174,43.5,102.0,70.0,83.0,66.0,78.0,217.0,63.0,70.0,69.0,288.0,74.0,265.0,273.0,268.0,32.0,48.0,153.0,49.0,58.0,50.0,35.0,34.0,55.0,239.0,287.0,55.0,66.0,53.0,59.0,41.0,252.0,39.0,250.0,35.0,42.0,56.0,262.0,56.0,64.0,48.0,50.0,106.0,65.0,41.0,30.0,35.0,37.0,44.0,51.0,59.0,31.0,72.0,266.0,27.0,31.0,35.0,24.0,26.0,14.0,63.0,156.0,66.0,245.0,60.0,78.0,51.0,35.0,31.0,83.0,50.0,22.0,47.0,62.0,233.0,54.0,55.0,57.0,31.0,14.0,46.0,13.0,20.0,25.0,39.0,93.0,66.0,55.0,52.0,50.0,53.0,42.0,42.0,271.0,31.0,50.0,61.0
175,43.75,99.0,68.0,84.0,66.0,77.0,217.0,60.0,69.0,69.0,289.0,74.0,264.0,273.0,266.0,28.0,47.0,156.0,49.0,56.0,50.0,35.0,34.0,55.0,237.0,289.0,57.0,64.0,54.0,56.0,39.0,250.0,38.0,247.0,37.0,43.0,58.0,259.0,52.0,58.0,45.0,48.0,105.0,65.0,39.0,29.0,33.0,36.0,44.0,45.0,56.0,30.0,70.0,265.0,25.0,30.0,33.0,24.0,24.0,15.0,62.0,153.0,64.0,240.0,57.0,75.0,48.0,34.0,28.0,84.0,50.0,23.0,46.0,56.0,231.0,50.0,50.0,56.0,28.0,13.0,44.0,14.0,19.0,28.0,40.0,87.0,59.0,52.0,49.0,47.0,48.0,39.0,40.0,273.0,29.0,51.0,62.0
176,44.0,99.0,70.0,84.0,69.0,77.0,219.0,64.0,70.0,72.0,289.0,75.0,267.0,271.0,267.0,31.0,47.0,159.0,52.0,60.0,52.0,37.0,36.0,59.0,239.0,288.0,57.0,63.0,54.0,56.0,39.0,250.0,39.0,247.0,37.0,44.0,58.0,260.0,56.0,60.0,46.0,50.0,105.0,66.0,41.0,31.0,35.0,39.0,46.0,47.0,55.0,28.0,71.0,266.0,25.0,32.0,34.0,24.0,24.0,16.0,64.0,151.0,66.0,241.0,57.0,76.0,49.0,33.0,29.0,85.0,52.0,26.0,46.0,55.0,231.0,51.0,51.0,55.0,27.0,14.0,43.0,14.0,20.0,27.0,39.0,86.0,61.0,52.0,46.0,46.0,46.0,38.0,42.0,272.0,30.0,52.0,61.0
177,44.25,95.0,67.0,82.0,65.0,75.0,217.0,58.0,66.0,67.0,289.0,73.0,265.0,270.0,262.0,26.0,45.0,160.0,50.0,55.0,47.0,33.0,34.0,54.0,239.0,286.0,52.0,63.0,50.0,54.0,39.0,250.0,39.0,248.0,37.0,43.0,55.0,260.0,53.0,54.0,45.0,46.0,104.0,64.0,42.0,31.0,33.0,37.0,44.0,41.0,52.0,27.0,69.0,264.0,21.0,30.0,32.0,23.0,22.0,11.0,64.0,148.0,60.0,240.0,55.0,71.0,44.0,34.0,28.0,84.0,50.0,24.0,45.0,52.0,230.0,49.0,47.0,54.0,25.0,11.0,42.0,11.0,17.0,26.0,36.0,86.0,56.0,50.0,42.0,41.0,45.0,37.0,38.0,273.0,27.0,49.0,59.0
178,44.5,94.0,69.0,82.0,64.0,74.0,217.0,61.0,68.0,69.0,290.0,74.0,265.0,272.0,265.0,28.0,48.0,160.0,49.0,58.0,51.0,34.0,35.0,57.0,239.0,289.0,55.0,67.0,50.0,55.0,39.0,250.0,40.0,248.0,36.0,45.0,57.0,258.0,54.0,58.0,46.0,46.0,104.0,65.0,42.0,31.0,34.0,37.0,45.0,43.0,51.0,27.0,68.0,265.0,23.0,31.0,34.0,26.0,25.0,15.0,63.0,149.0,63.0,240.0,54.0,72.0,46.0,34.0,29.0,85.0,53.0,24.0,47.0,52.0,232.0,47.0,50.0,55.0,24.0,13.0,43.0,14.0,19.0,30.0,37.0,83.0,57.0,48.0,44.0,41.0,44.0,36.0,38.0,274.0,26.0,54.0,59.0
179,44.75,93.0,65.0,78.0,62.0,71.0,217.0,60.0,70.0,69.0,290.0,72.0,265.0,269.0,263.0,23.0,45.0,160.0,49.0,53.0,48.0,32.0,33.0,56.0,238.0,288.0,53.0,68.0,49.0,52.0,36.0,249.0,37.0,248.0,34.0,42.0,54.0,258.0,51.0,54.0,42.0,45.0,103.0,65.0,41.0,31.0,31.0,37.0,44.0,41.0,49.0,24.0,69.0,264.0,18.0,28.0,30.0,24.0,21.0,15.0,61.0,146.0,60.0,238.0,53.0,68.0,44.0,31.0,27.0,81.0,47.0,22.0,44.0,48.0,227.0,45.0,46.0,52.0,21.0,11.0,41.0,12.0,16.0,26.0,34.0,81.0,53.0,46.0,40.0,40.0,42.0,35.0,34.0,273.0,23.0,53.0,58.0
180,45.0,83.0,61.0,73.0,56.0,65.0,215.0,56.0,69.0,69.0,290.0,71.0,265.0,267.0,257.0,18.0,42.0,162.0,47.0,50.0,48.0,30.0,33.0,56.0,237.0,286.0,49.0,66.0,47.0,47.0,35.0,250.0,39.0,247.0,35.0,39.0,55.0,256.0,50.0,51.0,39.0,41.0,105.0,62.0,39.0,32.0,34.0,35.0,44.0,35.0,42.0,18.0,64.0,265.0,15.0,27.0,27.0,24.0,20.0,15.0,59.0,139.0,50.0,235.0,48.0,65.0,41.0,30.0,24.0,79.0,41.0,23.0,45.0,44.0,226.0,39.0,43.0,53.0,22.0,11.0,37.0,11.0,15.0,28.0,32.0,76.0,43.0,39.0,28.0,33.0,33.0,34.0,34.0,273.0,23.0,55.0,57.0
181,45.25,83.0,60.0,72.0,58.0,67.0,215.0,57.0,65.0,70.0,290.0,71.0,266.0,269.0,258.0,18.0,43.0,162.0,47.0,50.0,47.0,32.0,35.0,55.0,237.0,285.0,51.0,70.0,46.0,47.0,37.0,251.0,38.0,249.0,35.0,40.0,55.0,256.0,50.0,50.0,42.0,41.0,105.0,61.0,41.0,33.0,33.0,35.0,46.0,35.0,41.0,17.0,63.0,264.0,16.0,28.0,31.0,24.0,21.0,15.0,58.0,141.0,52.0,235.0,45.0,64.0,41.0,32.0,24.0,81.0,43.0,21.0,45.0,46.0,225.0,39.0,41.0,52.0,21.0,11.0,36.0,12.0,15.0,29.0,32.0,76.0,43.0,40.0,33.0,33.0,34.0,34.0,35.0,272.0,26.0,55.0,57.0
182,45.5,89.0,66.0,78.0,60.0,71.0,218.0,60.0,69.0,70.0,291.0,75.0,267.0,270.0,260.0,22.0,44.0,166.0,51.0,57.0,52.0,34.0,34.0,57.0,239.0,287.0,53.0,75.0,51.0,51.0,37.0,249.0,38.0,248.0,37.0,45.0,59.0,259.0,53.0,54.0,41.0,45.0,105.0,65.0,41.0,35.0,34.0,38.0,46.0,38.0,47.0,21.0,67.0,266.0,19.0,30.0,31.0,26.0,22.0,18.0,63.0,144.0,58.0,236.0,51.0,69.0,44.0,34.0,28.0,83.0,48.0,26.0,46.0,48.0,228.0,45.0,47.0,55.0,24.0,13.0,40.0,14.0,20.0,30.0,36.0,77.0,47.0,44.0,35.0,35.0,37.0,35.0,34.0,273.0,31.0,56.0,60.0
183,45.75,86.0,59.0,73.0,55.0,64.0,214.0,56.0,66.0,68.0,290.0,71.0,264.0,266.0,257.0,17.0,41.0,165.0,44.0,51.0,46.0,30.0,33.0,57.0,237.0,285.0,51.0,76.0,46.0,46.0,35.0,251.0,36.0,246.0,34.0,39.0,56.0,256.0,50.0,47.0,39.0,40.0,104.0,62.0,38.0,29.0,31.0,34.0,43.0,34.0,42.0,20.0,66.0,264.0,14.0,26.0,27.0,22.0,17.0,13.0,57.0,141.0,53.0,237.0,48.0,66.0,39.0,29.0,24.0,80.0,42.0,23.0,44.0,42.0,225.0,37.0,42.0,55.0,21.0,11.0,37.0,11.0,16.0,28.0,30.0,79.0,41.0,39.0,30.0,33.0,33.0,34.0,32.0,273.0,22.0,56.0,57.0
184,46.0,85.0,61.0,72.0,56.0,65.0,214.0,55.0,68.0,70.0,289.0,71.0,264.0,269.0,256.0,18.0,43.0,166.0,46.0,50.0,47.0,30.0,34.0,58.0,236.0,286.0,52.0,79.0,48.0,49.0,38.0,251.0,37.0,246.0,35.0,40.0,56.0,256.0,53.0,50.0,40.0,40.0,104.0,61.0,40.0,32.0,31.0,35.0,45.0,36.0,42.0,18.0,63.0,267.0,16.0,27.0,28.0,25.0,18.0,12.0,60.0,141.0,53.0,235.0,47.0,67.0,40.0,30.0,25.0,80.0,41.0,21.0,43.0,44.0,226.0,40.0,41.0,56.0,22.0,11.0,38.0,11.0,17.0,28.0,33.0,78.0,43.0,39.0,29.0,32.0,33.0,36.0,35.0,273.0,25.0,56.0,57.0
185,46.25,84.0,60.0,73.0,56.0,64.0,216.0,56.0,68.0,68.0,289.0,71.0,263.0,265.0,256.0,18.0,42.0,168.0,48.0,49.0,46.0,29.0,35.0,57.0,236.0,285.0,51.0,80.0,46.0,46.0,34.0,250.0,36.0,247.0,35.0,38.0,55.0,256.0,51.0,48.0,37.0,39.0,103.0,62.0,38.0,31.0,33.0,34.0,42.0,32.0,40.0,18.0,65.0,263.0,16.0,25.0,27.0,22.0,18.0,15.0,58.0,139.0,50.0,236.0,46.0,63.0,38.0,31.0,23.0,77.0,42.0,21.0,43.0,43.0,227.0,39.0,39.0,53.0,19.0,11.0,37.0,11.0,15.0,29.0,30.0,75.0,39.0,38.0,30.0,32.0,33.0,36.0,32.0,273.0,26.0,56.0,56.0
186,46.5,84.0,61.0,72.0,57.0,65.0,214.0,55.0,67.0,68.0,290.0,69.0,263.0,267.0,257.0,16.0,42.0,169.0,45.0,52.0,47.0,28.0,34.0,57.0,236.0,287.0,51.0,88.0,47.0,48.0,34.0,250.0,36.0,247.0,33.0,39.0,55.0,256.0,53.0,50.0,38.0,40.0,100.0,63.0,38.0,30.0,32.0,33.0,44.0,33.0,44.0,19.0,63.0,264.0,16.0,25.0,26.0,23.0,18.0,17.0,59.0,141.0,51.0,235.0,45.0,65.0,40.0,30.0,24.0,79.0,41.0,21.0,46.0,44.0,227.0,40.0,43.0,53.0,20.0,11.0,36.0,11.0,15.0,27.0,31.0,76.0,43.0,41.0,28.0,33.0,33.0,35.0,32.0,272.0,26.0,57.0,57.0
187,46.75,87.0,61.0,74.0,56.0,66.0,217.0,57.0,67.0,68.0,288.0,71.0,266.0,268.0,257.0,17.0,40.0,170.0,47.0,50.0,47.0,29.0,32.0,56.0,237.0,284.0,50.0,91.0,48.0,47.0,35.0,250.0,36.0,247.0,34.0,38.0,56.0,257.0,53.0,51.0,39.0,39.0,104.0,62.0,40.0,31.0,32.0,34.0,43.0,34.0,43.0,18.0,63.0,264.0,16.0,27.0,29.0,24.0,19.0,12.0,57.0,139.0,52.0,236.0,46.0,66.0,39.0,30.0,24.0,80.0,41.0,22.0,45.0,43.0,228.0,39.0,42.0,53.0,21.0,11.0,37.0,11.0,16.0,28.0,31.0,77.0,43.0,39.0,31.0,31.0,34.0,33.0,32.0,273.0,25.0,55.0,57.0
188,47.0,86.0,65.0,75.0,58.0,64.0,215.0,57.0,70.0,70.0,288.0,73.0,266.0,266.0,258.0,19.0,41.0,172.0,48.0,51.0,49.0,33.0,35.0,58.0,238.0,287.0,53.0,100.0,49.0,49.0,38.0,251.0,38.0,248.0,36.0,41.0,57.0,260.0,54.0,50.0,40.0,41.0,106.0,63.0,42.0,32.0,34.0,34.0,46.0,36.0,45.0,19.0,68.0,266.0,15.0,27.0,29.0,25.0,20.0,13.0,60.0,142.0,55.0,237.0,49.0,66.0,40.0,31.0,25.0,83.0,44.0,22.0,48.0,45.0,228.0,43.0,42.0,56.0,21.0,11.0,38.0,13.0,16.0,30.0,32.0,79.0,44.0,42.0,31.0,33.0,35.0,38.0,35.0,273.0,27.0,57.0,60.0
189,47.25,87.0,63.0,74.0,57.0,67.0,216.0,56.0,67.0,70.0,289.0,72.0,265.0,267.0,257.0,18.0,44.0,176.0,49.0,51.0,48.0,32.0,35.0,55.0,236.0,288.0,52.0,100.0,47.0,48.0,36.0,251.0,37.0,246.0,35.0,41.0,56.0,256.0,55.0,50.0,39.0,43.0,106.0,65.0,39.0,32.0,32.0,35.0,43.0,36.0,44.0,19.0,64.0,264.0,18.0,28.0,30.0,24.0,20.0,16.0,61.0,141.0,55.0,235.0,50.0,65.0,41.0,30.0,26.0,81.0,45.0,22.0,45.0,45.0,227.0,41.0,43.0,54.0,20.0,11.0,40.0,11.0,17.0,29.0,32.0,79.0,42.0,42.0,32.0,35.0,35.0,35.0,32.0,273.0,27.0,57.0,60.0
190,47.5,84.0,60.0,73.0,55.0,64.0,217.0,56.0,68.0,70.0,291.0,70.0,265.0,268.0,256.0,17.0,42.0,176.0,46.0,50.0,49.0,29.0,35.0,57.0,237.0,285.0,52.0,103.0,46.0,47.0,36.0,252.0,37.0,244.0,35.0,39.0,57.0,257.0,55.0,48.0,41.0,41.0,105.0,62.0,40.0,34.0,34.0,36.0,44.0,37.0,42.0,19.0,62.0,266.0,15.0,28.0,28.0,24.0,20.0,16.0,59.0,140.0,53.0,235.0,49.0,65.0,41.0,31.0,25.0,82.0,42.0,22.0,45.0,43.0,228.0,39.0,41.0,52.0,21.0,11.0,38.0,12.0,16.0,31.0,33.0,78.0,42.0,41.0,30.0,34.0,34.0,35.0,34.0,273.0,25.0,57.0,58.0
191,47.75,83.0,59.0,73.0,56.0,62.0,214.0,57.0,66.0,68.0,289.0,72.0,265.0,267.0,256.0,18.0,42.0,177.0,46.0,49.0,47.0,29.0,34.0,56.0,237.0,285.0,53.0,107.0,46.0,47.0,37.0,251.0,37.0,247.0,32.0,37.0,55.0,256.0,55.0,49.0,39.0,41.0,106.0,62.0,39.0,32.0,32.0,34.0,43.0,34.0,43.0,18.0,66.0,265.0,15.0,26.0,27.0,23.0,19.0,13.0,60.0,141.0,53.0,235.0,49.0,61.0,41.0,29.0,22.0,78.0,42.0,20.0,45.0,43.0,225.0,39.0,42.0,55.0,19.0,11.0,39.0,11.0,12.0,29.0,31.0,75.0,41.0,40.0,29.0,33.0,33.0,35.0,31.0,274.0,25.0,56.0,57.0
