,Data File    ,C:\Program Files\Biolog\OL_DC_23\PMX\Data_2019\02\_12-5574_Escherichia coli__2_37_PMX_438_2#25#2019_A_10B_19.oka,Unnamed: 2,Unnamed: 3,Unnamed: 4,Unnamed: 5,Unnamed: 6,Unnamed: 7,Unnamed: 8,Unnamed: 9,Unnamed: 10,Unnamed: 11,Unnamed: 12,Unnamed: 13,Unnamed: 14,Unnamed: 15,Unnamed: 16,Unnamed: 17,Unnamed: 18,Unnamed: 19,Unnamed: 20,Unnamed: 21,Unnamed: 22,Unnamed: 23,Unnamed: 24,Unnamed: 25,Unnamed: 26,Unnamed: 27,Unnamed: 28,Unnamed: 29,Unnamed: 30,Unnamed: 31,Unnamed: 32,Unnamed: 33,Unnamed: 34,Unnamed: 35,Unnamed: 36,Unnamed: 37,Unnamed: 38,Unnamed: 39,Unnamed: 40,Unnamed: 41,Unnamed: 42,Unnamed: 43,Unnamed: 44,Unnamed: 45,Unnamed: 46,Unnamed: 47,Unnamed: 48,Unnamed: 49,Unnamed: 50,Unnamed: 51,Unnamed: 52,Unnamed: 53,Unnamed: 54,Unnamed: 55,Unnamed: 56,Unnamed: 57,Unnamed: 58,Unnamed: 59,Unnamed: 60,Unnamed: 61,Unnamed: 62,Unnamed: 63,Unnamed: 64,Unnamed: 65,Unnamed: 66,Unnamed: 67,Unnamed: 68,Unnamed: 69,Unnamed: 70,Unnamed: 71,Unnamed: 72,Unnamed: 73,Unnamed: 74,Unnamed: 75,Unnamed: 76,Unnamed: 77,Unnamed: 78,Unnamed: 79,Unnamed: 80,Unnamed: 81,Unnamed: 82,Unnamed: 83,Unnamed: 84,Unnamed: 85,Unnamed: 86,Unnamed: 87,Unnamed: 88,Unnamed: 89,Unnamed: 90,Unnamed: 91,Unnamed: 92,Unnamed: 93,Unnamed: 94,Unnamed: 95,Unnamed: 96
0,Set up Time,2/25/2019 12:08:08 PM,,,,,,,,,,,,,,,,,,,,,,,,,,,,,,,,,,,,,,,,,,,,,,,,,,,,,,,,,,,,,,,,,,,,,,,,,,,,,,,,,,,,,,,,,,,,,,,
1,Position,10-B,,,,,,,,,,,,,,,,,,,,,,,,,,,,,,,,,,,,,,,,,,,,,,,,,,,,,,,,,,,,,,,,,,,,,,,,,,,,,,,,,,,,,,,,,,,,,,,
2,Plate Type,PM02-A,,,,,,,,,,,,,,,,,,,,,,,,,,,,,,,,,,,,,,,,,,,,,,,,,,,,,,,,,,,,,,,,,,,,,,,,,,,,,,,,,,,,,,,,,,,,,,,
3,Strain Type,---,,,,,,,,,,,,,,,,,,,,,,,,,,,,,,,,,,,,,,,,,,,,,,,,,,,,,,,,,,,,,,,,,,,,,,,,,,,,,,,,,,,,,,,,,,,,,,,
4,Sample Number,,,,,,,,,,,,,,,,,,,,,,,,,,,,,,,,,,,,,,,,,,,,,,,,,,,,,,,,,,,,,,,,,,,,,,,,,,,,,,,,,,,,,,,,,,,,,,,,
5,Strain Name,Escherichia coli,,,,,,,,,,,,,,,,,,,,,,,,,,,,,,,,,,,,,,,,,,,,,,,,,,,,,,,,,,,,,,,,,,,,,,,,,,,,,,,,,,,,,,,,,,,,,,,
6,O-type,O185,,,,,,,,,,,,,,,,,,,,,,,,,,,,,,,,,,,,,,,,,,,,,,,,,,,,,,,,,,,,,,,,,,,,,,,,,,,,,,,,,,,,,,,,,,,,,,,
7,H-type,H7,,,,,,,,,,,,,,,,,,,,,,,,,,,,,,,,,,,,,,,,,,,,,,,,,,,,,,,,,,,,,,,,,,,,,,,,,,,,,,,,,,,,,,,,,,,,,,,
8,Host,Human,,,,,,,,,,,,,,,,,,,,,,,,,,,,,,,,,,,,,,,,,,,,,,,,,,,,,,,,,,,,,,,,,,,,,,,,,,,,,,,,,,,,,,,,,,,,,,,
9,Strain Number,12-5574,,,,,,,,,,,,,,,,,,,,,,,,,,,,,,,,,,,,,,,,,,,,,,,,,,,,,,,,,,,,,,,,,,,,,,,,,,,,,,,,,,,,,,,,,,,,,,,
10,Other,,,,,,,,,,,,,,,,,,,,,,,,,,,,,,,,,,,,,,,,,,,,,,,,,,,,,,,,,,,,,,,,,,,,,,,,,,,,,,,,,,,,,,,,,,,,,,,,
0,Hour,A01,A02,A03,A04,A05,A06,A07,A08,A09,A10,A11,A12,B01,B02,B03,B04,B05,B06,B07,B08,B09,B10,B11,B12,C01,C02,C03,C04,C05,C06,C07,C08,C09,C10,C11,C12,D01,D02,D03,D04,D05,D06,D07,D08,D09,D10,D11,D12,E01,E02,E03,E04,E05,E06,E07,E08,E09,E10,E11,E12,F01,F02,F03,F04,F05,F06,F07,F08,F09,F10,F11,F12,G01,G02,G03,G04,G05,G06,G07,G08,G09,G10,G11,G12,H01,H02,H03,H04,H05,H06,H07,H08,H09,H10,H11,H12
0,0.0,36.0,22.0,18.0,16.0,16.0,12.0,11.0,11.0,11.0,11.0,11.0,27.0,30.0,19.0,11.0,11.0,23.0,11.0,11.0,11.0,23.0,11.0,11.0,11.0,22.0,11.0,11.0,11.0,11.0,11.0,11.0,11.0,11.0,11.0,11.0,11.0,19.0,11.0,11.0,11.0,11.0,11.0,11.0,11.0,11.0,11.0,11.0,11.0,33.0,17.0,11.0,16.0,12.0,11.0,11.0,11.0,11.0,11.0,11.0,22.0,26.0,15.0,18.0,12.0,11.0,11.0,11.0,11.0,11.0,11.0,11.0,16.0,28.0,26.0,19.0,17.0,11.0,11.0,11.0,11.0,11.0,11.0,11.0,14.0,42.0,56.0,30.0,28.0,16.0,20.0,11.0,19.0,56.0,11.0,11.0,18.0
1,0.25,31.0,23.0,12.0,15.0,13.0,11.0,11.0,11.0,11.0,11.0,11.0,25.0,22.0,17.0,11.0,11.0,24.0,11.0,11.0,11.0,23.0,11.0,11.0,11.0,17.0,11.0,11.0,11.0,11.0,11.0,11.0,11.0,11.0,11.0,11.0,11.0,14.0,11.0,11.0,11.0,11.0,11.0,11.0,11.0,11.0,11.0,11.0,11.0,16.0,11.0,11.0,11.0,11.0,11.0,11.0,11.0,11.0,11.0,11.0,18.0,14.0,11.0,11.0,11.0,11.0,11.0,11.0,11.0,11.0,11.0,11.0,11.0,17.0,14.0,11.0,11.0,11.0,11.0,11.0,11.0,11.0,11.0,11.0,11.0,29.0,43.0,13.0,18.0,11.0,11.0,11.0,11.0,48.0,11.0,11.0,11.0
2,0.5,45.0,30.0,23.0,18.0,22.0,17.0,11.0,11.0,15.0,11.0,14.0,31.0,38.0,24.0,15.0,11.0,34.0,11.0,11.0,11.0,26.0,11.0,11.0,13.0,29.0,11.0,13.0,11.0,12.0,11.0,11.0,11.0,11.0,11.0,11.0,11.0,30.0,13.0,15.0,11.0,11.0,11.0,11.0,11.0,11.0,11.0,11.0,11.0,36.0,26.0,14.0,22.0,18.0,12.0,11.0,11.0,11.0,11.0,11.0,27.0,33.0,29.0,22.0,23.0,11.0,13.0,11.0,11.0,11.0,11.0,11.0,19.0,38.0,33.0,21.0,27.0,13.0,13.0,11.0,11.0,11.0,11.0,11.0,22.0,52.0,56.0,35.0,39.0,24.0,26.0,13.0,22.0,58.0,11.0,11.0,26.0
3,0.75,45.0,28.0,22.0,20.0,20.0,16.0,11.0,11.0,16.0,11.0,15.0,35.0,37.0,26.0,14.0,11.0,33.0,11.0,11.0,11.0,25.0,11.0,11.0,12.0,29.0,11.0,11.0,11.0,11.0,11.0,11.0,11.0,11.0,11.0,11.0,11.0,28.0,13.0,14.0,11.0,11.0,11.0,11.0,11.0,11.0,11.0,11.0,11.0,37.0,25.0,14.0,18.0,16.0,13.0,11.0,11.0,11.0,11.0,11.0,29.0,32.0,26.0,20.0,22.0,11.0,13.0,11.0,11.0,11.0,11.0,11.0,21.0,40.0,33.0,20.0,28.0,13.0,14.0,11.0,11.0,11.0,11.0,11.0,21.0,50.0,61.0,35.0,37.0,26.0,26.0,11.0,20.0,55.0,11.0,11.0,27.0
4,1.0,44.0,26.0,22.0,20.0,19.0,15.0,11.0,11.0,14.0,11.0,14.0,32.0,36.0,25.0,11.0,11.0,28.0,11.0,11.0,11.0,20.0,11.0,11.0,11.0,30.0,11.0,11.0,11.0,11.0,11.0,11.0,11.0,11.0,11.0,11.0,11.0,29.0,11.0,14.0,11.0,11.0,11.0,11.0,11.0,11.0,11.0,11.0,11.0,37.0,24.0,11.0,19.0,14.0,11.0,11.0,11.0,11.0,11.0,11.0,26.0,31.0,26.0,21.0,21.0,11.0,11.0,11.0,11.0,11.0,11.0,11.0,19.0,38.0,31.0,18.0,23.0,11.0,12.0,11.0,11.0,11.0,11.0,11.0,20.0,47.0,58.0,33.0,36.0,24.0,23.0,11.0,18.0,50.0,11.0,11.0,23.0
5,1.25,49.0,31.0,27.0,21.0,23.0,21.0,13.0,12.0,18.0,13.0,18.0,35.0,42.0,29.0,17.0,11.0,32.0,11.0,11.0,11.0,25.0,11.0,11.0,13.0,32.0,14.0,15.0,11.0,14.0,11.0,11.0,11.0,11.0,11.0,11.0,13.0,35.0,15.0,17.0,11.0,11.0,11.0,11.0,11.0,11.0,11.0,11.0,11.0,42.0,30.0,16.0,25.0,20.0,15.0,11.0,11.0,11.0,11.0,11.0,30.0,37.0,30.0,25.0,25.0,14.0,17.0,11.0,11.0,11.0,11.0,11.0,22.0,43.0,38.0,26.0,29.0,17.0,18.0,11.0,14.0,11.0,11.0,11.0,26.0,53.0,59.0,39.0,43.0,29.0,29.0,14.0,23.0,55.0,11.0,14.0,31.0
6,1.5,48.0,32.0,26.0,21.0,24.0,22.0,13.0,11.0,18.0,13.0,20.0,40.0,41.0,31.0,16.0,11.0,34.0,11.0,11.0,11.0,22.0,11.0,11.0,13.0,33.0,15.0,14.0,11.0,14.0,11.0,11.0,11.0,11.0,11.0,11.0,12.0,31.0,15.0,17.0,11.0,11.0,11.0,11.0,11.0,11.0,11.0,11.0,11.0,45.0,29.0,12.0,23.0,21.0,14.0,11.0,11.0,11.0,11.0,11.0,30.0,35.0,30.0,25.0,26.0,15.0,16.0,11.0,11.0,11.0,11.0,11.0,23.0,43.0,35.0,23.0,29.0,15.0,16.0,11.0,13.0,11.0,11.0,11.0,23.0,51.0,56.0,37.0,41.0,27.0,27.0,13.0,22.0,56.0,11.0,11.0,31.0
7,1.75,53.0,35.0,28.0,26.0,27.0,29.0,18.0,14.0,24.0,17.0,25.0,42.0,48.0,36.0,20.0,13.0,37.0,11.0,12.0,11.0,26.0,11.0,13.0,16.0,39.0,17.0,18.0,11.0,19.0,11.0,12.0,11.0,11.0,12.0,12.0,14.0,36.0,17.0,22.0,12.0,12.0,11.0,17.0,11.0,11.0,11.0,11.0,14.0,49.0,33.0,18.0,28.0,31.0,16.0,11.0,12.0,11.0,11.0,11.0,34.0,39.0,34.0,29.0,30.0,18.0,21.0,11.0,14.0,11.0,11.0,11.0,26.0,44.0,39.0,30.0,34.0,18.0,20.0,11.0,16.0,11.0,11.0,11.0,26.0,54.0,56.0,41.0,44.0,31.0,30.0,19.0,24.0,57.0,11.0,14.0,35.0
8,2.0,53.0,35.0,31.0,28.0,29.0,37.0,19.0,18.0,25.0,24.0,32.0,45.0,53.0,37.0,16.0,12.0,33.0,11.0,11.0,11.0,23.0,11.0,11.0,13.0,36.0,17.0,19.0,17.0,15.0,11.0,11.0,11.0,11.0,18.0,11.0,11.0,37.0,17.0,20.0,11.0,12.0,11.0,27.0,11.0,11.0,11.0,11.0,13.0,48.0,29.0,17.0,27.0,34.0,14.0,11.0,11.0,11.0,11.0,11.0,33.0,37.0,33.0,33.0,27.0,15.0,19.0,13.0,12.0,11.0,12.0,11.0,26.0,45.0,40.0,29.0,31.0,19.0,16.0,11.0,13.0,11.0,11.0,11.0,26.0,56.0,57.0,40.0,43.0,30.0,27.0,17.0,23.0,55.0,12.0,12.0,34.0
9,2.25,60.0,41.0,39.0,39.0,36.0,49.0,28.0,28.0,33.0,32.0,39.0,53.0,59.0,42.0,17.0,16.0,38.0,11.0,17.0,12.0,25.0,11.0,12.0,16.0,46.0,20.0,24.0,27.0,21.0,13.0,15.0,15.0,12.0,25.0,17.0,14.0,46.0,18.0,29.0,12.0,18.0,11.0,37.0,11.0,11.0,12.0,11.0,16.0,52.0,33.0,20.0,27.0,42.0,17.0,11.0,13.0,11.0,11.0,11.0,39.0,39.0,37.0,45.0,30.0,19.0,28.0,17.0,14.0,11.0,21.0,11.0,31.0,50.0,46.0,32.0,33.0,22.0,19.0,11.0,23.0,11.0,11.0,15.0,33.0,62.0,61.0,47.0,45.0,37.0,30.0,21.0,28.0,56.0,18.0,17.0,45.0
10,2.5,69.0,48.0,49.0,45.0,49.0,59.0,38.0,33.0,43.0,41.0,45.0,62.0,59.0,45.0,20.0,23.0,42.0,16.0,23.0,19.0,27.0,11.0,21.0,18.0,55.0,29.0,33.0,33.0,32.0,21.0,22.0,21.0,19.0,32.0,24.0,13.0,54.0,22.0,35.0,13.0,25.0,11.0,45.0,11.0,13.0,17.0,11.0,19.0,55.0,32.0,23.0,30.0,50.0,18.0,11.0,18.0,14.0,11.0,11.0,46.0,39.0,45.0,51.0,33.0,25.0,32.0,21.0,20.0,11.0,25.0,11.0,37.0,55.0,51.0,37.0,42.0,28.0,22.0,11.0,28.0,11.0,14.0,26.0,38.0,68.0,67.0,52.0,49.0,42.0,30.0,25.0,33.0,56.0,23.0,15.0,50.0
11,2.75,72.0,48.0,53.0,50.0,56.0,71.0,43.0,39.0,49.0,45.0,49.0,71.0,66.0,48.0,19.0,32.0,46.0,23.0,26.0,23.0,26.0,11.0,24.0,16.0,59.0,34.0,38.0,39.0,40.0,24.0,26.0,24.0,24.0,35.0,27.0,13.0,60.0,25.0,39.0,13.0,31.0,11.0,50.0,12.0,19.0,21.0,11.0,24.0,59.0,33.0,21.0,36.0,54.0,18.0,11.0,20.0,18.0,11.0,11.0,52.0,40.0,49.0,59.0,36.0,34.0,37.0,24.0,23.0,11.0,31.0,11.0,43.0,59.0,55.0,41.0,46.0,33.0,24.0,13.0,34.0,11.0,14.0,30.0,42.0,71.0,68.0,59.0,53.0,45.0,31.0,32.0,34.0,59.0,29.0,18.0,56.0
12,3.0,75.0,51.0,56.0,50.0,59.0,83.0,47.0,44.0,55.0,51.0,52.0,74.0,68.0,50.0,21.0,36.0,52.0,29.0,33.0,27.0,26.0,13.0,28.0,19.0,67.0,37.0,43.0,42.0,47.0,26.0,28.0,26.0,27.0,39.0,32.0,13.0,63.0,33.0,44.0,17.0,35.0,11.0,52.0,20.0,26.0,21.0,11.0,31.0,62.0,34.0,22.0,43.0,59.0,17.0,11.0,23.0,22.0,16.0,11.0,58.0,43.0,54.0,63.0,43.0,42.0,44.0,26.0,28.0,11.0,37.0,11.0,45.0,60.0,59.0,40.0,49.0,35.0,27.0,14.0,41.0,11.0,16.0,33.0,46.0,76.0,71.0,63.0,55.0,45.0,33.0,33.0,35.0,58.0,31.0,19.0,59.0
13,3.25,72.0,51.0,58.0,51.0,60.0,91.0,49.0,48.0,59.0,54.0,54.0,83.0,72.0,53.0,24.0,39.0,58.0,32.0,34.0,30.0,28.0,15.0,30.0,18.0,66.0,38.0,45.0,45.0,52.0,32.0,35.0,27.0,29.0,43.0,33.0,14.0,67.0,36.0,44.0,20.0,36.0,11.0,58.0,28.0,29.0,23.0,11.0,37.0,66.0,35.0,21.0,42.0,64.0,16.0,14.0,23.0,29.0,19.0,11.0,60.0,44.0,56.0,67.0,44.0,46.0,43.0,26.0,29.0,12.0,38.0,11.0,50.0,59.0,62.0,39.0,48.0,37.0,24.0,13.0,43.0,12.0,16.0,34.0,46.0,76.0,69.0,63.0,56.0,44.0,31.0,33.0,36.0,58.0,31.0,18.0,58.0
14,3.5,76.0,53.0,59.0,53.0,64.0,100.0,49.0,51.0,58.0,53.0,55.0,86.0,76.0,55.0,24.0,39.0,58.0,34.0,35.0,29.0,27.0,16.0,28.0,21.0,70.0,37.0,48.0,48.0,55.0,34.0,39.0,28.0,34.0,41.0,33.0,14.0,77.0,40.0,47.0,27.0,36.0,13.0,63.0,28.0,31.0,22.0,11.0,40.0,67.0,41.0,23.0,42.0,71.0,18.0,14.0,24.0,32.0,20.0,11.0,64.0,46.0,57.0,73.0,46.0,52.0,45.0,27.0,29.0,13.0,40.0,11.0,51.0,60.0,62.0,42.0,48.0,37.0,27.0,14.0,50.0,13.0,16.0,36.0,46.0,76.0,68.0,64.0,56.0,45.0,34.0,35.0,34.0,60.0,30.0,16.0,56.0
15,3.75,75.0,52.0,58.0,53.0,65.0,109.0,50.0,53.0,57.0,55.0,54.0,89.0,78.0,58.0,23.0,38.0,56.0,34.0,34.0,30.0,28.0,17.0,31.0,24.0,70.0,38.0,49.0,50.0,54.0,32.0,44.0,27.0,35.0,40.0,34.0,13.0,83.0,40.0,47.0,28.0,35.0,21.0,64.0,29.0,30.0,23.0,11.0,42.0,70.0,45.0,22.0,43.0,76.0,18.0,19.0,25.0,36.0,22.0,11.0,63.0,49.0,60.0,76.0,47.0,54.0,42.0,25.0,30.0,14.0,42.0,12.0,52.0,58.0,63.0,42.0,49.0,40.0,27.0,14.0,51.0,12.0,16.0,34.0,47.0,76.0,69.0,65.0,56.0,45.0,36.0,33.0,34.0,59.0,29.0,17.0,56.0
16,4.0,77.0,54.0,59.0,54.0,64.0,116.0,52.0,53.0,60.0,59.0,55.0,91.0,84.0,61.0,21.0,39.0,57.0,34.0,34.0,28.0,28.0,19.0,30.0,33.0,72.0,37.0,50.0,51.0,55.0,35.0,45.0,28.0,35.0,44.0,35.0,14.0,89.0,42.0,49.0,30.0,37.0,26.0,68.0,32.0,31.0,23.0,11.0,43.0,72.0,49.0,24.0,45.0,82.0,20.0,21.0,24.0,40.0,21.0,11.0,65.0,55.0,59.0,83.0,50.0,55.0,48.0,28.0,30.0,15.0,43.0,13.0,53.0,62.0,66.0,43.0,51.0,41.0,30.0,16.0,52.0,14.0,18.0,37.0,48.0,80.0,72.0,67.0,59.0,46.0,39.0,37.0,36.0,62.0,27.0,21.0,63.0
17,4.25,79.0,56.0,62.0,56.0,65.0,123.0,51.0,56.0,62.0,58.0,58.0,94.0,86.0,66.0,28.0,40.0,60.0,37.0,37.0,29.0,30.0,20.0,32.0,43.0,73.0,39.0,51.0,53.0,56.0,38.0,53.0,30.0,37.0,45.0,35.0,18.0,94.0,42.0,49.0,34.0,38.0,31.0,70.0,32.0,33.0,26.0,12.0,45.0,71.0,51.0,27.0,47.0,86.0,23.0,22.0,27.0,43.0,22.0,11.0,65.0,58.0,59.0,88.0,49.0,57.0,47.0,29.0,33.0,19.0,45.0,14.0,52.0,62.0,67.0,43.0,51.0,41.0,33.0,19.0,54.0,15.0,20.0,39.0,46.0,77.0,70.0,66.0,61.0,48.0,40.0,39.0,38.0,61.0,28.0,22.0,66.0
18,4.5,76.0,54.0,60.0,52.0,65.0,126.0,49.0,55.0,60.0,56.0,54.0,93.0,88.0,65.0,22.0,40.0,58.0,35.0,34.0,29.0,28.0,17.0,31.0,48.0,72.0,37.0,49.0,49.0,56.0,35.0,51.0,27.0,36.0,41.0,34.0,14.0,97.0,41.0,47.0,31.0,36.0,35.0,67.0,29.0,30.0,24.0,11.0,42.0,69.0,53.0,23.0,44.0,88.0,18.0,21.0,24.0,46.0,20.0,11.0,64.0,60.0,58.0,90.0,47.0,55.0,46.0,27.0,29.0,19.0,42.0,11.0,52.0,60.0,66.0,43.0,51.0,39.0,28.0,15.0,53.0,14.0,18.0,34.0,47.0,77.0,66.0,64.0,57.0,46.0,38.0,36.0,36.0,59.0,27.0,19.0,58.0
19,4.75,78.0,55.0,62.0,56.0,65.0,133.0,51.0,55.0,61.0,58.0,54.0,95.0,96.0,69.0,26.0,43.0,60.0,38.0,38.0,31.0,29.0,20.0,32.0,59.0,72.0,40.0,50.0,55.0,57.0,37.0,58.0,29.0,38.0,42.0,36.0,19.0,105.0,43.0,50.0,33.0,40.0,38.0,69.0,31.0,31.0,24.0,11.0,43.0,69.0,53.0,26.0,46.0,94.0,22.0,23.0,26.0,49.0,21.0,11.0,66.0,64.0,59.0,98.0,48.0,56.0,47.0,30.0,32.0,27.0,43.0,14.0,53.0,63.0,66.0,44.0,51.0,41.0,28.0,17.0,54.0,15.0,18.0,36.0,47.0,76.0,68.0,65.0,56.0,49.0,41.0,37.0,38.0,60.0,25.0,21.0,65.0
20,5.0,80.0,58.0,62.0,56.0,66.0,137.0,52.0,55.0,61.0,57.0,55.0,94.0,99.0,73.0,25.0,41.0,61.0,38.0,36.0,30.0,29.0,18.0,31.0,67.0,73.0,41.0,51.0,52.0,56.0,38.0,60.0,29.0,39.0,43.0,38.0,17.0,107.0,43.0,49.0,35.0,39.0,40.0,71.0,33.0,31.0,24.0,12.0,42.0,70.0,54.0,27.0,46.0,99.0,24.0,24.0,29.0,52.0,22.0,11.0,66.0,68.0,61.0,103.0,49.0,58.0,49.0,29.0,33.0,30.0,43.0,15.0,54.0,59.0,67.0,43.0,49.0,40.0,32.0,20.0,55.0,14.0,20.0,37.0,49.0,79.0,68.0,68.0,57.0,47.0,44.0,38.0,38.0,62.0,27.0,23.0,73.0
21,5.25,82.0,59.0,62.0,56.0,67.0,143.0,53.0,57.0,62.0,60.0,57.0,96.0,106.0,74.0,27.0,41.0,60.0,37.0,37.0,31.0,30.0,20.0,33.0,75.0,74.0,41.0,54.0,54.0,59.0,37.0,67.0,28.0,40.0,44.0,37.0,21.0,113.0,44.0,49.0,34.0,41.0,40.0,72.0,31.0,31.0,26.0,11.0,44.0,69.0,56.0,29.0,48.0,104.0,24.0,24.0,28.0,58.0,22.0,11.0,67.0,74.0,62.0,111.0,50.0,59.0,50.0,30.0,32.0,34.0,46.0,15.0,55.0,62.0,68.0,46.0,54.0,45.0,32.0,21.0,57.0,14.0,20.0,37.0,51.0,81.0,68.0,66.0,59.0,49.0,45.0,41.0,39.0,64.0,28.0,24.0,78.0
22,5.5,81.0,56.0,61.0,56.0,66.0,145.0,52.0,55.0,63.0,59.0,58.0,99.0,107.0,77.0,27.0,39.0,60.0,37.0,38.0,31.0,30.0,21.0,32.0,81.0,73.0,42.0,51.0,53.0,57.0,38.0,67.0,30.0,41.0,43.0,37.0,27.0,116.0,46.0,49.0,37.0,39.0,40.0,69.0,32.0,32.0,26.0,13.0,44.0,72.0,55.0,26.0,47.0,109.0,21.0,25.0,26.0,59.0,21.0,11.0,66.0,77.0,60.0,115.0,49.0,57.0,48.0,28.0,32.0,36.0,44.0,17.0,53.0,63.0,68.0,46.0,53.0,44.0,30.0,18.0,54.0,17.0,20.0,36.0,50.0,82.0,68.0,68.0,61.0,48.0,45.0,39.0,40.0,63.0,27.0,24.0,75.0
23,5.75,80.0,55.0,61.0,55.0,66.0,146.0,51.0,55.0,61.0,61.0,57.0,95.0,113.0,77.0,26.0,40.0,60.0,37.0,33.0,31.0,28.0,21.0,32.0,87.0,74.0,39.0,51.0,52.0,57.0,37.0,67.0,29.0,41.0,44.0,36.0,33.0,122.0,43.0,52.0,32.0,40.0,41.0,72.0,31.0,33.0,25.0,13.0,44.0,70.0,55.0,24.0,46.0,112.0,21.0,24.0,28.0,61.0,22.0,11.0,68.0,80.0,61.0,122.0,49.0,60.0,50.0,30.0,29.0,39.0,44.0,18.0,53.0,62.0,66.0,43.0,52.0,42.0,31.0,18.0,55.0,15.0,19.0,38.0,50.0,81.0,67.0,67.0,60.0,49.0,43.0,39.0,40.0,64.0,24.0,23.0,75.0
24,6.0,82.0,59.0,63.0,58.0,67.0,150.0,52.0,55.0,63.0,59.0,57.0,97.0,118.0,82.0,28.0,42.0,61.0,37.0,37.0,31.0,29.0,20.0,34.0,92.0,75.0,43.0,55.0,51.0,61.0,37.0,71.0,31.0,45.0,45.0,37.0,39.0,127.0,45.0,52.0,36.0,42.0,43.0,71.0,32.0,33.0,27.0,11.0,47.0,73.0,57.0,27.0,47.0,117.0,22.0,26.0,27.0,65.0,22.0,11.0,68.0,84.0,63.0,130.0,50.0,60.0,49.0,30.0,32.0,42.0,45.0,17.0,56.0,62.0,69.0,45.0,52.0,43.0,30.0,18.0,57.0,16.0,21.0,37.0,52.0,82.0,67.0,67.0,61.0,49.0,46.0,40.0,40.0,67.0,26.0,24.0,73.0
25,6.25,79.0,57.0,62.0,55.0,64.0,149.0,54.0,55.0,61.0,59.0,55.0,96.0,119.0,77.0,28.0,39.0,58.0,35.0,35.0,29.0,31.0,17.0,31.0,97.0,74.0,40.0,50.0,53.0,57.0,36.0,75.0,29.0,45.0,44.0,35.0,41.0,132.0,45.0,50.0,36.0,40.0,42.0,71.0,32.0,31.0,26.0,11.0,44.0,68.0,55.0,24.0,44.0,121.0,22.0,24.0,25.0,66.0,22.0,11.0,66.0,88.0,62.0,134.0,48.0,58.0,47.0,30.0,31.0,41.0,43.0,18.0,53.0,61.0,70.0,46.0,52.0,43.0,31.0,19.0,55.0,15.0,18.0,37.0,49.0,80.0,64.0,67.0,58.0,48.0,42.0,37.0,38.0,64.0,24.0,22.0,70.0
26,6.5,79.0,58.0,63.0,57.0,67.0,151.0,52.0,57.0,62.0,59.0,56.0,96.0,124.0,80.0,28.0,40.0,60.0,36.0,39.0,30.0,29.0,17.0,32.0,101.0,75.0,40.0,52.0,54.0,58.0,37.0,75.0,29.0,48.0,44.0,36.0,40.0,140.0,45.0,51.0,37.0,41.0,41.0,72.0,32.0,31.0,24.0,11.0,44.0,71.0,57.0,27.0,46.0,125.0,23.0,27.0,27.0,69.0,21.0,11.0,67.0,93.0,61.0,137.0,49.0,58.0,49.0,30.0,32.0,41.0,45.0,17.0,54.0,61.0,69.0,44.0,53.0,42.0,29.0,18.0,54.0,15.0,20.0,37.0,50.0,78.0,64.0,66.0,58.0,49.0,43.0,38.0,39.0,65.0,27.0,23.0,71.0
27,6.75,81.0,57.0,64.0,56.0,68.0,155.0,56.0,57.0,63.0,61.0,60.0,100.0,131.0,82.0,26.0,41.0,61.0,38.0,39.0,32.0,31.0,21.0,34.0,109.0,77.0,44.0,53.0,56.0,60.0,38.0,80.0,32.0,51.0,45.0,39.0,39.0,150.0,47.0,49.0,38.0,41.0,42.0,73.0,34.0,32.0,28.0,13.0,46.0,74.0,56.0,29.0,48.0,133.0,23.0,26.0,29.0,75.0,23.0,11.0,69.0,99.0,63.0,145.0,49.0,59.0,51.0,30.0,31.0,43.0,43.0,21.0,56.0,63.0,70.0,45.0,54.0,46.0,31.0,19.0,57.0,16.0,22.0,38.0,52.0,82.0,66.0,68.0,60.0,49.0,42.0,42.0,42.0,67.0,25.0,26.0,75.0
28,7.0,82.0,60.0,66.0,58.0,68.0,154.0,56.0,59.0,64.0,61.0,58.0,100.0,134.0,86.0,30.0,42.0,63.0,38.0,38.0,34.0,33.0,19.0,36.0,114.0,76.0,42.0,53.0,55.0,60.0,40.0,83.0,32.0,53.0,46.0,39.0,41.0,159.0,46.0,53.0,35.0,41.0,44.0,73.0,34.0,35.0,28.0,15.0,49.0,73.0,59.0,26.0,47.0,135.0,23.0,26.0,28.0,78.0,24.0,11.0,69.0,104.0,62.0,150.0,49.0,62.0,51.0,31.0,31.0,46.0,48.0,21.0,55.0,63.0,70.0,45.0,53.0,44.0,31.0,21.0,57.0,17.0,22.0,39.0,51.0,81.0,63.0,68.0,61.0,48.0,44.0,40.0,40.0,66.0,24.0,25.0,72.0
29,7.25,79.0,57.0,62.0,55.0,66.0,156.0,54.0,57.0,66.0,61.0,58.0,99.0,136.0,87.0,26.0,40.0,62.0,35.0,37.0,32.0,32.0,20.0,31.0,114.0,74.0,40.0,52.0,54.0,58.0,37.0,82.0,30.0,52.0,44.0,37.0,40.0,164.0,45.0,52.0,34.0,39.0,40.0,73.0,33.0,31.0,25.0,12.0,47.0,71.0,57.0,25.0,46.0,137.0,21.0,23.0,27.0,81.0,21.0,11.0,68.0,107.0,63.0,155.0,47.0,56.0,48.0,29.0,29.0,43.0,44.0,18.0,55.0,63.0,70.0,43.0,52.0,44.0,28.0,16.0,54.0,14.0,19.0,38.0,50.0,80.0,62.0,63.0,58.0,46.0,41.0,38.0,40.0,66.0,20.0,24.0,71.0
30,7.5,83.0,62.0,67.0,63.0,71.0,161.0,59.0,61.0,67.0,63.0,61.0,102.0,142.0,93.0,33.0,45.0,65.0,41.0,42.0,34.0,34.0,22.0,35.0,121.0,79.0,44.0,58.0,57.0,63.0,41.0,89.0,31.0,59.0,48.0,42.0,44.0,173.0,50.0,55.0,38.0,45.0,46.0,77.0,36.0,35.0,27.0,15.0,51.0,75.0,60.0,31.0,50.0,144.0,26.0,29.0,32.0,86.0,26.0,11.0,71.0,114.0,65.0,160.0,52.0,65.0,51.0,32.0,33.0,45.0,48.0,21.0,56.0,64.0,71.0,48.0,54.0,47.0,32.0,22.0,60.0,20.0,24.0,41.0,53.0,84.0,64.0,71.0,62.0,51.0,47.0,42.0,43.0,69.0,24.0,25.0,75.0
31,7.75,81.0,60.0,63.0,59.0,69.0,159.0,55.0,57.0,64.0,61.0,59.0,100.0,143.0,92.0,28.0,42.0,63.0,38.0,39.0,31.0,32.0,22.0,32.0,121.0,79.0,45.0,56.0,56.0,61.0,38.0,87.0,30.0,58.0,46.0,39.0,39.0,178.0,48.0,55.0,38.0,43.0,44.0,74.0,34.0,32.0,26.0,14.0,47.0,72.0,59.0,30.0,49.0,147.0,26.0,26.0,30.0,88.0,23.0,11.0,70.0,120.0,63.0,162.0,52.0,61.0,50.0,32.0,33.0,44.0,46.0,19.0,58.0,64.0,70.0,45.0,53.0,47.0,33.0,20.0,60.0,19.0,22.0,39.0,52.0,84.0,63.0,70.0,61.0,50.0,46.0,42.0,45.0,70.0,20.0,24.0,76.0
32,8.0,78.0,58.0,62.0,56.0,65.0,159.0,57.0,57.0,65.0,62.0,57.0,99.0,146.0,93.0,27.0,40.0,61.0,38.0,39.0,30.0,30.0,18.0,32.0,125.0,76.0,40.0,52.0,55.0,60.0,38.0,89.0,32.0,60.0,46.0,38.0,41.0,181.0,47.0,51.0,36.0,41.0,42.0,75.0,33.0,32.0,26.0,12.0,47.0,72.0,56.0,26.0,47.0,151.0,19.0,24.0,26.0,91.0,21.0,11.0,67.0,123.0,64.0,166.0,48.0,60.0,48.0,28.0,30.0,42.0,45.0,18.0,57.0,61.0,71.0,45.0,52.0,45.0,30.0,18.0,56.0,13.0,21.0,36.0,51.0,83.0,65.0,66.0,59.0,48.0,43.0,38.0,38.0,67.0,19.0,23.0,72.0
33,8.25,80.0,60.0,64.0,58.0,68.0,162.0,57.0,57.0,63.0,61.0,60.0,100.0,147.0,96.0,27.0,40.0,63.0,36.0,38.0,29.0,32.0,17.0,31.0,127.0,77.0,43.0,54.0,57.0,60.0,38.0,90.0,30.0,64.0,44.0,38.0,40.0,185.0,46.0,53.0,37.0,41.0,43.0,76.0,33.0,32.0,26.0,11.0,45.0,70.0,57.0,29.0,47.0,154.0,24.0,26.0,28.0,95.0,22.0,11.0,68.0,127.0,62.0,168.0,47.0,62.0,51.0,30.0,31.0,43.0,45.0,20.0,56.0,61.0,69.0,45.0,53.0,45.0,30.0,18.0,58.0,15.0,21.0,37.0,49.0,83.0,63.0,69.0,59.0,49.0,45.0,39.0,41.0,68.0,18.0,22.0,74.0
34,8.5,78.0,59.0,62.0,56.0,65.0,161.0,57.0,57.0,64.0,58.0,57.0,100.0,150.0,95.0,24.0,37.0,61.0,35.0,38.0,29.0,29.0,18.0,31.0,130.0,76.0,41.0,53.0,54.0,59.0,37.0,91.0,30.0,63.0,44.0,36.0,42.0,189.0,46.0,49.0,34.0,38.0,40.0,73.0,34.0,30.0,24.0,11.0,44.0,70.0,57.0,26.0,44.0,156.0,21.0,22.0,28.0,98.0,23.0,11.0,67.0,133.0,64.0,171.0,46.0,61.0,47.0,29.0,30.0,43.0,44.0,19.0,54.0,60.0,69.0,42.0,52.0,45.0,28.0,17.0,55.0,14.0,19.0,36.0,50.0,82.0,62.0,68.0,59.0,47.0,40.0,37.0,38.0,66.0,18.0,21.0,71.0
35,8.75,82.0,63.0,67.0,63.0,71.0,165.0,60.0,59.0,66.0,64.0,61.0,104.0,155.0,100.0,31.0,44.0,64.0,39.0,41.0,34.0,35.0,19.0,34.0,134.0,81.0,46.0,58.0,56.0,63.0,38.0,96.0,32.0,71.0,48.0,39.0,43.0,195.0,50.0,55.0,39.0,42.0,46.0,77.0,36.0,33.0,26.0,14.0,47.0,75.0,60.0,31.0,48.0,161.0,25.0,28.0,31.0,102.0,23.0,11.0,71.0,139.0,64.0,178.0,52.0,65.0,53.0,33.0,33.0,45.0,48.0,21.0,57.0,63.0,71.0,46.0,54.0,50.0,33.0,21.0,58.0,16.0,21.0,39.0,52.0,86.0,63.0,71.0,63.0,51.0,50.0,43.0,43.0,72.0,22.0,24.0,74.0
36,9.0,85.0,65.0,67.0,63.0,73.0,166.0,59.0,61.0,67.0,64.0,61.0,106.0,158.0,102.0,31.0,45.0,67.0,41.0,43.0,34.0,35.0,20.0,37.0,137.0,83.0,46.0,56.0,59.0,62.0,41.0,98.0,33.0,74.0,47.0,41.0,44.0,201.0,51.0,55.0,42.0,44.0,46.0,78.0,35.0,34.0,27.0,17.0,49.0,76.0,60.0,32.0,51.0,165.0,27.0,29.0,32.0,105.0,27.0,11.0,71.0,146.0,67.0,181.0,53.0,67.0,54.0,34.0,34.0,46.0,48.0,20.0,58.0,65.0,71.0,47.0,56.0,51.0,34.0,22.0,59.0,18.0,23.0,40.0,54.0,86.0,65.0,70.0,61.0,51.0,49.0,42.0,45.0,74.0,21.0,27.0,75.0
37,9.25,82.0,61.0,66.0,60.0,70.0,165.0,57.0,58.0,65.0,62.0,58.0,102.0,158.0,104.0,28.0,43.0,62.0,37.0,39.0,33.0,33.0,19.0,33.0,140.0,78.0,44.0,55.0,55.0,62.0,39.0,96.0,32.0,73.0,46.0,39.0,41.0,202.0,49.0,53.0,37.0,42.0,44.0,77.0,34.0,32.0,27.0,14.0,47.0,75.0,59.0,29.0,47.0,166.0,23.0,27.0,28.0,107.0,23.0,11.0,69.0,149.0,64.0,184.0,50.0,63.0,51.0,30.0,31.0,47.0,48.0,20.0,56.0,62.0,72.0,46.0,55.0,48.0,30.0,21.0,59.0,15.0,20.0,40.0,51.0,84.0,64.0,68.0,60.0,50.0,45.0,40.0,45.0,73.0,22.0,23.0,74.0
38,9.5,83.0,63.0,68.0,59.0,69.0,165.0,60.0,60.0,65.0,62.0,59.0,104.0,158.0,106.0,30.0,41.0,62.0,38.0,39.0,33.0,33.0,20.0,34.0,143.0,80.0,44.0,55.0,55.0,62.0,40.0,100.0,32.0,78.0,46.0,40.0,43.0,207.0,48.0,54.0,37.0,44.0,45.0,78.0,34.0,33.0,26.0,13.0,46.0,75.0,61.0,27.0,49.0,169.0,25.0,28.0,29.0,112.0,23.0,11.0,72.0,157.0,65.0,185.0,51.0,62.0,51.0,33.0,32.0,45.0,46.0,20.0,57.0,66.0,73.0,47.0,54.0,49.0,31.0,20.0,58.0,17.0,21.0,38.0,51.0,85.0,66.0,69.0,62.0,51.0,46.0,41.0,45.0,73.0,22.0,25.0,76.0
39,9.75,84.0,65.0,66.0,62.0,71.0,166.0,60.0,60.0,67.0,65.0,61.0,105.0,161.0,110.0,31.0,45.0,63.0,41.0,42.0,35.0,35.0,20.0,38.0,144.0,81.0,46.0,59.0,59.0,65.0,40.0,102.0,34.0,79.0,48.0,40.0,44.0,209.0,51.0,55.0,39.0,43.0,46.0,79.0,37.0,35.0,27.0,15.0,48.0,76.0,61.0,30.0,51.0,171.0,27.0,27.0,31.0,115.0,25.0,11.0,71.0,161.0,65.0,189.0,50.0,63.0,53.0,32.0,34.0,46.0,48.0,23.0,57.0,65.0,73.0,46.0,55.0,49.0,32.0,22.0,58.0,18.0,21.0,38.0,53.0,85.0,66.0,70.0,64.0,51.0,45.0,42.0,45.0,75.0,22.0,27.0,73.0
40,10.0,79.0,59.0,67.0,58.0,66.0,166.0,57.0,59.0,65.0,59.0,58.0,101.0,160.0,106.0,27.0,38.0,61.0,37.0,37.0,30.0,31.0,16.0,32.0,149.0,79.0,43.0,55.0,55.0,61.0,37.0,101.0,32.0,80.0,45.0,39.0,41.0,212.0,49.0,52.0,36.0,40.0,43.0,75.0,34.0,32.0,25.0,12.0,44.0,74.0,59.0,26.0,48.0,171.0,22.0,25.0,26.0,118.0,23.0,11.0,67.0,167.0,64.0,190.0,48.0,59.0,51.0,32.0,30.0,44.0,45.0,19.0,54.0,63.0,72.0,47.0,53.0,48.0,29.0,18.0,57.0,14.0,20.0,36.0,51.0,85.0,63.0,67.0,62.0,50.0,44.0,40.0,43.0,74.0,18.0,23.0,75.0
41,10.25,85.0,65.0,69.0,63.0,71.0,171.0,63.0,62.0,68.0,65.0,61.0,105.0,165.0,112.0,30.0,44.0,65.0,39.0,41.0,35.0,34.0,22.0,36.0,153.0,82.0,47.0,57.0,60.0,63.0,40.0,105.0,35.0,87.0,49.0,41.0,45.0,219.0,52.0,54.0,40.0,45.0,47.0,81.0,38.0,34.0,29.0,16.0,48.0,77.0,63.0,31.0,51.0,177.0,27.0,29.0,30.0,125.0,27.0,11.0,72.0,174.0,68.0,195.0,52.0,64.0,54.0,34.0,33.0,48.0,50.0,23.0,59.0,66.0,75.0,49.0,57.0,53.0,34.0,21.0,59.0,18.0,24.0,42.0,55.0,87.0,67.0,72.0,66.0,52.0,47.0,43.0,46.0,79.0,21.0,28.0,75.0
42,10.5,81.0,62.0,65.0,59.0,67.0,168.0,59.0,56.0,64.0,62.0,57.0,103.0,165.0,113.0,30.0,41.0,63.0,39.0,39.0,32.0,33.0,20.0,34.0,154.0,81.0,44.0,56.0,55.0,62.0,39.0,107.0,32.0,86.0,46.0,40.0,42.0,218.0,49.0,53.0,38.0,42.0,44.0,78.0,35.0,32.0,25.0,12.0,46.0,75.0,59.0,29.0,48.0,176.0,24.0,27.0,27.0,127.0,22.0,11.0,70.0,178.0,66.0,197.0,51.0,63.0,53.0,31.0,32.0,46.0,47.0,19.0,58.0,64.0,72.0,47.0,55.0,51.0,32.0,21.0,58.0,19.0,23.0,39.0,52.0,86.0,66.0,71.0,61.0,52.0,47.0,43.0,46.0,76.0,23.0,26.0,75.0
43,10.75,81.0,63.0,67.0,59.0,69.0,169.0,61.0,59.0,67.0,64.0,60.0,104.0,165.0,114.0,30.0,42.0,63.0,38.0,38.0,33.0,35.0,19.0,34.0,156.0,81.0,44.0,57.0,57.0,63.0,38.0,109.0,31.0,90.0,48.0,38.0,42.0,221.0,51.0,53.0,37.0,43.0,47.0,79.0,35.0,33.0,28.0,16.0,48.0,76.0,59.0,29.0,48.0,180.0,24.0,28.0,30.0,130.0,24.0,11.0,71.0,184.0,66.0,198.0,51.0,63.0,52.0,33.0,31.0,47.0,48.0,20.0,57.0,65.0,73.0,48.0,56.0,48.0,31.0,20.0,57.0,18.0,22.0,40.0,51.0,84.0,64.0,71.0,61.0,49.0,43.0,43.0,44.0,76.0,22.0,25.0,73.0
44,11.0,82.0,64.0,66.0,59.0,69.0,169.0,61.0,61.0,65.0,62.0,58.0,103.0,168.0,116.0,29.0,41.0,62.0,38.0,39.0,33.0,35.0,20.0,32.0,159.0,84.0,45.0,57.0,58.0,63.0,38.0,110.0,34.0,92.0,46.0,38.0,41.0,222.0,51.0,54.0,38.0,42.0,45.0,80.0,36.0,32.0,27.0,13.0,47.0,75.0,60.0,29.0,50.0,181.0,24.0,29.0,29.0,133.0,25.0,11.0,70.0,186.0,68.0,202.0,50.0,63.0,53.0,32.0,32.0,46.0,47.0,19.0,56.0,64.0,73.0,48.0,55.0,51.0,32.0,22.0,59.0,16.0,23.0,40.0,51.0,84.0,63.0,70.0,63.0,50.0,46.0,41.0,45.0,78.0,22.0,24.0,75.0
45,11.25,82.0,64.0,66.0,59.0,68.0,168.0,60.0,61.0,67.0,64.0,59.0,106.0,170.0,120.0,31.0,40.0,62.0,37.0,39.0,34.0,33.0,22.0,35.0,161.0,83.0,44.0,57.0,58.0,63.0,41.0,111.0,33.0,96.0,48.0,39.0,42.0,228.0,50.0,54.0,37.0,45.0,46.0,80.0,37.0,33.0,28.0,14.0,48.0,78.0,63.0,29.0,50.0,181.0,25.0,27.0,29.0,139.0,25.0,11.0,72.0,193.0,68.0,205.0,51.0,64.0,53.0,32.0,33.0,46.0,48.0,20.0,59.0,65.0,73.0,47.0,57.0,51.0,33.0,21.0,59.0,18.0,23.0,41.0,51.0,88.0,66.0,71.0,64.0,52.0,47.0,43.0,46.0,81.0,22.0,27.0,77.0
46,11.5,81.0,64.0,65.0,60.0,69.0,168.0,59.0,61.0,67.0,63.0,59.0,104.0,170.0,120.0,29.0,42.0,63.0,39.0,39.0,34.0,34.0,19.0,34.0,162.0,82.0,45.0,57.0,56.0,61.0,39.0,112.0,34.0,98.0,47.0,40.0,40.0,229.0,48.0,53.0,38.0,45.0,45.0,82.0,36.0,33.0,26.0,13.0,46.0,77.0,60.0,28.0,48.0,184.0,24.0,28.0,30.0,140.0,24.0,11.0,70.0,197.0,64.0,205.0,50.0,65.0,52.0,34.0,32.0,46.0,47.0,20.0,56.0,63.0,74.0,48.0,55.0,50.0,34.0,22.0,58.0,16.0,22.0,40.0,51.0,83.0,65.0,69.0,61.0,49.0,44.0,43.0,44.0,83.0,22.0,24.0,75.0
47,11.75,86.0,65.0,68.0,63.0,70.0,172.0,63.0,61.0,67.0,64.0,60.0,105.0,172.0,123.0,30.0,44.0,63.0,40.0,40.0,35.0,34.0,22.0,34.0,168.0,87.0,46.0,57.0,59.0,64.0,39.0,117.0,35.0,99.0,48.0,40.0,45.0,234.0,53.0,56.0,39.0,47.0,46.0,82.0,36.0,34.0,28.0,14.0,51.0,78.0,63.0,32.0,52.0,187.0,25.0,29.0,30.0,145.0,27.0,11.0,73.0,201.0,67.0,208.0,52.0,66.0,53.0,34.0,35.0,48.0,49.0,20.0,59.0,66.0,73.0,49.0,55.0,54.0,35.0,22.0,61.0,18.0,24.0,42.0,55.0,89.0,65.0,71.0,62.0,53.0,47.0,43.0,48.0,86.0,25.0,28.0,78.0
48,12.0,83.0,64.0,70.0,61.0,70.0,172.0,63.0,64.0,68.0,67.0,62.0,107.0,174.0,127.0,29.0,44.0,65.0,39.0,41.0,35.0,37.0,23.0,34.0,170.0,86.0,47.0,59.0,58.0,63.0,40.0,120.0,36.0,105.0,49.0,40.0,44.0,234.0,52.0,55.0,39.0,47.0,47.0,80.0,37.0,34.0,28.0,17.0,49.0,77.0,63.0,30.0,52.0,190.0,24.0,27.0,31.0,149.0,25.0,11.0,70.0,208.0,69.0,210.0,52.0,65.0,54.0,33.0,33.0,46.0,49.0,22.0,59.0,65.0,75.0,48.0,56.0,52.0,32.0,21.0,59.0,17.0,23.0,40.0,52.0,88.0,65.0,71.0,62.0,50.0,46.0,41.0,45.0,85.0,23.0,27.0,74.0
49,12.25,82.0,66.0,68.0,61.0,71.0,172.0,62.0,62.0,69.0,65.0,62.0,105.0,175.0,128.0,29.0,42.0,65.0,41.0,40.0,34.0,35.0,20.0,37.0,173.0,87.0,47.0,60.0,58.0,65.0,42.0,121.0,35.0,107.0,50.0,41.0,44.0,237.0,54.0,56.0,38.0,46.0,44.0,83.0,38.0,35.0,29.0,16.0,48.0,78.0,64.0,31.0,51.0,191.0,26.0,29.0,31.0,153.0,26.0,11.0,71.0,212.0,68.0,213.0,50.0,67.0,55.0,35.0,35.0,48.0,50.0,20.0,59.0,66.0,77.0,49.0,56.0,56.0,33.0,22.0,62.0,19.0,23.0,39.0,53.0,89.0,68.0,72.0,65.0,55.0,49.0,44.0,47.0,87.0,23.0,27.0,78.0
50,12.5,85.0,66.0,70.0,64.0,71.0,172.0,62.0,62.0,69.0,64.0,60.0,109.0,177.0,132.0,32.0,44.0,65.0,42.0,42.0,35.0,36.0,22.0,34.0,177.0,92.0,48.0,59.0,60.0,65.0,41.0,123.0,36.0,111.0,51.0,40.0,44.0,238.0,52.0,56.0,41.0,46.0,47.0,82.0,37.0,35.0,27.0,14.0,50.0,77.0,63.0,29.0,50.0,193.0,25.0,26.0,30.0,158.0,25.0,11.0,76.0,215.0,67.0,216.0,52.0,66.0,56.0,34.0,32.0,47.0,49.0,22.0,60.0,66.0,75.0,48.0,56.0,54.0,34.0,22.0,60.0,19.0,26.0,40.0,54.0,88.0,66.0,71.0,62.0,50.0,45.0,42.0,46.0,89.0,23.0,26.0,77.0
51,12.75,83.0,65.0,70.0,63.0,74.0,173.0,62.0,61.0,67.0,64.0,60.0,108.0,176.0,131.0,31.0,44.0,64.0,42.0,42.0,35.0,37.0,20.0,36.0,173.0,95.0,49.0,59.0,60.0,64.0,41.0,124.0,36.0,113.0,49.0,41.0,44.0,239.0,54.0,58.0,39.0,47.0,44.0,81.0,38.0,34.0,28.0,15.0,48.0,78.0,61.0,31.0,49.0,191.0,28.0,28.0,33.0,158.0,25.0,11.0,72.0,215.0,67.0,216.0,52.0,66.0,54.0,35.0,34.0,48.0,50.0,21.0,58.0,65.0,73.0,47.0,56.0,53.0,33.0,22.0,61.0,19.0,25.0,41.0,53.0,87.0,66.0,70.0,62.0,53.0,50.0,41.0,48.0,90.0,25.0,26.0,75.0
52,13.0,82.0,64.0,69.0,62.0,72.0,174.0,62.0,62.0,69.0,65.0,63.0,107.0,181.0,134.0,32.0,44.0,64.0,40.0,42.0,35.0,36.0,20.0,36.0,181.0,96.0,49.0,61.0,61.0,65.0,40.0,126.0,36.0,116.0,49.0,42.0,46.0,242.0,53.0,56.0,40.0,47.0,48.0,84.0,38.0,35.0,29.0,17.0,51.0,80.0,63.0,32.0,53.0,196.0,24.0,30.0,32.0,165.0,27.0,11.0,73.0,223.0,70.0,220.0,52.0,67.0,55.0,34.0,34.0,49.0,51.0,22.0,60.0,67.0,76.0,50.0,58.0,55.0,34.0,23.0,62.0,19.0,23.0,41.0,54.0,89.0,67.0,71.0,66.0,53.0,46.0,44.0,46.0,94.0,23.0,27.0,76.0
53,13.25,86.0,68.0,70.0,66.0,74.0,174.0,62.0,63.0,69.0,65.0,62.0,109.0,182.0,137.0,32.0,46.0,66.0,41.0,43.0,35.0,39.0,21.0,36.0,181.0,101.0,49.0,60.0,61.0,67.0,42.0,128.0,36.0,118.0,48.0,40.0,45.0,243.0,53.0,58.0,43.0,47.0,48.0,85.0,38.0,35.0,27.0,17.0,48.0,77.0,65.0,32.0,51.0,196.0,27.0,30.0,31.0,169.0,25.0,11.0,74.0,224.0,70.0,221.0,53.0,66.0,56.0,34.0,35.0,49.0,52.0,23.0,60.0,66.0,75.0,49.0,56.0,53.0,34.0,22.0,62.0,18.0,25.0,39.0,54.0,88.0,66.0,73.0,61.0,54.0,50.0,43.0,48.0,93.0,24.0,28.0,75.0
54,13.5,84.0,67.0,70.0,63.0,73.0,175.0,62.0,64.0,71.0,64.0,62.0,110.0,181.0,141.0,33.0,46.0,65.0,43.0,44.0,36.0,37.0,21.0,37.0,184.0,106.0,49.0,59.0,62.0,67.0,43.0,131.0,36.0,123.0,49.0,41.0,46.0,246.0,54.0,58.0,41.0,47.0,48.0,85.0,38.0,35.0,29.0,16.0,47.0,78.0,65.0,30.0,52.0,199.0,26.0,30.0,31.0,172.0,27.0,11.0,75.0,231.0,68.0,224.0,53.0,66.0,56.0,35.0,34.0,51.0,51.0,21.0,59.0,66.0,76.0,50.0,57.0,56.0,33.0,23.0,62.0,18.0,23.0,42.0,53.0,87.0,66.0,67.0,62.0,51.0,48.0,43.0,46.0,96.0,22.0,26.0,76.0
55,13.75,89.0,70.0,73.0,67.0,77.0,177.0,63.0,64.0,70.0,67.0,63.0,112.0,189.0,146.0,34.0,49.0,69.0,43.0,45.0,39.0,41.0,23.0,37.0,188.0,116.0,51.0,65.0,62.0,68.0,45.0,133.0,38.0,127.0,52.0,44.0,46.0,247.0,58.0,60.0,44.0,49.0,50.0,86.0,38.0,37.0,30.0,17.0,51.0,82.0,66.0,36.0,55.0,200.0,31.0,34.0,35.0,176.0,27.0,11.0,76.0,231.0,73.0,226.0,55.0,70.0,58.0,38.0,37.0,51.0,54.0,25.0,61.0,68.0,76.0,54.0,60.0,58.0,36.0,25.0,66.0,22.0,26.0,43.0,57.0,91.0,70.0,74.0,67.0,57.0,51.0,47.0,49.0,98.0,28.0,30.0,78.0
56,14.0,84.0,67.0,68.0,62.0,72.0,174.0,62.0,63.0,70.0,64.0,62.0,108.0,186.0,143.0,31.0,44.0,65.0,39.0,42.0,36.0,36.0,21.0,35.0,189.0,116.0,47.0,61.0,59.0,66.0,41.0,133.0,37.0,129.0,49.0,41.0,44.0,247.0,55.0,56.0,40.0,46.0,47.0,84.0,38.0,36.0,30.0,16.0,48.0,80.0,64.0,30.0,51.0,202.0,26.0,32.0,31.0,179.0,28.0,11.0,74.0,237.0,71.0,227.0,53.0,69.0,56.0,34.0,33.0,48.0,52.0,23.0,60.0,66.0,75.0,49.0,58.0,56.0,34.0,22.0,63.0,19.0,24.0,40.0,55.0,88.0,67.0,72.0,65.0,53.0,49.0,44.0,48.0,100.0,24.0,27.0,76.0
57,14.25,82.0,66.0,67.0,63.0,69.0,173.0,62.0,63.0,69.0,64.0,61.0,106.0,188.0,143.0,30.0,43.0,65.0,40.0,41.0,34.0,35.0,20.0,34.0,191.0,120.0,47.0,59.0,59.0,65.0,42.0,132.0,34.0,129.0,50.0,39.0,43.0,247.0,53.0,58.0,39.0,47.0,46.0,83.0,38.0,36.0,27.0,17.0,49.0,78.0,61.0,32.0,51.0,203.0,25.0,28.0,31.0,181.0,28.0,11.0,73.0,237.0,68.0,228.0,53.0,67.0,55.0,36.0,32.0,47.0,51.0,20.0,59.0,66.0,75.0,49.0,56.0,55.0,33.0,21.0,63.0,19.0,22.0,39.0,52.0,86.0,66.0,71.0,62.0,52.0,44.0,43.0,47.0,100.0,25.0,27.0,76.0
58,14.5,84.0,66.0,69.0,62.0,72.0,173.0,61.0,60.0,67.0,62.0,62.0,108.0,190.0,145.0,30.0,43.0,65.0,41.0,41.0,36.0,38.0,20.0,32.0,191.0,125.0,48.0,59.0,60.0,64.0,41.0,134.0,36.0,133.0,47.0,40.0,42.0,251.0,55.0,57.0,38.0,46.0,48.0,83.0,38.0,35.0,26.0,17.0,46.0,78.0,63.0,31.0,51.0,204.0,27.0,29.0,31.0,182.0,25.0,11.0,71.0,237.0,69.0,228.0,53.0,67.0,57.0,35.0,35.0,49.0,52.0,20.0,58.0,68.0,76.0,52.0,57.0,56.0,36.0,22.0,61.0,20.0,24.0,40.0,54.0,88.0,67.0,73.0,65.0,52.0,49.0,45.0,47.0,105.0,25.0,28.0,77.0
59,14.75,80.0,64.0,66.0,61.0,69.0,171.0,60.0,62.0,67.0,63.0,60.0,106.0,193.0,145.0,29.0,43.0,63.0,39.0,41.0,35.0,36.0,21.0,35.0,195.0,128.0,47.0,57.0,58.0,62.0,40.0,137.0,36.0,133.0,47.0,39.0,43.0,249.0,52.0,55.0,38.0,46.0,45.0,82.0,35.0,33.0,28.0,16.0,46.0,78.0,63.0,29.0,50.0,206.0,25.0,29.0,29.0,184.0,25.0,11.0,71.0,244.0,68.0,230.0,53.0,67.0,52.0,34.0,32.0,47.0,48.0,20.0,58.0,64.0,74.0,47.0,56.0,55.0,33.0,20.0,60.0,17.0,24.0,39.0,52.0,86.0,66.0,67.0,62.0,50.0,44.0,43.0,45.0,102.0,24.0,26.0,74.0
60,15.0,84.0,67.0,69.0,65.0,74.0,176.0,63.0,62.0,68.0,65.0,63.0,108.0,195.0,150.0,29.0,44.0,64.0,41.0,41.0,36.0,36.0,17.0,34.0,199.0,134.0,49.0,60.0,62.0,66.0,42.0,139.0,37.0,138.0,49.0,40.0,45.0,253.0,56.0,58.0,41.0,45.0,48.0,83.0,38.0,34.0,28.0,14.0,48.0,78.0,64.0,31.0,52.0,211.0,22.0,28.0,30.0,190.0,25.0,11.0,74.0,247.0,69.0,233.0,52.0,67.0,55.0,34.0,32.0,48.0,51.0,21.0,59.0,68.0,77.0,50.0,57.0,55.0,32.0,21.0,62.0,18.0,23.0,40.0,54.0,88.0,68.0,72.0,63.0,53.0,45.0,42.0,47.0,107.0,24.0,27.0,76.0
61,15.25,85.0,66.0,67.0,64.0,72.0,174.0,63.0,62.0,71.0,65.0,62.0,110.0,196.0,152.0,30.0,42.0,65.0,42.0,42.0,37.0,36.0,22.0,36.0,199.0,140.0,48.0,60.0,59.0,65.0,43.0,141.0,37.0,139.0,50.0,41.0,44.0,253.0,55.0,59.0,40.0,47.0,48.0,84.0,40.0,36.0,29.0,15.0,48.0,79.0,66.0,33.0,53.0,212.0,25.0,30.0,31.0,193.0,27.0,11.0,73.0,249.0,69.0,235.0,53.0,69.0,55.0,35.0,33.0,49.0,53.0,23.0,59.0,68.0,77.0,51.0,58.0,57.0,36.0,23.0,64.0,20.0,25.0,40.0,54.0,89.0,67.0,73.0,64.0,53.0,47.0,43.0,47.0,109.0,26.0,26.0,78.0
62,15.5,85.0,65.0,68.0,62.0,70.0,175.0,61.0,62.0,69.0,62.0,63.0,108.0,198.0,153.0,29.0,42.0,65.0,41.0,41.0,35.0,36.0,20.0,32.0,200.0,144.0,47.0,58.0,60.0,64.0,40.0,142.0,37.0,142.0,49.0,40.0,44.0,256.0,52.0,57.0,40.0,46.0,47.0,83.0,39.0,35.0,29.0,16.0,47.0,79.0,63.0,31.0,53.0,212.0,25.0,29.0,30.0,195.0,25.0,11.0,75.0,251.0,70.0,236.0,51.0,67.0,55.0,33.0,34.0,47.0,51.0,23.0,58.0,67.0,74.0,47.0,57.0,55.0,35.0,22.0,61.0,20.0,25.0,40.0,53.0,89.0,66.0,71.0,63.0,51.0,47.0,45.0,47.0,109.0,25.0,27.0,78.0
63,15.75,81.0,63.0,67.0,61.0,71.0,172.0,61.0,61.0,68.0,64.0,61.0,105.0,200.0,152.0,28.0,44.0,63.0,42.0,42.0,36.0,36.0,20.0,34.0,202.0,144.0,48.0,59.0,61.0,65.0,40.0,143.0,36.0,144.0,48.0,39.0,43.0,256.0,53.0,56.0,39.0,45.0,45.0,82.0,38.0,35.0,29.0,16.0,47.0,78.0,64.0,30.0,51.0,214.0,26.0,29.0,31.0,198.0,24.0,11.0,72.0,252.0,68.0,237.0,52.0,68.0,55.0,34.0,33.0,49.0,50.0,21.0,60.0,65.0,74.0,50.0,59.0,56.0,32.0,21.0,61.0,16.0,23.0,40.0,54.0,87.0,64.0,66.0,62.0,52.0,45.0,42.0,47.0,110.0,23.0,27.0,76.0
64,16.0,82.0,66.0,67.0,63.0,70.0,173.0,59.0,63.0,67.0,64.0,61.0,107.0,203.0,156.0,28.0,44.0,63.0,40.0,41.0,36.0,35.0,17.0,32.0,203.0,154.0,46.0,59.0,60.0,65.0,41.0,144.0,35.0,148.0,48.0,38.0,45.0,259.0,55.0,56.0,39.0,46.0,46.0,83.0,37.0,35.0,27.0,13.0,46.0,79.0,62.0,31.0,50.0,215.0,24.0,28.0,29.0,200.0,25.0,11.0,74.0,255.0,67.0,237.0,53.0,68.0,55.0,33.0,31.0,49.0,51.0,19.0,59.0,64.0,76.0,48.0,58.0,54.0,32.0,20.0,60.0,16.0,22.0,39.0,53.0,87.0,65.0,71.0,62.0,52.0,46.0,42.0,46.0,112.0,23.0,27.0,76.0
65,16.25,85.0,70.0,67.0,65.0,72.0,175.0,61.0,62.0,69.0,63.0,63.0,107.0,205.0,157.0,30.0,44.0,66.0,42.0,43.0,35.0,36.0,19.0,34.0,204.0,159.0,47.0,60.0,60.0,65.0,42.0,147.0,37.0,150.0,48.0,38.0,43.0,257.0,54.0,58.0,40.0,46.0,48.0,84.0,38.0,33.0,27.0,14.0,47.0,77.0,65.0,33.0,51.0,217.0,26.0,31.0,31.0,204.0,27.0,11.0,73.0,254.0,68.0,239.0,53.0,68.0,56.0,34.0,36.0,50.0,51.0,22.0,59.0,66.0,75.0,51.0,58.0,56.0,34.0,24.0,65.0,19.0,25.0,39.0,53.0,88.0,68.0,70.0,64.0,54.0,48.0,43.0,48.0,114.0,25.0,28.0,77.0
66,16.5,83.0,68.0,67.0,64.0,70.0,176.0,63.0,63.0,69.0,64.0,62.0,108.0,208.0,162.0,28.0,44.0,64.0,43.0,45.0,37.0,38.0,21.0,36.0,208.0,161.0,46.0,61.0,61.0,66.0,43.0,150.0,38.0,153.0,52.0,41.0,44.0,260.0,55.0,58.0,40.0,48.0,47.0,84.0,41.0,36.0,29.0,15.0,49.0,80.0,64.0,30.0,50.0,220.0,26.0,30.0,31.0,208.0,26.0,11.0,73.0,260.0,71.0,240.0,52.0,68.0,53.0,34.0,32.0,49.0,49.0,23.0,59.0,66.0,79.0,48.0,59.0,57.0,34.0,20.0,62.0,19.0,25.0,39.0,51.0,89.0,69.0,71.0,64.0,52.0,46.0,43.0,46.0,116.0,25.0,26.0,76.0
67,16.75,85.0,67.0,71.0,65.0,74.0,177.0,65.0,65.0,71.0,67.0,65.0,109.0,210.0,163.0,31.0,47.0,65.0,43.0,47.0,39.0,41.0,22.0,38.0,212.0,166.0,50.0,60.0,65.0,67.0,44.0,153.0,40.0,156.0,52.0,42.0,45.0,261.0,58.0,59.0,42.0,50.0,47.0,84.0,40.0,36.0,31.0,19.0,50.0,83.0,65.0,33.0,55.0,221.0,26.0,32.0,32.0,209.0,29.0,11.0,79.0,261.0,72.0,243.0,54.0,70.0,59.0,36.0,35.0,52.0,53.0,25.0,62.0,67.0,78.0,51.0,62.0,58.0,35.0,27.0,65.0,21.0,26.0,42.0,55.0,88.0,68.0,72.0,65.0,56.0,49.0,46.0,48.0,120.0,26.0,31.0,78.0
68,17.0,83.0,66.0,69.0,64.0,73.0,176.0,64.0,62.0,70.0,63.0,64.0,109.0,213.0,163.0,32.0,44.0,64.0,42.0,42.0,36.0,37.0,20.0,37.0,210.0,170.0,47.0,59.0,63.0,66.0,43.0,154.0,37.0,160.0,48.0,41.0,47.0,261.0,56.0,58.0,41.0,49.0,46.0,84.0,39.0,35.0,27.0,16.0,48.0,81.0,64.0,30.0,52.0,222.0,25.0,30.0,31.0,212.0,26.0,11.0,75.0,263.0,71.0,240.0,53.0,69.0,57.0,33.0,34.0,50.0,53.0,20.0,60.0,66.0,77.0,48.0,58.0,57.0,32.0,22.0,65.0,19.0,23.0,39.0,55.0,87.0,68.0,70.0,64.0,53.0,47.0,43.0,46.0,118.0,24.0,26.0,77.0
69,17.25,85.0,69.0,70.0,63.0,73.0,175.0,62.0,62.0,68.0,63.0,63.0,109.0,217.0,165.0,30.0,45.0,64.0,43.0,44.0,35.0,37.0,19.0,34.0,212.0,175.0,49.0,61.0,61.0,68.0,43.0,155.0,37.0,161.0,50.0,41.0,45.0,262.0,56.0,59.0,41.0,46.0,48.0,83.0,38.0,33.0,30.0,15.0,49.0,81.0,65.0,31.0,51.0,225.0,24.0,30.0,30.0,213.0,26.0,11.0,75.0,264.0,72.0,243.0,53.0,69.0,54.0,34.0,33.0,50.0,52.0,20.0,60.0,66.0,78.0,49.0,58.0,58.0,34.0,20.0,63.0,19.0,24.0,40.0,52.0,87.0,68.0,71.0,66.0,52.0,47.0,44.0,48.0,121.0,24.0,28.0,78.0
70,17.5,82.0,69.0,70.0,63.0,72.0,175.0,64.0,64.0,69.0,63.0,63.0,108.0,217.0,168.0,30.0,44.0,64.0,42.0,45.0,36.0,36.0,20.0,36.0,213.0,178.0,47.0,58.0,63.0,65.0,43.0,157.0,36.0,165.0,50.0,40.0,44.0,262.0,56.0,58.0,40.0,48.0,49.0,82.0,37.0,34.0,29.0,15.0,49.0,81.0,64.0,32.0,50.0,225.0,25.0,31.0,31.0,216.0,28.0,11.0,76.0,265.0,72.0,245.0,54.0,69.0,55.0,34.0,33.0,48.0,53.0,22.0,59.0,64.0,78.0,49.0,59.0,57.0,32.0,23.0,64.0,19.0,23.0,39.0,52.0,87.0,67.0,69.0,64.0,52.0,48.0,43.0,47.0,122.0,25.0,27.0,76.0
71,17.75,84.0,65.0,68.0,63.0,71.0,176.0,64.0,62.0,70.0,62.0,64.0,108.0,218.0,167.0,29.0,43.0,65.0,40.0,44.0,37.0,36.0,19.0,34.0,214.0,181.0,47.0,58.0,61.0,64.0,41.0,160.0,37.0,166.0,49.0,39.0,44.0,263.0,56.0,57.0,40.0,47.0,47.0,82.0,38.0,34.0,27.0,15.0,49.0,82.0,65.0,32.0,51.0,226.0,22.0,30.0,31.0,218.0,25.0,11.0,74.0,268.0,71.0,246.0,52.0,69.0,55.0,34.0,34.0,49.0,51.0,21.0,60.0,65.0,78.0,49.0,58.0,59.0,32.0,20.0,63.0,19.0,23.0,38.0,54.0,88.0,66.0,70.0,61.0,50.0,46.0,43.0,47.0,123.0,25.0,24.0,75.0
72,18.0,84.0,68.0,70.0,66.0,74.0,177.0,64.0,67.0,74.0,66.0,66.0,109.0,221.0,170.0,32.0,45.0,66.0,42.0,45.0,38.0,40.0,21.0,36.0,217.0,184.0,51.0,60.0,63.0,65.0,43.0,163.0,40.0,168.0,51.0,42.0,45.0,265.0,54.0,61.0,41.0,51.0,48.0,84.0,40.0,36.0,29.0,20.0,50.0,82.0,65.0,32.0,53.0,229.0,27.0,30.0,32.0,221.0,27.0,11.0,77.0,269.0,72.0,247.0,53.0,72.0,57.0,35.0,35.0,49.0,54.0,22.0,62.0,68.0,78.0,50.0,60.0,57.0,36.0,23.0,66.0,22.0,27.0,40.0,56.0,88.0,67.0,71.0,64.0,53.0,48.0,45.0,48.0,128.0,27.0,30.0,77.0
73,18.25,86.0,70.0,69.0,64.0,73.0,177.0,64.0,64.0,71.0,66.0,64.0,109.0,224.0,172.0,33.0,45.0,64.0,44.0,44.0,38.0,38.0,20.0,36.0,218.0,192.0,48.0,60.0,63.0,68.0,42.0,163.0,39.0,171.0,51.0,42.0,45.0,265.0,57.0,58.0,40.0,49.0,48.0,83.0,37.0,36.0,30.0,17.0,48.0,82.0,65.0,31.0,53.0,230.0,27.0,29.0,32.0,222.0,27.0,11.0,75.0,271.0,70.0,248.0,55.0,70.0,57.0,34.0,34.0,49.0,54.0,24.0,62.0,65.0,79.0,52.0,59.0,58.0,34.0,22.0,64.0,20.0,24.0,41.0,55.0,87.0,67.0,73.0,65.0,53.0,46.0,42.0,47.0,128.0,26.0,29.0,75.0
74,18.5,83.0,67.0,69.0,63.0,73.0,178.0,62.0,62.0,69.0,63.0,64.0,107.0,224.0,175.0,32.0,44.0,64.0,41.0,44.0,38.0,38.0,18.0,37.0,218.0,193.0,47.0,59.0,62.0,66.0,44.0,164.0,38.0,173.0,49.0,40.0,45.0,265.0,57.0,58.0,41.0,49.0,47.0,83.0,38.0,36.0,28.0,15.0,50.0,81.0,68.0,32.0,52.0,230.0,26.0,31.0,30.0,223.0,26.0,11.0,75.0,270.0,72.0,248.0,52.0,70.0,56.0,35.0,35.0,48.0,54.0,21.0,61.0,65.0,78.0,50.0,58.0,58.0,36.0,19.0,63.0,20.0,24.0,38.0,54.0,88.0,68.0,73.0,64.0,54.0,48.0,43.0,50.0,129.0,25.0,29.0,77.0
75,18.75,83.0,69.0,69.0,63.0,72.0,175.0,65.0,64.0,71.0,65.0,64.0,108.0,227.0,174.0,30.0,45.0,64.0,41.0,45.0,37.0,38.0,19.0,35.0,222.0,196.0,49.0,58.0,64.0,67.0,44.0,168.0,38.0,176.0,51.0,40.0,46.0,266.0,58.0,60.0,41.0,47.0,48.0,82.0,38.0,33.0,30.0,17.0,46.0,82.0,66.0,31.0,52.0,233.0,24.0,31.0,31.0,226.0,24.0,11.0,75.0,274.0,74.0,249.0,54.0,68.0,55.0,33.0,32.0,49.0,53.0,21.0,60.0,64.0,80.0,50.0,60.0,59.0,35.0,21.0,64.0,19.0,25.0,40.0,53.0,88.0,66.0,71.0,64.0,52.0,46.0,43.0,47.0,131.0,25.0,28.0,78.0
76,19.0,84.0,66.0,68.0,64.0,71.0,181.0,64.0,64.0,70.0,62.0,63.0,109.0,228.0,176.0,28.0,46.0,64.0,41.0,44.0,38.0,39.0,20.0,34.0,221.0,201.0,48.0,58.0,63.0,67.0,44.0,168.0,39.0,177.0,49.0,40.0,45.0,269.0,57.0,60.0,42.0,46.0,47.0,82.0,40.0,35.0,29.0,16.0,48.0,82.0,66.0,30.0,50.0,235.0,25.0,30.0,30.0,227.0,27.0,11.0,75.0,274.0,72.0,250.0,54.0,70.0,56.0,35.0,32.0,48.0,53.0,22.0,59.0,67.0,78.0,50.0,58.0,57.0,34.0,22.0,63.0,19.0,23.0,40.0,52.0,88.0,68.0,69.0,65.0,52.0,46.0,44.0,46.0,133.0,24.0,28.0,75.0
77,19.25,85.0,68.0,71.0,64.0,71.0,178.0,62.0,62.0,71.0,64.0,64.0,109.0,230.0,176.0,32.0,46.0,65.0,43.0,46.0,38.0,41.0,20.0,35.0,219.0,203.0,51.0,59.0,64.0,68.0,43.0,171.0,39.0,180.0,49.0,40.0,45.0,267.0,55.0,58.0,40.0,48.0,47.0,81.0,39.0,37.0,29.0,18.0,47.0,83.0,68.0,33.0,52.0,234.0,28.0,32.0,34.0,228.0,27.0,11.0,77.0,269.0,70.0,250.0,54.0,71.0,56.0,35.0,37.0,50.0,54.0,23.0,61.0,64.0,78.0,49.0,58.0,60.0,36.0,24.0,67.0,22.0,25.0,41.0,54.0,89.0,68.0,71.0,64.0,52.0,48.0,45.0,47.0,133.0,26.0,27.0,77.0
78,19.5,87.0,68.0,69.0,63.0,74.0,179.0,62.0,63.0,69.0,64.0,65.0,108.0,232.0,179.0,30.0,46.0,65.0,42.0,46.0,38.0,39.0,20.0,34.0,225.0,208.0,50.0,60.0,64.0,69.0,44.0,172.0,39.0,183.0,51.0,40.0,45.0,268.0,58.0,58.0,42.0,48.0,49.0,81.0,37.0,36.0,28.0,16.0,47.0,82.0,65.0,33.0,54.0,236.0,29.0,30.0,32.0,231.0,28.0,11.0,77.0,272.0,71.0,252.0,55.0,71.0,55.0,38.0,35.0,50.0,54.0,20.0,61.0,68.0,81.0,52.0,59.0,59.0,35.0,24.0,64.0,20.0,25.0,38.0,54.0,89.0,70.0,72.0,66.0,53.0,50.0,44.0,50.0,136.0,28.0,28.0,77.0
79,19.75,84.0,66.0,68.0,64.0,72.0,178.0,60.0,62.0,69.0,64.0,64.0,107.0,235.0,178.0,30.0,44.0,64.0,43.0,45.0,39.0,39.0,17.0,35.0,223.0,210.0,48.0,58.0,61.0,65.0,42.0,173.0,38.0,182.0,50.0,40.0,44.0,269.0,58.0,57.0,39.0,47.0,47.0,79.0,36.0,34.0,28.0,15.0,47.0,80.0,65.0,30.0,50.0,239.0,25.0,28.0,30.0,231.0,25.0,11.0,74.0,277.0,70.0,252.0,53.0,68.0,55.0,34.0,32.0,49.0,53.0,20.0,60.0,65.0,78.0,50.0,57.0,56.0,33.0,20.0,64.0,19.0,23.0,38.0,52.0,84.0,66.0,69.0,62.0,51.0,46.0,42.0,44.0,136.0,24.0,25.0,74.0
80,20.0,83.0,68.0,69.0,64.0,74.0,176.0,62.0,61.0,68.0,61.0,64.0,109.0,235.0,180.0,31.0,43.0,64.0,42.0,46.0,37.0,40.0,20.0,35.0,226.0,211.0,48.0,58.0,62.0,66.0,44.0,174.0,39.0,185.0,51.0,39.0,45.0,268.0,57.0,59.0,39.0,50.0,45.0,79.0,37.0,35.0,29.0,16.0,48.0,82.0,65.0,29.0,52.0,239.0,26.0,32.0,32.0,234.0,25.0,11.0,76.0,277.0,69.0,252.0,54.0,71.0,55.0,33.0,34.0,49.0,52.0,20.0,59.0,65.0,79.0,50.0,59.0,55.0,33.0,23.0,64.0,19.0,24.0,40.0,53.0,85.0,66.0,69.0,63.0,50.0,46.0,44.0,46.0,138.0,25.0,28.0,75.0
81,20.25,84.0,68.0,69.0,64.0,71.0,175.0,63.0,61.0,71.0,62.0,64.0,109.0,235.0,182.0,27.0,42.0,63.0,43.0,47.0,38.0,39.0,17.0,33.0,225.0,213.0,47.0,55.0,61.0,65.0,43.0,173.0,37.0,187.0,51.0,39.0,44.0,270.0,56.0,55.0,38.0,45.0,45.0,78.0,37.0,34.0,28.0,14.0,48.0,79.0,64.0,29.0,51.0,239.0,25.0,29.0,30.0,234.0,26.0,11.0,76.0,276.0,68.0,253.0,54.0,68.0,54.0,34.0,32.0,49.0,54.0,21.0,61.0,64.0,78.0,47.0,57.0,55.0,31.0,21.0,65.0,18.0,24.0,38.0,52.0,86.0,65.0,67.0,62.0,50.0,44.0,42.0,44.0,141.0,24.0,27.0,74.0
82,20.5,82.0,68.0,68.0,65.0,73.0,180.0,63.0,62.0,71.0,64.0,64.0,108.0,237.0,184.0,30.0,46.0,65.0,42.0,46.0,38.0,40.0,21.0,34.0,226.0,217.0,50.0,58.0,65.0,66.0,45.0,178.0,39.0,189.0,49.0,39.0,43.0,271.0,58.0,59.0,40.0,50.0,46.0,77.0,36.0,35.0,30.0,16.0,47.0,82.0,66.0,32.0,52.0,241.0,25.0,31.0,30.0,237.0,26.0,11.0,77.0,277.0,70.0,253.0,54.0,71.0,56.0,34.0,33.0,49.0,54.0,21.0,59.0,66.0,78.0,50.0,60.0,57.0,34.0,20.0,65.0,19.0,23.0,38.0,53.0,87.0,67.0,73.0,64.0,54.0,47.0,43.0,45.0,147.0,24.0,27.0,76.0
83,20.75,82.0,68.0,69.0,64.0,73.0,179.0,64.0,61.0,72.0,63.0,64.0,111.0,240.0,187.0,30.0,44.0,64.0,42.0,48.0,40.0,41.0,20.0,35.0,229.0,217.0,48.0,58.0,63.0,67.0,45.0,179.0,38.0,193.0,49.0,41.0,44.0,272.0,58.0,58.0,40.0,47.0,45.0,79.0,37.0,35.0,29.0,18.0,47.0,81.0,67.0,32.0,53.0,243.0,26.0,32.0,32.0,237.0,28.0,11.0,78.0,278.0,73.0,254.0,54.0,71.0,55.0,34.0,35.0,48.0,56.0,22.0,60.0,65.0,79.0,51.0,59.0,58.0,33.0,23.0,67.0,22.0,24.0,41.0,55.0,87.0,66.0,69.0,65.0,52.0,47.0,45.0,47.0,149.0,25.0,29.0,76.0
84,21.0,88.0,72.0,73.0,67.0,75.0,184.0,64.0,64.0,74.0,65.0,69.0,113.0,243.0,188.0,33.0,46.0,67.0,46.0,51.0,40.0,43.0,21.0,36.0,229.0,223.0,51.0,60.0,67.0,68.0,45.0,182.0,42.0,195.0,51.0,41.0,47.0,273.0,60.0,62.0,44.0,48.0,49.0,83.0,39.0,37.0,30.0,20.0,48.0,83.0,70.0,36.0,54.0,245.0,32.0,34.0,36.0,241.0,27.0,11.0,80.0,276.0,74.0,257.0,57.0,72.0,59.0,38.0,37.0,53.0,57.0,23.0,63.0,70.0,83.0,54.0,60.0,61.0,39.0,25.0,68.0,23.0,28.0,42.0,55.0,92.0,70.0,76.0,68.0,56.0,53.0,47.0,51.0,154.0,28.0,31.0,80.0
85,21.25,84.0,68.0,71.0,64.0,74.0,180.0,63.0,63.0,74.0,63.0,64.0,112.0,242.0,189.0,32.0,46.0,64.0,43.0,48.0,41.0,43.0,21.0,38.0,229.0,223.0,52.0,57.0,64.0,67.0,46.0,184.0,39.0,195.0,51.0,40.0,46.0,274.0,60.0,59.0,41.0,48.0,46.0,78.0,39.0,36.0,32.0,17.0,49.0,83.0,67.0,31.0,53.0,245.0,26.0,32.0,33.0,241.0,27.0,11.0,78.0,283.0,73.0,256.0,55.0,71.0,57.0,34.0,34.0,51.0,53.0,24.0,60.0,68.0,81.0,50.0,59.0,58.0,33.0,22.0,66.0,21.0,25.0,41.0,52.0,87.0,66.0,70.0,66.0,51.0,46.0,44.0,46.0,157.0,26.0,29.0,75.0
86,21.5,86.0,72.0,72.0,66.0,72.0,184.0,66.0,63.0,71.0,66.0,65.0,111.0,246.0,189.0,31.0,46.0,64.0,45.0,48.0,38.0,40.0,18.0,33.0,233.0,230.0,50.0,60.0,66.0,70.0,46.0,184.0,40.0,198.0,50.0,39.0,47.0,275.0,60.0,62.0,42.0,48.0,49.0,80.0,36.0,36.0,30.0,17.0,49.0,85.0,68.0,33.0,52.0,248.0,28.0,33.0,32.0,244.0,28.0,11.0,79.0,280.0,73.0,259.0,54.0,72.0,57.0,35.0,35.0,50.0,56.0,21.0,63.0,68.0,81.0,52.0,60.0,60.0,35.0,22.0,66.0,21.0,28.0,39.0,53.0,90.0,69.0,74.0,65.0,54.0,51.0,44.0,46.0,162.0,25.0,30.0,78.0
87,21.75,85.0,68.0,68.0,64.0,72.0,182.0,62.0,59.0,68.0,63.0,64.0,106.0,245.0,190.0,28.0,44.0,62.0,43.0,46.0,39.0,39.0,19.0,32.0,232.0,229.0,49.0,57.0,63.0,67.0,43.0,184.0,38.0,197.0,48.0,36.0,45.0,276.0,58.0,58.0,40.0,46.0,45.0,76.0,36.0,34.0,29.0,15.0,47.0,79.0,66.0,31.0,52.0,246.0,23.0,31.0,30.0,243.0,25.0,11.0,76.0,280.0,72.0,258.0,52.0,71.0,54.0,33.0,33.0,50.0,52.0,22.0,58.0,68.0,77.0,49.0,58.0,58.0,33.0,20.0,64.0,19.0,24.0,39.0,52.0,87.0,64.0,69.0,63.0,52.0,47.0,41.0,45.0,164.0,23.0,26.0,75.0
88,22.0,85.0,70.0,69.0,66.0,74.0,182.0,62.0,61.0,72.0,64.0,64.0,110.0,247.0,191.0,32.0,47.0,63.0,44.0,47.0,39.0,42.0,17.0,36.0,231.0,230.0,49.0,57.0,65.0,68.0,45.0,187.0,41.0,203.0,52.0,39.0,46.0,275.0,59.0,60.0,41.0,47.0,47.0,77.0,36.0,36.0,28.0,17.0,48.0,83.0,67.0,31.0,53.0,248.0,28.0,33.0,32.0,245.0,26.0,11.0,77.0,280.0,75.0,258.0,54.0,71.0,55.0,33.0,33.0,52.0,56.0,21.0,60.0,68.0,79.0,50.0,60.0,59.0,34.0,22.0,66.0,20.0,25.0,39.0,54.0,89.0,69.0,71.0,65.0,52.0,48.0,45.0,45.0,168.0,25.0,27.0,76.0
89,22.25,89.0,70.0,72.0,67.0,79.0,185.0,66.0,63.0,74.0,65.0,68.0,110.0,249.0,194.0,35.0,48.0,66.0,46.0,50.0,43.0,46.0,21.0,37.0,233.0,233.0,52.0,60.0,68.0,70.0,48.0,191.0,44.0,206.0,53.0,42.0,46.0,276.0,64.0,62.0,46.0,51.0,50.0,79.0,39.0,40.0,33.0,20.0,50.0,85.0,71.0,37.0,57.0,250.0,33.0,36.0,36.0,248.0,30.0,11.0,82.0,279.0,76.0,260.0,59.0,74.0,62.0,39.0,40.0,51.0,58.0,24.0,64.0,67.0,81.0,53.0,60.0,64.0,39.0,26.0,70.0,24.0,29.0,42.0,57.0,90.0,71.0,75.0,67.0,57.0,51.0,48.0,52.0,175.0,28.0,31.0,80.0
90,22.5,83.0,66.0,69.0,62.0,72.0,181.0,61.0,60.0,67.0,60.0,63.0,108.0,249.0,195.0,28.0,44.0,62.0,43.0,45.0,38.0,41.0,17.0,32.0,234.0,234.0,49.0,57.0,61.0,66.0,45.0,186.0,39.0,204.0,49.0,39.0,42.0,276.0,59.0,57.0,38.0,47.0,44.0,75.0,35.0,35.0,27.0,14.0,47.0,84.0,66.0,31.0,52.0,250.0,25.0,31.0,31.0,247.0,24.0,11.0,76.0,281.0,72.0,259.0,52.0,71.0,54.0,33.0,34.0,49.0,52.0,19.0,61.0,68.0,78.0,52.0,58.0,58.0,32.0,21.0,67.0,20.0,24.0,38.0,53.0,87.0,68.0,70.0,63.0,51.0,47.0,41.0,44.0,172.0,25.0,26.0,76.0
91,22.75,87.0,71.0,73.0,66.0,75.0,184.0,64.0,63.0,72.0,66.0,66.0,110.0,251.0,196.0,32.0,47.0,66.0,44.0,49.0,43.0,43.0,20.0,34.0,236.0,237.0,51.0,60.0,67.0,67.0,47.0,191.0,41.0,208.0,53.0,40.0,47.0,277.0,63.0,63.0,43.0,49.0,46.0,77.0,38.0,37.0,29.0,17.0,49.0,84.0,71.0,33.0,56.0,252.0,29.0,33.0,34.0,248.0,28.0,11.0,79.0,282.0,74.0,261.0,56.0,75.0,58.0,37.0,36.0,52.0,57.0,23.0,62.0,69.0,81.0,54.0,61.0,61.0,37.0,24.0,68.0,23.0,27.0,40.0,55.0,91.0,71.0,74.0,67.0,56.0,51.0,44.0,49.0,179.0,28.0,30.0,78.0
92,23.0,81.0,68.0,70.0,62.0,71.0,182.0,61.0,59.0,72.0,62.0,63.0,108.0,251.0,195.0,30.0,43.0,62.0,42.0,45.0,38.0,39.0,17.0,32.0,235.0,235.0,47.0,56.0,62.0,66.0,43.0,190.0,36.0,208.0,49.0,37.0,43.0,276.0,56.0,58.0,38.0,45.0,44.0,71.0,37.0,35.0,27.0,13.0,46.0,81.0,66.0,27.0,52.0,251.0,26.0,29.0,29.0,248.0,25.0,11.0,78.0,283.0,72.0,260.0,52.0,70.0,52.0,32.0,32.0,48.0,53.0,19.0,59.0,63.0,79.0,48.0,57.0,55.0,32.0,21.0,63.0,20.0,21.0,36.0,52.0,84.0,65.0,68.0,62.0,49.0,44.0,42.0,42.0,178.0,23.0,25.0,75.0
93,23.25,85.0,70.0,68.0,63.0,73.0,184.0,63.0,60.0,70.0,62.0,62.0,106.0,252.0,197.0,28.0,43.0,62.0,42.0,48.0,41.0,40.0,17.0,32.0,234.0,238.0,48.0,53.0,63.0,65.0,43.0,192.0,39.0,209.0,51.0,40.0,44.0,277.0,59.0,56.0,38.0,48.0,42.0,74.0,35.0,34.0,30.0,13.0,46.0,81.0,66.0,31.0,51.0,254.0,26.0,31.0,31.0,249.0,23.0,11.0,76.0,285.0,71.0,261.0,53.0,68.0,54.0,32.0,32.0,49.0,53.0,20.0,59.0,64.0,80.0,50.0,59.0,56.0,33.0,19.0,65.0,18.0,22.0,38.0,52.0,85.0,66.0,70.0,62.0,50.0,43.0,42.0,44.0,184.0,24.0,27.0,74.0
94,23.5,85.0,68.0,68.0,64.0,72.0,185.0,63.0,59.0,70.0,64.0,65.0,111.0,254.0,199.0,29.0,46.0,62.0,45.0,47.0,40.0,43.0,17.0,34.0,237.0,242.0,49.0,56.0,63.0,66.0,45.0,192.0,39.0,211.0,49.0,40.0,44.0,278.0,60.0,58.0,41.0,47.0,44.0,74.0,35.0,33.0,30.0,16.0,46.0,82.0,69.0,30.0,53.0,255.0,26.0,30.0,30.0,251.0,24.0,11.0,77.0,286.0,71.0,261.0,52.0,70.0,54.0,33.0,34.0,49.0,54.0,21.0,60.0,66.0,81.0,48.0,59.0,57.0,34.0,21.0,65.0,19.0,24.0,39.0,52.0,86.0,67.0,71.0,64.0,51.0,46.0,43.0,43.0,187.0,25.0,29.0,76.0
95,23.75,87.0,70.0,73.0,65.0,76.0,184.0,65.0,60.0,72.0,64.0,62.0,111.0,254.0,201.0,34.0,46.0,67.0,44.0,49.0,43.0,44.0,21.0,37.0,237.0,244.0,49.0,57.0,65.0,69.0,47.0,198.0,40.0,213.0,53.0,40.0,46.0,281.0,61.0,61.0,42.0,48.0,44.0,74.0,37.0,35.0,30.0,19.0,51.0,84.0,71.0,35.0,54.0,255.0,30.0,34.0,35.0,252.0,28.0,11.0,79.0,284.0,75.0,265.0,55.0,75.0,57.0,36.0,38.0,52.0,54.0,23.0,63.0,68.0,82.0,53.0,59.0,60.0,37.0,24.0,67.0,22.0,26.0,40.0,57.0,88.0,69.0,72.0,65.0,53.0,49.0,42.0,50.0,188.0,27.0,28.0,79.0
96,24.0,89.0,76.0,74.0,70.0,78.0,188.0,66.0,64.0,76.0,68.0,67.0,112.0,257.0,204.0,35.0,50.0,69.0,45.0,54.0,42.0,47.0,21.0,37.0,238.0,248.0,54.0,64.0,69.0,70.0,49.0,199.0,41.0,216.0,53.0,41.0,47.0,279.0,66.0,63.0,45.0,51.0,48.0,77.0,39.0,39.0,34.0,21.0,49.0,87.0,71.0,37.0,58.0,256.0,34.0,36.0,36.0,254.0,31.0,12.0,82.0,284.0,78.0,265.0,58.0,76.0,60.0,37.0,39.0,54.0,58.0,25.0,64.0,69.0,84.0,56.0,62.0,63.0,39.0,26.0,72.0,24.0,29.0,44.0,56.0,90.0,72.0,76.0,68.0,57.0,53.0,49.0,51.0,193.0,28.0,35.0,81.0
97,24.25,87.0,72.0,74.0,69.0,75.0,188.0,64.0,63.0,74.0,64.0,66.0,110.0,257.0,202.0,31.0,46.0,65.0,46.0,50.0,41.0,43.0,20.0,35.0,238.0,249.0,51.0,59.0,66.0,68.0,47.0,198.0,42.0,216.0,54.0,40.0,46.0,280.0,63.0,61.0,41.0,48.0,46.0,74.0,38.0,36.0,30.0,17.0,49.0,83.0,68.0,33.0,55.0,258.0,29.0,33.0,35.0,254.0,26.0,11.0,80.0,286.0,75.0,265.0,56.0,72.0,57.0,35.0,35.0,50.0,56.0,22.0,63.0,68.0,82.0,54.0,62.0,59.0,37.0,23.0,69.0,21.0,28.0,42.0,56.0,88.0,70.0,72.0,65.0,55.0,50.0,44.0,48.0,194.0,27.0,29.0,80.0
98,24.5,88.0,70.0,70.0,68.0,75.0,188.0,64.0,60.0,73.0,64.0,65.0,110.0,258.0,203.0,33.0,49.0,65.0,45.0,48.0,41.0,45.0,20.0,37.0,239.0,251.0,51.0,59.0,67.0,67.0,47.0,200.0,41.0,217.0,54.0,41.0,48.0,282.0,60.0,61.0,42.0,50.0,46.0,72.0,35.0,36.0,30.0,16.0,50.0,85.0,70.0,33.0,54.0,260.0,29.0,33.0,31.0,255.0,27.0,11.0,79.0,287.0,75.0,265.0,57.0,74.0,56.0,35.0,33.0,51.0,56.0,23.0,63.0,68.0,81.0,53.0,60.0,61.0,37.0,23.0,66.0,20.0,27.0,43.0,56.0,88.0,68.0,72.0,65.0,54.0,48.0,43.0,48.0,197.0,26.0,29.0,79.0
99,24.75,85.0,73.0,72.0,67.0,77.0,188.0,64.0,61.0,73.0,66.0,66.0,111.0,258.0,205.0,31.0,47.0,65.0,45.0,51.0,42.0,46.0,21.0,36.0,241.0,253.0,51.0,59.0,68.0,70.0,50.0,201.0,41.0,221.0,52.0,43.0,47.0,281.0,63.0,61.0,40.0,49.0,45.0,74.0,36.0,38.0,32.0,19.0,50.0,83.0,70.0,34.0,54.0,260.0,31.0,32.0,34.0,256.0,30.0,11.0,81.0,288.0,74.0,266.0,56.0,74.0,56.0,33.0,35.0,51.0,57.0,24.0,63.0,66.0,81.0,53.0,62.0,60.0,37.0,22.0,68.0,21.0,25.0,42.0,56.0,89.0,70.0,74.0,64.0,52.0,50.0,44.0,47.0,201.0,27.0,30.0,78.0
100,25.0,90.0,73.0,72.0,67.0,76.0,189.0,63.0,59.0,71.0,63.0,65.0,110.0,260.0,206.0,34.0,48.0,66.0,46.0,51.0,41.0,44.0,20.0,34.0,239.0,256.0,51.0,59.0,66.0,68.0,48.0,202.0,40.0,220.0,53.0,41.0,47.0,282.0,66.0,60.0,44.0,48.0,46.0,73.0,37.0,37.0,30.0,19.0,48.0,85.0,69.0,34.0,56.0,260.0,31.0,34.0,34.0,257.0,29.0,11.0,78.0,284.0,74.0,266.0,56.0,71.0,57.0,37.0,37.0,53.0,56.0,22.0,64.0,68.0,80.0,55.0,61.0,61.0,36.0,24.0,69.0,23.0,27.0,41.0,53.0,90.0,69.0,75.0,65.0,54.0,52.0,47.0,48.0,201.0,27.0,31.0,78.0
101,25.25,90.0,73.0,71.0,69.0,74.0,189.0,64.0,60.0,73.0,67.0,64.0,111.0,261.0,207.0,34.0,48.0,65.0,48.0,50.0,43.0,46.0,21.0,37.0,242.0,257.0,54.0,59.0,68.0,68.0,47.0,202.0,43.0,222.0,52.0,42.0,47.0,282.0,66.0,63.0,43.0,50.0,46.0,74.0,38.0,37.0,30.0,19.0,50.0,83.0,70.0,34.0,57.0,260.0,31.0,34.0,35.0,258.0,29.0,12.0,80.0,285.0,75.0,266.0,59.0,75.0,60.0,35.0,37.0,53.0,58.0,25.0,65.0,70.0,83.0,53.0,62.0,62.0,38.0,24.0,68.0,24.0,28.0,43.0,57.0,91.0,70.0,74.0,67.0,56.0,52.0,47.0,50.0,202.0,30.0,34.0,80.0
102,25.5,85.0,72.0,72.0,67.0,75.0,188.0,62.0,58.0,72.0,63.0,63.0,108.0,259.0,206.0,33.0,46.0,64.0,43.0,49.0,41.0,44.0,17.0,34.0,240.0,258.0,49.0,59.0,65.0,68.0,47.0,203.0,39.0,222.0,51.0,40.0,44.0,283.0,63.0,62.0,40.0,49.0,45.0,72.0,36.0,37.0,27.0,17.0,46.0,82.0,70.0,34.0,53.0,260.0,31.0,34.0,34.0,257.0,26.0,11.0,81.0,285.0,73.0,265.0,55.0,73.0,57.0,34.0,37.0,49.0,56.0,21.0,61.0,68.0,80.0,52.0,59.0,60.0,35.0,23.0,67.0,22.0,25.0,39.0,54.0,88.0,67.0,73.0,65.0,53.0,50.0,44.0,48.0,202.0,27.0,28.0,78.0
103,25.75,81.0,68.0,70.0,63.0,73.0,187.0,62.0,57.0,70.0,62.0,64.0,108.0,259.0,206.0,31.0,46.0,63.0,43.0,47.0,40.0,41.0,17.0,33.0,240.0,257.0,47.0,55.0,62.0,65.0,46.0,204.0,37.0,223.0,52.0,39.0,44.0,281.0,60.0,58.0,37.0,45.0,42.0,69.0,35.0,36.0,28.0,16.0,44.0,81.0,66.0,29.0,52.0,261.0,27.0,32.0,31.0,257.0,24.0,11.0,76.0,289.0,72.0,263.0,53.0,70.0,51.0,32.0,33.0,49.0,53.0,20.0,58.0,66.0,80.0,50.0,59.0,57.0,32.0,22.0,66.0,21.0,21.0,38.0,52.0,87.0,65.0,69.0,61.0,49.0,44.0,40.0,45.0,204.0,25.0,27.0,75.0
104,26.0,84.0,70.0,68.0,63.0,71.0,188.0,60.0,57.0,69.0,62.0,62.0,106.0,261.0,207.0,29.0,43.0,61.0,42.0,45.0,38.0,42.0,17.0,33.0,242.0,260.0,47.0,55.0,63.0,66.0,43.0,202.0,39.0,223.0,49.0,37.0,43.0,283.0,61.0,59.0,39.0,48.0,44.0,70.0,33.0,35.0,27.0,14.0,47.0,82.0,65.0,28.0,51.0,262.0,24.0,31.0,30.0,257.0,23.0,11.0,76.0,288.0,71.0,265.0,53.0,71.0,53.0,31.0,32.0,47.0,52.0,20.0,58.0,65.0,77.0,47.0,57.0,55.0,30.0,18.0,63.0,17.0,21.0,35.0,49.0,85.0,68.0,67.0,61.0,49.0,45.0,42.0,44.0,205.0,22.0,26.0,72.0
105,26.25,86.0,69.0,72.0,66.0,75.0,192.0,60.0,57.0,71.0,61.0,63.0,109.0,262.0,209.0,31.0,46.0,64.0,44.0,50.0,40.0,42.0,17.0,32.0,241.0,262.0,50.0,57.0,67.0,67.0,46.0,206.0,40.0,225.0,50.0,41.0,44.0,282.0,64.0,60.0,42.0,46.0,46.0,71.0,34.0,35.0,28.0,18.0,46.0,81.0,69.0,32.0,54.0,262.0,28.0,33.0,32.0,257.0,25.0,11.0,77.0,287.0,76.0,266.0,55.0,72.0,57.0,33.0,35.0,51.0,56.0,21.0,59.0,65.0,81.0,50.0,60.0,58.0,35.0,22.0,67.0,21.0,24.0,40.0,52.0,87.0,68.0,72.0,65.0,53.0,50.0,44.0,47.0,208.0,27.0,28.0,75.0
106,26.5,83.0,71.0,70.0,64.0,74.0,188.0,61.0,55.0,70.0,61.0,60.0,107.0,262.0,210.0,31.0,43.0,62.0,45.0,48.0,38.0,39.0,16.0,32.0,241.0,262.0,48.0,56.0,65.0,66.0,44.0,206.0,37.0,224.0,50.0,37.0,43.0,284.0,63.0,58.0,39.0,46.0,43.0,69.0,33.0,33.0,26.0,15.0,45.0,84.0,69.0,31.0,52.0,262.0,27.0,31.0,33.0,257.0,25.0,11.0,76.0,286.0,74.0,265.0,56.0,71.0,55.0,30.0,34.0,48.0,55.0,20.0,60.0,65.0,81.0,50.0,58.0,57.0,32.0,21.0,65.0,19.0,24.0,39.0,51.0,87.0,66.0,71.0,62.0,52.0,49.0,44.0,44.0,207.0,24.0,28.0,75.0
107,26.75,86.0,71.0,72.0,68.0,75.0,192.0,63.0,56.0,72.0,64.0,63.0,108.0,264.0,211.0,31.0,44.0,64.0,46.0,49.0,41.0,44.0,18.0,33.0,243.0,267.0,49.0,57.0,64.0,67.0,46.0,208.0,40.0,227.0,52.0,38.0,44.0,284.0,65.0,61.0,42.0,48.0,48.0,70.0,34.0,36.0,31.0,19.0,46.0,84.0,70.0,35.0,55.0,264.0,31.0,34.0,33.0,259.0,28.0,11.0,77.0,288.0,76.0,266.0,56.0,75.0,58.0,35.0,36.0,51.0,56.0,21.0,61.0,68.0,82.0,52.0,61.0,59.0,37.0,24.0,67.0,21.0,26.0,42.0,54.0,89.0,68.0,72.0,64.0,54.0,48.0,43.0,51.0,209.0,27.0,30.0,79.0
108,27.0,86.0,72.0,71.0,66.0,76.0,193.0,62.0,58.0,72.0,65.0,61.0,108.0,264.0,213.0,32.0,46.0,66.0,44.0,50.0,40.0,44.0,17.0,34.0,243.0,268.0,51.0,59.0,66.0,68.0,47.0,208.0,40.0,229.0,51.0,39.0,42.0,285.0,65.0,60.0,41.0,48.0,48.0,70.0,35.0,35.0,28.0,18.0,47.0,85.0,71.0,32.0,54.0,265.0,29.0,33.0,34.0,262.0,26.0,11.0,79.0,286.0,75.0,269.0,56.0,74.0,58.0,34.0,38.0,51.0,55.0,21.0,62.0,66.0,80.0,51.0,60.0,61.0,35.0,26.0,67.0,22.0,25.0,41.0,54.0,90.0,67.0,74.0,65.0,54.0,49.0,44.0,49.0,209.0,26.0,31.0,79.0
109,27.25,87.0,71.0,68.0,66.0,73.0,192.0,60.0,57.0,70.0,64.0,63.0,107.0,263.0,214.0,28.0,44.0,61.0,45.0,48.0,40.0,40.0,18.0,33.0,243.0,269.0,48.0,57.0,64.0,65.0,45.0,210.0,38.0,229.0,49.0,38.0,44.0,285.0,66.0,59.0,39.0,49.0,48.0,67.0,33.0,34.0,27.0,16.0,45.0,83.0,67.0,31.0,54.0,265.0,30.0,32.0,32.0,259.0,26.0,11.0,76.0,288.0,75.0,267.0,57.0,72.0,56.0,31.0,33.0,49.0,56.0,21.0,59.0,65.0,80.0,50.0,61.0,59.0,34.0,22.0,68.0,20.0,25.0,38.0,54.0,88.0,68.0,72.0,64.0,53.0,49.0,44.0,45.0,210.0,25.0,28.0,77.0
110,27.5,85.0,71.0,69.0,65.0,75.0,192.0,60.0,56.0,71.0,63.0,63.0,107.0,265.0,212.0,32.0,45.0,64.0,44.0,52.0,40.0,46.0,17.0,32.0,243.0,268.0,48.0,57.0,66.0,67.0,48.0,211.0,38.0,229.0,51.0,39.0,42.0,285.0,65.0,60.0,40.0,47.0,50.0,67.0,34.0,36.0,28.0,16.0,45.0,83.0,68.0,33.0,54.0,267.0,30.0,34.0,34.0,259.0,25.0,11.0,77.0,288.0,75.0,267.0,55.0,72.0,55.0,32.0,35.0,50.0,55.0,21.0,63.0,67.0,80.0,51.0,59.0,58.0,35.0,22.0,66.0,19.0,27.0,38.0,54.0,88.0,66.0,72.0,64.0,53.0,50.0,43.0,45.0,210.0,27.0,27.0,77.0
111,27.75,83.0,72.0,71.0,66.0,75.0,192.0,61.0,55.0,73.0,64.0,64.0,110.0,263.0,214.0,30.0,46.0,64.0,43.0,50.0,41.0,45.0,17.0,34.0,243.0,268.0,49.0,55.0,65.0,66.0,45.0,211.0,40.0,231.0,54.0,39.0,44.0,286.0,63.0,60.0,39.0,46.0,50.0,67.0,34.0,35.0,29.0,16.0,47.0,83.0,68.0,31.0,52.0,269.0,27.0,31.0,32.0,262.0,26.0,11.0,78.0,293.0,71.0,270.0,52.0,72.0,54.0,31.0,32.0,50.0,56.0,21.0,60.0,65.0,82.0,50.0,60.0,58.0,32.0,21.0,67.0,20.0,24.0,39.0,53.0,84.0,67.0,70.0,62.0,48.0,42.0,43.0,44.0,211.0,24.0,25.0,76.0
112,28.0,82.0,68.0,68.0,65.0,74.0,190.0,61.0,57.0,71.0,63.0,63.0,106.0,265.0,213.0,30.0,46.0,62.0,45.0,50.0,41.0,43.0,17.0,35.0,244.0,270.0,48.0,56.0,64.0,66.0,46.0,212.0,37.0,231.0,50.0,38.0,45.0,287.0,65.0,59.0,38.0,47.0,52.0,64.0,33.0,36.0,30.0,15.0,44.0,83.0,68.0,32.0,53.0,266.0,26.0,31.0,29.0,261.0,28.0,11.0,75.0,290.0,75.0,269.0,56.0,72.0,52.0,32.0,34.0,49.0,54.0,21.0,62.0,66.0,79.0,50.0,58.0,57.0,32.0,21.0,67.0,19.0,24.0,40.0,52.0,87.0,67.0,70.0,62.0,51.0,45.0,43.0,43.0,212.0,24.0,28.0,75.0
113,28.25,83.0,70.0,70.0,64.0,73.0,193.0,60.0,54.0,71.0,61.0,62.0,107.0,266.0,214.0,29.0,45.0,60.0,44.0,48.0,41.0,43.0,16.0,35.0,244.0,272.0,49.0,55.0,64.0,65.0,45.0,212.0,39.0,233.0,50.0,39.0,43.0,287.0,66.0,59.0,39.0,45.0,52.0,64.0,34.0,35.0,30.0,16.0,47.0,81.0,69.0,32.0,53.0,268.0,26.0,31.0,32.0,261.0,24.0,11.0,76.0,289.0,71.0,269.0,55.0,71.0,53.0,31.0,32.0,50.0,53.0,20.0,61.0,66.0,81.0,50.0,61.0,56.0,35.0,20.0,65.0,19.0,22.0,39.0,51.0,87.0,66.0,69.0,61.0,50.0,46.0,42.0,44.0,211.0,24.0,28.0,73.0
114,28.5,84.0,71.0,72.0,65.0,75.0,193.0,61.0,54.0,70.0,63.0,64.0,108.0,266.0,216.0,32.0,45.0,63.0,43.0,50.0,39.0,43.0,17.0,33.0,245.0,273.0,50.0,56.0,66.0,67.0,44.0,214.0,38.0,234.0,52.0,40.0,44.0,288.0,70.0,58.0,42.0,48.0,57.0,64.0,34.0,35.0,28.0,15.0,49.0,83.0,72.0,32.0,54.0,268.0,30.0,32.0,33.0,263.0,26.0,11.0,79.0,289.0,75.0,271.0,56.0,72.0,55.0,32.0,37.0,51.0,56.0,20.0,62.0,67.0,81.0,53.0,60.0,59.0,34.0,24.0,67.0,20.0,27.0,41.0,55.0,87.0,67.0,72.0,65.0,53.0,48.0,44.0,47.0,212.0,26.0,32.0,78.0
115,28.75,87.0,73.0,71.0,65.0,75.0,194.0,63.0,54.0,72.0,65.0,62.0,111.0,267.0,217.0,32.0,45.0,62.0,46.0,51.0,42.0,44.0,20.0,35.0,248.0,274.0,51.0,57.0,67.0,68.0,46.0,217.0,41.0,237.0,52.0,41.0,47.0,289.0,69.0,63.0,41.0,51.0,60.0,65.0,36.0,35.0,30.0,15.0,46.0,85.0,70.0,32.0,53.0,272.0,29.0,32.0,34.0,265.0,27.0,11.0,79.0,292.0,75.0,270.0,54.0,74.0,55.0,34.0,34.0,52.0,56.0,22.0,63.0,68.0,83.0,51.0,60.0,57.0,34.0,20.0,68.0,20.0,27.0,41.0,55.0,89.0,68.0,72.0,66.0,53.0,47.0,43.0,43.0,211.0,25.0,29.0,77.0
116,29.0,85.0,73.0,72.0,66.0,75.0,193.0,63.0,57.0,72.0,63.0,63.0,108.0,268.0,219.0,32.0,46.0,63.0,45.0,52.0,43.0,45.0,19.0,33.0,247.0,277.0,50.0,58.0,68.0,68.0,47.0,216.0,41.0,237.0,51.0,39.0,47.0,289.0,70.0,62.0,40.0,48.0,60.0,64.0,34.0,36.0,30.0,17.0,46.0,83.0,73.0,32.0,55.0,272.0,27.0,32.0,32.0,265.0,26.0,11.0,79.0,292.0,75.0,272.0,55.0,74.0,55.0,32.0,34.0,50.0,56.0,22.0,62.0,68.0,83.0,50.0,62.0,60.0,35.0,23.0,68.0,19.0,25.0,42.0,53.0,88.0,69.0,72.0,65.0,53.0,49.0,45.0,46.0,211.0,27.0,31.0,78.0
117,29.25,85.0,73.0,72.0,67.0,74.0,194.0,62.0,55.0,73.0,64.0,65.0,110.0,269.0,217.0,31.0,48.0,66.0,46.0,51.0,43.0,45.0,20.0,36.0,247.0,276.0,49.0,55.0,63.0,68.0,46.0,216.0,40.0,237.0,53.0,40.0,45.0,291.0,68.0,61.0,42.0,51.0,62.0,65.0,33.0,35.0,31.0,18.0,47.0,84.0,70.0,33.0,54.0,271.0,29.0,35.0,32.0,265.0,28.0,11.0,78.0,293.0,74.0,272.0,55.0,74.0,56.0,33.0,35.0,52.0,58.0,21.0,63.0,67.0,82.0,51.0,60.0,58.0,33.0,24.0,68.0,22.0,25.0,39.0,55.0,88.0,67.0,71.0,65.0,52.0,46.0,43.0,45.0,212.0,27.0,29.0,76.0
118,29.5,85.0,72.0,72.0,65.0,74.0,195.0,62.0,55.0,73.0,64.0,63.0,109.0,271.0,220.0,32.0,48.0,63.0,45.0,51.0,43.0,45.0,18.0,36.0,247.0,278.0,48.0,56.0,66.0,67.0,47.0,216.0,40.0,240.0,53.0,40.0,46.0,291.0,69.0,62.0,41.0,48.0,68.0,65.0,35.0,36.0,31.0,17.0,49.0,83.0,71.0,32.0,56.0,274.0,29.0,33.0,34.0,266.0,25.0,11.0,78.0,294.0,75.0,272.0,55.0,73.0,55.0,32.0,35.0,51.0,56.0,22.0,62.0,67.0,80.0,52.0,62.0,61.0,35.0,21.0,67.0,22.0,25.0,38.0,54.0,89.0,68.0,72.0,65.0,52.0,50.0,44.0,45.0,211.0,26.0,30.0,76.0
119,29.75,87.0,74.0,74.0,68.0,78.0,198.0,64.0,57.0,73.0,64.0,65.0,110.0,270.0,221.0,35.0,49.0,66.0,48.0,54.0,42.0,47.0,20.0,37.0,247.0,278.0,50.0,60.0,69.0,71.0,49.0,221.0,41.0,240.0,52.0,41.0,46.0,291.0,74.0,64.0,43.0,51.0,72.0,67.0,35.0,37.0,32.0,17.0,49.0,86.0,73.0,36.0,58.0,272.0,32.0,35.0,36.0,264.0,30.0,11.0,80.0,290.0,77.0,272.0,61.0,75.0,59.0,36.0,38.0,51.0,58.0,24.0,64.0,68.0,83.0,55.0,60.0,63.0,38.0,26.0,70.0,24.0,29.0,42.0,56.0,90.0,70.0,76.0,66.0,55.0,53.0,47.0,50.0,211.0,29.0,33.0,81.0
120,30.0,85.0,71.0,70.0,66.0,76.0,196.0,60.0,53.0,71.0,63.0,62.0,108.0,271.0,221.0,31.0,45.0,63.0,45.0,50.0,41.0,44.0,16.0,33.0,245.0,280.0,50.0,55.0,66.0,66.0,46.0,219.0,37.0,239.0,51.0,39.0,44.0,292.0,71.0,60.0,39.0,46.0,71.0,63.0,33.0,36.0,28.0,14.0,47.0,83.0,71.0,30.0,56.0,273.0,27.0,33.0,33.0,266.0,25.0,11.0,76.0,294.0,74.0,271.0,56.0,73.0,53.0,30.0,34.0,51.0,57.0,19.0,62.0,68.0,80.0,50.0,59.0,60.0,33.0,20.0,67.0,19.0,24.0,39.0,52.0,88.0,68.0,70.0,63.0,52.0,47.0,43.0,43.0,211.0,23.0,28.0,78.0
121,30.25,87.0,72.0,72.0,68.0,76.0,199.0,62.0,55.0,72.0,64.0,62.0,108.0,271.0,222.0,32.0,45.0,65.0,48.0,52.0,42.0,44.0,18.0,33.0,247.0,281.0,50.0,57.0,68.0,70.0,48.0,221.0,40.0,241.0,52.0,40.0,45.0,293.0,73.0,62.0,42.0,49.0,77.0,65.0,35.0,36.0,32.0,16.0,47.0,84.0,75.0,32.0,57.0,273.0,29.0,32.0,34.0,266.0,26.0,11.0,78.0,293.0,76.0,274.0,57.0,74.0,57.0,33.0,35.0,52.0,57.0,23.0,64.0,69.0,84.0,52.0,62.0,60.0,37.0,25.0,67.0,22.0,27.0,43.0,54.0,89.0,70.0,73.0,65.0,53.0,49.0,46.0,47.0,212.0,27.0,31.0,79.0
122,30.5,84.0,70.0,72.0,65.0,73.0,196.0,60.0,54.0,74.0,64.0,61.0,111.0,272.0,221.0,30.0,46.0,64.0,47.0,50.0,42.0,45.0,17.0,32.0,249.0,280.0,50.0,57.0,65.0,68.0,47.0,219.0,39.0,240.0,52.0,40.0,45.0,292.0,70.0,60.0,39.0,47.0,77.0,62.0,35.0,37.0,29.0,15.0,47.0,84.0,69.0,32.0,55.0,275.0,27.0,32.0,32.0,265.0,26.0,11.0,79.0,296.0,74.0,274.0,55.0,73.0,55.0,30.0,33.0,51.0,55.0,21.0,61.0,67.0,82.0,50.0,59.0,57.0,33.0,21.0,66.0,20.0,26.0,40.0,53.0,85.0,68.0,71.0,63.0,49.0,46.0,45.0,45.0,213.0,24.0,30.0,76.0
123,30.75,86.0,73.0,70.0,67.0,77.0,198.0,61.0,55.0,72.0,63.0,62.0,110.0,272.0,223.0,32.0,47.0,64.0,45.0,50.0,43.0,47.0,19.0,35.0,247.0,280.0,50.0,55.0,65.0,68.0,47.0,221.0,41.0,244.0,53.0,41.0,44.0,293.0,72.0,61.0,40.0,47.0,82.0,64.0,35.0,36.0,31.0,16.0,46.0,82.0,71.0,31.0,53.0,276.0,29.0,33.0,32.0,266.0,27.0,11.0,78.0,296.0,73.0,274.0,56.0,74.0,54.0,33.0,34.0,50.0,58.0,21.0,61.0,68.0,82.0,50.0,60.0,57.0,34.0,20.0,65.0,20.0,23.0,39.0,53.0,85.0,68.0,70.0,65.0,51.0,48.0,42.0,44.0,211.0,24.0,29.0,75.0
124,31.0,86.0,73.0,71.0,66.0,74.0,198.0,59.0,54.0,71.0,62.0,61.0,109.0,273.0,223.0,31.0,45.0,63.0,46.0,51.0,43.0,46.0,19.0,33.0,249.0,283.0,50.0,56.0,64.0,66.0,47.0,222.0,41.0,243.0,51.0,39.0,42.0,292.0,76.0,61.0,41.0,48.0,85.0,63.0,34.0,34.0,31.0,17.0,45.0,83.0,73.0,32.0,55.0,277.0,27.0,33.0,30.0,267.0,26.0,11.0,77.0,295.0,75.0,273.0,56.0,73.0,55.0,32.0,35.0,50.0,55.0,21.0,62.0,68.0,81.0,53.0,60.0,58.0,34.0,22.0,68.0,22.0,27.0,40.0,51.0,89.0,69.0,73.0,64.0,52.0,49.0,43.0,46.0,213.0,27.0,30.0,76.0
125,31.25,85.0,70.0,72.0,66.0,73.0,196.0,57.0,53.0,71.0,61.0,58.0,107.0,271.0,222.0,28.0,45.0,62.0,45.0,50.0,42.0,43.0,14.0,32.0,248.0,283.0,49.0,54.0,65.0,66.0,45.0,222.0,38.0,241.0,51.0,39.0,42.0,291.0,72.0,59.0,38.0,48.0,85.0,61.0,32.0,33.0,28.0,15.0,47.0,83.0,72.0,31.0,54.0,276.0,28.0,33.0,32.0,264.0,26.0,11.0,78.0,294.0,75.0,273.0,54.0,72.0,54.0,31.0,35.0,50.0,55.0,18.0,62.0,67.0,82.0,50.0,61.0,57.0,33.0,22.0,67.0,19.0,25.0,40.0,52.0,86.0,69.0,71.0,65.0,53.0,49.0,43.0,45.0,210.0,26.0,28.0,76.0
126,31.5,85.0,72.0,71.0,64.0,74.0,197.0,60.0,53.0,71.0,62.0,62.0,106.0,274.0,225.0,32.0,45.0,62.0,47.0,51.0,42.0,45.0,18.0,33.0,249.0,283.0,49.0,55.0,67.0,68.0,46.0,220.0,38.0,242.0,51.0,38.0,44.0,292.0,75.0,60.0,40.0,49.0,88.0,60.0,30.0,34.0,28.0,14.0,47.0,85.0,71.0,33.0,55.0,277.0,32.0,33.0,34.0,266.0,26.0,11.0,78.0,294.0,74.0,273.0,57.0,74.0,55.0,32.0,35.0,50.0,56.0,22.0,64.0,68.0,82.0,52.0,60.0,58.0,36.0,25.0,67.0,20.0,25.0,41.0,54.0,86.0,67.0,72.0,65.0,53.0,49.0,44.0,45.0,211.0,27.0,31.0,78.0
127,31.75,86.0,73.0,72.0,66.0,75.0,198.0,60.0,52.0,72.0,63.0,60.0,109.0,273.0,222.0,30.0,45.0,61.0,45.0,51.0,44.0,45.0,16.0,33.0,249.0,284.0,50.0,54.0,66.0,67.0,45.0,222.0,39.0,244.0,51.0,39.0,44.0,292.0,74.0,60.0,41.0,48.0,91.0,62.0,33.0,34.0,28.0,15.0,47.0,83.0,71.0,33.0,54.0,277.0,29.0,34.0,33.0,268.0,27.0,11.0,77.0,296.0,75.0,273.0,56.0,73.0,56.0,33.0,35.0,51.0,56.0,19.0,63.0,67.0,83.0,50.0,60.0,58.0,33.0,22.0,68.0,22.0,24.0,39.0,52.0,85.0,68.0,70.0,64.0,51.0,50.0,43.0,45.0,213.0,26.0,27.0,75.0
128,32.0,87.0,73.0,71.0,65.0,75.0,198.0,59.0,53.0,71.0,64.0,62.0,109.0,274.0,225.0,31.0,48.0,65.0,47.0,52.0,46.0,47.0,20.0,37.0,250.0,284.0,50.0,57.0,66.0,68.0,48.0,224.0,39.0,245.0,54.0,42.0,45.0,294.0,76.0,62.0,40.0,50.0,94.0,63.0,34.0,36.0,30.0,15.0,48.0,86.0,73.0,35.0,57.0,277.0,32.0,34.0,34.0,267.0,28.0,11.0,78.0,296.0,78.0,275.0,58.0,74.0,56.0,34.0,37.0,54.0,57.0,21.0,65.0,70.0,83.0,52.0,62.0,62.0,38.0,26.0,70.0,23.0,26.0,40.0,54.0,88.0,71.0,73.0,66.0,53.0,49.0,45.0,47.0,212.0,29.0,33.0,78.0
129,32.25,84.0,70.0,67.0,64.0,72.0,197.0,57.0,47.0,68.0,59.0,58.0,105.0,273.0,224.0,29.0,44.0,62.0,43.0,48.0,40.0,43.0,14.0,32.0,248.0,284.0,47.0,54.0,63.0,65.0,43.0,222.0,36.0,244.0,49.0,36.0,40.0,293.0,75.0,60.0,38.0,45.0,92.0,58.0,30.0,35.0,27.0,12.0,43.0,82.0,70.0,30.0,52.0,275.0,25.0,32.0,29.0,266.0,24.0,11.0,76.0,296.0,74.0,274.0,54.0,72.0,52.0,30.0,34.0,48.0,55.0,17.0,60.0,67.0,80.0,49.0,59.0,59.0,32.0,19.0,65.0,19.0,25.0,38.0,51.0,85.0,70.0,71.0,63.0,50.0,48.0,43.0,43.0,212.0,24.0,28.0,76.0
130,32.5,85.0,72.0,72.0,65.0,76.0,200.0,60.0,53.0,71.0,62.0,61.0,108.0,273.0,224.0,32.0,45.0,62.0,45.0,50.0,42.0,46.0,15.0,35.0,248.0,284.0,49.0,55.0,67.0,67.0,47.0,226.0,40.0,244.0,51.0,38.0,42.0,293.0,76.0,61.0,43.0,46.0,94.0,62.0,34.0,35.0,28.0,14.0,47.0,85.0,72.0,32.0,55.0,276.0,30.0,33.0,34.0,267.0,27.0,11.0,77.0,295.0,75.0,274.0,56.0,74.0,55.0,34.0,37.0,51.0,55.0,21.0,61.0,67.0,82.0,54.0,60.0,56.0,35.0,23.0,67.0,21.0,26.0,40.0,52.0,89.0,70.0,74.0,64.0,51.0,50.0,45.0,46.0,211.0,26.0,31.0,79.0
131,32.75,88.0,72.0,72.0,66.0,74.0,202.0,61.0,53.0,71.0,63.0,61.0,109.0,275.0,226.0,32.0,49.0,64.0,47.0,52.0,43.0,45.0,18.0,34.0,249.0,287.0,51.0,57.0,67.0,67.0,47.0,225.0,39.0,247.0,52.0,41.0,44.0,294.0,79.0,61.0,41.0,48.0,94.0,61.0,34.0,36.0,28.0,16.0,47.0,84.0,72.0,34.0,56.0,278.0,29.0,33.0,34.0,267.0,25.0,11.0,77.0,295.0,76.0,275.0,57.0,73.0,54.0,33.0,36.0,52.0,56.0,21.0,63.0,69.0,83.0,55.0,62.0,60.0,37.0,23.0,68.0,22.0,24.0,39.0,52.0,86.0,69.0,73.0,67.0,55.0,50.0,44.0,46.0,212.0,24.0,30.0,79.0
132,33.0,85.0,72.0,71.0,66.0,72.0,200.0,60.0,49.0,71.0,60.0,58.0,107.0,274.0,225.0,30.0,45.0,64.0,46.0,50.0,41.0,47.0,17.0,33.0,250.0,287.0,50.0,56.0,65.0,67.0,47.0,226.0,38.0,247.0,50.0,38.0,42.0,294.0,80.0,61.0,39.0,47.0,95.0,62.0,32.0,33.0,27.0,17.0,47.0,83.0,72.0,32.0,56.0,277.0,27.0,33.0,31.0,266.0,26.0,11.0,76.0,297.0,75.0,276.0,57.0,74.0,54.0,31.0,36.0,51.0,53.0,21.0,62.0,67.0,81.0,52.0,61.0,59.0,36.0,25.0,67.0,22.0,26.0,37.0,52.0,87.0,69.0,72.0,66.0,51.0,47.0,44.0,46.0,211.0,27.0,30.0,78.0
133,33.25,84.0,72.0,71.0,66.0,75.0,200.0,58.0,51.0,71.0,63.0,58.0,107.0,274.0,227.0,29.0,47.0,64.0,45.0,50.0,43.0,45.0,17.0,34.0,250.0,286.0,51.0,56.0,66.0,67.0,45.0,227.0,40.0,247.0,52.0,40.0,43.0,295.0,79.0,60.0,41.0,47.0,94.0,60.0,33.0,34.0,29.0,15.0,46.0,85.0,74.0,34.0,56.0,279.0,29.0,34.0,33.0,268.0,27.0,11.0,78.0,297.0,75.0,275.0,57.0,76.0,56.0,32.0,37.0,51.0,56.0,19.0,61.0,70.0,83.0,53.0,60.0,58.0,35.0,21.0,67.0,23.0,24.0,38.0,54.0,88.0,70.0,71.0,66.0,52.0,50.0,44.0,45.0,212.0,27.0,29.0,77.0
134,33.5,85.0,71.0,70.0,64.0,73.0,198.0,59.0,50.0,71.0,62.0,58.0,107.0,276.0,226.0,30.0,44.0,63.0,45.0,50.0,43.0,45.0,14.0,32.0,250.0,287.0,50.0,56.0,64.0,66.0,45.0,225.0,39.0,247.0,51.0,36.0,41.0,293.0,75.0,60.0,38.0,45.0,93.0,57.0,31.0,33.0,28.0,14.0,47.0,82.0,71.0,30.0,55.0,279.0,27.0,32.0,30.0,267.0,25.0,11.0,78.0,298.0,75.0,276.0,55.0,71.0,52.0,30.0,33.0,49.0,55.0,18.0,60.0,66.0,81.0,50.0,61.0,57.0,32.0,22.0,65.0,19.0,23.0,39.0,51.0,85.0,66.0,71.0,63.0,50.0,46.0,40.0,41.0,213.0,23.0,28.0,77.0
135,33.75,82.0,69.0,69.0,64.0,70.0,200.0,57.0,46.0,67.0,60.0,56.0,105.0,273.0,226.0,29.0,43.0,63.0,44.0,47.0,40.0,43.0,14.0,30.0,248.0,286.0,46.0,53.0,63.0,64.0,44.0,226.0,37.0,246.0,50.0,35.0,39.0,295.0,76.0,58.0,36.0,44.0,93.0,57.0,29.0,30.0,26.0,11.0,42.0,81.0,71.0,28.0,51.0,279.0,26.0,30.0,31.0,267.0,22.0,11.0,73.0,296.0,73.0,275.0,54.0,70.0,51.0,28.0,32.0,49.0,53.0,17.0,61.0,64.0,79.0,48.0,59.0,56.0,29.0,18.0,66.0,19.0,24.0,35.0,49.0,84.0,67.0,70.0,61.0,49.0,47.0,40.0,41.0,210.0,23.0,27.0,76.0
136,34.0,84.0,70.0,72.0,65.0,71.0,203.0,60.0,50.0,69.0,61.0,56.0,106.0,276.0,228.0,29.0,45.0,63.0,44.0,49.0,43.0,46.0,16.0,32.0,248.0,289.0,50.0,54.0,65.0,64.0,45.0,227.0,38.0,249.0,50.0,37.0,41.0,295.0,79.0,59.0,39.0,47.0,95.0,58.0,28.0,32.0,28.0,13.0,45.0,83.0,70.0,29.0,52.0,279.0,27.0,32.0,31.0,268.0,25.0,11.0,75.0,298.0,74.0,276.0,54.0,72.0,53.0,29.0,35.0,49.0,56.0,19.0,60.0,68.0,82.0,49.0,60.0,58.0,33.0,22.0,67.0,19.0,23.0,38.0,52.0,85.0,69.0,71.0,62.0,50.0,46.0,42.0,43.0,212.0,25.0,28.0,74.0
137,34.25,84.0,70.0,68.0,66.0,73.0,199.0,56.0,50.0,69.0,62.0,60.0,108.0,270.0,226.0,31.0,46.0,65.0,45.0,49.0,43.0,46.0,15.0,33.0,248.0,288.0,50.0,53.0,64.0,66.0,46.0,228.0,37.0,249.0,51.0,37.0,40.0,293.0,75.0,60.0,35.0,45.0,93.0,56.0,29.0,34.0,28.0,15.0,45.0,81.0,70.0,31.0,51.0,280.0,26.0,30.0,31.0,268.0,26.0,11.0,77.0,299.0,73.0,276.0,56.0,71.0,49.0,27.0,32.0,50.0,54.0,21.0,60.0,65.0,81.0,49.0,59.0,55.0,32.0,20.0,64.0,18.0,24.0,39.0,50.0,83.0,65.0,67.0,62.0,48.0,43.0,41.0,41.0,212.0,22.0,28.0,73.0
138,34.5,86.0,72.0,72.0,67.0,74.0,201.0,61.0,50.0,71.0,61.0,58.0,107.0,276.0,228.0,30.0,47.0,68.0,45.0,51.0,42.0,47.0,17.0,32.0,251.0,290.0,49.0,55.0,65.0,68.0,47.0,229.0,40.0,249.0,53.0,38.0,42.0,294.0,80.0,61.0,39.0,47.0,96.0,58.0,32.0,35.0,30.0,17.0,47.0,84.0,75.0,35.0,57.0,280.0,30.0,33.0,32.0,269.0,27.0,11.0,77.0,298.0,77.0,277.0,58.0,74.0,54.0,33.0,35.0,50.0,57.0,20.0,66.0,68.0,84.0,54.0,61.0,57.0,37.0,24.0,67.0,22.0,26.0,41.0,53.0,89.0,69.0,71.0,65.0,51.0,50.0,45.0,46.0,215.0,27.0,30.0,79.0
139,34.75,83.0,71.0,72.0,65.0,72.0,199.0,58.0,49.0,71.0,62.0,59.0,108.0,273.0,229.0,30.0,46.0,67.0,47.0,50.0,43.0,47.0,14.0,34.0,250.0,288.0,46.0,55.0,65.0,65.0,48.0,229.0,39.0,250.0,51.0,39.0,42.0,293.0,79.0,60.0,37.0,46.0,95.0,58.0,30.0,33.0,30.0,14.0,46.0,81.0,71.0,30.0,53.0,280.0,28.0,33.0,33.0,267.0,25.0,11.0,77.0,299.0,73.0,275.0,54.0,72.0,51.0,30.0,34.0,50.0,56.0,20.0,63.0,67.0,82.0,51.0,63.0,56.0,35.0,22.0,68.0,21.0,25.0,40.0,53.0,84.0,67.0,69.0,63.0,48.0,46.0,42.0,44.0,212.0,24.0,28.0,75.0
140,35.0,85.0,75.0,73.0,66.0,76.0,201.0,59.0,50.0,73.0,62.0,61.0,107.0,274.0,228.0,31.0,47.0,69.0,46.0,53.0,44.0,47.0,17.0,34.0,251.0,291.0,51.0,56.0,66.0,68.0,49.0,231.0,41.0,251.0,52.0,40.0,44.0,294.0,79.0,62.0,40.0,47.0,95.0,58.0,33.0,35.0,31.0,18.0,45.0,84.0,74.0,32.0,55.0,281.0,30.0,35.0,33.0,269.0,29.0,11.0,78.0,300.0,75.0,277.0,57.0,74.0,55.0,32.0,34.0,50.0,56.0,22.0,64.0,69.0,82.0,52.0,62.0,59.0,38.0,23.0,68.0,24.0,27.0,41.0,56.0,86.0,68.0,71.0,63.0,52.0,47.0,45.0,46.0,212.0,28.0,30.0,78.0
141,35.25,80.0,70.0,69.0,63.0,72.0,198.0,58.0,48.0,70.0,63.0,57.0,107.0,272.0,227.0,28.0,44.0,67.0,45.0,49.0,40.0,46.0,16.0,32.0,250.0,287.0,48.0,53.0,63.0,64.0,45.0,228.0,37.0,251.0,52.0,38.0,42.0,293.0,74.0,58.0,34.0,47.0,92.0,53.0,29.0,33.0,29.0,13.0,42.0,82.0,72.0,29.0,52.0,280.0,27.0,31.0,30.0,270.0,25.0,11.0,75.0,302.0,72.0,277.0,54.0,72.0,50.0,30.0,31.0,49.0,53.0,19.0,62.0,65.0,82.0,49.0,60.0,54.0,33.0,17.0,64.0,18.0,22.0,37.0,49.0,83.0,64.0,68.0,61.0,46.0,43.0,39.0,41.0,212.0,25.0,26.0,73.0
142,35.5,83.0,70.0,68.0,64.0,74.0,200.0,57.0,48.0,69.0,61.0,57.0,106.0,273.0,229.0,29.0,45.0,70.0,46.0,50.0,42.0,46.0,15.0,32.0,251.0,289.0,49.0,53.0,64.0,64.0,44.0,229.0,39.0,252.0,52.0,39.0,42.0,294.0,78.0,59.0,38.0,45.0,95.0,58.0,29.0,32.0,29.0,13.0,44.0,80.0,70.0,32.0,53.0,282.0,27.0,30.0,31.0,268.0,24.0,11.0,75.0,303.0,75.0,276.0,56.0,71.0,50.0,30.0,32.0,50.0,55.0,20.0,60.0,65.0,81.0,47.0,57.0,55.0,32.0,20.0,65.0,19.0,22.0,37.0,49.0,84.0,66.0,67.0,62.0,48.0,45.0,41.0,42.0,212.0,24.0,29.0,73.0
143,35.75,84.0,70.0,67.0,64.0,72.0,199.0,56.0,47.0,70.0,59.0,56.0,104.0,274.0,230.0,27.0,43.0,69.0,44.0,48.0,40.0,44.0,12.0,31.0,249.0,288.0,46.0,54.0,64.0,66.0,44.0,231.0,37.0,252.0,49.0,35.0,38.0,293.0,79.0,58.0,37.0,44.0,96.0,55.0,28.0,34.0,27.0,13.0,41.0,82.0,72.0,29.0,53.0,281.0,27.0,29.0,32.0,268.0,22.0,11.0,74.0,300.0,73.0,276.0,54.0,71.0,51.0,28.0,32.0,49.0,53.0,19.0,60.0,65.0,81.0,49.0,60.0,56.0,32.0,20.0,66.0,18.0,22.0,37.0,49.0,85.0,66.0,70.0,63.0,48.0,45.0,42.0,42.0,211.0,24.0,27.0,74.0
144,36.0,83.0,71.0,71.0,63.0,73.0,200.0,58.0,47.0,69.0,60.0,55.0,107.0,274.0,229.0,29.0,44.0,73.0,44.0,49.0,42.0,45.0,13.0,31.0,250.0,289.0,47.0,54.0,64.0,64.0,43.0,230.0,37.0,252.0,50.0,36.0,40.0,294.0,77.0,58.0,35.0,42.0,97.0,55.0,30.0,33.0,28.0,11.0,42.0,81.0,71.0,29.0,51.0,282.0,26.0,31.0,31.0,269.0,22.0,11.0,73.0,301.0,71.0,276.0,53.0,70.0,50.0,29.0,31.0,49.0,54.0,17.0,59.0,65.0,79.0,49.0,58.0,55.0,30.0,18.0,65.0,18.0,24.0,36.0,50.0,83.0,64.0,68.0,61.0,47.0,44.0,42.0,41.0,211.0,21.0,26.0,75.0
145,36.25,87.0,73.0,72.0,68.0,77.0,202.0,59.0,51.0,72.0,65.0,61.0,109.0,277.0,231.0,32.0,49.0,77.0,46.0,52.0,45.0,51.0,18.0,35.0,252.0,291.0,51.0,56.0,67.0,68.0,48.0,232.0,41.0,254.0,55.0,41.0,43.0,295.0,82.0,61.0,39.0,46.0,99.0,57.0,30.0,38.0,30.0,19.0,45.0,84.0,74.0,33.0,56.0,285.0,30.0,35.0,33.0,270.0,27.0,11.0,78.0,303.0,75.0,279.0,55.0,73.0,55.0,32.0,35.0,54.0,57.0,22.0,63.0,71.0,84.0,52.0,62.0,58.0,34.0,23.0,68.0,23.0,25.0,41.0,53.0,86.0,68.0,71.0,65.0,50.0,48.0,45.0,46.0,215.0,28.0,31.0,75.0
146,36.5,86.0,72.0,71.0,65.0,74.0,203.0,57.0,46.0,69.0,60.0,57.0,107.0,274.0,232.0,31.0,46.0,79.0,44.0,50.0,42.0,47.0,15.0,31.0,251.0,289.0,49.0,54.0,65.0,65.0,46.0,232.0,38.0,253.0,49.0,37.0,37.0,295.0,85.0,61.0,38.0,45.0,97.0,58.0,32.0,34.0,28.0,12.0,44.0,82.0,73.0,32.0,54.0,282.0,29.0,33.0,31.0,269.0,26.0,11.0,77.0,299.0,75.0,277.0,56.0,73.0,51.0,29.0,34.0,48.0,55.0,18.0,61.0,66.0,81.0,51.0,58.0,55.0,32.0,21.0,67.0,21.0,25.0,37.0,51.0,86.0,66.0,71.0,63.0,50.0,48.0,42.0,45.0,211.0,25.0,28.0,74.0
147,36.75,84.0,73.0,71.0,66.0,74.0,204.0,55.0,49.0,71.0,61.0,55.0,107.0,276.0,231.0,31.0,46.0,81.0,47.0,51.0,43.0,49.0,14.0,33.0,252.0,292.0,51.0,54.0,66.0,67.0,47.0,232.0,40.0,254.0,51.0,38.0,43.0,294.0,83.0,60.0,38.0,48.0,100.0,56.0,30.0,34.0,28.0,14.0,46.0,84.0,74.0,30.0,56.0,283.0,27.0,33.0,32.0,270.0,26.0,11.0,77.0,303.0,74.0,277.0,57.0,73.0,52.0,31.0,35.0,50.0,54.0,19.0,63.0,68.0,85.0,51.0,61.0,57.0,33.0,22.0,65.0,19.0,24.0,38.0,53.0,86.0,68.0,72.0,64.0,52.0,48.0,43.0,44.0,215.0,27.0,30.0,74.0
148,37.0,84.0,71.0,70.0,67.0,73.0,203.0,56.0,48.0,71.0,61.0,56.0,107.0,276.0,230.0,30.0,43.0,82.0,45.0,51.0,42.0,47.0,13.0,31.0,250.0,291.0,49.0,54.0,62.0,66.0,46.0,233.0,38.0,254.0,50.0,36.0,39.0,294.0,82.0,59.0,38.0,46.0,98.0,58.0,28.0,33.0,29.0,14.0,44.0,83.0,72.0,34.0,54.0,282.0,29.0,34.0,32.0,268.0,25.0,11.0,77.0,301.0,74.0,278.0,55.0,72.0,53.0,31.0,35.0,50.0,55.0,19.0,62.0,66.0,80.0,50.0,60.0,58.0,31.0,22.0,67.0,21.0,25.0,38.0,51.0,83.0,65.0,69.0,61.0,49.0,49.0,44.0,44.0,213.0,25.0,28.0,76.0
149,37.25,85.0,72.0,72.0,66.0,74.0,204.0,58.0,48.0,72.0,61.0,56.0,107.0,274.0,233.0,30.0,47.0,85.0,46.0,52.0,40.0,46.0,14.0,32.0,251.0,293.0,50.0,55.0,66.0,67.0,43.0,234.0,40.0,255.0,50.0,39.0,39.0,294.0,85.0,60.0,39.0,45.0,100.0,56.0,29.0,33.0,27.0,16.0,44.0,83.0,73.0,35.0,55.0,282.0,31.0,33.0,32.0,270.0,26.0,11.0,76.0,301.0,76.0,277.0,55.0,75.0,53.0,31.0,35.0,51.0,55.0,20.0,61.0,67.0,83.0,54.0,60.0,58.0,36.0,22.0,66.0,20.0,25.0,39.0,52.0,85.0,68.0,70.0,64.0,52.0,48.0,43.0,45.0,211.0,25.0,30.0,76.0
150,37.5,84.0,71.0,68.0,66.0,73.0,201.0,57.0,46.0,70.0,61.0,55.0,106.0,275.0,234.0,30.0,45.0,87.0,44.0,50.0,44.0,45.0,15.0,32.0,252.0,293.0,49.0,54.0,66.0,66.0,46.0,235.0,37.0,254.0,50.0,36.0,40.0,295.0,83.0,58.0,39.0,47.0,97.0,55.0,30.0,34.0,30.0,14.0,44.0,83.0,73.0,31.0,55.0,284.0,28.0,32.0,31.0,269.0,24.0,11.0,73.0,304.0,76.0,279.0,56.0,71.0,50.0,30.0,33.0,51.0,55.0,18.0,62.0,66.0,85.0,50.0,60.0,55.0,33.0,21.0,66.0,19.0,24.0,41.0,52.0,86.0,65.0,70.0,60.0,51.0,47.0,43.0,42.0,213.0,26.0,29.0,76.0
151,37.75,87.0,72.0,71.0,65.0,73.0,202.0,57.0,48.0,72.0,62.0,56.0,106.0,277.0,236.0,32.0,47.0,89.0,47.0,52.0,46.0,47.0,17.0,33.0,253.0,293.0,51.0,56.0,66.0,67.0,46.0,235.0,37.0,256.0,51.0,38.0,41.0,294.0,85.0,60.0,39.0,47.0,100.0,58.0,30.0,35.0,30.0,16.0,46.0,83.0,73.0,33.0,55.0,283.0,28.0,32.0,33.0,271.0,24.0,11.0,77.0,305.0,75.0,281.0,56.0,73.0,54.0,32.0,35.0,52.0,54.0,20.0,62.0,68.0,84.0,53.0,60.0,58.0,35.0,23.0,68.0,22.0,27.0,38.0,52.0,85.0,69.0,71.0,64.0,52.0,48.0,44.0,45.0,213.0,28.0,30.0,78.0
152,38.0,84.0,72.0,69.0,63.0,73.0,201.0,55.0,46.0,68.0,59.0,55.0,107.0,276.0,231.0,27.0,45.0,88.0,45.0,51.0,42.0,47.0,14.0,32.0,251.0,292.0,47.0,53.0,64.0,65.0,44.0,235.0,35.0,254.0,49.0,37.0,41.0,294.0,82.0,58.0,38.0,42.0,100.0,54.0,29.0,34.0,28.0,13.0,43.0,82.0,71.0,29.0,52.0,283.0,27.0,32.0,30.0,269.0,23.0,11.0,72.0,304.0,73.0,279.0,55.0,69.0,51.0,29.0,33.0,51.0,53.0,17.0,61.0,66.0,80.0,49.0,59.0,54.0,30.0,19.0,64.0,19.0,22.0,37.0,49.0,83.0,66.0,67.0,61.0,46.0,46.0,40.0,41.0,211.0,25.0,25.0,74.0
153,38.25,86.0,71.0,69.0,64.0,74.0,202.0,56.0,47.0,69.0,60.0,54.0,106.0,276.0,235.0,31.0,47.0,94.0,46.0,50.0,43.0,48.0,14.0,32.0,252.0,292.0,48.0,56.0,65.0,66.0,44.0,236.0,37.0,255.0,51.0,38.0,40.0,293.0,86.0,60.0,40.0,45.0,101.0,56.0,29.0,33.0,27.0,16.0,43.0,82.0,74.0,31.0,55.0,284.0,30.0,32.0,33.0,269.0,27.0,11.0,76.0,303.0,76.0,278.0,57.0,73.0,54.0,30.0,35.0,50.0,55.0,19.0,63.0,66.0,83.0,54.0,62.0,57.0,36.0,23.0,67.0,20.0,24.0,40.0,51.0,84.0,69.0,72.0,64.0,50.0,46.0,44.0,45.0,213.0,26.0,29.0,77.0
154,38.5,82.0,71.0,67.0,64.0,73.0,202.0,54.0,45.0,66.0,60.0,54.0,105.0,276.0,234.0,29.0,44.0,93.0,45.0,47.0,41.0,47.0,12.0,31.0,251.0,294.0,47.0,55.0,62.0,65.0,45.0,235.0,37.0,256.0,48.0,36.0,38.0,295.0,83.0,57.0,36.0,43.0,101.0,54.0,28.0,31.0,28.0,13.0,44.0,81.0,71.0,29.0,51.0,284.0,27.0,31.0,31.0,268.0,24.0,11.0,74.0,305.0,74.0,279.0,55.0,73.0,50.0,30.0,33.0,48.0,53.0,20.0,61.0,67.0,82.0,50.0,60.0,54.0,32.0,21.0,63.0,19.0,23.0,37.0,50.0,83.0,66.0,68.0,61.0,48.0,46.0,40.0,42.0,211.0,23.0,27.0,75.0
155,38.75,82.0,72.0,69.0,65.0,73.0,199.0,56.0,45.0,71.0,62.0,56.0,107.0,274.0,234.0,30.0,46.0,94.0,44.0,51.0,43.0,47.0,14.0,32.0,251.0,291.0,47.0,54.0,64.0,65.0,44.0,237.0,39.0,256.0,51.0,38.0,41.0,294.0,82.0,61.0,37.0,46.0,96.0,53.0,29.0,34.0,28.0,14.0,44.0,84.0,72.0,31.0,52.0,284.0,29.0,30.0,32.0,267.0,25.0,11.0,75.0,305.0,73.0,279.0,56.0,73.0,51.0,30.0,33.0,50.0,53.0,20.0,61.0,65.0,82.0,51.0,61.0,58.0,34.0,22.0,66.0,20.0,23.0,39.0,50.0,84.0,67.0,67.0,62.0,50.0,45.0,42.0,45.0,212.0,25.0,28.0,75.0
156,39.0,86.0,73.0,72.0,66.0,76.0,202.0,58.0,50.0,72.0,61.0,57.0,107.0,275.0,234.0,32.0,49.0,100.0,46.0,53.0,44.0,50.0,16.0,34.0,252.0,293.0,51.0,56.0,66.0,66.0,48.0,238.0,39.0,258.0,53.0,42.0,38.0,294.0,87.0,60.0,41.0,47.0,99.0,55.0,30.0,36.0,28.0,15.0,47.0,85.0,74.0,35.0,57.0,282.0,32.0,35.0,34.0,269.0,26.0,11.0,77.0,302.0,76.0,279.0,59.0,73.0,55.0,32.0,36.0,53.0,56.0,21.0,64.0,68.0,83.0,54.0,61.0,57.0,37.0,25.0,69.0,23.0,27.0,41.0,53.0,87.0,68.0,70.0,65.0,51.0,50.0,44.0,45.0,213.0,27.0,30.0,77.0
157,39.25,85.0,74.0,70.0,65.0,77.0,200.0,57.0,47.0,69.0,62.0,58.0,108.0,275.0,235.0,33.0,46.0,100.0,47.0,54.0,44.0,49.0,14.0,33.0,252.0,293.0,50.0,54.0,66.0,67.0,47.0,241.0,39.0,258.0,51.0,39.0,39.0,293.0,85.0,61.0,38.0,44.0,99.0,57.0,30.0,35.0,30.0,15.0,47.0,85.0,73.0,34.0,54.0,284.0,30.0,35.0,35.0,269.0,29.0,11.0,77.0,303.0,74.0,279.0,57.0,73.0,54.0,33.0,36.0,53.0,57.0,20.0,64.0,68.0,83.0,51.0,59.0,57.0,34.0,24.0,69.0,23.0,26.0,39.0,53.0,86.0,66.0,71.0,63.0,52.0,49.0,45.0,47.0,213.0,27.0,31.0,78.0
158,39.5,85.0,69.0,70.0,63.0,75.0,202.0,56.0,47.0,70.0,62.0,56.0,106.0,277.0,234.0,29.0,46.0,101.0,45.0,50.0,44.0,48.0,14.0,31.0,252.0,295.0,48.0,54.0,66.0,65.0,45.0,237.0,36.0,258.0,52.0,38.0,39.0,295.0,83.0,59.0,37.0,46.0,100.0,53.0,27.0,33.0,28.0,14.0,45.0,84.0,73.0,31.0,53.0,284.0,28.0,31.0,31.0,270.0,24.0,11.0,73.0,306.0,75.0,279.0,54.0,74.0,50.0,30.0,33.0,50.0,54.0,18.0,63.0,66.0,83.0,49.0,60.0,56.0,32.0,20.0,66.0,20.0,22.0,39.0,50.0,85.0,65.0,68.0,62.0,50.0,44.0,42.0,43.0,214.0,24.0,28.0,73.0
159,39.75,84.0,71.0,70.0,65.0,75.0,200.0,56.0,48.0,69.0,61.0,56.0,108.0,278.0,236.0,30.0,45.0,103.0,46.0,51.0,44.0,48.0,17.0,33.0,255.0,294.0,49.0,55.0,67.0,68.0,44.0,239.0,37.0,257.0,51.0,39.0,40.0,294.0,80.0,61.0,36.0,46.0,100.0,52.0,30.0,33.0,29.0,15.0,46.0,83.0,71.0,30.0,53.0,285.0,29.0,33.0,31.0,269.0,25.0,11.0,75.0,307.0,74.0,281.0,56.0,71.0,51.0,30.0,33.0,51.0,55.0,21.0,63.0,67.0,82.0,49.0,61.0,56.0,35.0,23.0,66.0,20.0,27.0,39.0,51.0,84.0,67.0,69.0,62.0,48.0,47.0,42.0,44.0,212.0,27.0,30.0,78.0
160,40.0,87.0,74.0,71.0,67.0,75.0,204.0,58.0,48.0,70.0,61.0,57.0,108.0,277.0,238.0,31.0,47.0,111.0,47.0,52.0,43.0,50.0,15.0,32.0,253.0,296.0,52.0,56.0,68.0,67.0,46.0,242.0,38.0,260.0,51.0,39.0,38.0,294.0,89.0,62.0,40.0,46.0,105.0,58.0,30.0,35.0,27.0,14.0,45.0,84.0,75.0,33.0,56.0,284.0,31.0,34.0,35.0,270.0,26.0,11.0,78.0,305.0,78.0,280.0,59.0,74.0,54.0,32.0,37.0,52.0,57.0,22.0,64.0,67.0,84.0,53.0,62.0,57.0,36.0,22.0,70.0,20.0,26.0,38.0,53.0,87.0,68.0,71.0,65.0,52.0,50.0,44.0,46.0,213.0,26.0,31.0,76.0
161,40.25,87.0,74.0,72.0,68.0,76.0,205.0,58.0,47.0,71.0,62.0,57.0,108.0,277.0,237.0,32.0,48.0,111.0,47.0,52.0,46.0,51.0,15.0,34.0,253.0,295.0,51.0,57.0,67.0,67.0,49.0,241.0,40.0,261.0,52.0,40.0,40.0,294.0,87.0,61.0,41.0,45.0,104.0,57.0,31.0,35.0,29.0,17.0,46.0,84.0,74.0,34.0,56.0,286.0,31.0,34.0,35.0,271.0,26.0,11.0,78.0,306.0,77.0,280.0,58.0,75.0,55.0,32.0,36.0,52.0,57.0,20.0,63.0,69.0,84.0,53.0,62.0,59.0,36.0,24.0,68.0,21.0,25.0,40.0,54.0,85.0,66.0,70.0,64.0,51.0,50.0,44.0,45.0,215.0,29.0,30.0,76.0
162,40.5,86.0,72.0,71.0,66.0,76.0,203.0,56.0,46.0,72.0,62.0,54.0,105.0,277.0,237.0,31.0,46.0,110.0,46.0,52.0,44.0,49.0,14.0,32.0,252.0,296.0,49.0,55.0,66.0,66.0,45.0,240.0,39.0,259.0,51.0,39.0,39.0,294.0,85.0,64.0,38.0,46.0,101.0,54.0,30.0,36.0,28.0,15.0,45.0,83.0,73.0,35.0,55.0,286.0,29.0,32.0,32.0,270.0,25.0,11.0,76.0,307.0,76.0,281.0,57.0,74.0,53.0,31.0,32.0,51.0,56.0,19.0,63.0,69.0,83.0,53.0,62.0,57.0,34.0,22.0,67.0,22.0,25.0,38.0,51.0,84.0,68.0,71.0,63.0,49.0,48.0,43.0,44.0,214.0,26.0,31.0,76.0
163,40.75,84.0,72.0,69.0,65.0,74.0,202.0,58.0,47.0,71.0,61.0,56.0,109.0,276.0,238.0,32.0,45.0,111.0,47.0,52.0,47.0,50.0,17.0,33.0,254.0,295.0,50.0,54.0,65.0,67.0,48.0,242.0,40.0,260.0,51.0,40.0,39.0,293.0,83.0,61.0,38.0,47.0,100.0,55.0,30.0,36.0,30.0,17.0,45.0,84.0,74.0,32.0,54.0,286.0,30.0,34.0,33.0,270.0,28.0,11.0,76.0,307.0,78.0,281.0,57.0,74.0,54.0,31.0,37.0,54.0,55.0,21.0,64.0,67.0,83.0,52.0,61.0,59.0,35.0,25.0,69.0,21.0,27.0,41.0,53.0,86.0,70.0,69.0,64.0,52.0,49.0,43.0,45.0,214.0,27.0,32.0,78.0
164,41.0,87.0,74.0,71.0,66.0,76.0,204.0,57.0,49.0,71.0,62.0,56.0,108.0,276.0,239.0,32.0,46.0,116.0,46.0,53.0,44.0,50.0,15.0,34.0,253.0,295.0,48.0,55.0,65.0,68.0,46.0,244.0,40.0,260.0,53.0,41.0,40.0,293.0,85.0,61.0,37.0,48.0,102.0,56.0,30.0,34.0,31.0,17.0,47.0,85.0,75.0,34.0,55.0,285.0,30.0,32.0,34.0,272.0,26.0,11.0,76.0,306.0,77.0,281.0,58.0,74.0,53.0,30.0,36.0,54.0,56.0,22.0,64.0,67.0,85.0,52.0,63.0,60.0,37.0,23.0,67.0,21.0,24.0,41.0,52.0,87.0,66.0,70.0,64.0,49.0,46.0,43.0,44.0,213.0,25.0,32.0,77.0
165,41.25,83.0,72.0,69.0,64.0,72.0,202.0,57.0,47.0,69.0,59.0,54.0,105.0,277.0,236.0,29.0,43.0,116.0,44.0,50.0,43.0,47.0,12.0,30.0,253.0,295.0,48.0,54.0,64.0,65.0,45.0,242.0,36.0,259.0,48.0,37.0,38.0,293.0,84.0,59.0,37.0,43.0,99.0,52.0,27.0,34.0,25.0,14.0,40.0,81.0,73.0,30.0,53.0,286.0,28.0,31.0,30.0,268.0,23.0,11.0,73.0,307.0,74.0,280.0,55.0,71.0,49.0,28.0,32.0,49.0,54.0,18.0,60.0,64.0,81.0,50.0,61.0,55.0,32.0,19.0,65.0,18.0,22.0,37.0,51.0,86.0,64.0,68.0,62.0,50.0,47.0,40.0,41.0,212.0,22.0,27.0,76.0
166,41.5,87.0,75.0,71.0,68.0,74.0,203.0,58.0,48.0,72.0,62.0,55.0,107.0,278.0,240.0,32.0,46.0,122.0,46.0,53.0,45.0,50.0,16.0,34.0,255.0,297.0,50.0,57.0,67.0,66.0,48.0,243.0,40.0,261.0,51.0,40.0,40.0,294.0,86.0,60.0,39.0,46.0,104.0,58.0,31.0,34.0,28.0,17.0,45.0,85.0,75.0,34.0,57.0,287.0,31.0,32.0,34.0,269.0,26.0,11.0,77.0,308.0,76.0,282.0,57.0,75.0,54.0,30.0,35.0,51.0,58.0,22.0,65.0,70.0,85.0,53.0,62.0,57.0,35.0,24.0,68.0,22.0,25.0,40.0,53.0,86.0,69.0,71.0,64.0,51.0,49.0,44.0,45.0,213.0,27.0,32.0,78.0
167,41.75,86.0,72.0,70.0,65.0,75.0,208.0,57.0,49.0,70.0,62.0,54.0,108.0,277.0,238.0,31.0,47.0,124.0,46.0,51.0,44.0,50.0,15.0,30.0,254.0,298.0,51.0,54.0,67.0,67.0,44.0,244.0,40.0,261.0,52.0,40.0,39.0,294.0,84.0,60.0,38.0,44.0,103.0,56.0,29.0,36.0,29.0,15.0,44.0,85.0,74.0,34.0,55.0,286.0,29.0,34.0,34.0,269.0,25.0,11.0,76.0,307.0,76.0,281.0,56.0,76.0,54.0,31.0,34.0,51.0,56.0,19.0,62.0,69.0,83.0,50.0,62.0,59.0,33.0,22.0,67.0,22.0,23.0,39.0,51.0,86.0,66.0,70.0,63.0,50.0,48.0,43.0,44.0,213.0,24.0,30.0,76.0
168,42.0,87.0,74.0,71.0,67.0,76.0,207.0,57.0,48.0,71.0,63.0,55.0,108.0,279.0,240.0,31.0,49.0,127.0,47.0,52.0,45.0,51.0,15.0,33.0,253.0,299.0,52.0,56.0,66.0,69.0,46.0,242.0,40.0,261.0,52.0,39.0,39.0,295.0,90.0,60.0,41.0,48.0,108.0,58.0,33.0,35.0,30.0,15.0,44.0,83.0,74.0,32.0,54.0,287.0,29.0,33.0,32.0,271.0,26.0,11.0,74.0,310.0,76.0,281.0,56.0,75.0,53.0,31.0,35.0,52.0,57.0,20.0,64.0,67.0,83.0,52.0,62.0,58.0,37.0,21.0,68.0,22.0,24.0,39.0,51.0,85.0,68.0,70.0,64.0,50.0,48.0,42.0,44.0,214.0,27.0,30.0,76.0
169,42.25,84.0,71.0,70.0,65.0,74.0,203.0,57.0,47.0,69.0,61.0,54.0,107.0,278.0,239.0,29.0,45.0,124.0,45.0,51.0,45.0,50.0,12.0,30.0,253.0,296.0,48.0,53.0,66.0,66.0,46.0,243.0,38.0,260.0,50.0,37.0,39.0,291.0,81.0,60.0,37.0,45.0,101.0,52.0,27.0,34.0,29.0,13.0,45.0,82.0,72.0,32.0,54.0,287.0,28.0,33.0,30.0,269.0,26.0,11.0,72.0,310.0,73.0,282.0,55.0,73.0,51.0,30.0,31.0,50.0,57.0,20.0,63.0,66.0,84.0,49.0,62.0,55.0,32.0,20.0,67.0,18.0,23.0,41.0,50.0,82.0,67.0,68.0,62.0,47.0,45.0,40.0,41.0,214.0,25.0,29.0,75.0
170,42.5,86.0,75.0,72.0,68.0,77.0,205.0,58.0,48.0,72.0,63.0,57.0,108.0,279.0,239.0,33.0,47.0,129.0,49.0,54.0,46.0,54.0,15.0,34.0,254.0,296.0,50.0,55.0,67.0,69.0,47.0,245.0,41.0,262.0,54.0,41.0,41.0,292.0,83.0,62.0,39.0,48.0,102.0,56.0,31.0,36.0,30.0,17.0,45.0,84.0,76.0,32.0,58.0,287.0,31.0,33.0,33.0,271.0,25.0,11.0,76.0,309.0,78.0,281.0,57.0,73.0,54.0,32.0,35.0,53.0,58.0,21.0,65.0,66.0,85.0,51.0,64.0,58.0,34.0,21.0,69.0,21.0,25.0,40.0,53.0,84.0,68.0,67.0,62.0,49.0,47.0,44.0,44.0,215.0,27.0,31.0,75.0
171,42.75,85.0,72.0,71.0,67.0,75.0,203.0,57.0,47.0,71.0,61.0,54.0,108.0,276.0,240.0,31.0,48.0,128.0,48.0,52.0,45.0,51.0,14.0,33.0,254.0,297.0,50.0,56.0,66.0,66.0,46.0,245.0,41.0,262.0,53.0,41.0,38.0,291.0,84.0,60.0,39.0,45.0,103.0,55.0,30.0,35.0,30.0,16.0,44.0,84.0,73.0,33.0,57.0,287.0,31.0,34.0,33.0,269.0,27.0,11.0,75.0,308.0,76.0,281.0,56.0,73.0,53.0,33.0,35.0,54.0,56.0,22.0,62.0,68.0,85.0,53.0,61.0,59.0,36.0,23.0,69.0,22.0,26.0,41.0,51.0,83.0,66.0,68.0,63.0,49.0,48.0,41.0,44.0,212.0,25.0,30.0,73.0
172,43.0,85.0,72.0,70.0,65.0,75.0,202.0,56.0,48.0,71.0,62.0,55.0,109.0,278.0,241.0,32.0,46.0,132.0,45.0,53.0,44.0,51.0,15.0,35.0,253.0,297.0,51.0,53.0,66.0,66.0,47.0,243.0,39.0,263.0,52.0,38.0,39.0,291.0,84.0,60.0,37.0,46.0,101.0,52.0,30.0,34.0,28.0,17.0,46.0,84.0,72.0,33.0,53.0,287.0,29.0,32.0,32.0,270.0,28.0,11.0,74.0,310.0,73.0,282.0,58.0,74.0,51.0,30.0,36.0,52.0,57.0,19.0,64.0,66.0,83.0,51.0,61.0,55.0,34.0,21.0,67.0,23.0,24.0,40.0,52.0,84.0,67.0,69.0,61.0,50.0,47.0,43.0,43.0,215.0,25.0,30.0,76.0
173,43.25,84.0,70.0,69.0,65.0,74.0,201.0,57.0,48.0,71.0,62.0,54.0,106.0,277.0,237.0,29.0,45.0,131.0,45.0,52.0,44.0,48.0,14.0,31.0,254.0,297.0,48.0,53.0,64.0,65.0,44.0,244.0,39.0,262.0,51.0,38.0,40.0,291.0,82.0,59.0,36.0,44.0,101.0,51.0,28.0,32.0,28.0,16.0,44.0,82.0,72.0,29.0,52.0,287.0,26.0,31.0,30.0,269.0,23.0,11.0,73.0,310.0,73.0,280.0,54.0,72.0,50.0,29.0,32.0,50.0,56.0,19.0,62.0,65.0,83.0,50.0,62.0,56.0,31.0,20.0,66.0,18.0,23.0,38.0,48.0,82.0,65.0,67.0,62.0,48.0,45.0,41.0,41.0,214.0,25.0,30.0,73.0
174,43.5,83.0,71.0,70.0,65.0,74.0,202.0,56.0,46.0,71.0,63.0,54.0,108.0,275.0,239.0,28.0,47.0,132.0,46.0,52.0,46.0,51.0,14.0,33.0,255.0,297.0,51.0,52.0,65.0,66.0,44.0,245.0,41.0,261.0,52.0,37.0,38.0,291.0,81.0,60.0,36.0,45.0,100.0,51.0,28.0,34.0,28.0,15.0,45.0,82.0,73.0,32.0,52.0,286.0,27.0,31.0,31.0,268.0,26.0,11.0,71.0,309.0,73.0,281.0,56.0,72.0,51.0,27.0,33.0,49.0,55.0,20.0,62.0,67.0,84.0,47.0,61.0,57.0,35.0,20.0,65.0,20.0,23.0,40.0,49.0,84.0,65.0,68.0,62.0,48.0,46.0,40.0,40.0,214.0,25.0,29.0,73.0
175,43.75,85.0,72.0,71.0,67.0,76.0,206.0,56.0,47.0,70.0,60.0,53.0,105.0,279.0,243.0,31.0,46.0,141.0,44.0,53.0,44.0,50.0,12.0,30.0,253.0,300.0,51.0,57.0,67.0,68.0,45.0,245.0,39.0,263.0,50.0,35.0,37.0,293.0,88.0,61.0,39.0,46.0,105.0,55.0,29.0,33.0,26.0,15.0,44.0,83.0,73.0,32.0,53.0,286.0,30.0,33.0,33.0,269.0,25.0,11.0,74.0,310.0,75.0,282.0,57.0,72.0,52.0,31.0,35.0,53.0,57.0,19.0,63.0,68.0,83.0,52.0,62.0,58.0,35.0,21.0,70.0,19.0,26.0,38.0,51.0,85.0,69.0,69.0,62.0,54.0,48.0,42.0,45.0,212.0,26.0,31.0,75.0
176,44.0,86.0,73.0,71.0,66.0,74.0,202.0,56.0,48.0,71.0,61.0,55.0,108.0,277.0,241.0,30.0,47.0,140.0,48.0,52.0,44.0,52.0,15.0,33.0,255.0,298.0,49.0,54.0,66.0,67.0,44.0,246.0,40.0,263.0,51.0,38.0,36.0,293.0,84.0,61.0,38.0,47.0,102.0,53.0,28.0,33.0,29.0,18.0,45.0,83.0,74.0,34.0,55.0,287.0,28.0,34.0,32.0,267.0,26.0,11.0,73.0,310.0,74.0,281.0,56.0,76.0,51.0,30.0,33.0,52.0,58.0,23.0,62.0,66.0,84.0,49.0,62.0,58.0,35.0,22.0,68.0,21.0,24.0,40.0,51.0,85.0,66.0,69.0,61.0,50.0,47.0,42.0,43.0,214.0,26.0,31.0,76.0
177,44.25,85.0,71.0,71.0,64.0,74.0,202.0,55.0,47.0,72.0,62.0,52.0,107.0,278.0,241.0,31.0,46.0,140.0,46.0,53.0,46.0,51.0,14.0,33.0,254.0,298.0,49.0,55.0,67.0,65.0,46.0,245.0,40.0,263.0,51.0,38.0,38.0,290.0,84.0,60.0,37.0,46.0,103.0,53.0,30.0,34.0,29.0,16.0,45.0,81.0,74.0,33.0,55.0,288.0,28.0,32.0,32.0,268.0,25.0,11.0,74.0,310.0,75.0,282.0,57.0,75.0,55.0,31.0,34.0,53.0,58.0,20.0,62.0,66.0,85.0,51.0,60.0,57.0,35.0,23.0,69.0,21.0,25.0,39.0,53.0,85.0,67.0,68.0,62.0,50.0,48.0,44.0,44.0,213.0,27.0,31.0,76.0
178,44.5,86.0,69.0,69.0,63.0,72.0,201.0,53.0,44.0,67.0,57.0,49.0,107.0,276.0,240.0,29.0,44.0,142.0,44.0,48.0,42.0,48.0,11.0,29.0,253.0,298.0,48.0,52.0,64.0,64.0,45.0,244.0,37.0,261.0,49.0,35.0,34.0,292.0,85.0,59.0,37.0,42.0,103.0,52.0,27.0,31.0,24.0,13.0,40.0,82.0,73.0,32.0,53.0,285.0,28.0,32.0,29.0,266.0,24.0,11.0,72.0,310.0,75.0,280.0,55.0,71.0,50.0,29.0,34.0,49.0,54.0,17.0,61.0,67.0,84.0,50.0,58.0,55.0,31.0,21.0,66.0,20.0,23.0,37.0,50.0,83.0,65.0,71.0,61.0,49.0,46.0,41.0,41.0,213.0,24.0,29.0,74.0
179,44.75,82.0,69.0,69.0,65.0,73.0,200.0,53.0,45.0,68.0,59.0,51.0,105.0,276.0,240.0,31.0,43.0,141.0,44.0,50.0,44.0,48.0,13.0,30.0,255.0,298.0,48.0,53.0,63.0,63.0,41.0,246.0,38.0,259.0,50.0,34.0,35.0,290.0,82.0,60.0,34.0,44.0,99.0,49.0,27.0,33.0,27.0,13.0,44.0,81.0,71.0,30.0,53.0,285.0,27.0,32.0,31.0,265.0,24.0,11.0,71.0,310.0,74.0,279.0,56.0,72.0,52.0,29.0,34.0,51.0,55.0,18.0,63.0,64.0,82.0,51.0,59.0,56.0,33.0,22.0,66.0,21.0,23.0,38.0,50.0,83.0,66.0,67.0,61.0,48.0,46.0,42.0,41.0,212.0,24.0,30.0,74.0
180,45.0,84.0,69.0,67.0,62.0,73.0,199.0,54.0,46.0,68.0,57.0,51.0,105.0,276.0,240.0,28.0,43.0,142.0,43.0,49.0,44.0,48.0,12.0,31.0,254.0,296.0,48.0,52.0,63.0,65.0,42.0,247.0,36.0,261.0,49.0,36.0,37.0,290.0,82.0,59.0,34.0,43.0,100.0,50.0,27.0,32.0,26.0,14.0,42.0,81.0,70.0,32.0,52.0,284.0,26.0,33.0,31.0,266.0,25.0,11.0,72.0,309.0,72.0,280.0,55.0,71.0,49.0,28.0,33.0,51.0,55.0,19.0,60.0,64.0,83.0,48.0,62.0,56.0,36.0,20.0,66.0,19.0,23.0,39.0,49.0,80.0,64.0,68.0,62.0,48.0,45.0,41.0,43.0,212.0,23.0,31.0,72.0
181,45.25,84.0,71.0,67.0,64.0,74.0,203.0,53.0,44.0,69.0,60.0,54.0,104.0,276.0,242.0,29.0,45.0,146.0,46.0,51.0,43.0,50.0,11.0,30.0,256.0,298.0,48.0,53.0,66.0,67.0,44.0,245.0,40.0,264.0,49.0,37.0,37.0,292.0,80.0,59.0,35.0,44.0,102.0,51.0,26.0,35.0,25.0,13.0,45.0,82.0,72.0,30.0,53.0,287.0,30.0,32.0,32.0,267.0,24.0,11.0,72.0,310.0,73.0,282.0,56.0,72.0,50.0,28.0,33.0,51.0,55.0,19.0,62.0,66.0,81.0,51.0,61.0,56.0,34.0,22.0,68.0,19.0,25.0,38.0,48.0,82.0,65.0,68.0,62.0,48.0,45.0,42.0,42.0,211.0,24.0,30.0,75.0
182,45.5,83.0,71.0,69.0,63.0,71.0,201.0,55.0,46.0,68.0,60.0,52.0,106.0,277.0,242.0,30.0,44.0,150.0,46.0,50.0,44.0,51.0,13.0,31.0,255.0,299.0,48.0,55.0,66.0,65.0,45.0,246.0,37.0,262.0,49.0,39.0,36.0,290.0,85.0,60.0,37.0,45.0,103.0,51.0,29.0,34.0,26.0,15.0,44.0,83.0,72.0,32.0,54.0,286.0,28.0,32.0,31.0,266.0,24.0,11.0,73.0,311.0,77.0,282.0,56.0,74.0,48.0,29.0,33.0,51.0,54.0,19.0,62.0,66.0,83.0,51.0,63.0,54.0,32.0,22.0,66.0,19.0,24.0,40.0,51.0,83.0,67.0,68.0,62.0,46.0,46.0,43.0,43.0,212.0,25.0,31.0,77.0
183,45.75,86.0,73.0,69.0,63.0,74.0,205.0,54.0,46.0,69.0,60.0,52.0,105.0,279.0,243.0,33.0,47.0,153.0,46.0,52.0,44.0,51.0,14.0,31.0,255.0,298.0,50.0,56.0,67.0,66.0,45.0,248.0,40.0,264.0,50.0,37.0,38.0,292.0,86.0,60.0,38.0,46.0,106.0,54.0,28.0,33.0,28.0,16.0,44.0,84.0,75.0,31.0,54.0,287.0,29.0,33.0,31.0,267.0,26.0,11.0,72.0,311.0,75.0,282.0,57.0,74.0,54.0,31.0,35.0,52.0,57.0,21.0,64.0,68.0,84.0,50.0,61.0,56.0,34.0,23.0,68.0,21.0,24.0,39.0,51.0,84.0,67.0,70.0,62.0,49.0,49.0,44.0,44.0,214.0,25.0,31.0,75.0
184,46.0,86.0,70.0,69.0,63.0,74.0,204.0,56.0,45.0,68.0,59.0,49.0,104.0,280.0,243.0,29.0,44.0,155.0,46.0,52.0,44.0,49.0,13.0,30.0,255.0,299.0,49.0,54.0,65.0,66.0,43.0,247.0,37.0,263.0,49.0,35.0,35.0,292.0,87.0,61.0,38.0,43.0,105.0,51.0,28.0,33.0,27.0,15.0,41.0,82.0,73.0,32.0,54.0,287.0,30.0,32.0,30.0,266.0,24.0,11.0,72.0,310.0,76.0,281.0,56.0,74.0,51.0,29.0,34.0,50.0,54.0,20.0,63.0,66.0,84.0,51.0,62.0,56.0,35.0,21.0,66.0,20.0,24.0,38.0,50.0,84.0,66.0,68.0,64.0,49.0,49.0,41.0,43.0,212.0,25.0,31.0,76.0
185,46.25,87.0,72.0,71.0,67.0,77.0,209.0,55.0,45.0,70.0,59.0,53.0,107.0,277.0,245.0,30.0,46.0,159.0,48.0,55.0,45.0,53.0,15.0,32.0,252.0,299.0,50.0,56.0,67.0,67.0,45.0,248.0,40.0,265.0,51.0,38.0,37.0,291.0,90.0,60.0,40.0,46.0,106.0,57.0,31.0,34.0,30.0,16.0,42.0,83.0,75.0,34.0,56.0,287.0,32.0,36.0,34.0,268.0,26.0,11.0,74.0,309.0,77.0,280.0,57.0,73.0,54.0,32.0,36.0,52.0,56.0,21.0,60.0,68.0,84.0,52.0,62.0,55.0,35.0,24.0,69.0,23.0,25.0,40.0,51.0,85.0,69.0,71.0,63.0,50.0,51.0,43.0,47.0,212.0,27.0,33.0,74.0
186,46.5,82.0,69.0,67.0,63.0,71.0,200.0,51.0,42.0,68.0,59.0,48.0,103.0,274.0,241.0,28.0,43.0,154.0,44.0,49.0,42.0,49.0,11.0,28.0,253.0,297.0,48.0,52.0,63.0,61.0,43.0,245.0,37.0,262.0,49.0,34.0,35.0,289.0,80.0,58.0,34.0,43.0,101.0,49.0,25.0,32.0,24.0,11.0,40.0,81.0,71.0,30.0,51.0,287.0,25.0,30.0,29.0,263.0,23.0,11.0,68.0,310.0,71.0,280.0,53.0,69.0,48.0,29.0,32.0,50.0,52.0,16.0,59.0,64.0,80.0,49.0,59.0,53.0,29.0,18.0,64.0,20.0,20.0,36.0,47.0,81.0,64.0,65.0,60.0,44.0,44.0,39.0,40.0,212.0,22.0,28.0,71.0
187,46.75,84.0,72.0,69.0,64.0,73.0,202.0,54.0,46.0,70.0,62.0,50.0,106.0,277.0,243.0,30.0,46.0,157.0,46.0,53.0,44.0,52.0,13.0,31.0,254.0,298.0,47.0,53.0,66.0,65.0,44.0,248.0,39.0,265.0,51.0,36.0,38.0,290.0,85.0,60.0,37.0,45.0,104.0,52.0,27.0,33.0,28.0,14.0,43.0,81.0,71.0,32.0,55.0,286.0,29.0,32.0,31.0,265.0,23.0,11.0,73.0,311.0,75.0,282.0,57.0,72.0,53.0,31.0,33.0,52.0,56.0,20.0,62.0,67.0,83.0,49.0,61.0,55.0,33.0,20.0,68.0,20.0,23.0,40.0,50.0,82.0,65.0,69.0,59.0,50.0,48.0,41.0,43.0,214.0,25.0,31.0,73.0
188,47.0,82.0,71.0,70.0,64.0,72.0,202.0,55.0,45.0,67.0,58.0,51.0,104.0,276.0,241.0,29.0,45.0,159.0,46.0,52.0,43.0,51.0,13.0,30.0,254.0,299.0,49.0,54.0,65.0,65.0,44.0,248.0,37.0,263.0,50.0,37.0,38.0,289.0,83.0,57.0,37.0,44.0,103.0,50.0,27.0,34.0,28.0,15.0,43.0,82.0,72.0,30.0,52.0,286.0,28.0,32.0,32.0,265.0,24.0,11.0,69.0,312.0,73.0,281.0,55.0,73.0,50.0,30.0,33.0,50.0,55.0,18.0,59.0,67.0,82.0,49.0,60.0,56.0,31.0,21.0,66.0,20.0,22.0,37.0,49.0,82.0,66.0,69.0,62.0,48.0,45.0,40.0,41.0,213.0,25.0,31.0,73.0
189,47.25,82.0,71.0,68.0,61.0,71.0,201.0,53.0,44.0,68.0,59.0,49.0,104.0,276.0,243.0,29.0,42.0,161.0,44.0,52.0,43.0,49.0,12.0,29.0,256.0,298.0,49.0,52.0,63.0,65.0,45.0,247.0,36.0,265.0,48.0,35.0,36.0,289.0,82.0,60.0,35.0,44.0,104.0,50.0,25.0,33.0,26.0,12.0,41.0,82.0,70.0,30.0,52.0,286.0,28.0,31.0,31.0,265.0,24.0,11.0,70.0,311.0,73.0,282.0,56.0,72.0,48.0,29.0,34.0,51.0,54.0,18.0,61.0,66.0,82.0,49.0,60.0,55.0,31.0,21.0,66.0,21.0,24.0,39.0,50.0,82.0,68.0,67.0,59.0,49.0,45.0,40.0,41.0,212.0,24.0,30.0,73.0
190,47.5,82.0,71.0,68.0,63.0,71.0,200.0,53.0,45.0,68.0,59.0,52.0,103.0,275.0,243.0,30.0,43.0,163.0,44.0,51.0,42.0,49.0,12.0,30.0,255.0,296.0,47.0,53.0,64.0,65.0,43.0,250.0,39.0,263.0,50.0,36.0,36.0,288.0,82.0,60.0,35.0,43.0,101.0,52.0,27.0,32.0,27.0,14.0,41.0,82.0,70.0,32.0,55.0,285.0,28.0,32.0,32.0,265.0,24.0,11.0,72.0,310.0,73.0,282.0,56.0,73.0,51.0,29.0,34.0,50.0,55.0,20.0,61.0,65.0,82.0,51.0,59.0,54.0,31.0,22.0,65.0,19.0,22.0,38.0,48.0,83.0,64.0,68.0,60.0,46.0,46.0,42.0,43.0,212.0,25.0,29.0,72.0
191,47.75,85.0,70.0,68.0,64.0,73.0,203.0,51.0,43.0,68.0,58.0,48.0,104.0,279.0,245.0,29.0,43.0,169.0,45.0,50.0,46.0,51.0,11.0,29.0,253.0,300.0,48.0,52.0,65.0,64.0,45.0,246.0,38.0,265.0,48.0,35.0,35.0,291.0,84.0,58.0,36.0,41.0,106.0,52.0,28.0,33.0,26.0,12.0,40.0,82.0,71.0,29.0,53.0,287.0,26.0,31.0,30.0,266.0,22.0,11.0,69.0,313.0,76.0,280.0,54.0,72.0,51.0,30.0,33.0,50.0,54.0,17.0,60.0,65.0,81.0,49.0,60.0,53.0,32.0,20.0,65.0,19.0,24.0,36.0,48.0,80.0,65.0,68.0,60.0,47.0,46.0,40.0,41.0,212.0,25.0,28.0,72.0
