Data File    , C:\Program Files\Biolog\OL_DC_23\PMX\Data_2013\06\PMX_443_130618_A_41.OKA
Set up Time  ,Jun 18 2013 11:10 AM
Position     ,21-A
Plate Type   ,PM 1-
Strain Type  ,---
Sample Number,
Strain Name  ,E coli O157:H7
Strain Number,
Other        ,PM1 8b-ECI-2602

Hour,  A01,  A02,  A03,  A04,  A05,  A06,  A07,  A08,  A09,  A10,  A11,  A12,  B01,  B02,  B03,  B04,  B05,  B06,  B07,  B08,  B09,  B10,  B11,  B12,  C01,  C02,  C03,  C04,  C05,  C06,  C07,  C08,  C09,  C10,  C11,  C12,  D01,  D02,  D03,  D04,  D05,  D06,  D07,  D08,  D09,  D10,  D11,  D12,  E01,  E02,  E03,  E04,  E05,  E06,  E07,  E08,  E09,  E10,  E11,  E12,  F01,  F02,  F03,  F04,  F05,  F06,  F07,  F08,  F09,  F10,  F11,  F12,  G01,  G02,  G03,  G04,  G05,  G06,  G07,  G08,  G09,  G10,  G11,  G12,  H01,  H02,  H03,  H04,  H05,  H06,  H07,  H08,  H09,  H10,  H11,  H12,
 0.000,  0.00,  0.00,  0.00,  0.00,  0.00,  0.00,  0.00,  0.00,  0.00,  0.00,  0.00,  0.00,  0.00,  0.00,  0.00,  0.00,  0.00,  0.00,  0.00,  0.00,  0.00,  0.00,  0.00,  0.00,  0.00,  0.00,  0.00,  0.00,  0.00,  0.00,  0.00,  0.00,  0.00,  0.00,  0.00,  0.00,  0.00,  0.00,  0.00,  0.00,  0.00,  0.00,  0.00,  0.00,  0.00,  0.00,  0.00,  0.00,  0.00,  0.00,  0.00,  0.00,  0.00,  0.00,  0.00,  0.00,  0.00,  0.00,  0.00,  0.00,  0.00,  0.00,  0.00,  0.00,  0.00,  0.00,  0.00,  0.00,  0.00,  0.00,  0.00,  0.00,  0.00,  0.00,  0.00,  0.00,  0.00,  0.00,  0.00,  0.00,  0.00,  0.00,  0.00,  0.00,  0.00,  0.00,  0.00,  0.00,  0.00,  4.00,  3.00,  0.00,  7.00,  2.00, 15.00, 13.00,
 0.250,  0.00,  0.00,  0.00,  0.00,  0.00,  0.00,  0.00,  0.00,  0.00,  0.00,  0.00,  0.00,  0.00,  0.00,  0.00,  0.00,  0.00,  0.00,  0.00,  0.00,  0.00,  0.00,  0.00,  0.00,  0.00,  0.00,  0.00,  0.00,  0.00,  0.00,  0.00,  0.00,  0.00,  0.00,  0.00,  0.00,  0.00,  0.00,  0.00,  0.00,  0.00,  0.00,  0.00,  0.00,  0.00,  0.00,  0.00,  0.00,  0.00,  0.00,  0.00,  0.00,  0.00,  0.00,  0.00,  0.00,  0.00,  0.00,  0.00,  0.00,  0.00,  0.00,  0.00,  0.00,  0.00,  0.00,  0.00,  0.00,  0.00,  0.00,  0.00,  0.00,  0.00,  0.00,  0.00,  0.00,  0.00,  0.00,  0.00,  0.00,  0.00,  0.00,  0.00,  0.00,  0.00,  0.00,  0.00,  0.00,  0.00,  0.00,  0.00,  0.00,  0.00,  0.00,  2.00,  0.00,
 0.500,  0.00,  0.00,  0.00,  0.00,  0.00,  0.00,  0.00,  0.00,  0.00,  0.00,  0.00,  0.00,  0.00,  0.00,  0.00,  0.00,  0.00,  0.00,  0.00,  0.00,  0.00,  0.00,  0.00,  0.00,  0.00,  0.00,  0.00,  0.00,  0.00,  0.00,  0.00,  0.00,  0.00,  0.00,  0.00,  0.00,  0.00,  0.00,  0.00,  0.00,  0.00,  0.00,  0.00,  0.00,  0.00,  0.00,  0.00,  0.00,  0.00,  0.00,  0.00,  0.00,  0.00,  0.00,  0.00,  0.00,  0.00,  0.00,  0.00,  0.00,  0.00,  0.00,  0.00,  0.00,  0.00,  0.00,  0.00,  0.00,  0.00,  0.00,  0.00,  0.00,  0.00,  0.00,  0.00,  0.00,  0.00,  0.00,  0.00,  0.00,  0.00,  0.00,  0.00,  0.00,  0.00,  0.00,  0.00,  0.00,  0.00,  0.00,  0.00,  0.00,  0.00,  0.00,  2.00,  0.00,
 0.750,  0.00,  0.00,  0.00,  0.00,  0.00,  0.00,  0.00,  0.00,  0.00,  0.00,  0.00,  0.00,  0.00,  0.00,  0.00,  0.00,  0.00,  0.00,  0.00,  0.00,  0.00,  0.00,  0.00,  0.00,  0.00,  0.00,  0.00,  0.00,  0.00,  0.00,  0.00,  0.00,  0.00,  0.00,  0.00,  0.00,  0.00,  0.00,  0.00,  0.00,  0.00,  0.00,  0.00,  0.00,  0.00,  0.00,  0.00,  0.00,  0.00,  0.00,  0.00,  0.00,  0.00,  0.00,  0.00,  0.00,  0.00,  0.00,  0.00,  0.00,  0.00,  0.00,  0.00,  0.00,  0.00,  0.00,  0.00,  0.00,  0.00,  0.00,  0.00,  0.00,  0.00,  0.00,  0.00,  0.00,  0.00,  0.00,  0.00,  0.00,  0.00,  0.00,  0.00,  0.00,  0.00,  0.00,  0.00,  0.00,  0.00,  0.00,  0.00,  0.00,  0.00,  0.00,  2.00,  0.00,
 1.000,  0.00,  0.00,  0.00,  0.00,  0.00,  0.00,  0.00,  0.00,  0.00,  0.00,  0.00,  0.00,  0.00,  0.00,  0.00,  0.00,  0.00,  0.00,  0.00,  0.00,  0.00,  0.00,  0.00,  0.00,  0.00,  0.00,  0.00,  0.00,  0.00,  0.00,  0.00,  0.00,  0.00,  0.00,  0.00,  0.00,  0.00,  0.00,  0.00,  0.00,  0.00,  0.00,  0.00,  0.00,  0.00,  0.00,  0.00,  0.00,  0.00,  0.00,  0.00,  0.00,  0.00,  0.00,  0.00,  0.00,  0.00,  0.00,  0.00,  0.00,  0.00,  0.00,  0.00,  0.00,  0.00,  0.00,  0.00,  0.00,  0.00,  0.00,  0.00,  0.00,  0.00,  0.00,  0.00,  0.00,  0.00,  0.00,  0.00,  0.00,  0.00,  0.00,  0.00,  0.00,  0.00,  0.00,  0.00,  0.00,  0.00,  0.00,  0.00,  0.00,  0.00,  0.00,  2.00,  1.00,
 1.250,  0.00,  0.00,  0.00,  0.00,  0.00,  0.00,  0.00,  0.00,  0.00,  0.00,  0.00,  0.00,  0.00,  0.00,  0.00,  0.00,  0.00,  0.00,  0.00,  0.00,  0.00,  0.00,  0.00,  0.00,  0.00,  0.00,  0.00,  0.00,  0.00,  0.00,  0.00,  0.00,  0.00,  0.00,  0.00,  0.00,  0.00,  0.00,  0.00,  0.00,  0.00,  0.00,  0.00,  0.00,  0.00,  0.00,  0.00,  0.00,  0.00,  0.00,  0.00,  0.00,  0.00,  0.00,  0.00,  0.00,  0.00,  0.00,  0.00,  1.00,  0.00,  0.00,  0.00,  0.00,  0.00,  0.00,  0.00,  0.00,  0.00,  0.00,  0.00,  0.00,  0.00,  0.00,  0.00,  0.00,  0.00,  0.00,  0.00,  0.00,  0.00,  0.00,  0.00,  0.00,  0.00,  0.00,  0.00,  0.00,  0.00,  0.00,  0.00,  0.00,  0.00,  0.00,  2.00,  1.00,
 1.500,  0.00,  0.00,  0.00,  0.00,  0.00,  0.00,  0.00,  0.00,  0.00,  0.00,  0.00,  0.00,  0.00,  0.00,  0.00,  0.00,  0.00,  0.00,  0.00,  0.00,  0.00,  0.00,  0.00,  0.00,  0.00,  0.00,  0.00,  0.00,  0.00,  0.00,  0.00,  0.00,  0.00,  0.00,  0.00,  0.00,  0.00,  0.00,  0.00,  0.00,  0.00,  0.00,  0.00,  0.00,  0.00,  0.00,  0.00,  0.00,  0.00,  0.00,  0.00,  0.00,  0.00,  0.00,  0.00,  0.00,  0.00,  0.00,  0.00,  0.00,  0.00,  0.00,  0.00,  0.00,  0.00,  0.00,  0.00,  0.00,  0.00,  0.00,  0.00,  0.00,  0.00,  0.00,  0.00,  0.00,  0.00,  0.00,  0.00,  0.00,  0.00,  0.00,  0.00,  0.00,  0.00,  0.00,  0.00,  0.00,  0.00,  0.00,  0.00,  0.00,  0.00,  0.00,  0.00,  0.00,
 1.750,  0.00,  0.00,  0.00,  0.00,  0.00,  0.00,  0.00,  0.00,  0.00,  0.00,  0.00,  0.00,  0.00,  0.00,  0.00,  0.00,  0.00,  0.00,  0.00,  0.00,  0.00,  0.00,  0.00,  0.00,  0.00,  0.00,  0.00,  0.00,  0.00,  0.00,  0.00,  0.00,  0.00,  0.00,  0.00,  0.00,  0.00,  0.00,  0.00,  0.00,  0.00,  0.00,  0.00,  0.00,  0.00,  0.00,  0.00,  0.00,  0.00,  0.00,  0.00,  0.00,  0.00,  0.00,  0.00,  0.00,  0.00,  0.00,  0.00,  8.00,  0.00,  0.00,  0.00,  0.00,  0.00,  0.00,  0.00,  0.00,  0.00,  0.00,  0.00,  0.00,  0.00,  0.00,  0.00,  0.00,  0.00,  0.00,  0.00,  0.00,  0.00,  0.00,  0.00,  0.00,  0.00,  0.00,  0.00,  0.00,  0.00,  0.00,  0.00,  0.00,  0.00,  0.00,  0.00,  0.00,
 2.000,  0.00,  0.00,  0.00,  0.00,  0.00,  0.00,  0.00,  0.00,  0.00,  0.00,  0.00,  0.00,  0.00,  0.00,  0.00,  0.00,  0.00,  0.00,  0.00,  0.00,  1.00,  0.00,  0.00,  0.00,  0.00,  0.00,  0.00,  0.00,  0.00,  0.00,  0.00,  0.00,  0.00,  0.00,  0.00,  0.00,  0.00,  0.00,  0.00,  0.00,  0.00,  0.00,  0.00,  0.00,  0.00,  0.00,  0.00,  0.00,  0.00,  0.00,  0.00,  0.00,  0.00,  0.00,  0.00,  0.00,  0.00,  0.00,  0.00,  4.00,  0.00,  0.00,  0.00,  0.00,  0.00,  0.00,  0.00,  0.00,  0.00,  0.00,  0.00,  0.00,  0.00,  0.00,  0.00,  0.00,  0.00,  0.00,  0.00,  0.00,  0.00,  0.00,  0.00,  1.00,  0.00,  0.00,  0.00,  0.00,  0.00,  0.00,  0.00,  0.00,  4.00,  2.00,  2.00,  1.00,
 2.250,  0.00,  0.00,  0.00,  0.00,  0.00,  0.00,  0.00,  0.00,  0.00,  0.00,  0.00,  0.00,  0.00,  0.00,  0.00,  0.00,  0.00,  0.00,  3.00,  0.00,  7.00,  0.00,  0.00,  0.00,  0.00,  0.00,  0.00,  0.00,  0.00,  0.00,  0.00,  0.00,  0.00,  0.00,  0.00,  0.00,  0.00,  0.00,  0.00,  0.00,  0.00,  0.00,  0.00,  0.00,  0.00,  0.00,  0.00,  0.00,  0.00,  0.00,  0.00,  0.00,  0.00,  0.00,  0.00,  0.00,  0.00,  0.00,  0.00,  4.00,  0.00,  0.00,  0.00,  0.00,  0.00,  0.00,  0.00,  0.00,  0.00,  0.00,  0.00,  6.00,  0.00,  0.00,  0.00,  0.00,  0.00,  0.00,  0.00,  2.00,  0.00,  0.00,  0.00,  3.00,  0.00,  0.00,  0.00,  0.00,  0.00,  0.00,  0.00,  0.00,  4.00,  0.00,  2.00,  0.00,
 2.500,  0.00,  0.00,  0.00,  0.00,  0.00,  1.00,  0.00,  0.00,  0.00,  0.00,  0.00,  0.00,  0.00,  2.00,  4.00,  0.00,  0.00,  0.00, 13.00,  0.00, 14.00,  0.00,  0.00,  0.00,  0.00,  0.00,  0.00,  0.00,  0.00,  0.00,  0.00,  0.00,  0.00,  1.00,  0.00,  0.00,  0.00,  0.00,  0.00,  0.00,  0.00,  0.00,  0.00,  0.00,  0.00,  0.00,  2.00,  0.00,  0.00,  0.00,  0.00,  0.00,  0.00,  0.00,  0.00,  0.00,  0.00,  0.00,  0.00, 11.00,  0.00,  0.00,  0.00,  0.00,  0.00,  0.00,  0.00,  0.00,  0.00,  0.00,  0.00, 11.00,  0.00,  0.00,  0.00,  0.00,  0.00,  0.00,  0.00, 12.00,  0.00,  0.00,  0.00, 10.00,  0.00,  0.00, 10.00,  0.00,  0.00,  0.00,  1.00,  0.00, 11.00,  6.00,  9.00,  3.00,
 2.750,  0.00,  0.00,  0.00,  0.00,  5.00, 10.00,  2.00,  0.00,  0.00,  0.00,  0.00,  0.00,  0.00,  9.00, 11.00,  0.00,  0.00,  0.00, 21.00,  0.00, 20.00,  0.00,  0.00,  0.00,  0.00,  0.00,  0.00,  0.00,  0.00,  0.00,  0.00,  0.00,  0.00,  2.00,  0.00,  0.00,  0.00,  0.00,  0.00,  0.00,  0.00,  0.00,  0.00,  0.00,  0.00,  0.00,  5.00,  0.00,  0.00,  0.00,  0.00,  0.00,  0.00,  0.00,  1.00,  0.00,  0.00,  0.00,  0.00, 20.00,  0.00,  0.00,  0.00,  0.00,  0.00,  0.00,  0.00,  0.00,  0.00,  0.00,  0.00, 19.00,  0.00,  0.00,  0.00,  0.00,  0.00,  0.00,  0.00, 15.00,  1.00,  0.00,  0.00, 15.00,  0.00,  6.00, 12.00,  0.00,  0.00,  0.00,  1.00,  3.00, 11.00,  6.00,  9.00,  3.00,
 3.000,  0.00,  0.00,  0.00,  0.00,  7.00, 11.00,  2.00,  0.00,  0.00,  0.00,  0.00,  0.00,  0.00,  9.00, 13.00,  0.00,  0.00,  0.00, 26.00,  0.00, 23.00,  0.00,  0.00,  0.00,  0.00,  0.00,  0.00,  0.00,  0.00,  0.00,  0.00,  0.00,  0.00,  5.00,  0.00,  0.00,  0.00,  0.00,  0.00,  0.00,  0.00,  0.00,  0.00,  0.00,  0.00,  0.00,  5.00,  0.00,  0.00,  0.00,  0.00,  0.00,  0.00,  0.00,  1.00,  0.00,  0.00,  0.00,  0.00, 30.00,  0.00,  0.00,  0.00,  0.00,  0.00,  0.00,  0.00,  0.00,  0.00,  0.00,  0.00, 24.00,  0.00,  0.00,  0.00,  0.00,  0.00,  0.00,  0.00, 15.00,  1.00,  0.00,  0.00, 15.00,  0.00,  9.00, 14.00,  0.00,  0.00,  0.00,  1.00,  3.00, 11.00,  6.00,  9.00,  3.00,
 3.250,  0.00,  0.00,  0.00,  0.00, 15.00, 20.00, 12.00,  0.00,  0.00,  0.00,  0.00,  0.00,  0.00, 18.00, 26.00,  0.00,  0.00,  0.00, 43.00,  0.00, 33.00,  0.00,  0.00,  0.00,  0.00,  0.00, 10.00,  0.00,  0.00,  0.00,  0.00,  0.00,  0.00, 11.00,  2.00,  0.00,  0.00,  0.00,  0.00,  0.00,  0.00,  0.00,  0.00,  1.00,  0.00,  0.00,  8.00,  4.00,  0.00,  0.00,  0.00,  0.00,  0.00,  0.00,  6.00,  0.00,  0.00,  0.00,  0.00, 38.00,  0.00,  0.00,  0.00,  0.00,  0.00,  0.00,  0.00,  0.00,  7.00,  0.00,  0.00, 37.00,  0.00,  0.00,  0.00,  0.00,  0.00,  0.00,  0.00, 22.00,  9.00,  0.00,  5.00, 18.00,  1.00, 13.00, 21.00,  0.00,  0.00,  0.00,  0.00, 12.00, 15.00,  6.00,  6.00,  0.00,
 3.500,  0.00,  0.00,  0.00,  0.00, 21.00, 23.00, 17.00,  0.00,  0.00,  0.00,  0.00,  0.00,  0.00, 23.00, 30.00,  0.00,  0.00,  0.00, 53.00,  0.00, 41.00,  0.00,  0.00,  0.00,  0.00,  0.00, 15.00,  6.00,  0.00,  2.00,  0.00,  2.00,  0.00, 17.00,  1.00,  6.00,  1.00,  0.00,  0.00,  0.00,  0.00,  0.00,  0.00,  6.00,  0.00,  0.00, 14.00, 15.00,  0.00,  0.00,  0.00,  0.00,  0.00,  0.00, 10.00,  0.00,  0.00,  0.00,  3.00, 48.00,  5.00,  0.00,  0.00,  0.00,  3.00,  0.00,  0.00,  5.00, 12.00,  0.00,  0.00, 50.00,  6.00,  0.00,  2.00,  0.00,  7.00,  4.00,  0.00, 23.00, 14.00,  0.00, 12.00, 23.00,  7.00, 18.00, 31.00,  0.00,  0.00,  0.00,  0.00, 20.00, 20.00, 10.00, 14.00,  5.00,
 3.750,  0.00,  0.00,  0.00,  0.00, 21.00, 23.00, 17.00,  0.00,  0.00,  0.00,  0.00,  0.00,  0.00, 23.00, 30.00,  0.00,  0.00,  0.00, 53.00,  0.00, 41.00,  0.00,  0.00,  0.00,  0.00,  0.00, 15.00,  6.00,  0.00,  2.00,  0.00,  2.00,  0.00, 17.00,  1.00,  6.00,  1.00,  0.00,  0.00,  0.00,  0.00,  0.00,  0.00,  6.00,  0.00,  0.00, 14.00, 15.00,  0.00,  0.00,  0.00,  0.00,  0.00,  0.00, 10.00,  0.00,  0.00,  0.00,  3.00, 48.00,  5.00,  0.00,  0.00,  0.00,  3.00,  0.00,  0.00,  5.00, 12.00,  0.00,  0.00, 50.00,  6.00,  0.00,  2.00,  0.00,  7.00,  4.00,  0.00, 23.00, 14.00,  0.00, 12.00, 23.00,  7.00, 18.00, 31.00,  0.00,  0.00,  0.00,  0.00, 20.00, 20.00, 10.00, 14.00,  5.00,
 4.000,  0.00,  0.00,  0.00,  0.00, 28.00, 23.00, 17.00,  0.00,  5.00,  1.00,  0.00,  0.00,  0.00, 23.00, 37.00,  0.00,  0.00,  0.00, 61.00,  0.00, 49.00,  0.00,  0.00,  0.00,  0.00,  0.00, 18.00,  8.00,  0.00,  5.00,  0.00,  2.00,  0.00, 21.00,  2.00,  6.00,  8.00,  0.00,  0.00,  0.00,  0.00,  0.00,  0.00,  6.00,  0.00,  0.00, 14.00, 15.00,  0.00,  0.00,  0.00,  0.00,  0.00,  0.00, 10.00,  0.00,  0.00,  0.00,  8.00, 54.00,  5.00,  0.00,  0.00,  0.00,  3.00,  0.00,  0.00,  5.00, 12.00,  0.00,  0.00, 50.00,  7.00,  0.00, 10.00,  0.00,  7.00,  4.00,  0.00, 23.00, 14.00,  0.00, 12.00, 23.00, 14.00, 22.00, 31.00,  0.00,  0.00,  0.00,  0.00, 20.00, 20.00, 10.00, 14.00,  5.00,
 4.250,  0.00,  0.00,  0.00,  0.00, 33.00, 25.00, 20.00,  0.00, 10.00,  4.00,  0.00,  0.00,  0.00, 28.00, 43.00,  0.00,  0.00,  0.00, 69.00,  0.00, 57.00,  0.00,  0.00,  0.00,  0.00,  0.00, 23.00, 13.00,  0.00,  8.00,  0.00,  3.00,  0.00, 25.00,  5.00,  6.00, 12.00,  0.00,  0.00,  0.00,  0.00,  0.00,  0.00,  8.00,  1.00,  0.00, 16.00, 15.00,  0.00,  0.00,  0.00,  0.00,  0.00,  0.00, 10.00,  0.00,  0.00,  4.00, 14.00, 57.00,  6.00,  0.00,  0.00,  0.00,  4.00,  0.00,  0.00,  5.00, 16.00,  0.00,  0.00, 50.00,  8.00,  0.00, 12.00,  0.00, 10.00,  8.00,  0.00, 23.00, 19.00,  0.00, 13.00, 23.00, 15.00, 25.00, 31.00,  0.00,  0.00,  0.00,  0.00, 20.00, 20.00, 10.00, 14.00,  5.00,
 4.500,  0.00,  6.00,  0.00,  0.00, 40.00, 32.00, 29.00,  0.00, 21.00,  4.00,  8.00,  0.00,  0.00, 37.00, 53.00,  8.00,  0.00,  0.00, 80.00,  0.00, 67.00,  0.00,  0.00,  0.00, 39.00,  0.00, 30.00, 21.00,  0.00, 14.00,  0.00, 12.00,  0.00, 33.00, 10.00, 18.00, 18.00,  0.00,  0.00,  0.00,  0.00,  0.00,  8.00, 15.00,  8.00,  0.00, 24.00, 15.00,  0.00,  0.00,  0.00,  0.00,  0.00,  0.00, 14.00,  0.00,  0.00, 11.00, 23.00, 68.00, 13.00,  0.00,  0.00,  0.00, 16.00,  0.00,  0.00, 19.00, 28.00,  0.00,  0.00, 62.00,  9.00,  0.00, 19.00,  0.00, 24.00, 20.00,  0.00, 28.00, 33.00,  0.00, 21.00, 32.00, 19.00, 28.00, 38.00,  0.00,  0.00,  0.00,  0.00, 33.00, 28.00, 10.00, 14.00,  5.00,
 4.750,  0.00, 10.00,  0.00,  0.00, 46.00, 37.00, 33.00,  2.00, 32.00,  4.00, 11.00,  0.00,  0.00, 42.00, 60.00, 12.00,  0.00,  0.00, 84.00,  0.00, 74.00,  0.00,  0.00,  0.00, 83.00,  2.00, 33.00, 31.00,  0.00, 19.00,  0.00, 14.00,  0.00, 48.00, 16.00, 20.00, 25.00,  0.00,  0.00,  0.00,  0.00,  0.00, 10.00, 19.00, 10.00,  0.00, 28.00, 15.00,  0.00,  0.00,  0.00,  1.00,  0.00,  0.00, 14.00,  0.00,  0.00, 16.00, 30.00, 73.00, 16.00,  0.00,  0.00,  0.00, 20.00,  0.00,  0.00, 23.00, 32.00,  4.00,  0.00, 65.00, 10.00,  0.00, 25.00,  0.00, 29.00, 22.00,  0.00, 28.00, 36.00,  0.00, 24.00, 36.00, 22.00, 33.00, 40.00,  0.00,  0.00,  0.00,  0.00, 39.00, 34.00, 10.00, 14.00,  5.00,
 5.000,  0.00,  9.00,  0.00,  0.00, 41.00, 34.00, 28.00,  0.00, 30.00,  4.00,  3.00,  0.00,  0.00, 43.00, 61.00,  8.00,  0.00,  0.00, 86.00,  0.00, 72.00,  0.00,  0.00,  0.00, 97.00,  0.00, 30.00, 29.00,  0.00, 13.00,  0.00,  6.00,  0.00, 40.00, 11.00, 12.00, 27.00,  0.00,  0.00,  0.00,  0.00,  0.00,  2.00, 17.00, 10.00,  0.00, 20.00,  7.00,  0.00,  0.00,  0.00, 20.00,  0.00,  0.00,  6.00,  0.00,  0.00,  8.00, 22.00, 65.00,  8.00,  0.00,  0.00,  0.00, 12.00,  0.00,  0.00, 15.00, 24.00,  0.00,  0.00, 57.00, 11.00,  0.00, 22.00,  0.00, 21.00, 14.00,  0.00, 20.00, 28.00,  0.00, 16.00, 28.00, 20.00, 30.00, 32.00,  0.00,  0.00,  0.00,  0.00, 31.00, 26.00,  2.00,  6.00,  0.00,
 5.250,  0.00, 14.00,  0.00,  0.00, 43.00, 39.00, 30.00,  0.00, 36.00,  3.00,  3.00,  0.00,  0.00, 47.00, 68.00, 12.00,  0.00,  0.00, 94.00,  1.00, 81.00,  0.00,  0.00,  0.00,111.00,  0.00, 34.00, 33.00,  0.00, 17.00,  0.00,  7.00,  0.00, 39.00, 12.00, 15.00, 33.00,  0.00,  0.00,  0.00,  0.00,  0.00,  1.00, 22.00,  9.00,  0.00, 24.00,  6.00,  0.00,  0.00,  0.00, 50.00,  0.00,  0.00,  5.00,  0.00,  0.00, 12.00, 25.00, 64.00,  7.00,  0.00,  0.00,  0.00, 13.00,  0.00,  0.00, 15.00, 25.00,  0.00,  0.00, 56.00, 13.00,  0.00, 31.00,  0.00, 25.00, 18.00,  0.00, 19.00, 27.00,  0.00, 19.00, 27.00, 24.00, 33.00, 36.00,  0.00,  0.00,  0.00,  0.00, 35.00, 25.00,  1.00,  5.00,  0.00,
 5.500,  0.00, 15.00,  0.00,  0.00, 47.00, 42.00, 32.00,  0.00, 36.00,  5.00,  5.00,  0.00,  0.00, 48.00, 69.00, 14.00,  0.00,  1.00,100.00,  2.00, 86.00,  0.00,  0.00,  0.00,122.00,  3.00, 35.00, 38.00,  0.00, 21.00,  0.00, 10.00,  0.00, 39.00, 14.00, 18.00, 33.00,  0.00,  0.00,  0.00,  0.00,  0.00,  3.00, 22.00,  9.00,  0.00, 27.00, 12.00,  0.00,  0.00,  0.00, 77.00,  0.00,  0.00, 10.00,  0.00,  0.00, 14.00, 29.00, 70.00,  7.00,  0.00,  0.00,  0.00, 19.00,  0.00,  0.00, 21.00, 32.00,  4.00,  0.00, 63.00, 13.00,  0.00, 36.00,  0.00, 30.00, 23.00,  0.00, 19.00, 30.00,  0.00, 23.00, 29.00, 24.00, 33.00, 38.00,  0.00,  0.00,  0.00,  0.00, 41.00, 29.00,  1.00,  5.00,  0.00,
 5.750,  0.00, 22.00,  0.00,  0.00, 55.00, 52.00, 45.00,  0.00, 51.00, 17.00, 14.00,  0.00,  0.00, 57.00, 78.00, 17.00,  0.00, 20.00,107.00, 10.00, 92.00,  0.00,  1.00,  0.00,133.00, 10.00, 43.00, 46.00,  0.00, 27.00,  0.00, 17.00,  0.00, 39.00, 20.00, 25.00, 41.00,  0.00,  0.00,  0.00,  0.00,  0.00, 10.00, 22.00, 18.00,  0.00, 35.00, 14.00,  0.00,  0.00,  0.00,100.00,  0.00,  0.00, 12.00,  0.00,  0.00, 19.00, 36.00, 78.00, 12.00,  0.00,  0.00,  0.00, 27.00,  0.00,  0.00, 28.00, 39.00, 12.00,  0.00, 69.00, 13.00,  0.00, 41.00,  0.00, 36.00, 26.00,  0.00, 19.00, 35.00,  0.00, 27.00, 33.00, 24.00, 35.00, 42.00,  0.00,  0.00,  0.00,  0.00, 47.00, 30.00,  1.00,  5.00,  0.00,
 6.000,  0.00, 22.00,  0.00,  0.00, 55.00, 52.00, 45.00,  0.00, 53.00, 17.00, 14.00,  0.00,  0.00, 57.00, 78.00, 17.00,  0.00, 35.00,107.00, 10.00, 92.00,  0.00,  1.00,  0.00,140.00, 11.00, 43.00, 46.00,  0.00, 28.00,  0.00, 17.00,  0.00, 39.00, 22.00, 25.00, 41.00,  0.00,  0.00,  0.00,  0.00,  0.00, 10.00, 24.00, 18.00,  0.00, 36.00, 14.00,  0.00,  0.00,  0.00,112.00,  0.00,  0.00, 12.00,  0.00,  0.00, 23.00, 36.00, 78.00, 12.00,  0.00,  0.00,  0.00, 27.00,  0.00,  0.00, 28.00, 39.00, 12.00,  0.00, 69.00, 13.00,  0.00, 42.00,  0.00, 36.00, 26.00,  0.00, 19.00, 35.00,  0.00, 27.00, 33.00, 24.00, 39.00, 42.00,  0.00,  0.00,  0.00,  0.00, 50.00, 30.00,  1.00,  5.00,  0.00,
 6.250,  0.00, 24.00,  3.00,  0.00, 55.00, 59.00, 45.00,  0.00, 57.00, 18.00, 14.00,  0.00,  0.00, 57.00, 80.00, 18.00,  0.00, 53.00,107.00, 10.00, 92.00,  0.00,  1.00,  0.00,147.00, 17.00, 43.00, 47.00,  0.00, 29.00,  0.00, 17.00,  0.00, 39.00, 23.00, 25.00, 44.00,  0.00,  0.00,  0.00,  0.00,  0.00, 10.00, 31.00, 18.00,  0.00, 40.00, 14.00,  0.00,  0.00,  0.00,124.00,  0.00,  0.00, 12.00,  0.00,  0.00, 26.00, 38.00, 78.00, 12.00,  0.00,  0.00,  0.00, 27.00,  0.00,  0.00, 28.00, 39.00, 12.00,  0.00, 69.00, 13.00,  0.00, 45.00,  0.00, 36.00, 26.00,  0.00, 19.00, 35.00,  0.00, 27.00, 33.00, 24.00, 49.00, 42.00,  0.00,  0.00,  0.00,  0.00, 61.00, 30.00,  1.00,  5.00,  0.00,
 6.500,  0.00, 25.00,  4.00,  0.00, 55.00, 60.00, 45.00,  0.00, 60.00, 18.00, 14.00,  0.00,  0.00, 59.00, 82.00, 18.00,  0.00, 70.00,113.00, 10.00, 92.00,  0.00,  2.00,  0.00,154.00, 18.00, 43.00, 49.00,  0.00, 32.00,  0.00, 17.00,  0.00, 40.00, 24.00, 25.00, 46.00,  0.00,  0.00,  0.00,  0.00,  0.00, 10.00, 31.00, 18.00,  0.00, 43.00, 14.00,  0.00,  0.00,  0.00,133.00,  0.00,  0.00, 12.00,  0.00,  0.00, 26.00, 39.00, 78.00, 12.00,  0.00,  0.00,  0.00, 27.00,  0.00,  0.00, 31.00, 40.00, 12.00,  0.00, 69.00, 13.00,  0.00, 46.00,  0.00, 36.00, 26.00,  0.00, 19.00, 35.00,  0.00, 29.00, 33.00, 24.00, 51.00, 42.00,  0.00,  0.00,  0.00,  0.00, 74.00, 30.00,  1.00,  5.00,  0.00,
 6.750,  0.00, 29.00,  7.00,  0.00, 61.00, 66.00, 47.00,  0.00, 67.00, 21.00, 15.00,  0.00,  0.00, 63.00, 87.00, 20.00,  0.00, 86.00,119.00, 13.00, 96.00,  0.00,  3.00,  0.00,160.00, 22.00, 48.00, 57.00,  0.00, 34.00,  0.00, 17.00,  0.00, 45.00, 28.00, 25.00, 52.00,  0.00,  0.00,  0.00,  0.00,  0.00, 10.00, 31.00, 18.00,  0.00, 48.00, 16.00,  0.00,  0.00,  0.00,141.00,  0.00,  0.00, 12.00,  0.00,  0.00, 30.00, 43.00, 81.00, 12.00,  0.00,  0.00,  0.00, 31.00,  0.00,  0.00, 38.00, 48.00, 17.00,  0.00, 72.00, 13.00,  0.00, 50.00,  0.00, 42.00, 31.00,  0.00, 20.00, 35.00,  0.00, 35.00, 33.00, 24.00, 52.00, 44.00,  0.00,  0.00,  0.00,  0.00, 85.00, 34.00,  1.00,  5.00,  0.00,
 7.000,  0.00, 37.00, 13.00,  0.00, 70.00, 77.00, 55.00,  0.00, 79.00, 25.00, 18.00,  0.00,  0.00, 74.00, 99.00, 27.00,  0.00,102.00,132.00, 21.00,109.00,  0.00, 10.00,  0.00,165.00, 28.00, 57.00, 65.00,  0.00, 39.00,  3.00, 24.00,  0.00, 49.00, 29.00, 31.00, 62.00,  0.00,  0.00,  0.00,  0.00,  0.00, 10.00, 31.00, 18.00,  0.00, 51.00, 22.00,  0.00,  0.00,  0.00,150.00,  0.00,  0.00, 12.00,  0.00,  0.00, 34.00, 49.00, 85.00, 13.00,  0.00,  0.00,  0.00, 36.00,  0.00,  3.00, 43.00, 54.00, 19.00,  0.00, 77.00, 15.00,  0.00, 60.00,  0.00, 48.00, 39.00,  0.00, 20.00, 35.00,  0.00, 38.00, 34.00, 27.00, 56.00, 51.00,  0.00,  0.00,  1.00,  0.00, 97.00, 38.00,  1.00,  5.00,  0.00,
 7.250,  0.00, 41.00, 15.00,  0.00, 74.00, 83.00, 58.00,  0.00, 81.00, 30.00, 22.00,  0.00,  0.00, 79.00,102.00, 29.00,  0.00,114.00,137.00, 24.00,112.00,  0.00, 15.00,  0.00,169.00, 34.00, 61.00, 69.00,  0.00, 44.00,  7.00, 25.00,  1.00, 54.00, 35.00, 31.00, 66.00,  0.00,  0.00,  0.00,  0.00,  0.00, 12.00, 35.00, 20.00,  0.00, 57.00, 25.00,  0.00,  0.00,  0.00,157.00,  0.00,  0.00, 12.00,  0.00,  0.00, 37.00, 51.00, 88.00, 15.00,  0.00,  0.00,  0.00, 41.00,  0.00,  7.00, 49.00, 59.00, 22.00,  0.00, 82.00, 16.00,  0.00, 64.00,  0.00, 52.00, 42.00,  0.00, 22.00, 35.00,  0.00, 43.00, 37.00, 28.00, 61.00, 53.00,  0.00,  0.00,  7.00,  0.00,103.00, 42.00,  1.00,  5.00,  0.00,
 7.500,  0.00, 41.00, 19.00,  0.00, 75.00, 85.00, 59.00,  0.00, 83.00, 32.00, 24.00,  0.00,  0.00, 79.00,102.00, 29.00,  0.00,118.00,138.00, 24.00,112.00,  0.00, 16.00,  0.00,174.00, 38.00, 64.00, 73.00,  0.00, 48.00,  9.00, 29.00,  3.00, 57.00, 39.00, 34.00, 67.00,  0.00,  0.00,  0.00,  0.00,  0.00, 12.00, 40.00, 21.00,  0.00, 59.00, 26.00,  0.00,  0.00,  0.00,160.00,  0.00,  0.00, 12.00,  0.00,  0.00, 41.00, 55.00, 91.00, 15.00,  0.00,  0.00,  0.00, 44.00,  0.00,  9.00, 53.00, 63.00, 26.00,  0.00, 83.00, 16.00,  0.00, 64.00,  0.00, 53.00, 44.00,  0.00, 23.00, 35.00,  0.00, 46.00, 38.00, 28.00, 63.00, 53.00,  0.00,  0.00, 10.00,  0.00,111.00, 42.00,  1.00,  5.00,  0.00,
 7.750,  0.00, 47.00, 21.00,  0.00, 81.00, 92.00, 67.00,  3.00, 90.00, 36.00, 28.00,  0.00,  0.00, 84.00,111.00, 34.00,  1.00,126.00,145.00, 29.00,122.00,  0.00, 18.00,  0.00,174.00, 39.00, 69.00, 79.00,  0.00, 50.00, 12.00, 33.00,  5.00, 60.00, 41.00, 39.00, 72.00,  0.00,  0.00,  0.00,  0.00,  0.00, 15.00, 47.00, 22.00,  0.00, 63.00, 31.00,  0.00,  0.00,  0.00,163.00,  0.00,  0.00, 17.00,  0.00,  0.00, 44.00, 59.00, 97.00, 19.00,  0.00,  0.00,  0.00, 48.00,  0.00, 13.00, 59.00, 68.00, 30.00,  0.00, 88.00, 17.00,  0.00, 68.00,  0.00, 57.00, 49.00,  0.00, 25.00, 35.00,  0.00, 49.00, 43.00, 28.00, 64.00, 60.00,  0.00,  0.00, 15.00,  0.00,115.00, 48.00,  0.00,  3.00,  0.00,
 8.000,  0.00, 50.00, 21.00,  0.00, 81.00, 93.00, 67.00,  3.00, 90.00, 36.00, 28.00,  0.00,  0.00, 84.00,111.00, 34.00,  1.00,131.00,145.00, 29.00,122.00,  0.00, 18.00,  0.00,176.00, 41.00, 69.00, 79.00,  0.00, 50.00, 12.00, 33.00,  5.00, 62.00, 41.00, 39.00, 72.00,  0.00,  0.00,  0.00,  0.00,  0.00, 15.00, 47.00, 24.00,  0.00, 63.00, 31.00,  0.00,  0.00,  0.00,164.00,  0.00,  0.00, 17.00,  0.00,  0.00, 44.00, 59.00, 97.00, 19.00,  0.00,  0.00,  0.00, 48.00,  0.00, 13.00, 59.00, 68.00, 30.00,  0.00, 88.00, 17.00,  0.00, 71.00,  0.00, 57.00, 49.00,  0.00, 25.00, 35.00,  0.00, 50.00, 43.00, 28.00, 71.00, 60.00,  0.00,  0.00, 15.00,  0.00,120.00, 49.00,  0.00,  3.00,  0.00,
 8.250,  0.00, 54.00, 23.00,  0.00, 82.00, 97.00, 67.00,  3.00, 90.00, 36.00, 28.00,  0.00,  0.00, 84.00,113.00, 34.00,  1.00,133.00,145.00, 29.00,122.00,  0.00, 18.00,  0.00,179.00, 45.00, 71.00, 79.00,  0.00, 53.00, 12.00, 33.00,  5.00, 65.00, 44.00, 39.00, 72.00,  0.00,  0.00,  0.00,  0.00,  0.00, 15.00, 47.00, 24.00,  0.00, 65.00, 31.00,  0.00,  0.00,  0.00,167.00,  0.00,  0.00, 17.00,  0.00,  0.00, 45.00, 60.00, 97.00, 19.00,  0.00,  0.00,  0.00, 49.00,  0.00, 13.00, 62.00, 71.00, 30.00,  0.00, 88.00, 17.00,  0.00, 72.00,  0.00, 57.00, 49.00,  0.00, 25.00, 35.00,  0.00, 53.00, 43.00, 28.00, 73.00, 60.00,  0.00,  0.00, 18.00,  0.00,124.00, 49.00,  0.00,  3.00,  0.00,
 8.500,  0.00, 63.00, 26.00,  0.00, 90.00,103.00, 73.00,  3.00, 93.00, 38.00, 33.00,  0.00,  0.00, 91.00,121.00, 40.00,  9.00,143.00,151.00, 36.00,131.00,  0.00, 23.00,  0.00,182.00, 51.00, 79.00, 86.00,  0.00, 58.00, 16.00, 39.00,  7.00, 72.00, 47.00, 40.00, 78.00,  0.00,  0.00,  0.00,  0.00,  0.00, 16.00, 49.00, 28.00,  0.00, 72.00, 33.00,  0.00,  0.00,  0.00,170.00,  0.00,  0.00, 17.00,  0.00,  0.00, 49.00, 66.00, 98.00, 20.00,  0.00,  0.00,  0.00, 55.00,  0.00, 16.00, 69.00, 79.00, 34.00,  0.00, 95.00, 20.00,  0.00, 80.00,  0.00, 63.00, 53.00,  0.00, 25.00, 35.00,  0.00, 57.00, 43.00, 32.00, 78.00, 62.00,  0.00,  0.00, 22.00,  0.00,132.00, 52.00,  0.00,  3.00,  0.00,
 8.750,  0.00, 68.00, 26.00,  0.00, 90.00,105.00, 73.00,  3.00, 93.00, 38.00, 33.00,  0.00,  0.00, 91.00,121.00, 40.00,  9.00,145.00,153.00, 36.00,132.00,  0.00, 23.00,  0.00,183.00, 53.00, 80.00, 88.00,  0.00, 59.00, 16.00, 40.00,  7.00, 72.00, 49.00, 40.00, 78.00,  0.00,  0.00,  0.00,  0.00,  0.00, 16.00, 52.00, 29.00,  0.00, 72.00, 35.00,  0.00,  0.00,  0.00,172.00,  0.00,  0.00, 17.00,  0.00,  0.00, 51.00, 69.00,100.00, 21.00,  0.00,  0.00,  0.00, 56.00,  0.00, 20.00, 75.00, 83.00, 36.00,  0.00, 96.00, 20.00,  0.00, 82.00,  0.00, 67.00, 56.00,  0.00, 25.00, 37.00,  0.00, 64.00, 49.00, 32.00, 78.00, 68.00,  0.00,  0.00, 28.00,  4.00,137.00, 58.00,  2.00,  3.00,  0.00,
 9.000,  0.00, 77.00, 30.00,  1.00, 99.00,112.00, 79.00,  4.00, 98.00, 44.00, 39.00,  0.00,  0.00, 97.00,127.00, 45.00, 15.00,153.00,156.00, 39.00,135.00,  0.00, 27.00,  0.00,185.00, 60.00, 86.00, 92.00,  0.00, 63.00, 20.00, 45.00, 11.00, 80.00, 55.00, 44.00, 81.00,  0.00,  0.00,  0.00,  0.00,  0.00, 17.00, 55.00, 32.00,  0.00, 80.00, 35.00,  0.00,  0.00,  0.00,175.00,  0.00,  0.00, 17.00,  0.00,  0.00, 54.00, 72.00,104.00, 23.00,  0.00,  0.00,  0.00, 60.00,  0.00, 20.00, 80.00, 89.00, 40.00,  0.00, 98.00, 20.00,  0.00, 84.00,  0.00, 67.00, 56.00,  0.00, 25.00, 37.00,  0.00, 64.00, 49.00, 32.00, 85.00, 68.00,  0.00,  0.00, 28.00,  4.00,137.00, 58.00,  2.00,  3.00,  0.00,
 9.250,  0.00, 80.00, 31.00,  3.00,100.00,112.00, 79.00,  4.00, 98.00, 44.00, 39.00,  0.00,  0.00, 97.00,131.00, 45.00, 19.00,155.00,156.00, 40.00,138.00,  0.00, 27.00,  0.00,187.00, 62.00, 89.00, 96.00,  0.00, 64.00, 22.00, 45.00, 11.00, 83.00, 55.00, 44.00, 83.00,  0.00,  0.00,  0.00,  0.00,  0.00, 17.00, 59.00, 33.00,  0.00, 81.00, 35.00,  0.00,  0.00,  0.00,176.00,  0.00,  0.00, 17.00,  0.00,  0.00, 55.00, 74.00,104.00, 25.00,  0.00,  0.00,  0.00, 61.00,  0.00, 21.00, 80.00, 89.00, 40.00,  0.00, 98.00, 20.00,  0.00, 86.00,  0.00, 67.00, 56.00,  0.00, 25.00, 37.00,  0.00, 65.00, 49.00, 32.00, 89.00, 72.00,  0.00,  0.00, 28.00,  4.00,142.00, 60.00,  2.00,  3.00,  0.00,
 9.500,  0.00, 82.00, 33.00,  9.00,103.00,117.00, 85.00,  4.00,101.00, 45.00, 43.00,  0.00,  0.00, 99.00,136.00, 46.00, 24.00,161.00,157.00, 41.00,142.00,  0.00, 30.00,  0.00,189.00, 65.00, 93.00,101.00,  0.00, 67.00, 24.00, 52.00, 12.00, 86.00, 58.00, 46.00, 86.00,  0.00,  0.00,  0.00,  0.00,  0.00, 21.00, 63.00, 33.00,  0.00, 84.00, 42.00,  0.00,  0.00,  0.00,178.00,  0.00,  0.00, 20.00,  0.00,  0.00, 60.00, 79.00,110.00, 31.00,  0.00,  0.00,  0.00, 66.00,  0.00, 25.00, 90.00, 95.00, 46.00,  0.00,104.00, 20.00,  0.00, 90.00,  0.00, 71.00, 61.00,  0.00, 27.00, 38.00,  0.00, 70.00, 52.00, 32.00, 89.00, 80.00,  0.00,  0.00, 36.00, 13.00,146.00, 71.00,  2.00,  3.00,  0.00,
 9.750,  0.00, 86.00, 34.00, 11.00,103.00,119.00, 85.00,  4.00,101.00, 45.00, 43.00,  0.00,  0.00, 99.00,136.00, 46.00, 24.00,161.00,157.00, 41.00,142.00,  0.00, 30.00,  0.00,189.00, 68.00, 94.00,101.00,  0.00, 69.00, 24.00, 52.00, 12.00, 88.00, 58.00, 46.00, 86.00,  0.00,  0.00,  0.00,  0.00,  0.00, 21.00, 64.00, 33.00,  0.00, 84.00, 42.00,  0.00,  0.00,  0.00,179.00,  0.00,  0.00, 20.00,  0.00,  0.00, 60.00, 79.00,110.00, 31.00,  0.00,  0.00,  0.00, 66.00,  0.00, 25.00, 90.00, 98.00, 46.00,  0.00,104.00, 20.00,  0.00, 93.00,  0.00, 71.00, 61.00,  0.00, 27.00, 38.00,  0.00, 70.00, 52.00, 32.00, 93.00, 82.00,  0.00,  0.00, 36.00, 13.00,147.00, 72.00,  2.00,  3.00,  0.00,
10.000,  0.00, 91.00, 34.00, 15.00,108.00,122.00, 91.00,  3.00,101.00, 43.00, 43.00,  0.00,  0.00,104.00,143.00, 51.00, 31.00,165.00,159.00, 46.00,149.00,  0.00, 31.00,  0.00,188.00, 72.00, 99.00,108.00,  0.00, 68.00, 24.00, 54.00, 13.00, 89.00, 58.00, 49.00, 91.00,  0.00,  0.00,  0.00,  0.00,  0.00, 22.00, 71.00, 31.00,  0.00, 88.00, 41.00,  0.00,  0.00,  0.00,178.00,  0.00,  0.00, 20.00,  0.00,  0.00, 62.00, 84.00,109.00, 32.00,  0.00,  0.00,  0.00, 67.00,  0.00, 28.00, 93.00,101.00, 46.00,  0.00,106.00, 26.00,  0.00, 99.00,  0.00, 75.00, 66.00,  0.00, 24.00, 36.00,  0.00, 74.00, 53.00, 36.00, 95.00, 90.00,  0.00,  0.00, 41.00, 20.00,149.00, 83.00,  0.00,  0.00,  0.00,
10.250,  0.00, 95.00, 36.00, 21.00,110.00,124.00, 92.00,  3.00,101.00, 45.00, 44.00,  0.00,  0.00,104.00,143.00, 52.00, 35.00,166.00,159.00, 46.00,149.00,  0.00, 31.00,  0.00,189.00, 76.00,100.00,109.00,  0.00, 71.00, 25.00, 57.00, 13.00, 91.00, 60.00, 49.00, 91.00,  0.00,  0.00,  0.00,  0.00,  0.00, 22.00, 71.00, 33.00,  0.00, 90.00, 41.00,  0.00,  0.00,  0.00,183.00,  0.00,  0.00, 20.00,  0.00,  0.00, 68.00, 87.00,111.00, 36.00,  0.00,  0.00,  0.00, 68.00,  0.00, 28.00, 98.00,105.00, 46.00,  0.00,106.00, 26.00,  0.00,100.00,  0.00, 75.00, 66.00,  0.00, 25.00, 36.00,  0.00, 74.00, 53.00, 36.00, 97.00, 90.00,  0.00,  0.00, 42.00, 20.00,152.00, 86.00,  0.00,  0.00,  0.00,
10.500,  0.00, 96.00, 38.00, 24.00,112.00,125.00, 92.00,  3.00,101.00, 46.00, 46.00,  0.00,  0.00,104.00,143.00, 52.00, 36.00,169.00,159.00, 46.00,149.00,  0.00, 31.00,  0.00,191.00, 82.00,103.00,109.00,  0.00, 75.00, 25.00, 58.00, 13.00, 95.00, 61.00, 49.00, 91.00,  0.00,  0.00,  0.00,  0.00,  0.00, 22.00, 73.00, 35.00,  0.00, 92.00, 41.00,  0.00,  0.00,  0.00,183.00,  0.00,  0.00, 20.00,  0.00,  0.00, 74.00, 87.00,111.00, 36.00,  0.00,  0.00,  0.00, 70.00,  0.00, 30.00,101.00,108.00, 48.00,  0.00,107.00, 26.00,  0.00,102.00,  0.00, 75.00, 66.00,  0.00, 25.00, 36.00,  0.00, 74.00, 53.00, 36.00,101.00, 93.00,  0.00,  0.00, 44.00, 23.00,153.00, 90.00,  0.00,  0.00,  0.00,
10.750,  0.00,100.00, 44.00, 29.00,118.00,129.00, 98.00,  3.00,106.00, 47.00, 46.00, 10.00,  0.00,111.00,149.00, 56.00, 42.00,171.00,161.00, 50.00,155.00,  0.00, 34.00,  0.00,191.00, 89.00,107.00,118.00,  0.00, 76.00, 26.00, 65.00, 16.00, 97.00, 63.00, 51.00, 93.00,  0.00,  0.00,  0.00,  0.00,  0.00, 23.00, 79.00, 36.00,  0.00, 96.00, 45.00,  0.00,  0.00,  0.00,183.00,  0.00,  0.00, 21.00,  0.00,  0.00, 80.00, 94.00,115.00, 40.00,  0.00,  0.00,  0.00, 70.00,  0.00, 32.00,103.00,113.00, 48.00,  0.00,111.00, 26.00,  0.00,108.00,  0.00, 81.00, 72.00,  0.00, 25.00, 39.00, 11.00, 81.00, 58.00, 36.00,101.00, 99.00,  0.00,  0.00, 50.00, 30.00,156.00, 97.00,  0.00,  0.00,  0.00,
11.000,  0.00,104.00, 51.00, 36.00,124.00,133.00,107.00, 10.00,114.00, 51.00, 54.00, 15.00,  0.00,113.00,153.00, 58.00, 47.00,174.00,161.00, 51.00,160.00,  0.00, 37.00,  0.00,192.00,102.00,111.00,118.00,  0.00, 78.00, 30.00, 70.00, 16.00, 99.00, 65.00, 56.00, 99.00,  0.00,  0.00,  0.00,  0.00,  0.00, 29.00, 81.00, 36.00,  3.00,100.00, 48.00,  0.00,  0.00,  0.00,184.00,  0.00,  0.00, 24.00,  0.00,  0.00, 85.00, 96.00,121.00, 44.00,  0.00,  0.00,  0.00, 77.00,  0.00, 35.00,111.00,116.00, 53.00,  0.00,113.00, 26.00,  0.00,109.00,  0.00, 83.00, 75.00,  0.00, 27.00, 40.00, 20.00, 81.00, 58.00, 36.00,101.00,103.00,  0.00,  0.00, 51.00, 33.00,159.00,102.00,  0.00,  0.00,  0.00,
11.250,  0.00,104.00, 60.00, 36.00,124.00,133.00,111.00, 12.00,120.00, 53.00, 54.00, 25.00,  0.00,118.00,154.00, 61.00, 50.00,175.00,162.00, 55.00,164.00,  0.00, 40.00,  0.00,192.00,106.00,117.00,125.00,  0.00, 80.00, 33.00, 72.00, 18.00, 99.00, 65.00, 62.00,102.00,  0.00,  0.00,  0.00,  0.00,  0.00, 29.00, 86.00, 36.00,  3.00,102.00, 55.00,  0.00,  1.00,  0.00,184.00,  0.00,  0.00, 28.00,  0.00,  0.00, 90.00,100.00,123.00, 50.00,  0.00,  0.00,  0.00, 78.00,  3.00, 36.00,111.00,117.00, 55.00,  0.00,117.00, 31.00,  0.00,117.00,  0.00, 92.00, 84.00,  0.00, 28.00, 43.00, 36.00, 87.00, 65.00, 44.00,104.00,112.00,  0.00,  0.00, 61.00, 40.00,163.00,108.00,  7.00,  7.00,  0.00,
11.500,  0.00,108.00, 70.00, 44.00,126.00,133.00,113.00, 12.00,120.00, 53.00, 54.00, 27.00,  0.00,118.00,158.00, 63.00, 55.00,177.00,164.00, 57.00,166.00,  0.00, 40.00,  0.00,192.00,118.00,120.00,127.00,  0.00, 83.00, 34.00, 75.00, 20.00,100.00, 66.00, 62.00,102.00,  0.00,  0.00,  0.00,  0.00,  0.00, 30.00, 87.00, 36.00,  3.00,104.00, 55.00,  0.00,  2.00,  0.00,184.00,  0.00,  0.00, 28.00,  0.00,  0.00, 94.00,103.00,123.00, 52.00,  0.00,  0.00,  0.00, 81.00,  3.00, 39.00,116.00,122.00, 56.00,  0.00,120.00, 31.00,  0.00,119.00,  0.00, 92.00, 86.00,  0.00, 28.00, 43.00, 44.00, 87.00, 65.00, 44.00,106.00,114.00,  0.00,  0.00, 63.00, 44.00,163.00,112.00,  7.00,  7.00,  0.00,
11.750,  0.00,111.00, 81.00, 49.00,129.00,138.00,113.00, 12.00,120.00, 53.00, 56.00, 27.00,  0.00,118.00,158.00, 63.00, 58.00,179.00,164.00, 57.00,166.00,  0.00, 40.00,  0.00,196.00,130.00,120.00,127.00,  0.00, 85.00, 34.00, 76.00, 20.00,103.00, 68.00, 62.00,102.00,  0.00,  0.00,  0.00,  0.00,  0.00, 30.00, 87.00, 37.00,  3.00,104.00, 55.00,  0.00,  2.00,  0.00,189.00,  0.00,  0.00, 28.00,  0.00,  0.00, 97.00,103.00,123.00, 52.00,  0.00,  0.00,  0.00, 81.00,  3.00, 39.00,117.00,126.00, 56.00,  0.00,120.00, 31.00,  0.00,119.00,  0.00, 92.00, 86.00,  0.00, 28.00, 43.00, 44.00, 87.00, 65.00, 44.00,112.00,114.00,  0.00,  0.00, 63.00, 44.00,163.00,112.00,  7.00,  7.00,  0.00,
12.000,  0.00,112.00, 95.00, 52.00,129.00,138.00,113.00, 12.00,120.00, 53.00, 56.00, 27.00,  0.00,118.00,158.00, 63.00, 60.00,179.00,164.00, 57.00,166.00,  0.00, 40.00,  0.00,196.00,135.00,120.00,127.00,  0.00, 87.00, 34.00, 76.00, 20.00,107.00, 70.00, 62.00,102.00,  0.00,  0.00,  0.00,  0.00,  0.00, 30.00, 87.00, 37.00,  3.00,104.00, 55.00,  0.00,  2.00,  0.00,189.00,  0.00,  0.00, 28.00,  0.00,  0.00, 99.00,103.00,123.00, 52.00,  0.00,  0.00,  0.00, 81.00,  3.00, 39.00,117.00,127.00, 56.00,  0.00,120.00, 31.00,  0.00,121.00,  0.00, 92.00, 86.00,  0.00, 28.00, 43.00, 47.00, 87.00, 65.00, 44.00,116.00,114.00,  0.00,  0.00, 63.00, 44.00,163.00,112.00,  7.00,  7.00,  0.00,
12.250,  0.00,114.00,107.00, 55.00,132.00,143.00,113.00, 12.00,120.00, 53.00, 56.00, 27.00,  0.00,118.00,158.00, 64.00, 64.00,180.00,164.00, 57.00,166.00,  0.00, 40.00,  0.00,196.00,140.00,122.00,127.00,  0.00, 89.00, 34.00, 79.00, 20.00,107.00, 71.00, 62.00,102.00,  0.00,  0.00,  0.00,  0.00,  0.00, 30.00, 88.00, 38.00,  3.00,106.00, 55.00,  0.00,  2.00,  8.00,189.00,  0.00,  0.00, 28.00,  0.00,  0.00,104.00,108.00,123.00, 55.00,  0.00,  0.00,  0.00, 81.00,  3.00, 41.00,117.00,129.00, 56.00,  0.00,120.00, 31.00,  0.00,121.00,  0.00, 92.00, 86.00,  0.00, 28.00, 43.00, 57.00, 88.00, 65.00, 44.00,116.00,115.00,  0.00,  0.00, 64.00, 44.00,164.00,115.00,  7.00,  7.00,  0.00,
12.500,  0.00,115.00,113.00, 59.00,134.00,143.00,123.00, 12.00,125.00, 55.00, 57.00, 46.00,  0.00,123.00,163.00, 71.00, 71.00,183.00,164.00, 60.00,171.00,  0.00, 43.00,  0.00,196.00,140.00,129.00,134.00,  0.00, 93.00, 37.00, 87.00, 20.00,107.00, 72.00, 66.00,109.00,  0.00,  0.00,  0.00,  0.00,  0.00, 34.00, 94.00, 38.00,  3.00,110.00, 56.00,  1.00,  2.00, 22.00,189.00,  0.00,  0.00, 28.00,  0.00,  0.00,110.00,117.00,127.00, 64.00,  0.00,  0.00,  0.00, 82.00,  3.00, 44.00,123.00,131.00, 58.00,  0.00,126.00, 36.00,  0.00,130.00,  0.00,101.00, 95.00,  0.00, 28.00, 43.00, 71.00, 95.00, 69.00, 46.00,116.00,121.00,  0.00,  0.00, 75.00, 56.00,169.00,122.00,  7.00,  7.00,  0.00,
12.750,  0.00,121.00,127.00, 69.00,140.00,148.00,123.00, 12.00,125.00, 55.00, 57.00, 46.00,  0.00,123.00,163.00, 74.00, 76.00,184.00,166.00, 62.00,171.00,  0.00, 43.00,  0.00,196.00,149.00,130.00,135.00,  0.00, 95.00, 37.00, 88.00, 20.00,110.00, 75.00, 66.00,109.00,  0.00,  0.00,  0.00,  0.00,  0.00, 34.00, 95.00, 40.00,  3.00,110.00, 56.00,  1.00,  2.00, 23.00,189.00,  0.00,  0.00, 28.00,  0.00,  0.00,111.00,120.00,127.00, 64.00,  0.00,  0.00,  0.00, 82.00,  3.00, 47.00,123.00,135.00, 58.00,  0.00,126.00, 36.00,  0.00,131.00,  0.00,101.00, 95.00,  0.00, 28.00, 43.00, 73.00, 98.00, 69.00, 46.00,119.00,121.00,  0.00,  0.00, 75.00, 56.00,171.00,123.00,  7.00,  7.00,  0.00,
13.000,  0.00,122.00,131.00, 72.00,141.00,151.00,130.00, 12.00,126.00, 58.00, 65.00, 51.00,  0.00,127.00,168.00, 80.00, 78.00,187.00,166.00, 66.00,173.00,  0.00, 46.00,  0.00,196.00,150.00,135.00,137.00,  0.00,100.00, 40.00, 93.00, 25.00,111.00, 75.00, 66.00,112.00,  0.00,  0.00,  0.00,  0.00,  0.00, 38.00, 97.00, 41.00,  4.00,115.00, 56.00,  6.00,  2.00, 36.00,191.00,  0.00,  0.00, 29.00,  0.00,  0.00,115.00,120.00,129.00, 72.00,  0.00,  0.00,  0.00, 87.00,  3.00, 51.00,129.00,138.00, 64.00,  0.00,127.00, 36.00,  0.00,133.00,  0.00,103.00, 99.00,  0.00, 29.00, 43.00, 82.00, 98.00, 69.00, 46.00,119.00,121.00,  0.00,  0.00, 80.00, 60.00,172.00,125.00,  7.00,  7.00,  0.00,
13.250,  0.00,124.00,139.00, 78.00,145.00,152.00,130.00, 12.00,126.00, 58.00, 65.00, 52.00,  0.00,128.00,168.00, 83.00, 84.00,188.00,167.00, 67.00,173.00,  0.00, 46.00,  0.00,196.00,155.00,137.00,138.00,  0.00,101.00, 40.00, 96.00, 25.00,113.00, 77.00, 66.00,112.00,  0.00,  0.00,  0.00,  0.00,  0.00, 38.00, 98.00, 42.00,  4.00,115.00, 56.00,  6.00,  2.00, 41.00,191.00,  0.00,  0.00, 29.00,  0.00,  0.00,115.00,121.00,129.00, 72.00,  0.00,  0.00,  0.00, 87.00,  3.00, 51.00,129.00,141.00, 64.00,  0.00,127.00, 36.00,  0.00,137.00,  0.00,103.00, 99.00,  0.00, 29.00, 43.00, 82.00, 98.00, 69.00, 46.00,121.00,121.00,  0.00,  0.00, 81.00, 60.00,172.00,125.00,  7.00,  7.00,  0.00,
13.500,  0.00,124.00,144.00, 81.00,145.00,153.00,133.00, 12.00,127.00, 59.00, 66.00, 60.00,  0.00,128.00,168.00, 87.00, 87.00,189.00,167.00, 67.00,173.00,  0.00, 46.00,  0.00,198.00,156.00,139.00,139.00,  0.00,103.00, 41.00, 99.00, 26.00,113.00, 78.00, 66.00,114.00,  0.00,  0.00,  0.00,  0.00,  0.00, 38.00, 99.00, 42.00,  5.00,117.00, 56.00, 12.00,  2.00, 50.00,192.00,  0.00,  0.00, 29.00,  0.00,  0.00,121.00,125.00,130.00, 77.00,  0.00,  0.00,  0.00, 90.00,  3.00, 56.00,135.00,143.00, 64.00,  0.00,127.00, 36.00,  0.00,137.00,  0.00,107.00,104.00,  0.00, 29.00, 43.00, 90.00, 98.00, 69.00, 46.00,121.00,123.00,  0.00,  0.00, 87.00, 63.00,172.00,131.00,  7.00,  7.00,  0.00,
13.750,  0.00,125.00,150.00, 85.00,145.00,153.00,133.00, 12.00,127.00, 59.00, 66.00, 60.00,  0.00,128.00,168.00, 87.00, 87.00,189.00,167.00, 67.00,173.00,  0.00, 46.00,  0.00,198.00,158.00,139.00,139.00,  0.00,104.00, 41.00,101.00, 26.00,114.00, 78.00, 66.00,115.00,  0.00,  0.00,  0.00,  0.00,  0.00, 38.00, 99.00, 42.00,  5.00,117.00, 56.00, 12.00,  2.00, 53.00,192.00,  0.00,  0.00, 29.00,  0.00,  0.00,121.00,125.00,130.00, 77.00,  0.00,  0.00,  0.00, 90.00,  3.00, 56.00,135.00,144.00, 64.00,  0.00,127.00, 36.00,  0.00,138.00,  0.00,107.00,104.00,  0.00, 29.00, 43.00, 90.00, 98.00, 69.00, 46.00,121.00,123.00,  0.00,  0.00, 87.00, 63.00,172.00,131.00,  7.00,  7.00,  0.00,
14.000,  0.00,129.00,154.00, 89.00,147.00,155.00,135.00, 12.00,129.00, 61.00, 66.00, 71.00,  0.00,134.00,172.00, 96.00, 93.00,192.00,167.00, 70.00,175.00,  0.00, 49.00,  0.00,198.00,160.00,142.00,144.00,  0.00,108.00, 43.00,104.00, 26.00,115.00, 80.00, 66.00,118.00,  0.00,  0.00,  0.00,  0.00,  0.00, 40.00,103.00, 44.00,  5.00,117.00, 56.00, 18.00,  2.00, 65.00,192.00,  0.00,  0.00, 29.00,  0.00,  0.00,124.00,130.00,130.00, 81.00,  0.00,  0.00,  0.00, 90.00,  3.00, 59.00,138.00,150.00, 64.00,  0.00,129.00, 36.00,  0.00,142.00,  0.00,111.00,108.00,  0.00, 29.00, 43.00, 96.00,102.00, 69.00, 46.00,121.00,125.00,  0.00,  0.00, 93.00, 67.00,173.00,135.00,  7.00,  7.00,  0.00,
14.250,  0.00,129.00,160.00, 94.00,149.00,157.00,135.00, 12.00,129.00, 61.00, 66.00, 71.00,  0.00,134.00,172.00, 97.00, 94.00,192.00,167.00, 70.00,175.00,  0.00, 49.00,  0.00,198.00,164.00,142.00,144.00,  0.00,110.00, 43.00,107.00, 26.00,118.00, 80.00, 66.00,118.00,  0.00,  0.00,  0.00,  0.00,  0.00, 40.00,103.00, 44.00,  5.00,118.00, 56.00, 18.00,  2.00, 67.00,194.00,  0.00,  0.00, 29.00,  0.00,  0.00,127.00,130.00,130.00, 85.00,  0.00,  0.00,  0.00, 90.00,  3.00, 59.00,138.00,151.00, 64.00,  0.00,129.00, 36.00,  0.00,145.00,  0.00,111.00,108.00,  0.00, 29.00, 43.00, 97.00,102.00, 69.00, 46.00,123.00,125.00,  0.00,  0.00, 94.00, 67.00,173.00,135.00,  7.00,  7.00,  0.00,
14.500,  0.00,129.00,160.00, 96.00,151.00,159.00,142.00, 12.00,132.00, 61.00, 70.00, 76.00,  0.00,136.00,174.00, 99.00, 95.00,192.00,167.00, 72.00,177.00,  0.00, 49.00,  0.00,198.00,164.00,145.00,144.00,  0.00,111.00, 44.00,109.00, 26.00,118.00, 82.00, 69.00,123.00,  0.00,  0.00,  0.00,  0.00,  0.00, 42.00,104.00, 46.00,  6.00,120.00, 56.00, 25.00,  3.00, 79.00,194.00,  0.00,  0.00, 29.00,  0.00,  0.00,130.00,130.00,130.00, 90.00,  0.00,  0.00,  0.00, 95.00,  4.00, 61.00,142.00,151.00, 71.00,  0.00,131.00, 36.00,  0.00,146.00,  0.00,116.00,116.00,  0.00, 30.00, 43.00,103.00,102.00, 69.00, 46.00,123.00,125.00,  0.00,  0.00,101.00, 67.00,174.00,138.00,  7.00,  7.00,  0.00,
14.750,  0.00,133.00,166.00,105.00,153.00,161.00,142.00, 12.00,132.00, 61.00, 70.00, 76.00,  0.00,138.00,174.00,105.00,101.00,192.00,168.00, 72.00,177.00,  0.00, 49.00,  0.00,198.00,169.00,147.00,144.00,  0.00,115.00, 44.00,112.00, 26.00,120.00, 84.00, 69.00,123.00,  0.00,  0.00,  0.00,  0.00,  0.00, 42.00,108.00, 47.00,  6.00,122.00, 56.00, 25.00,  3.00, 81.00,194.00,  0.00,  0.00, 29.00,  0.00,  0.00,130.00,131.00,130.00, 90.00,  0.00,  0.00,  0.00, 95.00,  4.00, 62.00,142.00,156.00, 71.00,  0.00,131.00, 36.00,  0.00,150.00,  0.00,116.00,116.00,  0.00, 30.00, 43.00,104.00,106.00, 69.00, 46.00,128.00,126.00,  0.00,  0.00,101.00, 67.00,174.00,138.00,  7.00,  7.00,  0.00,
15.000,  0.00,133.00,167.00,106.00,155.00,163.00,146.00, 12.00,132.00, 63.00, 73.00, 82.00,  0.00,141.00,175.00,108.00,104.00,195.00,168.00, 74.00,177.00,  0.00, 49.00,  0.00,199.00,170.00,150.00,147.00,  0.00,115.00, 45.00,117.00, 27.00,121.00, 84.00, 69.00,128.00,  0.00,  0.00,  0.00,  0.00,  0.00, 42.00,108.00, 49.00,  6.00,124.00, 56.00, 29.00,  3.00, 90.00,195.00,  0.00,  0.00, 29.00,  0.00,  0.00,133.00,131.00,130.00, 93.00,  0.00,  0.00,  0.00, 97.00,  4.00, 67.00,150.00,157.00, 73.00,  0.00,131.00, 36.00,  0.00,151.00,  0.00,117.00,117.00,  0.00, 30.00, 43.00,107.00,106.00, 69.00, 46.00,128.00,126.00,  0.00,  0.00,107.00, 67.00,174.00,141.00,  7.00,  7.00,  0.00,
15.250,  0.00,136.00,169.00,107.00,155.00,163.00,146.00, 12.00,132.00, 63.00, 73.00, 86.00,  0.00,144.00,175.00,115.00,107.00,195.00,169.00, 77.00,177.00,  0.00, 49.00,  0.00,199.00,170.00,153.00,150.00,  0.00,118.00, 45.00,117.00, 27.00,121.00, 84.00, 69.00,129.00,  0.00,  0.00,  0.00,  0.00,  0.00, 42.00,110.00, 49.00,  6.00,124.00, 56.00, 29.00,  3.00, 95.00,195.00,  0.00,  0.00, 29.00,  0.00,  0.00,133.00,132.00,130.00, 94.00,  0.00,  0.00,  0.00, 97.00,  4.00, 67.00,150.00,158.00, 73.00,  0.00,131.00, 36.00,  0.00,155.00,  0.00,117.00,117.00,  0.00, 30.00, 43.00,107.00,107.00, 69.00, 46.00,130.00,126.00,  0.00,  0.00,107.00, 67.00,174.00,141.00,  7.00,  7.00,  0.00,
15.500,  0.00,136.00,169.00,107.00,155.00,163.00,152.00, 15.00,145.00, 65.00, 75.00, 99.00,  0.00,144.00,177.00,115.00,107.00,195.00,169.00, 80.00,184.00,  0.00, 53.00,  0.00,199.00,170.00,153.00,150.00,  0.00,118.00, 49.00,117.00, 30.00,121.00, 84.00, 80.00,132.00,  0.00,  0.00,  0.00,  0.00,  0.00, 48.00,111.00, 49.00,  8.00,128.00, 61.00, 39.00,  6.00,102.00,195.00,  0.00,  0.00, 32.00,  0.00,  0.00,136.00,136.00,132.00,100.00,  0.00,  0.00,  0.00, 98.00,  6.00, 67.00,153.00,158.00, 78.00,  0.00,137.00, 41.00,  0.00,155.00,  0.00,128.00,125.00,  0.00, 30.00, 44.00,113.00,107.00, 69.00, 51.00,130.00,127.00,  0.00,  0.00,112.00, 72.00,175.00,144.00,  7.00,  7.00,  0.00,
15.750,  0.00,136.00,176.00,116.00,157.00,164.00,152.00, 15.00,145.00, 65.00, 75.00, 99.00,  0.00,144.00,177.00,115.00,111.00,195.00,169.00, 80.00,184.00,  0.00, 53.00,  0.00,199.00,174.00,155.00,150.00,  0.00,123.00, 49.00,121.00, 30.00,123.00, 85.00, 80.00,135.00,  0.00,  0.00,  0.00,  0.00,  0.00, 48.00,113.00, 49.00,  8.00,128.00, 61.00, 39.00,  6.00,105.00,195.00,  0.00,  0.00, 32.00,  0.00,  0.00,139.00,136.00,132.00,103.00,  0.00,  0.00,  0.00, 98.00,  6.00, 71.00,157.00,159.00, 78.00,  0.00,137.00, 41.00,  0.00,156.00,  0.00,128.00,125.00,  0.00, 30.00, 44.00,113.00,107.00, 69.00, 51.00,130.00,127.00,  0.00,  0.00,115.00, 72.00,175.00,144.00,  7.00,  7.00,  0.00,
16.000,  0.00,137.00,176.00,119.00,160.00,165.00,154.00, 15.00,145.00, 65.00, 77.00, 99.00,  0.00,146.00,179.00,118.00,113.00,196.00,169.00, 80.00,184.00,  0.00, 53.00,  0.00,200.00,175.00,157.00,150.00,  0.00,126.00, 49.00,122.00, 31.00,123.00, 88.00, 80.00,138.00,  0.00,  0.00,  0.00,  0.00,  0.00, 48.00,113.00, 50.00,  8.00,128.00, 61.00, 39.00,  6.00,111.00,197.00,  0.00,  0.00, 32.00,  0.00,  0.00,141.00,136.00,132.00,104.00,  0.00,  0.00,  0.00, 99.00,  6.00, 76.00,161.00,162.00, 80.00,  0.00,137.00, 41.00,  0.00,159.00,  0.00,128.00,126.00,  0.00, 30.00, 44.00,115.00,107.00, 69.00, 51.00,130.00,127.00,  0.00,  0.00,118.00, 72.00,175.00,147.00,  7.00,  7.00,  0.00,
16.250,  0.00,141.00,179.00,122.00,162.00,168.00,154.00, 15.00,145.00, 65.00, 77.00, 99.00,  0.00,149.00,179.00,124.00,115.00,197.00,171.00, 82.00,184.00,  0.00, 53.00,  0.00,200.00,177.00,157.00,152.00,  0.00,129.00, 49.00,124.00, 34.00,125.00, 88.00, 80.00,139.00,  0.00,  0.00,  0.00,  0.00,  0.00, 48.00,118.00, 50.00,  8.00,128.00, 61.00, 39.00,  6.00,115.00,197.00,  0.00,  0.00, 32.00,  0.00,  0.00,141.00,141.00,132.00,106.00,  0.00,  0.00,  0.00, 99.00,  6.00, 76.00,161.00,165.00, 80.00,  0.00,137.00, 41.00,  0.00,160.00,  0.00,130.00,128.00,  0.00, 30.00, 44.00,116.00,115.00, 69.00, 51.00,130.00,127.00,  0.00,  0.00,122.00, 72.00,177.00,147.00,  7.00,  7.00,  0.00,
16.500,  0.00,142.00,182.00,124.00,163.00,168.00,155.00, 15.00,145.00, 67.00, 77.00, 99.00,  0.00,149.00,179.00,127.00,120.00,197.00,171.00, 84.00,184.00,  0.00, 56.00,  0.00,200.00,178.00,161.00,152.00,  0.00,131.00, 49.00,127.00, 37.00,125.00, 90.00, 80.00,140.00,  0.00,  0.00,  0.00,  0.00,  0.00, 49.00,118.00, 50.00,  8.00,129.00, 61.00, 39.00,  6.00,120.00,197.00,  0.00,  0.00, 32.00,  0.00,  0.00,143.00,142.00,132.00,108.00,  0.00,  0.00,  0.00,100.00,  6.00, 78.00,164.00,165.00, 80.00,  0.00,137.00, 41.00,  0.00,163.00,  0.00,132.00,128.00,  0.00, 30.00, 44.00,118.00,115.00, 69.00, 51.00,130.00,127.00,  0.00,  0.00,124.00, 72.00,177.00,147.00,  7.00,  7.00,  0.00,
16.750,  0.00,141.00,181.00,123.00,162.00,167.00,159.00, 14.00,145.00, 66.00, 76.00,103.00,  0.00,151.00,181.00,126.00,119.00,197.00,170.00, 83.00,183.00,  0.00, 55.00,  0.00,199.00,177.00,161.00,155.00,  0.00,132.00, 50.00,127.00, 43.00,124.00, 89.00, 79.00,141.00,  0.00,  0.00,  0.00,  0.00,  0.00, 52.00,117.00, 49.00,  7.00,131.00, 60.00, 38.00,  5.00,123.00,196.00,  0.00,  0.00, 31.00,  0.00,  0.00,144.00,141.00,131.00,111.00,  0.00,  0.00,  0.00,100.00,  5.00, 79.00,166.00,166.00, 83.00,  0.00,136.00, 40.00,  0.00,162.00,  0.00,136.00,130.00,  0.00, 29.00, 43.00,120.00,114.00, 68.00, 50.00,129.00,126.00,  0.00,  0.00,124.00, 71.00,176.00,148.00,  6.00,  6.00,  0.00,
17.000,  0.00,141.00,184.00,126.00,162.00,167.00,160.00, 14.00,145.00, 66.00, 76.00,103.00,  0.00,151.00,181.00,128.00,121.00,197.00,170.00, 83.00,183.00,  0.00, 55.00,  0.00,199.00,178.00,162.00,155.00,  0.00,133.00, 50.00,129.00, 47.00,124.00, 89.00, 79.00,142.00,  0.00,  0.00,  0.00,  0.00,  0.00, 52.00,118.00, 51.00,  7.00,131.00, 60.00, 38.00,  5.00,126.00,196.00,  0.00,  0.00, 31.00,  0.00,  0.00,146.00,141.00,131.00,111.00,  0.00,  0.00,  0.00,100.00,  5.00, 81.00,168.00,166.00, 83.00,  0.00,136.00, 40.00,  0.00,165.00,  0.00,136.00,130.00,  0.00, 29.00, 43.00,120.00,114.00, 68.00, 50.00,129.00,126.00,  0.00,  0.00,126.00, 71.00,176.00,150.00,  6.00,  6.00,  0.00,
17.250,  0.00,145.00,185.00,129.00,165.00,168.00,165.00, 14.00,146.00, 70.00, 77.00,103.00,  0.00,155.00,181.00,134.00,126.00,199.00,172.00, 86.00,186.00,  0.00, 59.00,  0.00,199.00,178.00,165.00,157.00,  0.00,138.00, 53.00,131.00, 59.00,126.00, 93.00, 79.00,145.00,  0.00,  0.00,  0.00,  0.00,  0.00, 54.00,122.00, 53.00,  7.00,132.00, 60.00, 38.00,  5.00,133.00,196.00,  0.00,  0.00, 31.00,  0.00,  0.00,147.00,145.00,131.00,114.00,  0.00,  0.00,  0.00,103.00,  5.00, 84.00,170.00,170.00, 84.00,  0.00,136.00, 41.00,  0.00,169.00,  0.00,139.00,134.00,  0.00, 29.00, 43.00,124.00,118.00, 68.00, 50.00,129.00,126.00,  0.00,  0.00,130.00, 73.00,177.00,151.00,  6.00,  6.00,  0.00,
17.500,  0.00,145.00,185.00,130.00,165.00,168.00,167.00, 14.00,151.00, 70.00, 82.00,106.00,  0.00,155.00,185.00,134.00,126.00,199.00,172.00, 86.00,186.00,  0.00, 59.00,  0.00,199.00,178.00,165.00,157.00,  0.00,139.00, 56.00,131.00, 62.00,126.00, 93.00, 80.00,149.00,  0.00,  0.00,  0.00,  0.00,  0.00, 56.00,122.00, 54.00,  9.00,135.00, 60.00, 44.00,  6.00,133.00,199.00,  0.00,  0.00, 34.00,  0.00,  0.00,150.00,145.00,131.00,119.00,  0.00,  0.00,  0.00,107.00,  7.00, 86.00,174.00,170.00, 92.00,  0.00,136.00, 42.00,  0.00,169.00,  0.00,144.00,142.00,  0.00, 33.00, 44.00,127.00,118.00, 68.00, 51.00,129.00,127.00,  0.00,  0.00,133.00, 73.00,177.00,154.00,  6.00,  6.00,  0.00,
17.750,  0.00,146.00,189.00,133.00,165.00,169.00,167.00, 14.00,151.00, 74.00, 82.00,106.00,  0.00,157.00,185.00,136.00,128.00,200.00,172.00, 88.00,187.00,  0.00, 61.00,  0.00,200.00,178.00,167.00,159.00,  0.00,142.00, 57.00,134.00, 75.00,126.00, 93.00, 80.00,149.00,  0.00,  0.00,  0.00,  0.00,  0.00, 57.00,123.00, 56.00,  9.00,135.00, 60.00, 44.00,  7.00,139.00,199.00,  0.00,  0.00, 34.00,  0.00,  0.00,151.00,148.00,131.00,121.00,  0.00,  0.00,  0.00,107.00,  7.00, 89.00,174.00,170.00, 92.00,  0.00,139.00, 43.00,  0.00,169.00,  0.00,147.00,142.00,  0.00, 33.00, 44.00,129.00,119.00, 68.00, 54.00,129.00,129.00,  0.00,  0.00,134.00, 77.00,177.00,154.00,  6.00,  8.00,  0.00,
18.000,  0.00,146.00,190.00,140.00,170.00,172.00,167.00, 14.00,151.00, 74.00, 82.00,106.00,  0.00,157.00,185.00,136.00,131.00,200.00,172.00, 88.00,187.00,  0.00, 61.00,  0.00,201.00,185.00,167.00,159.00,  0.00,144.00, 57.00,136.00, 78.00,128.00, 95.00, 80.00,151.00,  0.00,  0.00,  0.00,  0.00,  0.00, 57.00,123.00, 57.00,  9.00,135.00, 60.00, 44.00,  7.00,141.00,199.00,  0.00,  0.00, 34.00,  0.00,  0.00,152.00,148.00,131.00,121.00,  0.00,  0.00,  0.00,107.00,  7.00, 91.00,178.00,174.00, 92.00,  0.00,139.00, 43.00,  0.00,171.00,  0.00,147.00,142.00,  0.00, 33.00, 44.00,129.00,119.00, 68.00, 54.00,129.00,129.00,  0.00,  0.00,134.00, 77.00,177.00,155.00,  6.00,  8.00,  0.00,
18.250,  0.00,146.00,191.00,140.00,170.00,172.00,170.00, 14.00,151.00, 74.00, 85.00,106.00,  0.00,157.00,185.00,136.00,132.00,200.00,172.00, 88.00,187.00,  0.00, 61.00,  0.00,201.00,185.00,169.00,159.00,  0.00,145.00, 57.00,137.00, 85.00,128.00, 95.00, 80.00,152.00,  0.00,  0.00,  0.00,  0.00,  0.00, 58.00,123.00, 60.00,  9.00,135.00, 60.00, 44.00,  7.00,144.00,199.00,  0.00,  0.00, 34.00,  0.00,  0.00,154.00,148.00,131.00,122.00,  0.00,  0.00,  0.00,110.00,  7.00, 95.00,181.00,174.00, 97.00,  0.00,139.00, 43.00,  0.00,175.00,  0.00,149.00,142.00,  0.00, 33.00, 44.00,129.00,119.00, 68.00, 54.00,129.00,129.00,  0.00,  0.00,137.00, 77.00,177.00,158.00,  6.00,  8.00,  0.00,
18.500,  0.00,150.00,192.00,142.00,170.00,174.00,172.00, 14.00,151.00, 74.00, 85.00,106.00,  0.00,159.00,185.00,142.00,135.00,200.00,174.00, 91.00,187.00,  0.00, 62.00,  0.00,201.00,185.00,171.00,159.00,  0.00,147.00, 58.00,140.00, 97.00,129.00, 97.00, 80.00,152.00,  0.00,  0.00,  0.00,  0.00,  0.00, 60.00,127.00, 62.00,  9.00,135.00, 60.00, 44.00,  7.00,148.00,199.00,  0.00,  0.00, 34.00,  0.00,  0.00,155.00,149.00,131.00,123.00,  0.00,  0.00,  0.00,110.00,  7.00, 95.00,181.00,174.00, 97.00,  0.00,139.00, 43.00,  0.00,175.00,  0.00,152.00,143.00,  0.00, 33.00, 44.00,133.00,120.00, 68.00, 54.00,129.00,129.00,  0.00,  0.00,138.00, 77.00,178.00,158.00,  6.00,  8.00,  0.00,
18.750,  0.00,150.00,193.00,145.00,171.00,174.00,173.00, 14.00,151.00, 74.00, 85.00,106.00,  0.00,159.00,186.00,142.00,137.00,200.00,174.00, 91.00,187.00,  0.00, 62.00,  0.00,201.00,186.00,172.00,159.00,  0.00,148.00, 58.00,140.00, 99.00,129.00, 97.00, 80.00,154.00,  0.00,  0.00,  0.00,  0.00,  0.00, 61.00,127.00, 64.00,  9.00,135.00, 60.00, 44.00,  7.00,152.00,199.00,  0.00,  0.00, 34.00,  0.00,  0.00,157.00,149.00,131.00,123.00,  0.00,  0.00,  0.00,110.00,  7.00, 97.00,181.00,175.00, 97.00,  0.00,139.00, 43.00,  0.00,176.00,  0.00,153.00,145.00,  0.00, 33.00, 44.00,135.00,120.00, 68.00, 54.00,129.00,129.00,  0.00,  0.00,138.00, 77.00,178.00,158.00,  6.00,  8.00,  0.00,
19.000,  0.00,151.00,195.00,146.00,171.00,174.00,175.00, 14.00,152.00, 74.00, 85.00,106.00,  0.00,160.00,187.00,143.00,140.00,200.00,174.00, 91.00,187.00,  0.00, 62.00,  0.00,201.00,186.00,173.00,160.00,  0.00,150.00, 59.00,142.00,104.00,129.00, 99.00, 80.00,156.00,  0.00,  0.00,  0.00,  0.00,  0.00, 63.00,127.00, 66.00,  9.00,136.00, 60.00, 44.00,  7.00,154.00,199.00,  0.00,  0.00, 34.00,  0.00,  0.00,157.00,149.00,131.00,124.00,  0.00,  0.00,  0.00,111.00,  7.00,100.00,183.00,177.00, 97.00,  0.00,139.00, 43.00,  0.00,176.00,  0.00,157.00,146.00,  0.00, 33.00, 44.00,135.00,120.00, 68.00, 54.00,129.00,129.00,  0.00,  0.00,139.00, 77.00,178.00,159.00,  6.00,  8.00,  0.00,
19.250,  0.00,151.00,195.00,148.00,171.00,174.00,177.00, 14.00,155.00, 74.00, 86.00,106.00,  0.00,160.00,187.00,144.00,140.00,200.00,174.00, 92.00,189.00,  0.00, 62.00,  0.00,202.00,186.00,174.00,161.00,  0.00,152.00, 61.00,143.00,110.00,129.00, 99.00, 80.00,158.00,  0.00,  0.00,  0.00,  0.00,  0.00, 66.00,127.00, 70.00, 11.00,136.00, 60.00, 44.00,  7.00,156.00,200.00,  0.00,  0.00, 34.00,  6.00,  0.00,160.00,149.00,131.00,128.00,  0.00,  0.00,  0.00,112.00,  7.00,102.00,184.00,178.00, 99.00,  0.00,139.00, 43.00,  0.00,176.00,  0.00,160.00,149.00,  0.00, 33.00, 44.00,139.00,120.00, 68.00, 54.00,129.00,129.00,  0.00,  0.00,141.00, 77.00,178.00,162.00,  6.00,  8.00,  0.00,
19.500,  0.00,152.00,197.00,153.00,172.00,177.00,180.00, 14.00,155.00, 74.00, 87.00,106.00,  0.00,162.00,187.00,146.00,144.00,202.00,174.00, 93.00,189.00,  0.00, 62.00,  0.00,202.00,188.00,176.00,161.00,  0.00,155.00, 61.00,145.00,112.00,130.00,100.00, 80.00,160.00,  0.00,  0.00,  0.00,  0.00,  0.00, 66.00,129.00, 74.00, 11.00,136.00, 60.00, 44.00,  7.00,158.00,200.00,  0.00,  0.00, 34.00,  8.00,  0.00,161.00,149.00,131.00,128.00,  0.00,  0.00,  0.00,115.00,  7.00,104.00,184.00,179.00,101.00,  0.00,139.00, 43.00,  0.00,176.00,  0.00,161.00,149.00,  0.00, 33.00, 44.00,139.00,120.00, 68.00, 54.00,129.00,129.00,  0.00,  0.00,141.00, 77.00,178.00,163.00,  6.00,  8.00,  0.00,
19.750,  0.00,152.00,199.00,156.00,172.00,178.00,180.00, 14.00,155.00, 74.00, 87.00,106.00,  0.00,162.00,187.00,146.00,144.00,202.00,174.00, 93.00,189.00,  0.00, 62.00,  0.00,202.00,191.00,177.00,161.00,  0.00,155.00, 61.00,145.00,116.00,130.00,100.00, 80.00,160.00,  0.00,  0.00,  0.00,  0.00,  0.00, 66.00,130.00, 77.00, 15.00,136.00, 60.00, 44.00,  7.00,159.00,201.00,  0.00,  0.00, 34.00, 11.00,  0.00,162.00,149.00,131.00,131.00,  0.00,  0.00,  0.00,115.00,  7.00,107.00,186.00,179.00,102.00,  0.00,139.00, 43.00,  0.00,177.00,  0.00,162.00,150.00,  0.00, 33.00, 44.00,140.00,120.00, 68.00, 54.00,129.00,129.00,  0.00,  0.00,143.00, 77.00,178.00,164.00,  6.00,  8.00,  0.00,
20.000,  0.00,152.00,199.00,156.00,173.00,178.00,181.00, 14.00,157.00, 74.00, 87.00,106.00,  0.00,162.00,189.00,148.00,145.00,203.00,174.00, 93.00,190.00,  0.00, 65.00,  0.00,202.00,191.00,177.00,161.00,  0.00,157.00, 63.00,146.00,121.00,130.00,102.00, 80.00,161.00,  0.00,  0.00,  0.00,  0.00,  0.00, 69.00,130.00, 79.00, 20.00,140.00, 60.00, 44.00,  7.00,161.00,201.00,  0.00,  0.00, 34.00, 16.00,  0.00,164.00,149.00,131.00,133.00,  0.00,  0.00,  0.00,117.00,  7.00,108.00,186.00,179.00,104.00,  0.00,139.00, 43.00,  0.00,177.00,  0.00,165.00,153.00,  0.00, 33.00, 44.00,142.00,120.00, 68.00, 54.00,129.00,129.00,  0.00,  0.00,143.00, 77.00,178.00,164.00,  6.00,  8.00,  0.00,
20.250,  0.00,153.00,200.00,158.00,173.00,180.00,185.00, 14.00,158.00, 74.00, 87.00,106.00,  0.00,162.00,189.00,148.00,145.00,203.00,174.00, 96.00,190.00,  0.00, 65.00,  0.00,202.00,191.00,178.00,163.00,  0.00,159.00, 64.00,150.00,125.00,131.00,102.00, 80.00,163.00,  0.00,  0.00,  0.00,  0.00,  0.00, 70.00,131.00, 86.00, 25.00,140.00, 60.00, 44.00,  7.00,165.00,201.00,  0.00,  0.00, 34.00, 18.00,  0.00,164.00,149.00,131.00,133.00,  0.00,  0.00,  0.00,117.00,  7.00,109.00,187.00,180.00,104.00,  0.00,139.00, 43.00,  0.00,179.00,  0.00,167.00,153.00,  0.00, 33.00, 44.00,145.00,120.00, 68.00, 54.00,129.00,129.00,  0.00,  0.00,143.00, 77.00,178.00,167.00,  6.00,  8.00,  0.00,
20.500,  0.00,155.00,201.00,160.00,174.00,180.00,185.00, 14.00,160.00, 74.00, 87.00,106.00,  0.00,164.00,189.00,155.00,151.00,203.00,176.00, 98.00,190.00,  0.00, 68.00,  0.00,202.00,191.00,180.00,164.00,  0.00,160.00, 66.00,152.00,129.00,132.00,104.00, 80.00,163.00,  0.00,  0.00,  0.00,  0.00,  0.00, 71.00,133.00, 88.00, 29.00,140.00, 60.00, 44.00,  7.00,165.00,201.00,  0.00,  0.00, 34.00, 21.00,  0.00,165.00,149.00,131.00,133.00,  0.00,  0.00,  0.00,117.00,  7.00,110.00,187.00,180.00,104.00,  0.00,139.00, 43.00,  0.00,179.00,  0.00,170.00,156.00,  0.00, 33.00, 44.00,145.00,120.00, 68.00, 54.00,129.00,129.00,  0.00,  0.00,146.00, 78.00,178.00,167.00,  6.00,  8.00,  0.00,
20.750,  0.00,155.00,201.00,160.00,174.00,180.00,186.00, 16.00,169.00, 76.00, 98.00,112.00,  0.00,164.00,190.00,155.00,151.00,203.00,176.00, 98.00,193.00,  0.00, 68.00,  0.00,202.00,191.00,180.00,164.00,  0.00,160.00, 70.00,152.00,129.00,132.00,104.00, 90.00,166.00,  0.00,  0.00,  0.00,  0.00,  0.00, 74.00,133.00, 88.00, 41.00,145.00, 60.00, 49.00, 10.00,165.00,201.00,  0.00,  0.00, 37.00, 30.00,  0.00,167.00,149.00,131.00,140.00,  0.00,  0.00,  0.00,121.00,  9.00,111.00,187.00,180.00,113.00,  0.00,139.00, 43.00,  0.00,179.00,  0.00,173.00,159.00,  0.00, 34.00, 44.00,148.00,120.00, 68.00, 54.00,129.00,129.00,  0.00,  0.00,146.00, 79.00,178.00,168.00,  6.00,  8.00,  0.00,
21.000,  0.00,156.00,204.00,165.00,177.00,183.00,186.00, 16.00,169.00, 76.00, 98.00,112.00,  0.00,167.00,192.00,157.00,154.00,203.00,176.00, 98.00,193.00,  0.00, 68.00,  0.00,204.00,194.00,183.00,165.00,  0.00,162.00, 70.00,154.00,133.00,135.00,105.00, 90.00,166.00,  0.00,  0.00,  0.00,  0.00,  0.00, 74.00,134.00, 97.00, 41.00,145.00, 60.00, 49.00, 10.00,171.00,202.00,  0.00,  0.00, 37.00, 30.00,  0.00,167.00,149.00,131.00,140.00,  0.00,  0.00,  0.00,121.00,  9.00,114.00,189.00,183.00,113.00,  0.00,139.00, 43.00,  0.00,181.00,  0.00,175.00,159.00,  0.00, 34.00, 44.00,148.00,120.00, 68.00, 54.00,132.00,129.00,  0.00,  0.00,146.00, 79.00,178.00,168.00,  6.00,  8.00,  0.00,
21.250,  0.00,156.00,204.00,165.00,177.00,183.00,188.00, 16.00,169.00, 76.00, 98.00,112.00,  0.00,167.00,192.00,157.00,154.00,203.00,176.00, 98.00,193.00,  0.00, 68.00,  0.00,204.00,194.00,183.00,165.00,  0.00,162.00, 70.00,154.00,133.00,135.00,105.00, 90.00,170.00,  0.00,  0.00,  0.00,  0.00,  0.00, 78.00,134.00, 98.00, 48.00,145.00, 60.00, 49.00, 10.00,171.00,202.00,  0.00,  0.00, 37.00, 32.00,  0.00,169.00,149.00,131.00,140.00,  0.00,  0.00,  0.00,121.00,  9.00,115.00,190.00,183.00,113.00,  0.00,139.00, 43.00,  0.00,181.00,  0.00,175.00,159.00,  0.00, 34.00, 44.00,148.00,120.00, 68.00, 54.00,132.00,129.00,  0.00,  0.00,146.00, 79.00,178.00,171.00,  6.00,  8.00,  0.00,
21.500,  0.00,156.00,204.00,165.00,177.00,183.00,189.00, 16.00,169.00, 79.00, 98.00,112.00,  0.00,167.00,192.00,157.00,154.00,203.00,176.00,100.00,193.00,  0.00, 70.00,  0.00,204.00,194.00,183.00,165.00,  0.00,163.00, 74.00,154.00,133.00,135.00,105.00, 90.00,171.00,  0.00,  0.00,  0.00,  0.00,  0.00, 79.00,134.00,101.00, 58.00,146.00, 60.00, 50.00, 10.00,171.00,202.00,  0.00,  0.00, 37.00, 37.00,  0.00,169.00,151.00,131.00,144.00,  0.00,  0.00,  0.00,124.00,  9.00,115.00,190.00,183.00,113.00,  0.00,139.00, 44.00,  0.00,181.00,  0.00,176.00,163.00,  0.00, 35.00, 44.00,150.00,120.00, 68.00, 55.00,132.00,129.00,  0.00,  0.00,146.00, 79.00,178.00,171.00,  8.00,  8.00,  0.00,
21.750,  0.00,152.00,200.00,161.00,173.00,179.00,185.00, 13.00,165.00, 76.00, 94.00,108.00,  1.00,163.00,188.00,156.00,150.00,201.00,172.00,100.00,191.00,  0.00, 71.00,  0.00,200.00,190.00,179.00,165.00,  0.00,160.00, 71.00,150.00,135.00,133.00,104.00, 86.00,167.00,  0.00,  0.00,  0.00,  0.00,  0.00, 77.00,133.00,105.00, 60.00,143.00, 56.00, 46.00,  7.00,168.00,198.00,  0.00,  0.00, 37.00, 37.00,  0.00,168.00,147.00,127.00,140.00,  0.00,  0.00,  0.00,120.00,  5.00,113.00,186.00,179.00,109.00,  0.00,135.00, 40.00,  0.00,177.00,  0.00,175.00,160.00,  0.00, 31.00, 40.00,150.00,116.00, 64.00, 51.00,128.00,127.00,  0.00,  0.00,144.00, 82.00,176.00,167.00,  4.00,  4.00,  0.00,
22.000,  0.00,152.00,202.00,167.00,173.00,179.00,185.00, 13.00,165.00, 76.00, 94.00,108.00,  1.00,163.00,189.00,156.00,150.00,201.00,172.00,100.00,191.00,  0.00, 71.00,  0.00,200.00,191.00,179.00,165.00,  0.00,162.00, 71.00,152.00,135.00,135.00,104.00, 86.00,168.00,  0.00,  0.00,  0.00,  0.00,  0.00, 77.00,133.00,107.00, 61.00,143.00, 56.00, 46.00,  7.00,168.00,198.00,  0.00,  0.00, 37.00, 37.00,  0.00,170.00,147.00,127.00,142.00,  0.00,  0.00,  0.00,122.00,  5.00,116.00,188.00,181.00,109.00,  0.00,135.00, 40.00,  0.00,177.00,  0.00,175.00,160.00,  0.00, 31.00, 40.00,150.00,116.00, 64.00, 51.00,128.00,127.00,  0.00,  0.00,144.00, 82.00,176.00,170.00,  4.00,  4.00,  0.00,
22.250,  0.00,152.00,206.00,173.00,174.00,182.00,185.00, 13.00,165.00, 76.00, 94.00,108.00,  1.00,163.00,190.00,156.00,156.00,201.00,172.00,100.00,191.00,  0.00, 71.00,  0.00,200.00,195.00,182.00,165.00,  0.00,163.00, 74.00,154.00,141.00,139.00,104.00, 86.00,171.00,  0.00,  0.00,  0.00,  0.00,  0.00, 77.00,133.00,111.00, 63.00,143.00, 56.00, 46.00,  7.00,169.00,199.00,  0.00,  0.00, 37.00, 37.00,  0.00,170.00,147.00,127.00,142.00,  0.00,  0.00,  0.00,122.00,  5.00,119.00,189.00,181.00,109.00,  0.00,135.00, 40.00,  0.00,178.00,  0.00,175.00,160.00,  0.00, 31.00, 40.00,153.00,116.00, 64.00, 51.00,128.00,127.00,  0.00,  0.00,144.00, 82.00,176.00,170.00,  4.00,  4.00,  0.00,
22.500,  0.00,152.00,206.00,173.00,174.00,182.00,185.00, 13.00,165.00, 78.00, 95.00,108.00,  1.00,163.00,190.00,158.00,156.00,203.00,173.00,102.00,191.00,  0.00, 74.00,  0.00,200.00,195.00,182.00,165.00,  0.00,163.00, 80.00,156.00,143.00,139.00,106.00, 86.00,171.00,  0.00,  0.00,  0.00,  0.00,  0.00, 81.00,135.00,113.00, 74.00,145.00, 56.00, 46.00,  7.00,172.00,199.00,  0.00,  0.00, 37.00, 44.00,  0.00,170.00,147.00,127.00,145.00,  0.00,  0.00,  0.00,123.00,  5.00,119.00,189.00,181.00,109.00,  0.00,135.00, 40.00,  0.00,178.00,  0.00,177.00,163.00,  0.00, 31.00, 40.00,155.00,116.00, 64.00, 51.00,128.00,127.00,  0.00,  0.00,145.00, 82.00,176.00,170.00,  4.00,  4.00,  0.00,
22.750,  0.00,152.00,206.00,175.00,174.00,182.00,186.00, 13.00,165.00, 78.00, 95.00,108.00,  1.00,165.00,190.00,158.00,157.00,203.00,173.00,102.00,191.00,  0.00, 74.00,  0.00,200.00,195.00,182.00,165.00,  0.00,164.00, 81.00,156.00,143.00,140.00,106.00, 86.00,172.00,  0.00,  0.00,  0.00,  0.00,  0.00, 81.00,135.00,117.00, 75.00,145.00, 56.00, 46.00,  7.00,172.00,199.00,  0.00,  0.00, 37.00, 44.00,  0.00,170.00,147.00,127.00,145.00,  0.00,  0.00,  0.00,123.00,  5.00,121.00,189.00,181.00,109.00,  0.00,135.00, 40.00,  0.00,178.00,  0.00,177.00,163.00,  0.00, 31.00, 40.00,155.00,116.00, 64.00, 51.00,128.00,127.00,  0.00,  0.00,145.00, 82.00,176.00,171.00,  4.00,  4.00,  0.00,
23.000,  0.00,152.00,206.00,175.00,174.00,182.00,187.00, 13.00,166.00, 80.00, 96.00,108.00,  1.00,165.00,190.00,159.00,157.00,203.00,173.00,103.00,193.00,  0.00, 77.00,  0.00,200.00,195.00,182.00,165.00,  0.00,164.00, 88.00,156.00,144.00,144.00,107.00, 86.00,173.00,  0.00,  0.00,  0.00,  0.00,  0.00, 83.00,135.00,120.00, 86.00,147.00, 56.00, 48.00,  7.00,172.00,199.00,  0.00,  0.00, 37.00, 50.00,  0.00,171.00,149.00,127.00,147.00,  0.00,  0.00,  0.00,124.00,  5.00,121.00,189.00,181.00,109.00,  0.00,135.00, 40.00,  0.00,178.00,  0.00,179.00,165.00,  0.00, 31.00, 40.00,158.00,116.00, 64.00, 51.00,128.00,127.00,  0.00,  0.00,145.00, 82.00,177.00,171.00,  4.00,  4.00,  0.00,
23.250,  0.00,153.00,206.00,177.00,175.00,182.00,187.00, 13.00,166.00, 80.00, 96.00,108.00,  1.00,165.00,190.00,159.00,159.00,203.00,173.00,103.00,193.00,  0.00, 77.00,  0.00,200.00,195.00,184.00,165.00,  0.00,168.00, 91.00,159.00,146.00,144.00,107.00, 86.00,176.00,  0.00,  0.00,  0.00,  0.00,  0.00, 83.00,135.00,123.00, 86.00,147.00, 56.00, 50.00,  7.00,174.00,199.00,  0.00,  0.00, 37.00, 50.00,  0.00,174.00,149.00,127.00,147.00,  0.00,  0.00,  0.00,125.00,  5.00,127.00,191.00,183.00,109.00,  0.00,135.00, 40.00,  0.00,180.00,  0.00,181.00,165.00,  0.00, 31.00, 40.00,158.00,116.00, 64.00, 51.00,128.00,127.00,  0.00,  0.00,146.00, 82.00,177.00,176.00,  4.00,  4.00,  0.00,
23.500,  0.00,153.00,206.00,177.00,175.00,182.00,187.00, 13.00,170.00, 80.00,102.00,108.00,  1.00,165.00,190.00,159.00,159.00,203.00,173.00,103.00,193.00,  0.00, 77.00,  0.00,200.00,195.00,184.00,165.00,  0.00,168.00, 95.00,159.00,146.00,144.00,107.00, 86.00,176.00,  0.00,  0.00,  0.00,  0.00,  0.00, 84.00,135.00,123.00, 93.00,149.00, 56.00, 59.00,  7.00,174.00,199.00,  0.00,  0.00, 37.00, 55.00,  0.00,174.00,149.00,127.00,153.00,  0.00,  0.00,  0.00,127.00,  5.00,127.00,191.00,183.00,112.00,  0.00,135.00, 40.00,  0.00,180.00,  0.00,181.00,167.00,  0.00, 35.00, 40.00,161.00,116.00, 64.00, 51.00,128.00,127.00,  0.00,  0.00,146.00, 82.00,177.00,176.00,  4.00,  4.00,  0.00,
23.750,  0.00,156.00,205.00,175.00,173.00,182.00,185.00, 11.00,168.00, 78.00,100.00,106.00,  0.00,166.00,190.00,165.00,162.00,204.00,177.00,104.00,191.00,  0.00, 76.00,  0.00,198.00,193.00,182.00,164.00,  0.00,167.00,101.00,161.00,151.00,149.00,106.00, 84.00,175.00,  0.00,  0.00,  0.00,  0.00,  0.00, 82.00,136.00,128.00, 93.00,147.00, 54.00, 57.00,  5.00,173.00,197.00,  0.00,  0.00, 35.00, 54.00,  0.00,172.00,147.00,125.00,151.00,  0.00,  0.00,  0.00,126.00,  3.00,125.00,189.00,182.00,110.00,  0.00,133.00, 38.00,  0.00,178.00,  0.00,179.00,168.00,  0.00, 33.00, 38.00,159.00,114.00, 62.00, 49.00,126.00,125.00,  0.00,  0.00,145.00, 80.00,175.00,174.00,  2.00,  2.00,  0.00,
24.000,  0.00,156.00,207.00,183.00,174.00,183.00,185.00, 11.00,168.00, 78.00,100.00,106.00,  0.00,166.00,190.00,165.00,162.00,204.00,177.00,104.00,191.00,  0.00, 76.00,  0.00,199.00,196.00,184.00,164.00,  0.00,167.00,105.00,162.00,151.00,149.00,106.00, 84.00,182.00,  0.00,  0.00,  0.00,  0.00,  0.00, 82.00,137.00,129.00, 93.00,147.00, 54.00, 65.00,  5.00,173.00,199.00,  0.00,  0.00, 35.00, 54.00,  0.00,174.00,147.00,125.00,152.00,  0.00,  0.00,  0.00,129.00,  3.00,130.00,189.00,182.00,110.00,  0.00,133.00, 38.00,  0.00,180.00,  0.00,179.00,168.00,  0.00, 33.00, 38.00,159.00,114.00, 62.00, 49.00,126.00,125.00,  0.00,  0.00,146.00, 80.00,175.00,174.00,  2.00,  2.00,  0.00,
24.250,  0.00,157.00,208.00,183.00,175.00,185.00,185.00, 11.00,168.00, 81.00,100.00,106.00,  0.00,166.00,190.00,165.00,164.00,204.00,178.00,105.00,191.00,  0.00, 76.00,  0.00,199.00,196.00,185.00,165.00,  0.00,169.00,109.00,163.00,154.00,151.00,108.00, 84.00,182.00,  0.00,  0.00,  0.00,  0.00,  0.00, 85.00,137.00,133.00, 98.00,147.00, 54.00, 65.00,  5.00,175.00,199.00,  0.00,  0.00, 35.00, 57.00,  0.00,175.00,147.00,125.00,152.00,  0.00,  0.00,  0.00,129.00,  3.00,130.00,189.00,182.00,110.00,  0.00,133.00, 38.00,  0.00,180.00,  0.00,181.00,170.00,  0.00, 33.00, 38.00,162.00,114.00, 62.00, 49.00,126.00,125.00,  0.00,  0.00,146.00, 83.00,175.00,174.00,  2.00,  2.00,  0.00,
24.500,  0.00,157.00,208.00,183.00,175.00,185.00,185.00, 11.00,168.00, 88.00,100.00,106.00,  0.00,166.00,190.00,165.00,164.00,204.00,178.00,105.00,191.00,  0.00, 76.00,  0.00,200.00,196.00,185.00,165.00,  0.00,170.00,110.00,163.00,154.00,151.00,109.00, 84.00,182.00,  0.00,  0.00,  0.00,  0.00,  0.00, 87.00,137.00,134.00,103.00,147.00, 54.00, 70.00,  5.00,175.00,199.00,  0.00,  0.00, 35.00, 61.00,  0.00,177.00,147.00,125.00,154.00,  0.00,  0.00,  0.00,131.00,  3.00,130.00,189.00,182.00,110.00,  0.00,133.00, 38.00,  0.00,180.00,  0.00,181.00,171.00,  0.00, 34.00, 38.00,163.00,114.00, 62.00, 49.00,126.00,125.00,  0.00,  0.00,146.00, 83.00,175.00,175.00,  2.00,  2.00,  0.00,
24.750,  0.00,157.00,209.00,183.00,175.00,185.00,185.00, 11.00,168.00, 97.00,100.00,106.00,  0.00,166.00,191.00,165.00,164.00,204.00,178.00,105.00,191.00,  0.00, 80.00,  0.00,200.00,196.00,185.00,165.00,  0.00,170.00,115.00,163.00,155.00,155.00,109.00, 84.00,182.00,  0.00,  0.00,  0.00,  0.00,  0.00, 87.00,137.00,136.00,108.00,147.00, 54.00, 70.00,  5.00,175.00,199.00,  0.00,  0.00, 35.00, 62.00,  0.00,177.00,147.00,125.00,154.00,  0.00,  0.00,  0.00,131.00,  3.00,130.00,189.00,182.00,110.00,  0.00,133.00, 38.00,  0.00,180.00,  0.00,183.00,172.00,  0.00, 34.00, 38.00,165.00,114.00, 62.00, 49.00,126.00,125.00,  0.00,  0.00,146.00, 88.00,175.00,175.00,  2.00,  2.00,  0.00,
25.000,  0.00,157.00,209.00,183.00,175.00,185.00,185.00, 11.00,168.00,101.00,100.00,106.00,  0.00,166.00,191.00,165.00,164.00,204.00,178.00,105.00,191.00,  0.00, 80.00,  0.00,200.00,196.00,185.00,165.00,  0.00,170.00,117.00,164.00,155.00,155.00,109.00, 84.00,182.00,  0.00,  0.00,  0.00,  0.00,  0.00, 88.00,138.00,140.00,108.00,147.00, 54.00, 71.00,  5.00,175.00,199.00,  0.00,  0.00, 35.00, 65.00,  0.00,177.00,147.00,125.00,154.00,  0.00,  0.00,  0.00,133.00,  3.00,133.00,190.00,183.00,110.00,  0.00,133.00, 38.00,  0.00,181.00,  0.00,184.00,172.00,  0.00, 34.00, 38.00,165.00,114.00, 62.00, 49.00,126.00,125.00,  0.00,  0.00,146.00, 88.00,175.00,175.00,  2.00,  2.00,  0.00,
25.250,  0.00,157.00,209.00,187.00,176.00,187.00,185.00, 11.00,168.00,106.00,100.00,106.00,  0.00,168.00,191.00,167.00,169.00,204.00,180.00,105.00,191.00,  0.00, 80.00,  0.00,200.00,196.00,185.00,165.00,  0.00,173.00,122.00,166.00,159.00,156.00,111.00, 84.00,182.00,  0.00,  0.00,  0.00,  0.00,  0.00, 88.00,142.00,142.00,108.00,147.00, 54.00, 74.00,  5.00,176.00,199.00,  0.00,  0.00, 35.00, 67.00,  0.00,177.00,147.00,125.00,154.00,  0.00,  0.00,  0.00,133.00,  3.00,133.00,190.00,183.00,110.00,  0.00,133.00, 38.00,  0.00,181.00,  0.00,184.00,173.00,  0.00, 34.00, 38.00,167.00,114.00, 62.00, 49.00,126.00,125.00,  0.00,  0.00,146.00, 90.00,175.00,175.00,  2.00,  2.00,  0.00,
25.500,  0.00,157.00,210.00,187.00,176.00,187.00,185.00, 11.00,168.00,112.00,100.00,106.00,  0.00,168.00,191.00,167.00,169.00,204.00,180.00,105.00,191.00,  0.00, 80.00,  0.00,200.00,196.00,185.00,165.00,  0.00,173.00,123.00,167.00,159.00,157.00,111.00, 84.00,182.00,  0.00,  0.00,  0.00,  0.00,  0.00, 90.00,142.00,142.00,111.00,147.00, 54.00, 75.00,  5.00,176.00,199.00,  0.00,  0.00, 35.00, 69.00,  0.00,177.00,147.00,125.00,154.00,  0.00,  0.00,  0.00,133.00,  3.00,134.00,190.00,183.00,110.00,  0.00,133.00, 38.00,  0.00,181.00,  0.00,184.00,176.00,  0.00, 34.00, 38.00,167.00,114.00, 62.00, 49.00,126.00,125.00,  0.00,  0.00,146.00, 90.00,175.00,175.00,  2.00,  2.00,  0.00,
25.750,  0.00,158.00,210.00,187.00,176.00,187.00,185.00, 11.00,168.00,115.00,100.00,106.00,  0.00,168.00,191.00,167.00,169.00,204.00,180.00,105.00,191.00,  0.00, 80.00,  0.00,200.00,198.00,185.00,165.00,  0.00,173.00,126.00,169.00,160.00,157.00,111.00, 84.00,183.00,  0.00,  0.00,  0.00,  0.00,  0.00, 90.00,142.00,146.00,113.00,147.00, 54.00, 78.00,  5.00,176.00,199.00,  0.00,  0.00, 35.00, 70.00,  0.00,178.00,147.00,125.00,154.00,  0.00,  0.00,  0.00,135.00,  3.00,136.00,191.00,183.00,110.00,  0.00,133.00, 38.00,  0.00,182.00,  0.00,186.00,176.00,  0.00, 35.00, 38.00,167.00,114.00, 62.00, 49.00,126.00,125.00,  0.00,  0.00,146.00, 90.00,175.00,175.00,  2.00,  2.00,  0.00,
26.000,  0.00,159.00,211.00,187.00,176.00,189.00,185.00, 11.00,168.00,127.00,100.00,106.00,  0.00,168.00,191.00,170.00,170.00,204.00,181.00,110.00,193.00,  0.00, 82.00,  0.00,200.00,198.00,186.00,166.00,  0.00,173.00,129.00,171.00,162.00,159.00,114.00, 84.00,183.00,  0.00,  0.00,  0.00,  0.00,  0.00, 92.00,142.00,148.00,119.00,147.00, 54.00, 84.00,  5.00,177.00,199.00,  0.00,  0.00, 35.00, 75.00,  0.00,178.00,147.00,125.00,156.00,  0.00,  0.00,  0.00,139.00,  3.00,137.00,191.00,183.00,110.00,  0.00,133.00, 38.00,  0.00,182.00,  0.00,186.00,176.00,  0.00, 39.00, 38.00,171.00,114.00, 62.00, 49.00,126.00,125.00,  0.00,  0.00,146.00, 99.00,175.00,176.00,  2.00,  2.00,  0.00,
26.250,  0.00,159.00,211.00,187.00,176.00,189.00,185.00, 11.00,168.00,132.00,100.00,106.00,  0.00,168.00,192.00,170.00,170.00,205.00,181.00,110.00,193.00,  0.00, 82.00,  0.00,200.00,198.00,186.00,166.00,  0.00,175.00,130.00,171.00,162.00,160.00,114.00, 84.00,183.00,  0.00,  0.00,  0.00,  0.00,  0.00, 94.00,142.00,148.00,120.00,147.00, 54.00, 86.00,  5.00,177.00,199.00,  0.00,  0.00, 35.00, 77.00,  0.00,179.00,147.00,125.00,158.00,  0.00,  0.00,  0.00,141.00,  3.00,138.00,191.00,183.00,110.00,  0.00,133.00, 38.00,  0.00,182.00,  0.00,187.00,177.00,  0.00, 42.00, 38.00,173.00,114.00, 62.00, 49.00,126.00,125.00,  0.00,  0.00,146.00,103.00,175.00,177.00,  2.00,  2.00,  0.00,
26.500,  0.00,159.00,212.00,187.00,176.00,189.00,185.00, 11.00,168.00,132.00,100.00,106.00,  0.00,168.00,192.00,170.00,170.00,205.00,181.00,110.00,193.00,  0.00, 82.00,  0.00,201.00,198.00,186.00,166.00,  0.00,176.00,131.00,171.00,162.00,160.00,114.00, 84.00,183.00,  0.00,  0.00,  0.00,  0.00,  0.00, 94.00,142.00,149.00,120.00,147.00, 54.00, 87.00,  5.00,179.00,199.00,  0.00,  0.00, 35.00, 77.00,  0.00,179.00,147.00,125.00,158.00,  0.00,  0.00,  0.00,145.00,  3.00,139.00,191.00,183.00,110.00,  0.00,133.00, 38.00,  0.00,182.00,  0.00,187.00,177.00,  0.00, 42.00, 38.00,173.00,114.00, 62.00, 49.00,126.00,125.00,  0.00,  0.00,146.00,103.00,175.00,177.00,  2.00,  2.00,  0.00,
26.750,  0.00,159.00,212.00,187.00,176.00,189.00,185.00, 11.00,168.00,140.00,101.00,106.00,  0.00,168.00,192.00,172.00,170.00,205.00,181.00,111.00,193.00,  0.00, 85.00,  0.00,201.00,198.00,186.00,166.00,  0.00,176.00,134.00,171.00,163.00,163.00,115.00, 84.00,184.00,  0.00,  0.00,  0.00,  0.00,  0.00, 96.00,142.00,151.00,124.00,148.00, 54.00, 91.00,  5.00,179.00,199.00,  0.00,  0.00, 35.00, 81.00,  0.00,180.00,147.00,125.00,161.00,  0.00,  0.00,  0.00,149.00,  3.00,141.00,191.00,183.00,110.00,  0.00,133.00, 38.00,  0.00,182.00,  0.00,187.00,177.00,  0.00, 47.00, 38.00,173.00,114.00, 62.00, 49.00,126.00,125.00,  0.00,  0.00,146.00,107.00,175.00,178.00,  2.00,  2.00,  0.00,
27.000,  0.00,159.00,212.00,187.00,176.00,189.00,185.00, 11.00,168.00,140.00,106.00,106.00,  0.00,168.00,192.00,172.00,170.00,205.00,181.00,111.00,193.00,  0.00, 85.00,  0.00,203.00,198.00,186.00,166.00,  0.00,178.00,138.00,172.00,163.00,163.00,115.00, 84.00,188.00,  0.00,  0.00,  0.00,  0.00,  0.00, 97.00,142.00,153.00,125.00,148.00, 54.00,103.00,  5.00,179.00,201.00,  0.00,  0.00, 35.00, 85.00,  0.00,183.00,147.00,125.00,165.00,  0.00,  0.00,  0.00,156.00,  3.00,145.00,192.00,183.00,111.00,  0.00,133.00, 38.00,  0.00,183.00,  0.00,189.00,180.00,  0.00, 59.00, 39.00,173.00,114.00, 62.00, 49.00,126.00,125.00,  0.00,  0.00,147.00,107.00,175.00,180.00,  2.00,  2.00,  0.00,
27.250,  0.00,162.00,216.00,195.00,180.00,194.00,185.00, 11.00,168.00,149.00,106.00,106.00,  0.00,172.00,195.00,177.00,177.00,207.00,185.00,115.00,194.00,  0.00, 85.00,  0.00,203.00,199.00,188.00,168.00,  0.00,179.00,142.00,176.00,168.00,164.00,118.00, 84.00,188.00,  0.00,  0.00,  0.00,  0.00,  0.00,100.00,147.00,158.00,126.00,148.00, 54.00,103.00,  5.00,181.00,201.00,  0.00,  0.00, 35.00, 87.00,  0.00,183.00,147.00,125.00,165.00,  0.00,  0.00,  0.00,158.00,  3.00,147.00,192.00,184.00,111.00,  0.00,133.00, 38.00,  0.00,184.00,  0.00,189.00,180.00,  0.00, 59.00, 39.00,175.00,114.00, 62.00, 49.00,126.00,125.00,  0.00,  0.00,147.00,111.00,175.00,180.00,  2.00,  2.00,  0.00,
27.500,  0.00,162.00,216.00,195.00,180.00,194.00,185.00, 11.00,168.00,149.00,106.00,106.00,  0.00,172.00,195.00,177.00,177.00,207.00,185.00,115.00,194.00,  0.00, 85.00,  0.00,203.00,199.00,188.00,168.00,  0.00,180.00,142.00,176.00,168.00,164.00,118.00, 84.00,189.00,  0.00,  0.00,  0.00,  0.00,  0.00,100.00,147.00,158.00,128.00,148.00, 54.00,105.00,  5.00,181.00,202.00,  0.00,  0.00, 35.00, 88.00,  0.00,184.00,147.00,125.00,165.00,  0.00,  0.00,  0.00,161.00,  3.00,149.00,193.00,184.00,111.00,  0.00,133.00, 38.00,  0.00,184.00,  0.00,190.00,180.00,  0.00, 60.00, 39.00,175.00,114.00, 62.00, 49.00,126.00,125.00,  0.00,  0.00,148.00,111.00,175.00,180.00,  2.00,  2.00,  0.00,
27.750,  0.00,162.00,216.00,195.00,180.00,194.00,185.00, 11.00,168.00,154.00,106.00,106.00,  0.00,172.00,195.00,177.00,177.00,207.00,185.00,115.00,195.00,  0.00, 86.00,  0.00,203.00,199.00,188.00,168.00,  0.00,180.00,142.00,176.00,168.00,164.00,118.00, 84.00,189.00,  0.00,  0.00,  0.00,  0.00,  0.00,100.00,147.00,158.00,129.00,149.00, 54.00,105.00,  5.00,181.00,202.00,  0.00,  0.00, 35.00, 88.00,  0.00,184.00,147.00,125.00,165.00,  0.00,  0.00,  0.00,161.00,  3.00,149.00,193.00,184.00,111.00,  0.00,133.00, 38.00,  0.00,184.00,  0.00,190.00,180.00,  0.00, 60.00, 39.00,175.00,114.00, 62.00, 49.00,126.00,125.00,  0.00,  0.00,148.00,115.00,175.00,180.00,  7.00,  2.00,  0.00,
28.000,  0.00,161.00,215.00,194.00,179.00,193.00,184.00, 10.00,167.00,154.00,105.00,105.00,  0.00,171.00,194.00,176.00,176.00,206.00,184.00,114.00,194.00,  0.00, 85.00,  0.00,202.00,198.00,187.00,167.00,  0.00,180.00,141.00,176.00,167.00,163.00,117.00, 83.00,188.00,  0.00,  0.00,  0.00,  0.00,  0.00,100.00,146.00,157.00,130.00,148.00, 53.00,104.00,  4.00,180.00,201.00,  0.00,  0.00, 34.00, 91.00,  0.00,184.00,146.00,124.00,164.00,  0.00,  0.00,  0.00,163.00,  2.00,148.00,192.00,183.00,110.00,  0.00,132.00, 37.00,  0.00,183.00,  0.00,189.00,181.00,  0.00, 59.00, 38.00,174.00,113.00, 61.00, 48.00,125.00,124.00,  0.00,  0.00,147.00,114.00,174.00,179.00,  6.00,  1.00,  0.00,
28.250,  0.00,161.00,215.00,194.00,179.00,193.00,184.00, 10.00,167.00,154.00,105.00,105.00,  0.00,171.00,194.00,176.00,176.00,206.00,184.00,114.00,194.00,  0.00, 85.00,  0.00,202.00,198.00,187.00,167.00,  0.00,180.00,141.00,176.00,167.00,163.00,117.00, 83.00,188.00,  0.00,  0.00,  0.00,  0.00,  0.00,100.00,146.00,157.00,130.00,148.00, 53.00,104.00,  4.00,180.00,201.00,  0.00,  0.00, 34.00, 91.00,  0.00,184.00,146.00,124.00,165.00,  0.00,  0.00,  0.00,163.00,  2.00,148.00,192.00,183.00,110.00,  0.00,132.00, 37.00,  0.00,183.00,  0.00,189.00,181.00,  0.00, 59.00, 38.00,174.00,113.00, 61.00, 48.00,125.00,124.00,  0.00,  0.00,147.00,114.00,174.00,179.00,  6.00,  1.00,  0.00,
28.500,  0.00,161.00,215.00,194.00,179.00,193.00,184.00, 10.00,167.00,161.00,105.00,105.00,  0.00,171.00,194.00,176.00,176.00,206.00,184.00,114.00,194.00,  0.00, 85.00,  0.00,202.00,198.00,187.00,167.00,  0.00,180.00,141.00,176.00,167.00,163.00,117.00, 83.00,188.00,  0.00,  0.00,  0.00,  0.00,  0.00,100.00,146.00,157.00,133.00,149.00, 53.00,104.00,  4.00,180.00,201.00,  0.00,  0.00, 34.00, 92.00,  0.00,184.00,146.00,124.00,166.00,  0.00,  0.00,  0.00,164.00,  2.00,148.00,192.00,183.00,110.00,  0.00,132.00, 37.00,  0.00,183.00,  0.00,189.00,181.00,  0.00, 59.00, 38.00,174.00,113.00, 61.00, 48.00,125.00,124.00,  0.00,  0.00,147.00,120.00,174.00,180.00, 13.00,  1.00,  0.00,
28.750,  0.00,161.00,215.00,195.00,179.00,194.00,184.00, 10.00,167.00,161.00,105.00,105.00,  0.00,171.00,194.00,176.00,176.00,207.00,184.00,114.00,194.00,  0.00, 85.00,  0.00,202.00,202.00,187.00,167.00,  0.00,184.00,149.00,180.00,169.00,166.00,117.00, 83.00,192.00,  0.00,  0.00,  0.00,  0.00,  0.00,102.00,146.00,164.00,136.00,149.00, 53.00,107.00,  4.00,180.00,202.00,  0.00,  0.00, 34.00, 96.00,  0.00,186.00,146.00,124.00,167.00,  0.00,  0.00,  0.00,172.00,  2.00,152.00,193.00,184.00,110.00,  0.00,132.00, 37.00,  0.00,186.00,  0.00,192.00,184.00,  0.00, 66.00, 38.00,175.00,113.00, 61.00, 48.00,125.00,124.00,  0.00,  0.00,147.00,120.00,174.00,180.00, 13.00,  1.00,  0.00,
29.000,  0.00,161.00,215.00,196.00,180.00,196.00,184.00, 10.00,167.00,161.00,105.00,105.00,  0.00,171.00,194.00,176.00,176.00,207.00,184.00,114.00,194.00,  0.00, 85.00,  0.00,202.00,203.00,187.00,167.00,  0.00,185.00,149.00,180.00,171.00,166.00,117.00, 83.00,192.00,  0.00,  0.00,  0.00,  0.00,  0.00,102.00,147.00,165.00,136.00,149.00, 53.00,107.00,  4.00,182.00,202.00,  0.00,  0.00, 34.00, 98.00,  0.00,186.00,146.00,124.00,167.00,  0.00,  0.00,  0.00,174.00,  2.00,155.00,194.00,185.00,110.00,  0.00,132.00, 37.00,  0.00,187.00,  0.00,192.00,184.00,  0.00, 67.00, 38.00,175.00,113.00, 61.00, 48.00,125.00,124.00,  0.00,  0.00,147.00,120.00,174.00,180.00, 13.00,  1.00,  0.00,
29.250,  0.00,160.00,214.00,195.00,179.00,195.00,183.00, 11.00,166.00,164.00,104.00,104.00,  0.00,170.00,193.00,177.00,175.00,206.00,183.00,116.00,194.00,  0.00, 84.00,  0.00,201.00,202.00,186.00,168.00,  0.00,184.00,149.00,179.00,170.00,168.00,117.00, 82.00,191.00,  0.00,  0.00,  0.00,  0.00,  0.00,104.00,147.00,165.00,136.00,150.00, 52.00,106.00,  3.00,181.00,201.00,  0.00,  0.00, 33.00,100.00,  0.00,185.00,145.00,123.00,166.00,  0.00,  0.00,  0.00,173.00,  1.00,154.00,193.00,184.00,109.00,  0.00,131.00, 36.00,  0.00,186.00,  0.00,191.00,185.00,  0.00, 66.00, 37.00,175.00,112.00, 60.00, 47.00,124.00,123.00,  0.00,  0.00,146.00,119.00,173.00,179.00, 12.00,  0.00,  0.00,
29.500,  0.00,160.00,214.00,195.00,179.00,195.00,183.00, 12.00,166.00,168.00,104.00,104.00,  0.00,170.00,193.00,178.00,175.00,206.00,183.00,117.00,194.00,  0.00, 84.00,  0.00,201.00,202.00,186.00,169.00,  0.00,184.00,149.00,180.00,170.00,168.00,118.00, 82.00,191.00,  0.00,  0.00,  0.00,  0.00,  0.00,105.00,147.00,165.00,137.00,150.00, 52.00,106.00,  3.00,181.00,201.00,  0.00,  0.00, 33.00,102.00,  0.00,186.00,145.00,123.00,166.00,  0.00,  0.00,  0.00,173.00,  1.00,154.00,193.00,184.00,109.00,  0.00,131.00, 36.00,  0.00,186.00,  0.00,191.00,186.00,  0.00, 66.00, 37.00,176.00,112.00, 60.00, 47.00,124.00,123.00,  0.00,  0.00,146.00,119.00,173.00,179.00, 12.00,  0.00,  0.00,
29.750,  0.00,159.00,213.00,194.00,178.00,194.00,182.00, 11.00,165.00,167.00,104.00,103.00,  0.00,169.00,192.00,177.00,174.00,205.00,182.00,116.00,194.00,  0.00, 83.00,  0.00,202.00,201.00,185.00,168.00,  0.00,183.00,149.00,179.00,169.00,167.00,117.00, 81.00,190.00,  0.00,  0.00,  0.00,  0.00,  0.00,104.00,146.00,164.00,137.00,150.00, 51.00,105.00,  2.00,180.00,200.00,  0.00,  0.00, 32.00,103.00,  0.00,185.00,144.00,122.00,165.00,  0.00,  0.00,  0.00,173.00,  0.00,153.00,192.00,183.00,108.00,  0.00,130.00, 35.00,  0.00,185.00,  0.00,191.00,186.00,  0.00, 69.00, 37.00,175.00,111.00, 59.00, 46.00,123.00,122.00,  0.00,  0.00,145.00,119.00,172.00,178.00, 11.00,  0.00,  0.00,
30.000,  0.00,159.00,213.00,194.00,178.00,194.00,182.00, 11.00,165.00,168.00,104.00,103.00,  0.00,169.00,192.00,177.00,174.00,205.00,182.00,116.00,194.00,  2.00, 83.00,  0.00,202.00,201.00,185.00,168.00,  0.00,183.00,149.00,179.00,169.00,167.00,117.00, 81.00,190.00,  0.00,  0.00,  0.00,  0.00,  0.00,104.00,146.00,164.00,137.00,152.00, 51.00,105.00,  2.00,180.00,200.00,  0.00,  0.00, 32.00,105.00,  0.00,185.00,146.00,122.00,169.00,  0.00,  0.00,  0.00,173.00,  0.00,153.00,192.00,183.00,108.00,  0.00,130.00, 35.00,  0.00,185.00,  0.00,192.00,186.00,  0.00, 73.00, 40.00,176.00,111.00, 59.00, 46.00,123.00,122.00,  0.00,  0.00,147.00,126.00,175.00,178.00, 20.00,  0.00,  0.00,
30.250,  0.00,159.00,213.00,194.00,178.00,194.00,182.00, 11.00,165.00,168.00,106.00,103.00,  0.00,169.00,192.00,177.00,174.00,205.00,182.00,116.00,194.00,  2.00, 83.00,  0.00,202.00,201.00,185.00,168.00,  0.00,183.00,149.00,179.00,169.00,167.00,117.00, 81.00,191.00,  0.00,  0.00,  0.00,  0.00,  0.00,104.00,146.00,164.00,137.00,152.00, 51.00,109.00,  2.00,180.00,200.00,  0.00,  0.00, 32.00,106.00,  0.00,186.00,146.00,122.00,173.00,  0.00,  0.00,  0.00,175.00,  0.00,153.00,192.00,183.00,109.00,  0.00,130.00, 35.00,  0.00,185.00,  0.00,192.00,187.00,  0.00, 81.00, 43.00,177.00,111.00, 59.00, 46.00,123.00,122.00,  0.00,  0.00,150.00,126.00,175.00,178.00, 21.00,  0.00,  0.00,
30.500,  0.00,159.00,213.00,194.00,178.00,194.00,182.00, 11.00,165.00,168.00,106.00,103.00,  0.00,169.00,192.00,177.00,174.00,205.00,182.00,116.00,194.00,  2.00, 83.00,  0.00,202.00,201.00,185.00,168.00,  0.00,185.00,151.00,179.00,169.00,167.00,117.00, 81.00,191.00,  0.00,  0.00,  0.00,  0.00,  0.00,104.00,146.00,166.00,137.00,152.00, 51.00,109.00,  2.00,180.00,200.00,  0.00,  0.00, 32.00,106.00,  0.00,187.00,146.00,122.00,173.00,  0.00,  0.00,  0.00,178.00,  0.00,157.00,192.00,183.00,109.00,  0.00,130.00, 35.00,  0.00,185.00,  0.00,192.00,187.00,  0.00, 81.00, 43.00,177.00,111.00, 59.00, 46.00,123.00,122.00,  0.00,  0.00,150.00,126.00,175.00,178.00, 21.00,  0.00,  0.00,
30.750,  0.00,159.00,214.00,194.00,178.00,194.00,182.00, 11.00,165.00,172.00,106.00,103.00,  0.00,169.00,192.00,179.00,174.00,206.00,182.00,117.00,194.00,  4.00, 83.00,  0.00,203.00,201.00,185.00,168.00,  0.00,186.00,153.00,182.00,170.00,167.00,119.00, 81.00,191.00,  0.00,  0.00,  0.00,  0.00,  0.00,109.00,147.00,168.00,141.00,152.00, 51.00,109.00,  2.00,180.00,200.00,  0.00,  0.00, 32.00,108.00,  0.00,188.00,146.00,122.00,173.00,  0.00,  0.00,  0.00,178.00,  0.00,157.00,192.00,183.00,109.00,  0.00,130.00, 35.00,  0.00,185.00,  0.00,192.00,190.00,  0.00, 81.00, 43.00,177.00,111.00, 59.00, 46.00,123.00,122.00,  0.00,  0.00,150.00,126.00,175.00,178.00, 21.00,  0.00,  0.00,
31.000,  0.00,162.00,217.00,194.00,180.00,197.00,183.00, 11.00,165.00,173.00,106.00,103.00,  0.00,170.00,193.00,181.00,178.00,208.00,187.00,120.00,194.00,  4.00, 83.00,  0.00,203.00,201.00,186.00,168.00,  0.00,187.00,156.00,184.00,176.00,169.00,120.00, 81.00,191.00,  0.00,  0.00,  0.00,  0.00,  0.00,109.00,149.00,171.00,141.00,152.00, 51.00,109.00,  2.00,181.00,200.00,  0.00,  0.00, 32.00,109.00,  0.00,188.00,146.00,122.00,173.00,  0.00,  0.00,  0.00,181.00,  0.00,158.00,192.00,183.00,109.00,  0.00,130.00, 35.00,  0.00,185.00,  0.00,192.00,190.00,  0.00, 81.00, 43.00,177.00,111.00, 59.00, 46.00,123.00,122.00,  0.00,  0.00,150.00,126.00,175.00,178.00, 21.00,  0.00,  0.00,
31.250,  0.00,163.00,217.00,196.00,181.00,200.00,184.00, 14.00,165.00,175.00,106.00,103.00,  0.00,171.00,194.00,183.00,181.00,208.00,190.00,124.00,195.00,  6.00, 83.00,  0.00,203.00,201.00,187.00,168.00,  0.00,187.00,158.00,185.00,177.00,169.00,124.00, 81.00,191.00,  0.00,  0.00,  0.00,  0.00,  0.00,109.00,149.00,172.00,143.00,152.00, 51.00,109.00,  2.00,181.00,200.00,  0.00,  0.00, 32.00,112.00,  0.00,188.00,146.00,122.00,173.00,  0.00,  0.00,  0.00,181.00,  0.00,158.00,192.00,183.00,109.00,  0.00,130.00, 35.00,  0.00,185.00,  0.00,193.00,191.00,  0.00, 81.00, 43.00,177.00,111.00, 59.00, 46.00,123.00,122.00,  0.00,  0.00,150.00,128.00,175.00,178.00, 21.00,  0.00,  0.00,
31.500,  0.00,163.00,217.00,196.00,181.00,200.00,184.00, 15.00,165.00,179.00,106.00,103.00,  0.00,171.00,194.00,183.00,181.00,208.00,190.00,124.00,197.00, 10.00, 83.00,  0.00,203.00,201.00,187.00,169.00,  0.00,188.00,158.00,185.00,177.00,170.00,125.00, 81.00,191.00,  0.00,  0.00,  0.00,  0.00,  0.00,109.00,149.00,173.00,144.00,153.00, 51.00,109.00,  2.00,181.00,200.00,  0.00,  0.00, 32.00,115.00,  0.00,188.00,147.00,122.00,173.00,  0.00,  0.00,  0.00,181.00,  0.00,158.00,192.00,183.00,109.00,  0.00,130.00, 35.00,  0.00,185.00,  0.00,195.00,192.00,  0.00, 84.00, 43.00,177.00,111.00, 59.00, 46.00,123.00,122.00,  0.00,  0.00,150.00,131.00,177.00,178.00, 27.00,  0.00,  0.00,


