Data File    , C:\Program Files\Biolog\OL_DC_23\PMX\Data_2013\06\PMX_443_130618_A_42.OKA
Set up Time  ,Jun 18 2013 11:10 AM
Position     ,21-B
Plate Type   ,PM 1-
Strain Type  ,---
Sample Number,
Strain Name  ,E coli O157:H7
Strain Number,
Other        ,PM1 8c-ECI-2602

Hour,  A01,  A02,  A03,  A04,  A05,  A06,  A07,  A08,  A09,  A10,  A11,  A12,  B01,  B02,  B03,  B04,  B05,  B06,  B07,  B08,  B09,  B10,  B11,  B12,  C01,  C02,  C03,  C04,  C05,  C06,  C07,  C08,  C09,  C10,  C11,  C12,  D01,  D02,  D03,  D04,  D05,  D06,  D07,  D08,  D09,  D10,  D11,  D12,  E01,  E02,  E03,  E04,  E05,  E06,  E07,  E08,  E09,  E10,  E11,  E12,  F01,  F02,  F03,  F04,  F05,  F06,  F07,  F08,  F09,  F10,  F11,  F12,  G01,  G02,  G03,  G04,  G05,  G06,  G07,  G08,  G09,  G10,  G11,  G12,  H01,  H02,  H03,  H04,  H05,  H06,  H07,  H08,  H09,  H10,  H11,  H12,
 0.000,  0.00, 15.00,  0.00,  0.00,  0.00,  0.00,  0.00,  0.00,  0.00,  0.00,  0.00,  0.00,  0.00,  0.00,  0.00,  0.00,  0.00,  0.00,  0.00,  2.00,  0.00,  0.00,  0.00,  0.00,  0.00,  0.00,  0.00,  7.00,  0.00,  0.00,  0.00,  0.00,  0.00,  0.00,  0.00,  0.00,  0.00,  0.00,  0.00,  0.00,  0.00,  0.00,  0.00,  0.00,  0.00,  0.00,  0.00,  0.00,  0.00,  0.00,  0.00,  0.00,  0.00,  0.00,  0.00,  0.00,  0.00,  0.00,  0.00,  0.00,  0.00,  0.00,  0.00,  0.00,  0.00,  0.00,  0.00,  0.00,  0.00,  0.00,  0.00,  0.00,  0.00,  0.00,  0.00,  0.00,  0.00,  0.00,  0.00,  0.00,  0.00,  0.00,  0.00,  0.00,  0.00,  0.00,  0.00,  0.00,  0.00,  0.00,  0.00,  0.00,  0.00,  0.00,  0.00,  0.00,
 0.250,  0.00, 15.00,  0.00,  0.00,  0.00,  0.00,  0.00,  0.00,  0.00,  0.00,  0.00,  0.00,  0.00,  0.00,  0.00,  0.00,  0.00,  0.00,  0.00,  3.00,  0.00,  0.00,  0.00,  0.00,  0.00,  0.00,  0.00,  6.00,  0.00,  0.00,  0.00,  0.00,  0.00,  0.00,  0.00,  0.00,  0.00,  0.00,  0.00,  0.00,  0.00,  0.00,  0.00,  0.00,  0.00,  0.00,  0.00,  0.00,  0.00,  0.00,  0.00,  0.00,  0.00,  0.00,  0.00,  0.00,  0.00,  0.00,  0.00,  0.00,  0.00,  0.00,  0.00,  0.00,  0.00,  0.00,  0.00,  0.00,  0.00,  0.00,  0.00,  0.00,  0.00,  0.00,  0.00,  0.00,  0.00,  0.00,  0.00,  0.00,  0.00,  0.00,  0.00,  0.00,  0.00,  0.00,  0.00,  0.00,  0.00,  0.00,  0.00,  0.00,  0.00,  0.00,  0.00,  0.00,
 0.500,  0.00, 15.00,  0.00,  0.00,  0.00,  0.00,  0.00,  0.00,  0.00,  0.00,  3.00,  4.00,  0.00,  0.00,  0.00,  0.00,  0.00,  0.00,  0.00,  3.00,  0.00,  0.00,  0.00,  0.00,  0.00,  0.00,  0.00,  6.00,  0.00,  0.00,  0.00,  0.00,  0.00,  0.00,  0.00,  0.00,  0.00,  0.00,  0.00,  0.00,  0.00,  0.00,  0.00,  0.00,  0.00,  0.00,  0.00,  0.00,  0.00,  0.00,  0.00,  0.00,  0.00,  0.00,  0.00,  0.00,  0.00,  0.00,  0.00,  0.00,  0.00,  0.00,  0.00,  0.00,  0.00,  0.00,  0.00,  0.00,  0.00,  0.00,  0.00,  0.00,  0.00,  0.00,  0.00,  0.00,  0.00,  0.00,  0.00,  0.00,  0.00,  0.00,  0.00,  0.00,  0.00,  0.00,  0.00,  0.00,  0.00,  0.00,  0.00,  0.00,  0.00,  0.00,  0.00,  0.00,
 0.750,  0.00, 15.00,  0.00,  0.00,  0.00,  0.00,  0.00,  0.00,  0.00,  0.00,  1.00,  2.00,  0.00,  0.00,  0.00,  0.00,  0.00,  0.00,  0.00,  2.00,  0.00,  0.00,  0.00,  0.00,  0.00,  0.00,  0.00,  7.00,  0.00,  0.00,  0.00,  0.00,  0.00,  0.00,  0.00,  0.00,  0.00,  0.00,  0.00,  0.00,  0.00,  0.00,  0.00,  0.00,  0.00,  0.00,  0.00,  0.00,  0.00,  0.00,  0.00,  0.00,  0.00,  0.00,  0.00,  0.00,  0.00,  0.00,  0.00,  0.00,  0.00,  0.00,  0.00,  0.00,  0.00,  0.00,  0.00,  0.00,  0.00,  0.00,  0.00,  0.00,  0.00,  0.00,  0.00,  0.00,  0.00,  0.00,  0.00,  0.00,  0.00,  0.00,  0.00,  0.00,  0.00,  0.00,  0.00,  0.00,  0.00,  0.00,  0.00,  0.00,  0.00,  0.00,  0.00,  0.00,
 1.000,  0.00, 14.00,  0.00,  0.00,  0.00,  0.00,  0.00,  0.00,  0.00,  0.00,  4.00,  5.00,  0.00,  0.00,  0.00,  0.00,  0.00,  0.00,  0.00,  1.00,  0.00,  0.00,  0.00,  0.00,  0.00,  0.00,  0.00,  7.00,  0.00,  0.00,  0.00,  0.00,  0.00,  0.00,  0.00,  0.00,  0.00,  0.00,  0.00,  0.00,  0.00,  0.00,  0.00,  0.00,  0.00,  0.00,  0.00,  0.00,  0.00,  0.00,  0.00,  0.00,  0.00,  0.00,  0.00,  0.00,  0.00,  0.00,  0.00,  0.00,  0.00,  0.00,  0.00,  0.00,  0.00,  0.00,  0.00,  0.00,  0.00,  0.00,  0.00,  0.00,  0.00,  0.00,  0.00,  0.00,  0.00,  0.00,  0.00,  0.00,  0.00,  0.00,  0.00,  0.00,  0.00,  0.00,  0.00,  0.00,  0.00,  0.00,  0.00,  0.00,  0.00,  0.00,  0.00,  0.00,
 1.250,  0.00, 14.00,  0.00,  0.00,  0.00,  0.00,  0.00,  0.00,  0.00,  0.00,  1.00,  2.00,  0.00,  0.00,  0.00,  0.00,  0.00,  0.00,  0.00,  0.00,  0.00,  0.00,  0.00,  0.00,  0.00,  0.00,  0.00,  4.00,  0.00,  0.00,  0.00,  0.00,  0.00,  0.00,  0.00,  0.00,  0.00,  0.00,  0.00,  0.00,  0.00,  0.00,  0.00,  0.00,  0.00,  0.00,  0.00,  0.00,  0.00,  0.00,  0.00,  0.00,  0.00,  0.00,  0.00,  0.00,  0.00,  0.00,  0.00,  0.00,  0.00,  0.00,  0.00,  0.00,  0.00,  0.00,  0.00,  0.00,  0.00,  0.00,  0.00,  0.00,  0.00,  0.00,  0.00,  0.00,  0.00,  0.00,  0.00,  0.00,  0.00,  0.00,  0.00,  0.00,  0.00,  0.00,  0.00,  0.00,  0.00,  0.00,  0.00,  0.00,  0.00,  0.00,  0.00,  0.00,
 1.500,  0.00,  6.00,  0.00,  0.00,  0.00,  0.00,  0.00,  0.00,  0.00,  0.00,  5.00,  4.00,  0.00,  0.00,  0.00,  0.00,  0.00,  0.00,  0.00,  0.00,  0.00,  0.00,  0.00,  0.00,  0.00,  0.00,  0.00,  0.00,  0.00,  0.00,  0.00,  0.00,  0.00,  0.00,  0.00,  0.00,  0.00,  0.00,  0.00,  0.00,  0.00,  0.00,  0.00,  0.00,  0.00,  0.00,  0.00,  0.00,  0.00,  0.00,  0.00,  0.00,  0.00,  0.00,  0.00,  0.00,  0.00,  0.00,  0.00,  0.00,  0.00,  0.00,  0.00,  0.00,  0.00,  0.00,  0.00,  0.00,  0.00,  0.00,  0.00,  0.00,  0.00,  0.00,  0.00,  0.00,  0.00,  0.00,  0.00,  0.00,  0.00,  0.00,  0.00,  0.00,  0.00,  0.00,  0.00,  0.00,  0.00,  0.00,  0.00,  0.00,  0.00,  0.00,  0.00,  0.00,
 1.750,  0.00,  0.00,  0.00,  0.00,  0.00,  0.00,  0.00,  0.00,  0.00,  0.00,  0.00,  0.00,  0.00,  0.00,  0.00,  0.00,  0.00,  0.00,  0.00,  0.00,  0.00,  0.00,  0.00,  0.00,  0.00,  0.00,  0.00,  0.00,  0.00,  0.00,  0.00,  0.00,  0.00,  0.00,  0.00,  0.00,  0.00,  0.00,  0.00,  0.00,  0.00,  0.00,  0.00,  0.00,  0.00,  0.00,  0.00,  0.00,  0.00,  0.00,  0.00,  0.00,  0.00,  0.00,  0.00,  0.00,  0.00,  0.00,  0.00,  0.00,  0.00,  0.00,  0.00,  0.00,  0.00,  0.00,  0.00,  0.00,  0.00,  0.00,  0.00,  0.00,  0.00,  0.00,  0.00,  0.00,  0.00,  0.00,  0.00,  0.00,  0.00,  0.00,  0.00,  0.00,  0.00,  0.00,  0.00,  0.00,  0.00,  0.00,  0.00,  0.00,  0.00,  0.00,  0.00,  0.00,
 2.000,  0.00,  0.00,  0.00,  0.00,  0.00,  0.00,  0.00,  0.00,  0.00,  0.00,  0.00,  0.00,  0.00,  0.00,  0.00,  0.00,  0.00,  0.00,  0.00,  0.00,  0.00,  0.00,  0.00,  0.00,  0.00,  0.00,  0.00,  0.00,  0.00,  0.00,  0.00,  0.00,  0.00,  0.00,  0.00,  0.00,  0.00,  0.00,  0.00,  0.00,  0.00,  0.00,  0.00,  0.00,  0.00,  0.00,  0.00,  0.00,  0.00,  0.00,  0.00,  0.00,  0.00,  0.00,  0.00,  0.00,  0.00,  0.00,  0.00,  0.00,  0.00,  0.00,  0.00,  0.00,  0.00,  0.00,  0.00,  0.00,  0.00,  0.00,  0.00,  0.00,  0.00,  0.00,  0.00,  0.00,  0.00,  0.00,  0.00,  0.00,  0.00,  0.00,  0.00,  0.00,  0.00,  0.00,  0.00,  0.00,  0.00,  0.00,  0.00,  0.00,  0.00,  0.00,  0.00,  0.00,
 2.250,  0.00,  0.00,  0.00,  0.00,  0.00,  0.00,  0.00,  0.00,  0.00,  0.00,  0.00,  0.00,  0.00,  0.00,  0.00,  0.00,  0.00,  0.00,  0.00,  0.00,  0.00,  0.00,  0.00,  0.00,  0.00,  0.00,  0.00,  0.00,  0.00,  0.00,  0.00,  0.00,  0.00,  0.00,  0.00,  0.00,  0.00,  0.00,  0.00,  0.00,  0.00,  0.00,  0.00,  0.00,  0.00,  0.00,  0.00,  0.00,  0.00,  0.00,  0.00,  0.00,  0.00,  0.00,  0.00,  0.00,  0.00,  0.00,  0.00,  0.00,  0.00,  0.00,  0.00,  0.00,  0.00,  0.00,  0.00,  0.00,  0.00,  0.00,  0.00,  0.00,  0.00,  0.00,  0.00,  0.00,  0.00,  0.00,  0.00,  0.00,  0.00,  0.00,  0.00,  0.00,  0.00,  0.00,  0.00,  0.00,  0.00,  0.00,  0.00,  0.00,  0.00,  0.00,  0.00,  0.00,
 2.500,  0.00,  0.00,  0.00,  0.00,  0.00,  0.00,  0.00,  2.00,  0.00,  0.00,  0.00,  0.00,  0.00,  0.00,  1.00,  0.00,  0.00,  0.00,  2.00,  0.00,  1.00,  0.00,  0.00,  0.00,  0.00,  0.00,  0.00,  0.00,  0.00,  0.00,  0.00,  0.00,  0.00,  0.00,  0.00,  0.00,  0.00,  0.00,  0.00,  0.00,  0.00,  0.00,  0.00,  0.00,  0.00,  0.00,  0.00,  0.00,  0.00,  0.00,  0.00,  0.00,  0.00,  0.00,  0.00,  0.00,  0.00,  0.00,  0.00,  0.00,  0.00,  0.00,  0.00,  0.00,  0.00,  0.00,  0.00,  0.00,  0.00,  0.00,  0.00,  0.00,  0.00,  0.00,  0.00,  0.00,  0.00,  0.00,  0.00,  0.00,  0.00,  0.00,  0.00,  0.00,  0.00,  0.00,  2.00,  0.00,  0.00,  0.00,  0.00,  0.00,  0.00,  0.00,  0.00,  0.00,
 2.750,  0.00,  0.00,  0.00,  0.00,  0.00,  1.00,  0.00,  2.00,  0.00,  0.00,  0.00,  0.00,  0.00,  2.00,  6.00,  0.00,  0.00,  0.00,  6.00,  0.00,  3.00,  0.00,  0.00,  0.00,  0.00,  0.00,  0.00,  0.00,  0.00,  0.00,  0.00,  0.00,  0.00,  0.00,  0.00,  0.00,  0.00,  0.00,  0.00,  0.00,  0.00,  0.00,  0.00,  0.00,  0.00,  0.00,  0.00,  0.00,  0.00,  0.00,  0.00,  0.00,  0.00,  0.00,  0.00,  0.00,  0.00,  0.00,  0.00,  0.00,  1.00,  0.00,  0.00,  0.00,  0.00,  0.00,  0.00,  0.00,  0.00,  0.00,  0.00,  4.00,  0.00,  0.00,  0.00,  0.00,  0.00,  0.00,  0.00,  0.00,  0.00,  0.00,  0.00,  0.00,  0.00,  2.00,  5.00,  0.00,  0.00,  0.00,  0.00,  0.00,  0.00,  0.00,  0.00,  0.00,
 3.000,  0.00,  0.00,  0.00,  0.00,  6.00,  5.00,  0.00,  1.00,  0.00,  0.00,  0.00,  0.00,  0.00,  7.00, 11.00,  0.00,  0.00,  0.00, 16.00,  0.00,  9.00,  0.00,  0.00,  0.00,  0.00,  0.00,  2.00,  0.00,  0.00,  0.00,  0.00,  0.00,  0.00,  0.00,  0.00,  0.00,  0.00,  0.00,  0.00,  0.00,  0.00,  0.00,  0.00,  0.00,  0.00,  0.00,  0.00,  1.00,  0.00,  0.00,  0.00,  0.00,  0.00,  0.00,  0.00,  0.00,  0.00,  0.00,  0.00, 14.00,  6.00,  0.00,  0.00,  0.00,  0.00,  0.00,  0.00,  0.00,  0.00,  0.00,  0.00, 13.00,  4.00,  0.00,  0.00,  0.00,  0.00,  0.00,  0.00,  0.00,  0.00,  0.00,  0.00,  0.00,  0.00,  8.00, 14.00,  0.00,  0.00,  0.00,  0.00,  0.00,  0.00,  0.00,  0.00,  0.00,
 3.250,  0.00,  0.00,  0.00,  0.00,  8.00,  4.00,  3.00,  0.00,  0.00,  0.00,  0.00,  0.00,  0.00, 10.00, 14.00,  0.00,  0.00,  0.00, 22.00,  0.00, 15.00,  0.00,  0.00,  0.00,  0.00,  0.00,  6.00,  0.00,  0.00,  0.00,  0.00,  0.00,  0.00,  0.00,  0.00,  0.00,  0.00,  0.00,  0.00,  0.00,  0.00,  0.00,  0.00,  0.00,  0.00,  0.00,  0.00,  4.00,  0.00,  0.00,  0.00,  0.00,  0.00,  0.00,  0.00,  0.00,  0.00,  0.00,  0.00, 21.00, 11.00,  0.00,  0.00,  0.00,  0.00,  0.00,  0.00,  0.00,  0.00,  0.00,  0.00, 16.00,  8.00,  0.00,  0.00,  0.00,  0.00,  0.00,  0.00,  0.00,  0.00,  0.00,  0.00,  0.00,  7.00, 13.00, 18.00,  0.00,  0.00,  0.00,  0.00,  0.00,  0.00,  0.00,  0.00,  0.00,
 3.500,  0.00,  2.00,  0.00,  0.00, 13.00,  7.00,  4.00,  0.00,  0.00,  0.00,  0.00,  0.00,  0.00, 13.00, 17.00,  0.00,  0.00,  0.00, 30.00,  0.00, 19.00,  0.00,  0.00,  0.00,  0.00,  0.00, 10.00,  0.00,  0.00,  0.00,  0.00,  0.00,  0.00,  0.00,  0.00,  0.00,  1.00,  0.00,  0.00,  0.00,  0.00,  0.00,  0.00,  0.00,  0.00,  0.00,  0.00,  4.00,  0.00,  0.00,  0.00,  0.00,  0.00,  0.00,  0.00,  0.00,  0.00,  0.00,  0.00, 21.00, 11.00,  0.00,  0.00,  0.00,  0.00,  0.00,  0.00,  0.00,  0.00,  0.00,  0.00, 16.00, 10.00,  0.00,  0.00,  0.00,  0.00,  0.00,  0.00,  0.00,  0.00,  0.00,  4.00,  0.00,  7.00, 14.00, 20.00,  0.00,  0.00,  0.00,  0.00,  0.00,  0.00,  0.00,  0.00,  0.00,
 3.750,  0.00,  4.00,  0.00,  0.00, 17.00,  7.00,  7.00,  2.00,  8.00,  0.00,  0.00,  0.00,  0.00, 13.00, 27.00,  0.00,  0.00,  0.00, 37.00,  0.00, 26.00,  0.00,  0.00,  0.00,  0.00,  0.00, 13.00,  0.00,  0.00,  0.00,  0.00,  0.00,  0.00,  6.00,  0.00,  0.00,  7.00,  0.00,  0.00,  0.00,  0.00,  0.00,  0.00,  0.00,  0.00,  0.00,  0.00,  7.00,  0.00,  0.00,  0.00,  0.00,  0.00,  0.00,  0.00,  0.00,  0.00,  0.00,  6.00, 28.00, 14.00,  0.00,  0.00,  0.00,  0.00,  0.00,  0.00,  0.00,  0.00,  0.00,  0.00, 20.00, 16.00,  0.00,  1.00,  0.00,  0.00,  0.00,  0.00,  0.00,  0.00,  0.00,  7.00,  3.00, 11.00, 19.00, 24.00,  0.00,  0.00,  0.00,  0.00,  1.00,  0.00,  0.00,  0.00,  0.00,
 4.000,  0.00,  9.00,  0.00,  0.00, 22.00, 11.00, 16.00,  4.00, 15.00,  0.00,  1.00,  0.00,  0.00, 19.00, 38.00,  0.00,  0.00,  0.00, 45.00,  0.00, 32.00,  0.00,  0.00,  0.00,  0.00,  0.00, 21.00,  6.00,  0.00,  0.00,  0.00,  0.00,  0.00,  6.00,  1.00,  2.00, 14.00,  0.00,  0.00,  0.00,  0.00,  0.00,  0.00,  6.00,  0.00,  0.00,  0.00,  9.00,  0.00,  0.00,  0.00,  0.00,  0.00,  0.00,  0.00,  0.00,  0.00,  0.00, 13.00, 35.00, 23.00,  0.00,  0.00,  0.00,  1.00,  0.00,  0.00,  0.00,  0.00,  0.00,  0.00, 25.00, 22.00,  0.00, 11.00,  0.00,  1.00,  0.00,  0.00,  0.00,  0.00,  0.00, 15.00,  9.00, 19.00, 23.00, 32.00,  0.00,  0.00,  0.00,  0.00,  9.00,  0.00,  0.00,  0.00,  0.00,
 4.250,  0.00, 13.00,  1.00,  0.00, 27.00, 14.00, 20.00,  7.00, 20.00,  7.00,  8.00,  0.00,  0.00, 23.00, 44.00,  0.00,  0.00,  0.00, 54.00,  0.00, 36.00,  0.00,  0.00,  0.00, 12.00,  0.00, 23.00, 10.00,  0.00,  0.00,  0.00,  0.00,  0.00,  6.00,  2.00, 11.00, 18.00,  0.00,  0.00,  0.00,  0.00,  0.00,  0.00, 11.00,  0.00,  0.00,  5.00, 18.00,  0.00,  0.00,  0.00,  0.00,  0.00,  0.00,  0.00,  0.00,  0.00,  0.00, 18.00, 43.00, 23.00,  0.00,  0.00,  0.00,  4.00,  0.00,  0.00,  0.00,  0.00,  0.00,  0.00, 33.00, 24.00,  0.00, 15.00,  0.00,  4.00,  0.00,  0.00,  0.00,  0.00,  0.00, 15.00, 11.00, 20.00, 30.00, 32.00,  0.00,  0.00,  0.00,  0.00, 10.00,  1.00,  0.00,  0.00,  0.00,
 4.500,  0.00, 18.00,  5.00,  0.00, 29.00, 20.00, 20.00,  8.00, 27.00,  6.00, 11.00,  0.00,  0.00, 25.00, 49.00,  0.00,  0.00,  0.00, 58.00,  0.00, 37.00,  0.00,  0.00,  0.00, 35.00,  0.00, 26.00, 14.00,  0.00,  0.00,  0.00,  0.00,  0.00,  5.00,  1.00, 10.00, 22.00,  0.00,  0.00,  0.00,  0.00,  0.00,  0.00, 10.00,  0.00,  0.00,  6.00, 18.00,  0.00,  0.00,  0.00,  0.00,  0.00,  0.00,  0.00,  0.00,  0.00,  0.00, 20.00, 42.00, 22.00,  0.00,  0.00,  0.00,  6.00,  0.00,  0.00,  0.00,  0.00,  0.00,  0.00, 34.00, 24.00,  0.00, 20.00,  0.00,  9.00,  0.00,  0.00,  0.00,  0.00,  0.00, 16.00, 11.00, 21.00, 30.00, 34.00,  0.00,  0.00,  0.00,  0.00, 14.00,  1.00,  0.00,  0.00,  0.00,
 4.750,  0.00, 20.00,  7.00,  0.00, 32.00, 21.00, 23.00,  4.00, 31.00,  2.00,  7.00,  0.00,  0.00, 32.00, 53.00,  0.00,  0.00,  0.00, 67.00,  0.00, 40.00,  0.00,  0.00,  0.00, 70.00,  0.00, 28.00, 17.00,  0.00,  0.00,  0.00,  0.00,  0.00,  3.00,  0.00,  6.00, 26.00,  0.00,  0.00,  0.00,  0.00,  0.00,  0.00,  6.00,  0.00,  0.00,  4.00, 15.00,  0.00,  0.00,  0.00,  0.00,  0.00,  0.00,  0.00,  0.00,  0.00,  0.00, 23.00, 43.00, 18.00,  0.00,  0.00,  0.00,  8.00,  0.00,  0.00,  0.00,  0.00,  0.00,  0.00, 33.00, 26.00,  0.00, 25.00,  0.00, 12.00,  1.00,  0.00,  0.00,  0.00,  0.00, 17.00, 13.00, 24.00, 40.00, 37.00,  0.00,  0.00,  0.00,  0.00, 15.00,  4.00,  0.00,  0.00,  0.00,
 5.000,  0.00, 24.00, 12.00,  0.00, 40.00, 26.00, 28.00,  4.00, 35.00,  2.00,  7.00,  0.00,  0.00, 38.00, 62.00,  3.00,  0.00,  0.00, 71.00,  0.00, 44.00,  0.00,  0.00,  0.00,105.00,  0.00, 33.00, 24.00,  0.00,  0.00,  0.00,  0.00,  0.00,  7.00,  0.00,  8.00, 34.00,  0.00,  0.00,  0.00,  0.00,  0.00,  0.00, 12.00,  0.00,  0.00,  5.00, 17.00,  0.00,  0.00,  0.00,  0.00,  0.00,  0.00,  0.00,  0.00,  0.00,  0.00, 26.00, 45.00, 22.00,  0.00,  0.00,  0.00, 13.00,  0.00,  0.00,  0.00,  1.00,  0.00,  0.00, 34.00, 28.00,  0.00, 32.00,  0.00, 17.00,  4.00,  0.00,  0.00,  0.00,  0.00, 18.00, 14.00, 26.00, 41.00, 40.00,  0.00,  0.00,  0.00,  0.00, 21.00,  4.00,  0.00,  0.00,  0.00,
 5.250,  0.00, 25.00, 18.00,  0.00, 43.00, 32.00, 29.00,  6.00, 47.00,  3.00, 14.00,  0.00,  0.00, 42.00, 66.00,  8.00,  0.00,  0.00, 76.00,  4.00, 49.00,  0.00,  0.00,  0.00,124.00,  4.00, 39.00, 31.00,  0.00,  5.00,  0.00,  3.00,  0.00, 11.00,  4.00, 17.00, 39.00,  0.00,  0.00,  0.00,  0.00,  0.00,  0.00, 12.00,  0.00,  0.00, 12.00, 23.00,  0.00,  0.00,  0.00,  0.00,  0.00,  0.00,  0.00,  0.00,  0.00,  0.00, 30.00, 52.00, 24.00,  0.00,  0.00,  0.00, 16.00,  0.00,  0.00,  2.00,  6.00,  0.00,  0.00, 41.00, 28.00,  0.00, 40.00,  0.00, 27.00, 10.00,  0.00,  1.00,  3.00,  0.00, 23.00, 17.00, 32.00, 44.00, 46.00,  0.00,  0.00,  0.00,  0.00, 26.00, 10.00,  0.00,  0.00,  0.00,
 5.500,  0.00, 29.00, 23.00,  0.00, 44.00, 37.00, 31.00, 10.00, 56.00, 10.00, 16.00,  0.00,  0.00, 45.00, 74.00, 11.00,  0.00,  0.00, 79.00,  7.00, 53.00,  0.00,  0.00,  0.00,137.00,  8.00, 41.00, 34.00,  0.00,  7.00,  0.00,  5.00,  0.00, 17.00,  7.00, 18.00, 42.00,  0.00,  0.00,  0.00,  0.00,  0.00,  0.00, 12.00,  0.00,  0.00, 15.00, 25.00,  0.00,  0.00,  0.00, 16.00,  0.00,  0.00,  1.00,  0.00,  0.00,  0.00, 34.00, 55.00, 24.00,  0.00,  0.00,  0.00, 18.00,  0.00,  0.00,  6.00,  6.00,  0.00,  0.00, 45.00, 28.00,  0.00, 47.00,  0.00, 28.00, 14.00,  0.00,  5.00,  4.00,  0.00, 24.00, 19.00, 32.00, 44.00, 46.00,  0.00,  0.00,  0.00,  0.00, 29.00, 15.00,  0.00,  0.00,  0.00,
 5.750,  0.00, 34.00, 24.00,  0.00, 53.00, 42.00, 37.00, 11.00, 61.00, 12.00, 19.00,  0.00,  0.00, 52.00, 81.00, 17.00,  0.00,  6.00, 84.00, 14.00, 60.00,  0.00,  0.00,  0.00,150.00, 10.00, 47.00, 41.00,  0.00, 12.00,  0.00,  8.00,  0.00, 19.00,  7.00, 20.00, 49.00,  0.00,  0.00,  0.00,  0.00,  0.00,  0.00, 15.00,  0.00,  0.00, 20.00, 26.00,  0.00,  0.00,  0.00, 43.00,  0.00,  0.00,  1.00,  0.00,  0.00,  0.00, 38.00, 57.00, 31.00,  0.00,  0.00,  0.00, 28.00,  0.00,  0.00, 11.00, 14.00,  0.00,  0.00, 49.00, 32.00,  0.00, 52.00,  0.00, 36.00, 21.00,  0.00,  5.00,  5.00,  0.00, 27.00, 25.00, 37.00, 55.00, 54.00,  0.00,  0.00,  0.00,  0.00, 35.00, 16.00,  0.00,  0.00,  0.00,
 6.000,  0.00, 35.00, 21.00,  0.00, 58.00, 44.00, 41.00,  6.00, 56.00, 11.00, 14.00,  0.00,  0.00, 55.00, 80.00, 17.00,  0.00, 15.00, 87.00, 12.00, 67.00,  0.00,  0.00,  0.00,153.00, 12.00, 46.00, 42.00,  0.00, 12.00,  0.00,  8.00,  0.00, 15.00,  2.00, 15.00, 51.00,  0.00,  0.00,  0.00,  0.00,  0.00,  0.00, 15.00,  0.00,  0.00, 15.00, 21.00,  0.00,  0.00,  0.00, 61.00,  0.00,  0.00,  0.00,  0.00,  0.00,  0.00, 34.00, 52.00, 30.00,  0.00,  0.00,  0.00, 28.00,  0.00,  0.00,  9.00, 15.00,  0.00,  0.00, 44.00, 32.00,  0.00, 53.00,  0.00, 39.00, 21.00,  0.00,  0.00,  5.00,  0.00, 25.00, 24.00, 41.00, 68.00, 57.00,  0.00,  0.00,  0.00,  0.00, 38.00, 14.00,  0.00,  0.00,  0.00,
 6.250,  0.00, 38.00, 30.00,  0.00, 58.00, 53.00, 41.00, 11.00, 66.00, 17.00, 21.00,  0.00,  0.00, 55.00, 88.00, 22.00,  0.00, 34.00, 94.00, 19.00, 67.00,  0.00,  2.00,  0.00,158.00, 17.00, 52.00, 47.00,  0.00, 20.00,  0.00, 10.00,  0.00, 25.00, 13.00, 24.00, 54.00,  0.00,  0.00,  0.00,  0.00,  0.00,  0.00, 17.00,  2.00,  0.00, 23.00, 27.00,  0.00,  0.00,  0.00, 81.00,  0.00,  0.00,  3.00,  0.00,  0.00,  4.00, 37.00, 61.00, 30.00,  0.00,  0.00,  0.00, 28.00,  0.00,  0.00, 16.00, 15.00,  0.00,  0.00, 52.00, 32.00,  0.00, 62.00,  0.00, 41.00, 30.00,  0.00,  9.00,  8.00,  0.00, 32.00, 24.00, 41.00, 68.00, 57.00,  0.00,  0.00,  0.00,  0.00, 41.00, 24.00,  0.00,  0.00,  0.00,
 6.500,  0.00, 41.00, 31.00,  0.00, 58.00, 54.00, 41.00, 11.00, 66.00, 19.00, 21.00,  0.00,  0.00, 57.00, 92.00, 24.00,  0.00, 49.00, 95.00, 21.00, 69.00,  0.00,  2.00,  0.00,163.00, 18.00, 55.00, 53.00,  0.00, 22.00,  0.00, 10.00,  0.00, 25.00, 13.00, 24.00, 57.00,  0.00,  0.00,  0.00,  0.00,  0.00,  0.00, 19.00,  3.00,  0.00, 24.00, 27.00,  0.00,  0.00,  0.00, 97.00,  0.00,  0.00,  3.00,  0.00,  0.00,  4.00, 37.00, 61.00, 30.00,  0.00,  0.00,  0.00, 30.00,  0.00,  0.00, 17.00, 17.00,  0.00,  0.00, 52.00, 32.00,  0.00, 64.00,  0.00, 41.00, 31.00,  0.00,  9.00,  8.00,  0.00, 32.00, 24.00, 41.00, 68.00, 57.00,  0.00,  0.00,  0.00,  0.00, 43.00, 25.00,  0.00,  0.00,  0.00,
 6.750,  0.00, 45.00, 31.00,  0.00, 62.00, 59.00, 42.00, 11.00, 66.00, 19.00, 21.00,  0.00,  0.00, 62.00, 92.00, 25.00,  0.00, 64.00,100.00, 21.00, 78.00,  0.00,  2.00,  0.00,167.00, 21.00, 55.00, 54.00,  0.00, 22.00,  0.00, 12.00,  0.00, 25.00, 13.00, 24.00, 57.00,  0.00,  0.00,  0.00,  0.00,  0.00,  0.00, 21.00,  4.00,  0.00, 24.00, 27.00,  0.00,  0.00,  0.00,111.00,  0.00,  0.00,  3.00,  0.00,  0.00,  4.00, 37.00, 61.00, 30.00,  0.00,  0.00,  0.00, 32.00,  0.00,  0.00, 17.00, 19.00,  0.00,  0.00, 52.00, 32.00,  0.00, 64.00,  0.00, 41.00, 31.00,  0.00,  9.00,  8.00,  0.00, 32.00, 26.00, 41.00, 68.00, 60.00,  0.00,  0.00,  0.00,  0.00, 46.00, 25.00,  0.00,  0.00,  0.00,
 7.000,  0.00, 48.00, 36.00,  0.00, 62.00, 68.00, 44.00, 11.00, 68.00, 25.00, 23.00,  0.00,  0.00, 65.00, 99.00, 31.00,  0.00, 80.00,108.00, 27.00, 79.00,  0.00,  4.00,  0.00,173.00, 26.00, 62.00, 59.00,  0.00, 30.00,  0.00, 13.00,  0.00, 31.00, 16.00, 24.00, 59.00,  0.00,  0.00,  0.00,  0.00,  0.00,  0.00, 25.00,  7.00,  0.00, 28.00, 28.00,  0.00,  0.00,  0.00,125.00,  0.00,  0.00,  3.00,  0.00,  0.00,  7.00, 41.00, 63.00, 30.00,  0.00,  0.00,  0.00, 33.00,  0.00,  0.00, 20.00, 22.00,  0.00,  0.00, 54.00, 32.00,  0.00, 69.00,  0.00, 41.00, 36.00,  0.00,  9.00,  8.00,  0.00, 33.00, 26.00, 41.00, 68.00, 61.00,  0.00,  0.00,  0.00,  0.00, 49.00, 28.00,  0.00,  0.00,  0.00,
 7.250,  0.00, 54.00, 41.00,  0.00, 65.00, 75.00, 48.00, 17.00, 83.00, 32.00, 33.00,  0.00,  0.00, 69.00,108.00, 39.00,  5.00, 94.00,116.00, 32.00, 85.00,  0.00, 10.00,  0.00,179.00, 31.00, 69.00, 66.00,  0.00, 38.00,  3.00, 19.00,  2.00, 38.00, 23.00, 32.00, 67.00,  0.00,  0.00,  0.00,  0.00,  0.00,  0.00, 32.00, 13.00,  0.00, 38.00, 34.00,  0.00,  1.00,  0.00,136.00,  0.00,  0.00,  4.00,  0.00,  0.00, 12.00, 47.00, 71.00, 32.00,  0.00,  0.00,  0.00, 43.00,  0.00,  0.00, 30.00, 31.00,  6.00,  0.00, 64.00, 32.00,  0.00, 73.00,  0.00, 44.00, 42.00,  0.00,  9.00,  8.00,  0.00, 39.00, 34.00, 41.00, 68.00, 68.00,  0.00,  0.00,  6.00,  5.00, 58.00, 34.00,  0.00,  0.00,  0.00,
 7.500,  0.00, 60.00, 41.00,  0.00, 81.00, 80.00, 60.00, 17.00, 83.00, 32.00, 33.00,  0.00,  0.00, 80.00,108.00, 42.00,  7.00,104.00,117.00, 33.00, 98.00,  0.00, 10.00,  0.00,183.00, 36.00, 71.00, 72.00,  0.00, 38.00,  7.00, 29.00,  2.00, 38.00, 23.00, 32.00, 72.00,  0.00,  0.00,  0.00,  0.00,  0.00,  0.00, 34.00, 14.00,  0.00, 38.00, 34.00,  0.00,  8.00,  0.00,150.00,  0.00,  0.00,  4.00,  0.00,  0.00, 12.00, 49.00, 71.00, 40.00,  0.00,  0.00,  0.00, 55.00,  0.00,  0.00, 35.00, 38.00,  6.00,  0.00, 64.00, 40.00,  0.00, 76.00,  0.00, 52.00, 47.00,  0.00,  9.00,  9.00,  0.00, 42.00, 50.00, 58.00,106.00, 89.00,  0.00,  0.00,  8.00,  5.00, 83.00, 35.00,  0.00,  0.00,  0.00,
 7.750,  0.00, 62.00, 41.00,  0.00, 84.00, 83.00, 62.00, 17.00, 83.00, 34.00, 33.00,  0.00,  0.00, 82.00,113.00, 44.00, 11.00,115.00,121.00, 36.00,100.00,  0.00, 10.00,  0.00,185.00, 41.00, 78.00, 79.00,  0.00, 43.00, 11.00, 32.00,  3.00, 39.00, 23.00, 32.00, 73.00,  0.00,  0.00,  0.00,  0.00,  0.00,  0.00, 41.00, 16.00,  0.00, 38.00, 34.00,  0.00, 10.00,  0.00,155.00,  0.00,  0.00,  4.00,  0.00,  0.00, 12.00, 52.00, 71.00, 41.00,  0.00,  0.00,  0.00, 57.00,  0.00,  0.00, 41.00, 44.00,  6.00,  0.00, 65.00, 40.00,  0.00, 80.00,  0.00, 52.00, 50.00,  0.00,  9.00,  9.00,  0.00, 44.00, 53.00, 58.00,106.00, 89.00,  0.00,  0.00, 13.00, 10.00, 89.00, 40.00,  0.00,  0.00,  0.00,
 8.000,  0.00, 64.00, 44.00,  0.00, 84.00, 85.00, 62.00, 17.00, 83.00, 35.00, 33.00,  0.00,  0.00, 82.00,116.00, 47.00, 11.00,120.00,121.00, 36.00,101.00,  0.00, 10.00,  0.00,187.00, 44.00, 81.00, 84.00,  0.00, 45.00, 11.00, 32.00,  3.00, 40.00, 23.00, 32.00, 74.00,  0.00,  0.00,  0.00,  0.00,  0.00,  0.00, 42.00, 18.00,  0.00, 40.00, 34.00,  0.00, 10.00,  0.00,158.00,  0.00,  0.00,  4.00,  0.00,  0.00, 17.00, 52.00, 71.00, 41.00,  0.00,  0.00,  0.00, 57.00,  0.00,  0.00, 41.00, 44.00,  6.00,  0.00, 66.00, 40.00,  0.00, 81.00,  0.00, 52.00, 50.00,  0.00,  9.00,  9.00,  0.00, 44.00, 53.00, 58.00,106.00, 89.00,  0.00,  0.00, 14.00, 13.00, 89.00, 40.00,  0.00,  0.00,  0.00,
 8.250,  0.00, 69.00, 47.00,  0.00, 86.00, 90.00, 66.00, 17.00, 83.00, 39.00, 33.00,  0.00,  0.00, 85.00,123.00, 48.00, 16.00,129.00,124.00, 40.00,106.00,  0.00, 10.00,  0.00,188.00, 48.00, 85.00, 89.00,  0.00, 52.00, 12.00, 32.00,  7.00, 43.00, 27.00, 32.00, 79.00,  0.00,  0.00,  0.00,  0.00,  0.00,  0.00, 47.00, 20.00,  0.00, 44.00, 34.00,  0.00, 10.00,  0.00,163.00,  0.00,  0.00,  4.00,  0.00,  0.00, 20.00, 55.00, 72.00, 41.00,  0.00,  0.00,  0.00, 59.00,  0.00,  0.00, 45.00, 48.00,  8.00,  0.00, 68.00, 40.00,  0.00, 87.00,  0.00, 52.00, 52.00,  0.00,  9.00,  9.00,  0.00, 44.00, 53.00, 58.00,106.00, 89.00,  0.00,  0.00, 17.00, 19.00, 95.00, 45.00,  0.00,  0.00,  0.00,
 8.500,  0.00, 73.00, 48.00,  0.00, 89.00, 94.00, 68.00, 17.00, 85.00, 41.00, 35.00,  0.00,  0.00, 88.00,129.00, 53.00, 20.00,135.00,131.00, 45.00,111.00,  0.00, 13.00,  0.00,190.00, 51.00, 88.00, 94.00,  0.00, 55.00, 18.00, 36.00,  8.00, 49.00, 35.00, 34.00, 79.00,  0.00,  0.00,  0.00,  0.00,  0.00,  0.00, 50.00, 24.00,  0.00, 50.00, 37.00,  0.00, 10.00,  0.00,167.00,  0.00,  0.00,  4.00,  0.00,  0.00, 24.00, 62.00, 77.00, 41.00,  0.00,  0.00,  0.00, 63.00,  0.00,  2.00, 51.00, 51.00, 13.00,  0.00, 72.00, 40.00,  0.00, 90.00,  0.00, 56.00, 55.00,  0.00,  9.00, 10.00,  0.00, 48.00, 53.00, 58.00,106.00, 90.00,  0.00,  0.00, 22.00, 24.00,100.00, 51.00,  0.00,  0.00,  0.00,
 8.750,  0.00, 78.00, 50.00,  0.00, 95.00, 97.00, 74.00, 17.00, 85.00, 41.00, 35.00,  0.00,  0.00, 93.00,131.00, 55.00, 22.00,142.00,131.00, 48.00,115.00,  0.00, 13.00,  0.00,192.00, 55.00, 92.00, 99.00,  0.00, 56.00, 18.00, 39.00,  8.00, 49.00, 35.00, 34.00, 82.00,  0.00,  0.00,  0.00,  0.00,  0.00,  0.00, 52.00, 24.00,  0.00, 50.00, 37.00,  0.00, 10.00,  0.00,172.00,  0.00,  0.00,  4.00,  0.00,  0.00, 27.00, 62.00, 77.00, 41.00,  0.00,  0.00,  0.00, 67.00,  0.00,  2.00, 54.00, 57.00, 13.00,  0.00, 72.00, 40.00,  0.00, 94.00,  0.00, 57.00, 55.00,  0.00,  9.00, 10.00,  0.00, 48.00, 53.00, 58.00,106.00, 96.00,  0.00,  0.00, 24.00, 28.00,103.00, 53.00,  0.00,  0.00,  0.00,
 9.000,  0.00, 82.00, 55.00,  4.00, 99.00,102.00, 81.00, 17.00, 87.00, 45.00, 40.00,  0.00,  0.00, 96.00,134.00, 59.00, 27.00,148.00,133.00, 54.00,120.00,  0.00, 13.00,  0.00,194.00, 63.00, 97.00,104.00,  0.00, 63.00, 23.00, 46.00, 13.00, 54.00, 42.00, 34.00, 85.00,  0.00,  0.00,  0.00,  0.00,  0.00,  0.00, 59.00, 29.00,  0.00, 56.00, 37.00,  0.00, 11.00,  0.00,176.00,  0.00,  0.00,  4.00,  0.00,  0.00, 27.00, 67.00, 80.00, 45.00,  0.00,  0.00,  0.00, 73.00,  0.00,  6.00, 61.00, 66.00, 18.00,  0.00, 79.00, 40.00,  0.00,100.00,  0.00, 59.00, 62.00,  0.00,  9.00, 11.00,  0.00, 54.00, 62.00, 60.00,116.00,105.00,  0.00,  0.00, 28.00, 33.00,113.00, 58.00,  0.00,  0.00,  0.00,
 9.250,  0.00, 88.00, 55.00, 10.00,114.00,104.00, 88.00, 17.00, 87.00, 50.00, 41.00,  0.00,  0.00,104.00,141.00, 61.00, 33.00,154.00,136.00, 55.00,130.00,  0.00, 14.00,  0.00,195.00, 66.00,104.00,108.00,  0.00, 67.00, 27.00, 55.00, 13.00, 59.00, 42.00, 34.00, 88.00,  0.00,  0.00,  0.00,  0.00,  0.00,  0.00, 63.00, 30.00,  0.00, 61.00, 37.00,  0.00, 16.00,  0.00,182.00,  0.00,  0.00,  4.00,  0.00,  0.00, 29.00, 72.00, 85.00, 55.00,  0.00,  0.00,  0.00, 86.00,  0.00, 11.00, 71.00, 79.00, 21.00,  0.00, 86.00, 43.00,  0.00,104.00,  0.00, 68.00, 69.00,  0.00,  9.00, 12.00,  0.00, 61.00, 82.00, 73.00,138.00,123.00,  0.00,  0.00, 33.00, 42.00,130.00, 64.00,  0.00,  0.00,  0.00,
 9.500,  0.00, 89.00, 54.00, 15.00,116.00,108.00, 92.00, 16.00, 86.00, 49.00, 41.00,  0.00,  0.00,106.00,141.00, 61.00, 34.00,157.00,135.00, 55.00,134.00,  0.00, 13.00,  0.00,194.00, 70.00,105.00,111.00,  0.00, 68.00, 29.00, 56.00, 13.00, 62.00, 42.00, 33.00, 87.00,  0.00,  0.00,  0.00,  0.00,  0.00,  0.00, 63.00, 29.00,  0.00, 61.00, 36.00,  0.00, 15.00,  0.00,182.00,  0.00,  0.00,  3.00,  0.00,  0.00, 29.00, 72.00, 84.00, 55.00,  0.00,  0.00,  0.00, 88.00,  0.00, 10.00, 72.00, 79.00, 20.00,  0.00, 85.00, 43.00,  0.00,106.00,  0.00, 68.00, 69.00,  0.00,  8.00, 11.00,  0.00, 61.00, 82.00, 72.00,142.00,124.00,  0.00,  0.00, 32.00, 41.00,133.00, 68.00,  0.00,  0.00,  0.00,
 9.750,  0.00, 90.00, 56.00, 18.00,116.00,108.00, 92.00, 16.00, 86.00, 49.00, 41.00,  0.00,  0.00,106.00,145.00, 63.00, 36.00,160.00,137.00, 58.00,134.00,  0.00, 14.00,  0.00,194.00, 71.00,107.00,113.00,  0.00, 71.00, 29.00, 56.00, 13.00, 62.00, 46.00, 33.00, 87.00,  0.00,  0.00,  0.00,  0.00,  0.00,  0.00, 64.00, 31.00,  0.00, 62.00, 36.00,  0.00, 15.00,  0.00,182.00,  0.00,  0.00,  3.00,  0.00,  0.00, 31.00, 72.00, 84.00, 55.00,  0.00,  0.00,  0.00, 88.00,  0.00, 10.00, 72.00, 79.00, 20.00,  0.00, 85.00, 43.00,  0.00,109.00,  0.00, 68.00, 69.00,  0.00,  8.00, 11.00,  0.00, 61.00, 82.00, 72.00,142.00,124.00,  0.00,  0.00, 32.00, 42.00,133.00, 70.00,  0.00,  0.00,  0.00,
10.000,  0.00, 98.00, 63.00, 30.00,116.00,116.00, 92.00, 24.00,103.00, 50.00, 54.00,  0.00,  0.00,107.00,153.00, 67.00, 42.00,166.00,143.00, 65.00,134.00,  0.00, 21.00,  0.00,196.00, 78.00,110.00,115.00,  0.00, 75.00, 30.00, 56.00, 13.00, 69.00, 56.00, 44.00, 92.00,  0.00,  0.00,  0.00,  0.00,  0.00,  0.00, 74.00, 32.00,  0.00, 72.00, 47.00,  8.00, 15.00,  0.00,185.00,  0.00,  0.00, 13.00,  0.00,  0.00, 39.00, 77.00, 86.00, 55.00,  0.00,  0.00,  0.00, 88.00,  0.00, 17.00, 79.00, 80.00, 27.00,  0.00, 90.00, 43.00,  0.00,114.00,  0.00, 68.00, 69.00,  0.00, 18.00, 20.00,  0.00, 61.00, 82.00, 72.00,142.00,124.00,  0.00,  0.00, 39.00, 52.00,133.00, 80.00,  0.00,  0.00,  0.00,
10.250,  0.00, 98.00, 63.00, 30.00,116.00,116.00, 98.00, 24.00,103.00, 50.00, 54.00,  0.00,  0.00,111.00,153.00, 69.00, 46.00,169.00,143.00, 66.00,134.00,  0.00, 21.00,  0.00,196.00, 83.00,111.00,118.00,  0.00, 77.00, 30.00, 61.00, 15.00, 71.00, 56.00, 44.00, 92.00,  0.00,  0.00,  0.00,  0.00,  0.00,  0.00, 75.00, 35.00,  0.00, 72.00, 47.00,  8.00, 15.00,  0.00,188.00,  0.00,  0.00, 13.00,  0.00,  0.00, 39.00, 80.00, 86.00, 55.00,  0.00,  0.00,  0.00, 88.00,  0.00, 17.00, 81.00, 86.00, 27.00,  0.00, 90.00, 43.00,  0.00,116.00,  0.00, 72.00, 71.00,  0.00, 18.00, 20.00,  0.00, 61.00, 82.00, 72.00,142.00,124.00,  0.00,  0.00, 39.00, 52.00,133.00, 87.00,  0.00,  0.00,  0.00,
10.500,  0.00,100.00, 66.00, 34.00,122.00,118.00,100.00, 24.00,103.00, 50.00, 54.00,  0.00,  0.00,113.00,155.00, 71.00, 50.00,172.00,143.00, 70.00,140.00,  0.00, 21.00,  0.00,197.00, 89.00,116.00,120.00,  0.00, 82.00, 30.00, 67.00, 16.00, 71.00, 56.00, 44.00, 95.00,  0.00,  0.00,  0.00,  0.00,  0.00,  0.00, 77.00, 35.00,  0.00, 72.00, 47.00,  8.00, 15.00,  0.00,189.00,  0.00,  0.00, 13.00,  0.00,  0.00, 39.00, 80.00, 86.00, 57.00,  0.00,  0.00,  0.00, 92.00,  0.00, 17.00, 86.00, 91.00, 27.00,  0.00, 90.00, 43.00,  0.00,120.00,  0.00, 72.00, 74.00,  0.00, 18.00, 20.00,  0.00, 61.00, 82.00, 72.00,142.00,124.00,  0.00,  0.00, 41.00, 52.00,133.00, 91.00,  0.00,  0.00,  0.00,
10.750,  0.00,103.00, 70.00, 41.00,122.00,121.00,103.00, 24.00,103.00, 52.00, 57.00,  2.00,  0.00,113.00,160.00, 72.00, 54.00,176.00,144.00, 78.00,140.00,  0.00, 21.00,  0.00,199.00,101.00,118.00,123.00,  0.00, 84.00, 33.00, 67.00, 16.00, 74.00, 60.00, 44.00, 95.00,  0.00,  0.00,  0.00,  0.00,  0.00,  0.00, 81.00, 36.00,  0.00, 74.00, 47.00,  8.00, 15.00,  0.00,189.00,  0.00,  0.00, 13.00,  0.00,  0.00, 47.00, 85.00, 86.00, 57.00,  0.00,  0.00,  0.00, 92.00,  0.00, 19.00, 90.00, 93.00, 28.00,  0.00, 94.00, 43.00,  0.00,122.00,  0.00, 75.00, 76.00,  0.00, 18.00, 20.00,  0.00, 61.00, 82.00, 72.00,142.00,124.00,  0.00,  0.00, 46.00, 55.00,133.00, 97.00,  0.00,  0.00,  0.00,
11.000,  0.00,106.00, 73.00, 45.00,132.00,122.00,110.00, 24.00,103.00, 52.00, 58.00,  2.00,  0.00,119.00,161.00, 76.00, 58.00,177.00,145.00, 78.00,145.00,  0.00, 21.00,  0.00,199.00,113.00,123.00,128.00,  0.00, 86.00, 37.00, 77.00, 18.00, 76.00, 60.00, 44.00, 99.00,  0.00,  0.00,  0.00,  0.00,  0.00,  0.00, 82.00, 36.00,  0.00, 75.00, 47.00,  8.00, 15.00,  0.00,193.00,  0.00,  0.00, 13.00,  0.00,  0.00, 48.00, 88.00, 86.00, 69.00,  0.00,  0.00,  0.00,104.00,  0.00, 20.00, 99.00,108.00, 28.00,  0.00, 94.00, 43.00,  0.00,127.00,  0.00, 81.00, 83.00,  0.00, 18.00, 20.00,  0.00, 61.00, 84.00, 72.00,149.00,135.00,  0.00,  0.00, 48.00, 55.00,141.00,105.00,  0.00,  0.00,  0.00,
11.250,  0.00,107.00, 80.00, 49.00,132.00,124.00,111.00, 24.00,103.00, 52.00, 59.00,  5.00,  0.00,120.00,164.00, 77.00, 61.00,179.00,145.00, 79.00,145.00,  0.00, 21.00,  0.00,199.00,121.00,124.00,128.00,  0.00, 89.00, 37.00, 77.00, 18.00, 77.00, 60.00, 44.00, 99.00,  0.00,  0.00,  0.00,  0.00,  0.00,  0.00, 86.00, 37.00,  0.00, 75.00, 47.00,  8.00, 15.00,  0.00,193.00,  0.00,  0.00, 13.00,  0.00,  0.00, 57.00, 88.00, 86.00, 69.00,  0.00,  0.00,  0.00,104.00,  0.00, 20.00, 99.00,108.00, 28.00,  0.00, 94.00, 43.00,  0.00,130.00,  0.00, 81.00, 83.00,  0.00, 18.00, 20.00,  0.00, 61.00, 84.00, 72.00,149.00,135.00,  0.00,  0.00, 49.00, 55.00,141.00,105.00,  0.00,  0.00,  0.00,
11.500,  0.00,111.00, 87.00, 51.00,146.00,127.00,121.00, 22.00,101.00, 54.00, 60.00,  3.00,  0.00,129.00,163.00, 82.00, 66.00,181.00,145.00, 79.00,156.00,  0.00, 19.00,  0.00,199.00,127.00,131.00,134.00,  0.00, 92.00, 40.00, 89.00, 19.00, 79.00, 58.00, 42.00,103.00,  0.00,  0.00,  0.00,  0.00,  0.00,  0.00, 86.00, 38.00,  0.00, 76.00, 45.00,  6.00, 17.00,  0.00,194.00,  0.00,  0.00, 11.00,  0.00,  0.00, 57.00, 90.00, 84.00, 80.00,  0.00,  0.00,  0.00,116.00,  0.00, 22.00,110.00,117.00, 26.00,  0.00, 94.00, 42.00,  0.00,136.00,  0.00, 90.00, 87.00,  0.00, 16.00, 18.00,  0.00, 67.00, 95.00, 80.00,166.00,148.00,  0.00,  0.00, 51.00, 53.00,150.00,112.00,  0.00,  0.00,  0.00,
11.750,  0.00,112.00, 98.00, 60.00,146.00,129.00,121.00, 22.00,101.00, 54.00, 62.00, 14.00,  0.00,129.00,166.00, 82.00, 67.00,181.00,145.00, 79.00,156.00,  0.00, 19.00,  0.00,199.00,132.00,131.00,135.00,  0.00, 93.00, 40.00, 89.00, 19.00, 79.00, 61.00, 42.00,104.00,  0.00,  0.00,  0.00,  0.00,  0.00,  0.00, 90.00, 38.00,  0.00, 77.00, 45.00,  6.00, 17.00,  0.00,194.00,  0.00,  0.00, 11.00,  0.00,  0.00, 64.00, 90.00, 84.00, 80.00,  0.00,  0.00,  0.00,116.00,  0.00, 22.00,110.00,117.00, 27.00,  0.00, 94.00, 42.00,  0.00,136.00,  0.00, 90.00, 87.00,  0.00, 16.00, 18.00,  0.00, 67.00, 95.00, 80.00,166.00,148.00,  0.00,  0.00, 54.00, 57.00,150.00,112.00,  0.00,  0.00,  0.00,
12.000,  0.00,114.00,107.00, 61.00,146.00,130.00,121.00, 22.00,101.00, 54.00, 64.00, 14.00,  0.00,129.00,167.00, 83.00, 71.00,183.00,145.00, 81.00,156.00,  0.00, 19.00,  0.00,200.00,137.00,132.00,137.00,  0.00, 94.00, 40.00, 89.00, 19.00, 80.00, 61.00, 42.00,104.00,  0.00,  0.00,  0.00,  0.00,  0.00,  0.00, 90.00, 38.00,  0.00, 78.00, 45.00,  6.00, 17.00,  0.00,194.00,  0.00,  0.00, 11.00,  0.00,  0.00, 68.00, 91.00, 84.00, 80.00,  0.00,  0.00,  0.00,116.00,  0.00, 23.00,110.00,117.00, 27.00,  0.00, 94.00, 42.00,  0.00,140.00,  0.00, 90.00, 88.00,  0.00, 16.00, 18.00,  0.00, 67.00, 95.00, 80.00,166.00,148.00,  0.00,  0.00, 57.00, 57.00,150.00,115.00,  0.00,  0.00,  0.00,
12.250,  0.00,115.00,115.00, 64.00,146.00,132.00,125.00, 22.00,101.00, 54.00, 64.00, 14.00,  0.00,131.00,167.00, 86.00, 72.00,183.00,145.00, 81.00,156.00,  0.00, 19.00,  0.00,200.00,139.00,135.00,138.00,  0.00, 96.00, 40.00, 91.00, 19.00, 80.00, 61.00, 42.00,106.00,  0.00,  0.00,  0.00,  0.00,  0.00,  0.00, 92.00, 38.00,  0.00, 78.00, 45.00,  6.00, 17.00,  0.00,195.00,  0.00,  0.00, 11.00,  0.00,  0.00, 72.00, 91.00, 84.00, 80.00,  0.00,  0.00,  0.00,116.00,  0.00, 23.00,112.00,117.00, 27.00,  0.00, 94.00, 42.00,  0.00,142.00,  0.00, 90.00, 89.00,  0.00, 16.00, 18.00,  0.00, 67.00, 95.00, 80.00,166.00,148.00,  0.00,  0.00, 57.00, 57.00,150.00,116.00,  0.00,  0.00,  0.00,
12.500,  0.00,118.00,123.00, 70.00,148.00,134.00,128.00, 22.00,101.00, 54.00, 69.00, 20.00,  0.00,133.00,171.00, 89.00, 81.00,185.00,146.00, 81.00,156.00,  0.00, 19.00,  0.00,200.00,144.00,138.00,141.00,  0.00, 99.00, 40.00, 99.00, 19.00, 82.00, 61.00, 42.00,111.00,  0.00,  0.00,  0.00,  0.00,  0.00,  0.00, 95.00, 38.00,  0.00, 83.00, 45.00,  6.00, 17.00,  0.00,195.00,  0.00,  0.00, 11.00,  0.00,  0.00, 74.00, 94.00, 84.00, 88.00,  0.00,  0.00,  0.00,120.00,  0.00, 27.00,122.00,127.00, 30.00,  0.00, 95.00, 42.00,  0.00,147.00,  0.00, 95.00, 95.00,  0.00, 16.00, 18.00,  0.00, 67.00, 95.00, 80.00,166.00,150.00,  0.00,  0.00, 63.00, 57.00,151.00,121.00,  0.00,  0.00,  0.00,
12.750,  0.00,120.00,133.00, 77.00,153.00,138.00,133.00, 22.00,101.00, 54.00, 70.00, 20.00,  0.00,137.00,172.00, 94.00, 83.00,186.00,148.00, 88.00,157.00,  0.00, 19.00,  0.00,200.00,148.00,142.00,145.00,  0.00,104.00, 43.00, 99.00, 21.00, 84.00, 61.00, 42.00,113.00,  0.00,  0.00,  0.00,  0.00,  0.00,  0.00, 97.00, 40.00,  0.00, 83.00, 45.00,  6.00, 17.00,  6.00,197.00,  0.00,  0.00, 11.00,  0.00,  0.00, 81.00, 95.00, 84.00, 89.00,  0.00,  0.00,  0.00,122.00,  0.00, 27.00,122.00,127.00, 30.00,  0.00, 95.00, 42.00,  0.00,151.00,  0.00, 97.00, 95.00,  0.00, 16.00, 18.00,  0.00, 67.00, 95.00, 80.00,166.00,150.00,  0.00,  0.00, 67.00, 57.00,151.00,122.00,  0.00,  0.00,  0.00,
13.000,  0.00,122.00,139.00, 83.00,155.00,140.00,137.00, 22.00,103.00, 54.00, 73.00, 24.00,  0.00,139.00,174.00, 97.00, 89.00,188.00,148.00, 88.00,157.00,  0.00, 19.00,  0.00,202.00,153.00,146.00,148.00,  0.00,104.00, 44.00,105.00, 23.00, 85.00, 61.00, 42.00,116.00,  0.00,  0.00,  0.00,  0.00,  0.00,  0.00,101.00, 42.00,  0.00, 83.00, 45.00, 11.00, 18.00, 13.00,199.00,  0.00,  0.00, 11.00,  0.00,  0.00, 84.00, 96.00, 84.00, 95.00,  0.00,  0.00,  0.00,125.00,  0.00, 34.00,126.00,129.00, 30.00,  0.00, 96.00, 42.00,  0.00,156.00,  0.00,101.00, 99.00,  0.00, 16.00, 18.00,  0.00, 67.00, 95.00, 80.00,166.00,152.00,  0.00,  0.00, 72.00, 62.00,153.00,124.00,  0.00,  0.00,  0.00,
13.250,  0.00,124.00,143.00, 86.00,166.00,142.00,144.00, 20.00,103.00, 54.00, 72.00, 22.00,  0.00,144.00,175.00,103.00, 92.00,189.00,147.00, 92.00,168.00,  0.00, 17.00,  0.00,201.00,154.00,151.00,152.00,  0.00,107.00, 48.00,113.00, 23.00, 86.00, 59.00, 40.00,119.00,  0.00,  0.00,  0.00,  0.00,  0.00,  0.00,101.00, 40.00,  0.00, 81.00, 43.00, 12.00, 20.00, 16.00,199.00,  0.00,  0.00,  9.00,  0.00,  0.00, 87.00,100.00, 82.00,104.00,  0.00,  0.00,  0.00,134.00,  0.00, 33.00,132.00,137.00, 28.00,  0.00, 95.00, 43.00,  0.00,158.00,  0.00,109.00,103.00,  0.00, 14.00, 16.00,  0.00, 70.00, 97.00, 80.00,171.00,163.00,  0.00,  0.00, 71.00, 60.00,157.00,129.00,  0.00,  0.00,  0.00,
13.500,  0.00,125.00,150.00, 89.00,170.00,144.00,147.00, 20.00,107.00, 54.00, 73.00, 22.00,  0.00,147.00,175.00,108.00, 94.00,191.00,148.00, 94.00,168.00,  0.00, 17.00,  0.00,201.00,157.00,154.00,154.00,  0.00,111.00, 50.00,116.00, 23.00, 90.00, 59.00, 40.00,122.00,  0.00,  0.00,  0.00,  0.00,  0.00,  0.00,101.00, 40.00,  0.00, 85.00, 43.00, 12.00, 21.00, 22.00,200.00,  0.00,  0.00,  9.00,  0.00,  0.00, 90.00,102.00, 82.00,109.00,  0.00,  0.00,  0.00,142.00,  0.00, 37.00,137.00,146.00, 28.00,  0.00, 96.00, 43.00,  0.00,163.00,  0.00,118.00,109.00,  0.00, 14.00, 16.00,  0.00, 80.00,112.00, 81.00,180.00,171.00,  0.00,  0.00, 77.00, 60.00,163.00,136.00,  0.00,  0.00,  0.00,
13.750,  0.00,125.00,153.00, 90.00,172.00,145.00,150.00, 20.00,107.00, 54.00, 73.00, 22.00,  0.00,147.00,176.00,112.00, 94.00,191.00,148.00, 94.00,168.00,  0.00, 17.00,  0.00,201.00,159.00,157.00,154.00,  0.00,112.00, 50.00,118.00, 23.00, 90.00, 59.00, 40.00,123.00,  0.00,  0.00,  0.00,  0.00,  0.00,  0.00,102.00, 40.00,  0.00, 85.00, 43.00, 13.00, 21.00, 28.00,200.00,  0.00,  0.00,  9.00,  0.00,  0.00, 90.00,102.00, 82.00,110.00,  0.00,  0.00,  0.00,142.00,  0.00, 37.00,138.00,146.00, 28.00,  0.00, 96.00, 43.00,  0.00,164.00,  0.00,118.00,109.00,  0.00, 14.00, 16.00,  0.00, 80.00,112.00, 81.00,180.00,171.00,  0.00,  0.00, 77.00, 60.00,163.00,136.00,  0.00,  0.00,  0.00,
14.000,  0.00,129.00,159.00, 99.00,172.00,145.00,150.00, 20.00,107.00, 54.00, 79.00, 22.00,  0.00,147.00,177.00,117.00, 98.00,191.00,148.00, 94.00,168.00,  0.00, 17.00,  0.00,201.00,161.00,157.00,156.00,  0.00,116.00, 50.00,118.00, 24.00, 90.00, 59.00, 40.00,123.00,  0.00,  0.00,  0.00,  0.00,  0.00,  0.00,105.00, 40.00,  0.00, 85.00, 43.00, 16.00, 21.00, 36.00,200.00,  0.00,  0.00,  9.00,  0.00,  0.00, 90.00,102.00, 82.00,110.00,  0.00,  0.00,  0.00,142.00,  0.00, 37.00,138.00,146.00, 28.00,  0.00, 96.00, 43.00,  0.00,164.00,  0.00,118.00,110.00,  0.00, 14.00, 16.00,  3.00, 80.00,112.00, 81.00,180.00,171.00,  0.00,  0.00, 79.00, 60.00,163.00,136.00,  0.00,  0.00,  0.00,
14.250,  0.00,129.00,163.00,101.00,172.00,146.00,150.00, 20.00,107.00, 54.00, 80.00, 22.00,  0.00,147.00,179.00,119.00,100.00,192.00,149.00, 95.00,168.00,  0.00, 17.00,  0.00,201.00,163.00,157.00,156.00,  0.00,116.00, 50.00,118.00, 24.00, 90.00, 59.00, 40.00,123.00,  0.00,  0.00,  0.00,  0.00,  0.00,  0.00,107.00, 40.00,  0.00, 85.00, 43.00, 22.00, 21.00, 45.00,200.00,  0.00,  0.00,  9.00,  0.00,  0.00, 95.00,102.00, 82.00,110.00,  0.00,  0.00,  0.00,142.00,  0.00, 37.00,138.00,146.00, 29.00,  0.00, 96.00, 43.00,  0.00,164.00,  0.00,118.00,110.00,  0.00, 14.00, 16.00,  8.00, 80.00,112.00, 81.00,180.00,171.00,  0.00,  0.00, 81.00, 60.00,163.00,136.00,  0.00,  0.00,  0.00,
14.500,  0.00,130.00,168.00,104.00,172.00,147.00,150.00, 20.00,108.00, 54.00, 82.00, 22.00,  0.00,148.00,180.00,122.00,105.00,193.00,149.00, 96.00,168.00,  0.00, 17.00,  0.00,201.00,165.00,159.00,157.00,  0.00,122.00, 51.00,118.00, 24.00, 90.00, 59.00, 40.00,126.00,  0.00,  0.00,  0.00,  0.00,  0.00,  0.00,107.00, 40.00,  0.00, 85.00, 43.00, 26.00, 21.00, 53.00,200.00,  0.00,  0.00,  9.00,  0.00,  0.00, 95.00,102.00, 82.00,114.00,  0.00,  0.00,  0.00,142.00,  0.00, 40.00,138.00,146.00, 29.00,  0.00, 96.00, 43.00,  0.00,167.00,  0.00,118.00,113.00,  0.00, 14.00, 16.00, 13.00, 80.00,112.00, 81.00,180.00,171.00,  0.00,  0.00, 84.00, 60.00,163.00,137.00,  0.00,  0.00,  0.00,
14.750,  0.00,133.00,171.00,111.00,172.00,150.00,152.00, 25.00,113.00, 54.00, 90.00, 26.00,  0.00,152.00,182.00,125.00,111.00,194.00,149.00, 96.00,168.00,  0.00, 17.00,  0.00,202.00,167.00,163.00,159.00,  0.00,125.00, 53.00,123.00, 24.00, 90.00, 59.00, 40.00,131.00,  0.00,  0.00,  0.00,  0.00,  0.00,  0.00,111.00, 44.00,  0.00, 85.00, 43.00, 30.00, 21.00, 64.00,201.00,  0.00,  0.00,  9.00,  0.00,  0.00, 99.00,102.00, 82.00,120.00,  0.00,  0.00,  0.00,142.00,  0.00, 46.00,142.00,148.00, 35.00,  0.00, 96.00, 43.00,  0.00,171.00,  0.00,122.00,118.00,  0.00, 14.00, 16.00, 19.00, 80.00,112.00, 81.00,180.00,171.00,  0.00,  0.00, 89.00, 61.00,163.00,143.00,  0.00,  0.00,  0.00,
15.000,  0.00,136.00,174.00,116.00,172.00,153.00,152.00, 30.00,113.00, 54.00, 96.00, 33.00,  0.00,152.00,185.00,128.00,111.00,195.00,152.00, 97.00,168.00,  0.00, 23.00,  0.00,202.00,169.00,163.00,159.00,  0.00,127.00, 53.00,123.00, 24.00, 90.00, 65.00, 40.00,131.00,  0.00,  0.00,  0.00,  0.00,  0.00,  0.00,114.00, 45.00,  0.00, 87.00, 43.00, 37.00, 21.00, 71.00,202.00,  0.00,  0.00,  9.00,  0.00,  0.00,108.00,102.00, 82.00,120.00,  0.00,  0.00,  0.00,142.00,  0.00, 47.00,142.00,148.00, 36.00,  0.00, 96.00, 43.00,  0.00,171.00,  0.00,122.00,118.00,  0.00, 15.00, 17.00, 23.00, 80.00,112.00, 81.00,180.00,171.00,  0.00,  0.00, 95.00, 65.00,163.00,143.00,  0.00,  0.00,  0.00,
15.250,  0.00,136.00,176.00,119.00,172.00,153.00,152.00, 30.00,113.00, 54.00, 96.00, 33.00,  0.00,152.00,185.00,131.00,113.00,195.00,152.00,100.00,168.00,  0.00, 23.00,  0.00,202.00,170.00,165.00,159.00,  0.00,129.00, 53.00,123.00, 24.00, 90.00, 65.00, 40.00,132.00,  0.00,  0.00,  0.00,  0.00,  0.00,  0.00,114.00, 45.00,  0.00, 87.00, 43.00, 40.00, 21.00, 78.00,202.00,  0.00,  0.00,  9.00,  0.00,  0.00,108.00,102.00, 82.00,120.00,  0.00,  0.00,  0.00,142.00,  0.00, 47.00,142.00,148.00, 36.00,  0.00, 96.00, 43.00,  0.00,171.00,  0.00,122.00,118.00,  0.00, 15.00, 17.00, 24.00, 80.00,112.00, 81.00,180.00,171.00,  0.00,  0.00, 97.00, 68.00,163.00,143.00,  0.00,  0.00,  0.00,
15.500,  0.00,137.00,179.00,120.00,187.00,156.00,165.00, 30.00,117.00, 54.00, 96.00, 33.00,  0.00,160.00,185.00,139.00,118.00,196.00,152.00,105.00,171.00,  0.00, 23.00,  0.00,203.00,172.00,173.00,165.00,  0.00,139.00, 61.00,137.00, 25.00, 91.00, 65.00, 40.00,140.00,  0.00,  0.00,  0.00,  0.00,  0.00,  0.00,114.00, 45.00,  0.00, 87.00, 43.00, 40.00, 23.00, 82.00,204.00,  0.00,  0.00,  9.00,  0.00,  0.00,108.00,102.00, 82.00,138.00,  0.00,  0.00,  0.00,153.00,  0.00, 51.00,152.00,160.00, 36.00,  0.00, 96.00, 43.00,  0.00,180.00,  0.00,140.00,130.00,  0.00, 15.00, 17.00, 32.00, 80.00,112.00, 84.00,182.00,187.00,  0.00,  0.00, 98.00, 68.00,163.00,152.00,  0.00,  0.00,  0.00,
15.750,  0.00,139.00,179.00,125.00,187.00,156.00,165.00, 30.00,117.00, 54.00, 96.00, 33.00,  0.00,160.00,185.00,139.00,122.00,196.00,152.00,105.00,171.00,  0.00, 23.00,  0.00,203.00,172.00,173.00,165.00,  0.00,140.00, 61.00,137.00, 25.00, 91.00, 65.00, 40.00,141.00,  0.00,  0.00,  0.00,  0.00,  0.00,  0.00,114.00, 45.00,  0.00, 87.00, 43.00, 42.00, 23.00, 91.00,204.00,  0.00,  0.00,  9.00,  0.00,  0.00,108.00,102.00, 82.00,138.00,  0.00,  0.00,  0.00,153.00,  0.00, 51.00,152.00,160.00, 36.00,  0.00, 96.00, 43.00,  0.00,180.00,  0.00,140.00,130.00,  0.00, 15.00, 17.00, 35.00, 80.00,112.00, 84.00,182.00,187.00,  0.00,  0.00,101.00, 68.00,163.00,152.00,  0.00,  0.00,  0.00,
16.000,  0.00,141.00,181.00,127.00,187.00,158.00,165.00, 30.00,117.00, 54.00, 96.00, 33.00,  0.00,160.00,187.00,142.00,124.00,199.00,152.00,106.00,171.00,  0.00, 23.00,  0.00,203.00,175.00,173.00,165.00,  0.00,142.00, 61.00,137.00, 25.00, 91.00, 65.00, 40.00,144.00,  0.00,  0.00,  0.00,  0.00,  0.00,  0.00,115.00, 45.00,  0.00, 87.00, 43.00, 42.00, 23.00, 98.00,204.00,  0.00,  0.00,  9.00,  0.00,  0.00,109.00,102.00, 82.00,138.00,  0.00,  0.00,  0.00,153.00,  0.00, 53.00,152.00,160.00, 36.00,  0.00, 96.00, 43.00,  0.00,180.00,  0.00,140.00,130.00,  0.00, 15.00, 17.00, 37.00, 80.00,112.00, 84.00,182.00,187.00,  0.00,  0.00,104.00, 68.00,163.00,152.00,  0.00,  0.00,  0.00,
16.250,  0.00,141.00,184.00,131.00,187.00,158.00,165.00, 30.00,117.00, 54.00, 96.00, 33.00,  0.00,160.00,188.00,143.00,127.00,199.00,152.00,106.00,171.00,  0.00, 23.00,  0.00,203.00,175.00,175.00,166.00,  0.00,144.00, 61.00,137.00, 25.00, 91.00, 65.00, 40.00,145.00,  0.00,  0.00,  0.00,  0.00,  0.00,  0.00,118.00, 45.00,  0.00, 87.00, 43.00, 47.00, 23.00,104.00,204.00,  0.00,  0.00,  9.00,  0.00,  0.00,111.00,102.00, 82.00,138.00,  0.00,  0.00,  0.00,153.00,  0.00, 54.00,152.00,160.00, 36.00,  0.00, 96.00, 43.00,  0.00,181.00,  0.00,140.00,130.00,  0.00, 15.00, 17.00, 39.00, 80.00,112.00, 84.00,182.00,187.00,  0.00,  0.00,108.00, 68.00,163.00,152.00,  0.00,  0.00,  0.00,
16.500,  0.00,142.00,185.00,134.00,187.00,158.00,165.00, 30.00,117.00, 54.00, 96.00, 33.00,  0.00,160.00,190.00,143.00,131.00,199.00,152.00,106.00,171.00,  0.00, 23.00,  0.00,203.00,175.00,175.00,166.00,  0.00,145.00, 61.00,137.00, 25.00, 91.00, 65.00, 40.00,150.00,  0.00,  0.00,  0.00,  0.00,  0.00,  0.00,118.00, 45.00,  0.00, 87.00, 43.00, 53.00, 23.00,112.00,204.00,  0.00,  0.00,  9.00,  0.00,  0.00,115.00,102.00, 82.00,138.00,  0.00,  0.00,  0.00,153.00,  0.00, 59.00,152.00,160.00, 39.00,  0.00, 96.00, 43.00,  0.00,181.00,  0.00,140.00,130.00,  0.00, 15.00, 17.00, 41.00, 80.00,112.00, 84.00,182.00,187.00,  0.00,  0.00,114.00, 68.00,163.00,152.00,  0.00,  0.00,  0.00,
16.750,  0.00,142.00,188.00,135.00,187.00,160.00,169.00, 30.00,117.00, 54.00, 96.00, 33.00,  0.00,162.00,190.00,148.00,133.00,199.00,152.00,106.00,171.00,  0.00, 23.00,  0.00,203.00,177.00,180.00,167.00,  0.00,149.00, 64.00,141.00, 26.00, 91.00, 65.00, 40.00,154.00,  0.00,  0.00,  0.00,  0.00,  0.00,  0.00,120.00, 45.00,  0.00, 87.00, 43.00, 53.00, 23.00,117.00,204.00,  0.00,  0.00,  9.00,  0.00,  0.00,115.00,102.00, 82.00,143.00,  0.00,  0.00,  0.00,153.00,  0.00, 60.00,155.00,160.00, 39.00,  0.00, 96.00, 43.00,  0.00,185.00,  0.00,145.00,135.00,  0.00, 15.00, 17.00, 46.00, 80.00,112.00, 86.00,182.00,187.00,  0.00,  0.00,115.00, 68.00,163.00,153.00,  0.00,  0.00,  0.00,
17.000,  0.00,144.00,189.00,138.00,189.00,164.00,172.00, 30.00,117.00, 54.00, 96.00, 33.00,  0.00,164.00,190.00,152.00,137.00,199.00,152.00,113.00,171.00,  0.00, 23.00,  0.00,203.00,179.00,181.00,171.00,  0.00,152.00, 67.00,143.00, 26.00, 91.00, 65.00, 40.00,157.00,  0.00,  0.00,  0.00,  0.00,  0.00,  0.00,120.00, 46.00,  0.00, 87.00, 43.00, 53.00, 23.00,123.00,205.00,  0.00,  0.00,  9.00,  0.00,  0.00,115.00,102.00, 82.00,147.00,  0.00,  0.00,  0.00,153.00,  0.00, 61.00,157.00,160.00, 39.00,  0.00, 96.00, 43.00,  0.00,185.00,  0.00,147.00,137.00,  0.00, 15.00, 17.00, 46.00, 80.00,112.00, 90.00,182.00,187.00,  0.00,  0.00,118.00, 68.00,163.00,155.00,  0.00,  0.00,  0.00,
17.250,  0.00,149.00,192.00,141.00,200.00,167.00,179.00, 30.00,125.00, 56.00, 96.00, 33.00,  0.00,171.00,190.00,157.00,138.00,202.00,154.00,114.00,175.00,  0.00, 23.00,  0.00,204.00,183.00,187.00,175.00,  0.00,159.00, 75.00,153.00, 31.00, 92.00, 65.00, 40.00,160.00,  0.00,  0.00,  0.00,  0.00,  0.00,  0.00,123.00, 49.00,  0.00, 87.00, 43.00, 53.00, 23.00,128.00,207.00,  0.00,  0.00,  9.00,  0.00,  0.00,115.00,102.00, 82.00,156.00,  0.00,  0.00,  0.00,168.00,  0.00, 67.00,167.00,174.00, 39.00,  0.00, 96.00, 44.00,  0.00,194.00,  0.00,167.00,148.00,  0.00, 15.00, 17.00, 53.00, 80.00,112.00,102.00,196.00,203.00,  0.00,  0.00,122.00, 68.00,163.00,167.00,  0.00,  0.00,  0.00,
17.500,  0.00,150.00,195.00,145.00,204.00,171.00,184.00, 30.00,126.00, 56.00, 96.00, 33.00,  0.00,174.00,191.00,161.00,141.00,203.00,154.00,120.00,178.00,  0.00, 23.00,  0.00,204.00,183.00,188.00,178.00,  0.00,164.00, 80.00,155.00, 32.00, 95.00, 65.00, 40.00,166.00,  0.00,  0.00,  0.00,  0.00,  0.00,  0.00,123.00, 51.00,  0.00, 87.00, 43.00, 53.00, 24.00,130.00,207.00,  0.00,  0.00,  9.00,  0.00,  0.00,118.00,102.00, 82.00,157.00,  0.00,  0.00,  0.00,168.00,  0.00, 67.00,169.00,174.00, 39.00,  0.00, 96.00, 44.00,  0.00,194.00,  0.00,167.00,152.00,  0.00, 15.00, 17.00, 56.00, 80.00,112.00,104.00,196.00,203.00,  0.00,  0.00,124.00, 68.00,163.00,167.00,  0.00,  0.00,  0.00,
17.750,  0.00,151.00,195.00,147.00,204.00,171.00,184.00, 30.00,126.00, 56.00, 96.00, 33.00,  0.00,174.00,193.00,161.00,144.00,203.00,155.00,120.00,178.00,  0.00, 23.00,  0.00,204.00,183.00,188.00,178.00,  0.00,164.00, 80.00,155.00, 32.00, 95.00, 65.00, 40.00,166.00,  0.00,  0.00,  0.00,  0.00,  0.00,  0.00,124.00, 52.00,  0.00, 87.00, 43.00, 55.00, 24.00,138.00,207.00,  0.00,  0.00,  9.00,  0.00,  0.00,120.00,102.00, 82.00,157.00,  0.00,  0.00,  0.00,168.00,  0.00, 69.00,169.00,174.00, 41.00,  0.00, 96.00, 44.00,  0.00,194.00,  0.00,167.00,152.00,  0.00, 15.00, 17.00, 56.00, 80.00,112.00,104.00,196.00,203.00,  0.00,  0.00,128.00, 68.00,163.00,167.00,  0.00,  0.00,  0.00,
18.000,  0.00,151.00,195.00,151.00,204.00,171.00,184.00, 30.00,126.00, 56.00, 96.00, 33.00,  0.00,174.00,194.00,161.00,149.00,203.00,155.00,120.00,178.00,  0.00, 23.00,  0.00,204.00,183.00,188.00,178.00,  0.00,164.00, 80.00,155.00, 32.00, 95.00, 65.00, 40.00,168.00,  0.00,  0.00,  0.00,  0.00,  0.00,  0.00,124.00, 53.00,  0.00, 87.00, 43.00, 64.00, 24.00,145.00,207.00,  0.00,  0.00,  9.00,  0.00,  0.00,123.00,102.00, 82.00,157.00,  0.00,  0.00,  0.00,168.00,  0.00, 73.00,169.00,174.00, 45.00,  0.00, 96.00, 44.00,  0.00,194.00,  0.00,167.00,152.00,  0.00, 15.00, 17.00, 60.00, 80.00,112.00,107.00,196.00,203.00,  0.00,  0.00,133.00, 68.00,163.00,167.00,  0.00,  0.00,  0.00,
18.250,  0.00,152.00,198.00,157.00,204.00,171.00,184.00, 38.00,126.00, 62.00, 96.00, 33.00,  0.00,174.00,197.00,161.00,152.00,203.00,157.00,120.00,178.00,  0.00, 33.00,  0.00,205.00,184.00,188.00,178.00,  2.00,164.00, 80.00,155.00, 32.00, 95.00, 72.00, 40.00,168.00,  0.00,  0.00,  0.00,  0.00,  0.00, 14.00,128.00, 58.00,  0.00, 87.00, 43.00, 78.00, 24.00,149.00,209.00,  0.00,  0.00, 12.00,  0.00,  0.00,138.00,102.00, 82.00,157.00,  0.00,  0.00,  0.00,168.00,  0.00, 78.00,169.00,174.00, 56.00,  0.00, 96.00, 44.00,  0.00,194.00,  0.00,167.00,152.00,  0.00, 27.00, 30.00, 64.00, 80.00,112.00,107.00,196.00,203.00,  0.00,  0.00,141.00, 83.00,163.00,167.00,  0.00,  0.00,  0.00,
18.500,  0.00,152.00,199.00,159.00,204.00,171.00,184.00, 38.00,126.00, 62.00, 96.00, 33.00,  0.00,174.00,197.00,161.00,153.00,203.00,157.00,120.00,178.00,  0.00, 33.00,  0.00,205.00,184.00,188.00,178.00,  2.00,164.00, 80.00,155.00, 36.00, 95.00, 72.00, 40.00,172.00,  0.00,  0.00,  0.00,  0.00,  0.00, 14.00,128.00, 60.00,  0.00, 87.00, 43.00, 78.00, 24.00,153.00,209.00,  0.00,  0.00, 12.00,  0.00,  0.00,138.00,102.00, 82.00,158.00,  0.00,  0.00,  0.00,168.00,  0.00, 78.00,169.00,174.00, 56.00,  0.00, 96.00, 44.00,  0.00,194.00,  0.00,167.00,152.00,  0.00, 27.00, 30.00, 64.00, 80.00,112.00,109.00,196.00,203.00,  0.00,  0.00,141.00, 83.00,163.00,167.00,  0.00,  0.00,  0.00,
18.750,  0.00,155.00,200.00,159.00,204.00,172.00,188.00, 38.00,126.00, 62.00, 96.00, 33.00,  0.00,177.00,197.00,166.00,153.00,203.00,157.00,122.00,178.00,  0.00, 33.00,  0.00,205.00,187.00,194.00,179.00,  2.00,168.00, 81.00,162.00, 43.00, 95.00, 72.00, 40.00,175.00,  0.00,  0.00,  0.00,  0.00,  0.00, 14.00,128.00, 64.00,  0.00, 87.00, 43.00, 78.00, 24.00,153.00,209.00,  0.00,  0.00, 12.00,  0.00,  0.00,138.00,102.00, 82.00,166.00,  0.00,  0.00,  0.00,173.00,  0.00, 78.00,179.00,180.00, 56.00,  0.00, 96.00, 44.00,  0.00,199.00,  0.00,180.00,163.00,  0.00, 27.00, 30.00, 64.00, 80.00,112.00,122.00,203.00,206.00,  0.00,  0.00,141.00, 83.00,163.00,171.00,  0.00,  0.00,  0.00,
19.000,  0.00,155.00,202.00,162.00,204.00,172.00,188.00, 38.00,126.00, 62.00, 96.00, 33.00,  0.00,177.00,197.00,166.00,155.00,205.00,157.00,122.00,178.00,  0.00, 33.00,  0.00,205.00,188.00,194.00,179.00,  2.00,168.00, 81.00,162.00, 49.00, 95.00, 72.00, 40.00,175.00,  0.00,  0.00,  0.00,  0.00,  0.00, 14.00,128.00, 70.00,  0.00, 87.00, 43.00, 78.00, 24.00,160.00,209.00,  0.00,  0.00, 12.00,  0.00,  0.00,138.00,102.00, 82.00,166.00,  0.00,  0.00,  0.00,173.00,  0.00, 79.00,179.00,180.00, 56.00,  0.00, 96.00, 44.00,  0.00,199.00,  0.00,180.00,163.00,  0.00, 27.00, 30.00, 66.00, 80.00,112.00,123.00,203.00,206.00,  0.00,  0.00,145.00, 83.00,163.00,171.00,  0.00,  0.00,  0.00,
19.250,  0.00,157.00,202.00,164.00,204.00,174.00,193.00, 38.00,126.00, 62.00, 96.00, 33.00,  0.00,178.00,197.00,169.00,158.00,205.00,157.00,123.00,180.00,  0.00, 33.00,  0.00,206.00,190.00,197.00,180.00,  2.00,172.00, 86.00,167.00, 64.00, 95.00, 72.00, 40.00,181.00,  0.00,  0.00,  0.00,  0.00,  0.00, 14.00,131.00, 77.00,  0.00, 87.00, 43.00, 78.00, 24.00,162.00,209.00,  0.00,  0.00, 12.00,  0.00,  0.00,138.00,102.00, 82.00,169.00,  0.00,  0.00,  0.00,175.00,  0.00, 83.00,183.00,182.00, 56.00,  0.00, 96.00, 48.00,  0.00,201.00,  0.00,183.00,166.00,  0.00, 27.00, 30.00, 66.00, 80.00,112.00,135.00,203.00,206.00,  0.00,  0.00,149.00, 83.00,163.00,174.00,  0.00,  0.00,  0.00,
19.500,  0.00,159.00,204.00,169.00,204.00,177.00,193.00, 38.00,126.00, 62.00, 96.00, 33.00,  0.00,180.00,198.00,171.00,158.00,206.00,157.00,127.00,180.00,  0.00, 33.00,  0.00,206.00,190.00,197.00,180.00,  2.00,174.00, 86.00,167.00, 73.00, 95.00, 72.00, 40.00,181.00,  0.00,  0.00,  0.00,  0.00,  0.00, 14.00,131.00, 80.00,  0.00, 87.00, 43.00, 78.00, 24.00,165.00,209.00,  0.00,  0.00, 12.00,  0.00,  0.00,138.00,102.00, 82.00,169.00,  0.00,  0.00,  0.00,175.00,  0.00, 83.00,183.00,182.00, 56.00,  0.00, 96.00, 48.00,  0.00,201.00,  0.00,183.00,166.00,  0.00, 27.00, 30.00, 71.00, 80.00,112.00,135.00,203.00,206.00,  0.00,  0.00,150.00, 83.00,163.00,174.00,  0.00,  0.00,  0.00,
19.750,  0.00,159.00,204.00,171.00,204.00,177.00,193.00, 38.00,126.00, 62.00, 96.00, 33.00,  0.00,180.00,200.00,171.00,163.00,206.00,157.00,127.00,180.00,  0.00, 33.00,  0.00,206.00,190.00,197.00,180.00,  3.00,174.00, 86.00,167.00, 73.00, 95.00, 72.00, 40.00,184.00,  0.00,  0.00,  0.00,  0.00,  0.00, 14.00,131.00, 87.00,  0.00, 87.00, 43.00, 78.00, 24.00,170.00,209.00,  0.00,  0.00, 12.00,  0.00,  0.00,138.00,102.00, 82.00,169.00,  0.00,  0.00,  0.00,175.00,  0.00, 87.00,183.00,182.00, 56.00,  0.00, 96.00, 48.00,  0.00,201.00,  0.00,183.00,166.00,  0.00, 27.00, 30.00, 73.00, 80.00,112.00,135.00,203.00,206.00,  0.00,  0.00,155.00, 83.00,163.00,174.00,  0.00,  0.00,  0.00,
20.000,  0.00,159.00,205.00,173.00,204.00,177.00,193.00, 38.00,126.00, 62.00, 96.00, 33.00,  0.00,180.00,201.00,171.00,163.00,206.00,157.00,127.00,180.00,  0.00, 33.00,  0.00,206.00,190.00,197.00,180.00,  3.00,174.00, 86.00,167.00, 78.00, 95.00, 72.00, 40.00,186.00,  0.00,  0.00,  0.00,  0.00,  0.00, 14.00,131.00, 91.00,  0.00, 87.00, 43.00, 78.00, 24.00,173.00,209.00,  0.00,  0.00, 12.00,  0.00,  0.00,138.00,102.00, 82.00,171.00,  0.00,  0.00,  0.00,175.00,  0.00, 91.00,183.00,182.00, 56.00,  0.00, 96.00, 48.00,  0.00,201.00,  0.00,183.00,166.00,  0.00, 27.00, 30.00, 75.00, 80.00,112.00,137.00,203.00,206.00,  0.00,  0.00,158.00, 83.00,163.00,174.00,  0.00,  0.00,  0.00,
20.250,  0.00,159.00,205.00,176.00,204.00,177.00,193.00, 38.00,126.00, 62.00, 96.00, 33.00,  0.00,180.00,201.00,171.00,166.00,206.00,157.00,127.00,180.00,  0.00, 33.00,  0.00,206.00,190.00,197.00,180.00,  3.00,174.00, 86.00,167.00, 84.00, 95.00, 72.00, 40.00,189.00,  0.00,  0.00,  0.00,  0.00,  0.00, 14.00,132.00, 97.00,  0.00, 87.00, 43.00, 79.00, 24.00,176.00,209.00,  0.00,  0.00, 12.00,  0.00,  0.00,140.00,102.00, 82.00,171.00,  0.00,  0.00,  0.00,175.00,  0.00, 94.00,183.00,182.00, 60.00,  0.00, 96.00, 48.00,  0.00,201.00,  0.00,183.00,166.00,  0.00, 27.00, 30.00, 79.00, 80.00,112.00,143.00,203.00,206.00,  0.00,  0.00,163.00, 83.00,163.00,174.00,  0.00,  0.00,  0.00,
20.500,  0.00,161.00,206.00,178.00,204.00,177.00,193.00, 38.00,126.00, 62.00, 96.00, 33.00,  0.00,180.00,202.00,171.00,170.00,206.00,159.00,127.00,180.00,  0.00, 33.00,  0.00,208.00,190.00,197.00,180.00,  7.00,174.00, 86.00,167.00, 87.00, 95.00, 72.00, 40.00,189.00,  0.00,  0.00,  0.00,  0.00,  0.00, 22.00,135.00,104.00,  0.00, 87.00, 43.00, 90.00, 24.00,180.00,209.00,  0.00,  0.00, 12.00,  0.00,  0.00,147.00,102.00, 82.00,174.00,  0.00,  0.00,  0.00,175.00,  0.00, 99.00,183.00,182.00, 65.00,  0.00, 96.00, 52.00,  0.00,201.00,  0.00,183.00,166.00,  0.00, 27.00, 30.00, 82.00, 80.00,112.00,146.00,203.00,206.00,  0.00,  0.00,167.00, 83.00,163.00,174.00,  0.00,  0.00,  0.00,
20.750,  0.00,163.00,208.00,181.00,204.00,177.00,193.00, 38.00,126.00, 62.00, 96.00, 33.00,  0.00,180.00,204.00,171.00,170.00,206.00,161.00,127.00,180.00,  0.00, 36.00,  0.00,208.00,192.00,197.00,180.00,  7.00,174.00, 86.00,167.00, 97.00, 95.00, 72.00, 40.00,189.00,  0.00,  0.00,  0.00,  0.00,  0.00, 27.00,135.00,106.00,  0.00, 87.00, 43.00, 93.00, 25.00,180.00,213.00,  0.00,  0.00, 18.00,  0.00,  0.00,154.00,102.00, 82.00,175.00,  0.00,  0.00,  0.00,175.00,  2.00,100.00,183.00,182.00, 65.00,  0.00, 96.00, 55.00,  0.00,201.00,  0.00,183.00,166.00,  0.00, 31.00, 32.00, 91.00, 80.00,112.00,146.00,203.00,206.00,  0.00,  0.00,168.00, 83.00,163.00,174.00,  0.00,  0.00,  0.00,
21.000,  0.00,163.00,210.00,182.00,209.00,185.00,208.00, 38.00,126.00, 62.00, 96.00, 33.00,  0.00,188.00,204.00,179.00,170.00,210.00,161.00,131.00,185.00,  0.00, 36.00,  0.00,208.00,195.00,205.00,185.00,  7.00,183.00,104.00,177.00,119.00, 95.00, 72.00, 40.00,194.00,  0.00,  0.00,  0.00,  0.00,  0.00, 27.00,135.00,115.00,  0.00, 87.00, 43.00, 93.00, 26.00,181.00,213.00,  0.00,  0.00, 18.00,  0.00,  0.00,154.00,102.00, 82.00,179.00,  0.00,  0.00,  0.00,184.00,  2.00,100.00,192.00,188.00, 65.00,  0.00, 96.00, 55.00,  0.00,206.00,  0.00,194.00,181.00,  0.00, 31.00, 32.00, 91.00, 80.00,112.00,158.00,207.00,206.00,  0.00,  0.00,168.00, 83.00,163.00,174.00,  0.00,  0.00,  0.00,
21.250,  0.00,164.00,210.00,183.00,209.00,186.00,208.00, 38.00,126.00, 62.00, 96.00, 33.00,  0.00,188.00,204.00,180.00,170.00,210.00,161.00,131.00,185.00,  0.00, 36.00,  0.00,208.00,195.00,205.00,185.00,  7.00,183.00,104.00,177.00,123.00, 95.00, 72.00, 40.00,195.00,  0.00,  0.00,  0.00,  0.00,  0.00, 27.00,135.00,115.00,  0.00, 87.00, 43.00, 93.00, 26.00,181.00,213.00,  0.00,  0.00, 18.00,  0.00,  0.00,154.00,102.00, 82.00,179.00,  0.00,  0.00,  0.00,184.00,  2.00,100.00,192.00,188.00, 65.00,  0.00, 96.00, 55.00,  0.00,206.00,  0.00,195.00,182.00,  0.00, 31.00, 32.00, 91.00, 80.00,112.00,158.00,209.00,206.00,  0.00,  0.00,170.00, 83.00,163.00,174.00,  0.00,  0.00,  0.00,
21.500,  0.00,164.00,211.00,186.00,209.00,186.00,208.00, 38.00,126.00, 62.00, 96.00, 33.00,  0.00,188.00,204.00,180.00,172.00,210.00,161.00,131.00,185.00,  0.00, 36.00,  0.00,208.00,195.00,205.00,185.00,  7.00,183.00,104.00,177.00,126.00, 95.00, 72.00, 40.00,197.00,  0.00,  0.00,  0.00,  0.00,  0.00, 27.00,135.00,120.00,  0.00, 87.00, 43.00, 93.00, 26.00,184.00,213.00,  0.00,  0.00, 18.00,  0.00,  0.00,154.00,102.00, 82.00,180.00,  0.00,  0.00,  0.00,184.00,  2.00,100.00,192.00,188.00, 65.00,  0.00, 96.00, 55.00,  0.00,206.00,  0.00,195.00,182.00,  0.00, 31.00, 32.00, 91.00, 80.00,112.00,159.00,209.00,206.00,  0.00,  0.00,172.00, 83.00,163.00,174.00,  0.00,  0.00,  0.00,
21.750,  0.00,164.00,211.00,188.00,209.00,186.00,208.00, 38.00,126.00, 62.00, 96.00, 33.00,  0.00,188.00,205.00,180.00,175.00,210.00,161.00,131.00,185.00,  0.00, 36.00,  0.00,208.00,196.00,205.00,185.00,  7.00,183.00,104.00,177.00,126.00, 95.00, 72.00, 40.00,199.00,  0.00,  0.00,  0.00,  0.00,  0.00, 27.00,136.00,124.00,  0.00, 87.00, 43.00, 93.00, 26.00,188.00,213.00,  0.00,  0.00, 18.00,  0.00,  0.00,154.00,102.00, 82.00,182.00,  0.00,  0.00,  0.00,184.00,  2.00,105.00,192.00,188.00, 65.00,  0.00, 96.00, 55.00,  0.00,206.00,  0.00,195.00,182.00,  0.00, 31.00, 32.00, 91.00, 80.00,112.00,162.00,209.00,206.00,  0.00,  0.00,176.00, 83.00,163.00,174.00,  0.00,  0.00,  0.00,
22.000,  0.00,165.00,213.00,190.00,209.00,186.00,208.00, 38.00,126.00, 62.00, 96.00, 33.00,  0.00,188.00,205.00,180.00,177.00,210.00,161.00,131.00,185.00,  0.00, 36.00,  0.00,208.00,196.00,205.00,185.00,  7.00,183.00,104.00,177.00,127.00, 95.00, 72.00, 40.00,199.00,  0.00,  0.00,  0.00,  0.00,  0.00, 27.00,136.00,124.00,  0.00, 87.00, 43.00, 93.00, 26.00,189.00,213.00,  0.00,  0.00, 18.00,  0.00,  0.00,154.00,102.00, 82.00,184.00,  0.00,  0.00,  0.00,184.00,  2.00,107.00,192.00,188.00, 65.00,  0.00, 96.00, 55.00,  0.00,206.00,  0.00,195.00,182.00,  0.00, 31.00, 32.00, 91.00, 80.00,112.00,162.00,209.00,206.00,  0.00,  0.00,176.00, 83.00,163.00,174.00,  0.00,  0.00,  0.00,
22.250,  0.00,168.00,215.00,192.00,209.00,186.00,208.00, 38.00,126.00, 62.00, 96.00, 33.00,  0.00,189.00,205.00,182.00,178.00,210.00,161.00,132.00,185.00,  0.00, 36.00,  0.00,208.00,196.00,205.00,185.00,  7.00,183.00,108.00,177.00,135.00, 95.00, 72.00, 40.00,200.00,  0.00,  0.00,  0.00,  0.00,  0.00, 27.00,136.00,127.00,  0.00, 87.00, 43.00, 93.00, 26.00,189.00,213.00,  0.00,  0.00, 18.00,  0.00,  0.00,154.00,102.00, 82.00,184.00,  0.00,  0.00,  0.00,184.00,  2.00,107.00,192.00,188.00, 65.00,  0.00, 96.00, 55.00,  0.00,206.00,  0.00,195.00,185.00,  0.00, 31.00, 32.00, 91.00, 80.00,112.00,162.00,213.00,206.00,  0.00,  0.00,176.00, 83.00,163.00,174.00,  0.00,  0.00,  0.00,
22.500,  0.00,168.00,215.00,192.00,209.00,186.00,208.00, 38.00,126.00, 62.00, 96.00, 33.00,  0.00,189.00,206.00,182.00,181.00,210.00,161.00,132.00,185.00,  0.00, 36.00,  0.00,208.00,197.00,205.00,185.00,  7.00,183.00,111.00,178.00,135.00, 95.00, 72.00, 40.00,202.00,  0.00,  0.00,  0.00,  0.00,  0.00, 27.00,138.00,130.00,  0.00, 87.00, 43.00, 93.00, 26.00,193.00,213.00,  0.00,  0.00, 18.00,  0.00,  0.00,154.00,102.00, 82.00,186.00,  0.00,  0.00,  0.00,184.00,  2.00,112.00,192.00,188.00, 65.00,  0.00, 96.00, 55.00,  0.00,207.00,  0.00,195.00,186.00,  0.00, 31.00, 32.00, 91.00, 80.00,112.00,166.00,213.00,206.00,  0.00,  0.00,180.00, 83.00,163.00,174.00,  0.00,  0.00,  0.00,
22.750,  0.00,168.00,215.00,193.00,209.00,186.00,208.00, 38.00,126.00, 62.00, 96.00, 33.00,  0.00,189.00,206.00,182.00,181.00,210.00,161.00,132.00,185.00,  0.00, 36.00,  0.00,208.00,197.00,205.00,185.00,  7.00,183.00,117.00,178.00,137.00, 95.00, 72.00, 40.00,203.00,  0.00,  0.00,  0.00,  0.00,  0.00, 27.00,138.00,130.00,  0.00, 87.00, 43.00, 93.00, 26.00,193.00,213.00,  0.00,  0.00, 18.00,  0.00,  0.00,154.00,102.00, 82.00,187.00,  0.00,  0.00,  0.00,184.00,  2.00,113.00,192.00,188.00, 65.00,  0.00, 96.00, 55.00,  0.00,207.00,  0.00,195.00,186.00,  0.00, 31.00, 32.00, 91.00, 80.00,112.00,168.00,213.00,206.00,  0.00,  0.00,180.00, 83.00,163.00,174.00,  0.00,  0.00,  0.00,
23.000,  0.00,168.00,215.00,195.00,209.00,186.00,208.00, 38.00,126.00, 62.00, 96.00, 33.00,  0.00,189.00,207.00,182.00,184.00,210.00,161.00,132.00,185.00,  0.00, 36.00,  0.00,208.00,197.00,205.00,185.00,  7.00,185.00,122.00,180.00,138.00, 95.00, 72.00, 40.00,203.00,  0.00,  0.00,  0.00,  0.00,  0.00, 27.00,141.00,133.00,  0.00, 87.00, 43.00, 93.00, 26.00,194.00,213.00,  0.00,  0.00, 18.00,  0.00,  0.00,154.00,102.00, 82.00,192.00,  0.00,  0.00,  0.00,184.00,  2.00,119.00,192.00,188.00, 65.00,  0.00, 96.00, 55.00,  0.00,207.00,  0.00,195.00,190.00,  0.00, 31.00, 32.00, 91.00, 80.00,112.00,171.00,213.00,206.00,  0.00,  0.00,183.00, 83.00,163.00,174.00,  0.00,  0.00,  0.00,
23.250,  0.00,172.00,217.00,197.00,209.00,189.00,208.00, 38.00,126.00, 62.00, 96.00, 33.00,  0.00,195.00,207.00,188.00,184.00,214.00,161.00,135.00,185.00,  0.00, 36.00,  0.00,208.00,200.00,209.00,186.00,  7.00,190.00,135.00,183.00,149.00, 95.00, 72.00, 40.00,205.00,  0.00,  0.00,  0.00,  0.00,  0.00, 27.00,141.00,136.00,  0.00, 87.00, 43.00, 93.00, 26.00,194.00,213.00,  0.00,  0.00, 18.00,  0.00,  0.00,154.00,102.00, 82.00,192.00,  0.00,  0.00,  0.00,196.00,  2.00,119.00,197.00,193.00, 65.00,  0.00, 96.00, 55.00,  0.00,210.00,  0.00,204.00,197.00,  0.00, 31.00, 32.00, 91.00, 80.00,112.00,171.00,224.00,214.00,  0.00,  0.00,184.00, 83.00,163.00,174.00,  0.00,  0.00,  0.00,
23.500,  0.00,172.00,218.00,199.00,210.00,193.00,208.00, 38.00,126.00, 62.00, 96.00, 33.00,  0.00,195.00,207.00,190.00,184.00,214.00,161.00,137.00,185.00,  0.00, 36.00,  0.00,208.00,200.00,209.00,188.00,  7.00,192.00,143.00,184.00,152.00, 95.00, 72.00, 40.00,206.00,  0.00,  0.00,  0.00,  0.00,  0.00, 27.00,141.00,136.00,  0.00, 87.00, 43.00, 93.00, 26.00,195.00,213.00,  0.00,  0.00, 18.00,  0.00,  0.00,154.00,102.00, 82.00,192.00,  0.00,  0.00,  0.00,197.00,  2.00,119.00,198.00,193.00, 65.00,  0.00, 96.00, 55.00,  0.00,210.00,  0.00,204.00,198.00,  0.00, 31.00, 32.00, 91.00, 80.00,112.00,171.00,224.00,214.00,  0.00,  0.00,184.00, 83.00,163.00,174.00,  0.00,  0.00,  0.00,
23.750,  0.00,172.00,218.00,199.00,210.00,193.00,208.00, 38.00,126.00, 62.00, 96.00, 33.00,  0.00,195.00,208.00,190.00,186.00,214.00,161.00,137.00,185.00,  0.00, 36.00,  0.00,208.00,200.00,209.00,188.00,  7.00,192.00,143.00,184.00,152.00, 95.00, 72.00, 40.00,206.00,  0.00,  0.00,  0.00,  0.00,  0.00, 27.00,141.00,137.00,  0.00, 87.00, 43.00, 93.00, 26.00,197.00,213.00,  0.00,  0.00, 18.00,  0.00,  0.00,154.00,102.00, 82.00,192.00,  0.00,  0.00,  0.00,197.00,  2.00,119.00,198.00,193.00, 65.00,  0.00, 96.00, 55.00,  0.00,210.00,  0.00,204.00,198.00,  0.00, 31.00, 32.00, 91.00, 80.00,112.00,171.00,224.00,214.00,  0.00,  0.00,184.00, 83.00,163.00,174.00,  0.00,  0.00,  0.00,
24.000,  0.00,172.00,218.00,201.00,210.00,193.00,208.00, 38.00,126.00, 62.00, 96.00, 33.00,  0.00,195.00,208.00,190.00,187.00,214.00,161.00,137.00,185.00,  0.00, 36.00,  0.00,208.00,200.00,209.00,188.00,  7.00,192.00,143.00,184.00,152.00, 95.00, 72.00, 40.00,207.00,  0.00,  0.00,  0.00,  0.00,  0.00, 27.00,141.00,137.00,  0.00, 87.00, 43.00, 93.00, 26.00,197.00,213.00,  0.00,  0.00, 18.00,  0.00,  0.00,154.00,102.00, 82.00,193.00,  0.00,  0.00,  0.00,197.00,  2.00,119.00,198.00,193.00, 65.00,  0.00, 96.00, 55.00,  0.00,210.00,  0.00,204.00,198.00,  0.00, 31.00, 32.00, 91.00, 80.00,112.00,172.00,224.00,214.00,  0.00,  0.00,186.00, 83.00,163.00,174.00,  0.00,  0.00,  0.00,
24.250,  0.00,172.00,218.00,202.00,210.00,193.00,208.00, 38.00,126.00, 62.00, 96.00, 33.00,  0.00,195.00,208.00,190.00,189.00,214.00,161.00,137.00,185.00,  0.00, 36.00,  0.00,208.00,200.00,209.00,188.00,  7.00,192.00,145.00,184.00,152.00, 95.00, 72.00, 40.00,208.00,  0.00,  0.00,  0.00,  0.00,  0.00, 27.00,141.00,137.00,  0.00, 87.00, 43.00, 96.00, 26.00,198.00,213.00,  0.00,  0.00, 18.00,  0.00,  0.00,154.00,102.00, 82.00,195.00,  0.00,  0.00,  0.00,197.00,  2.00,125.00,198.00,193.00, 65.00,  0.00, 96.00, 59.00,  0.00,210.00,  0.00,204.00,198.00,  0.00, 31.00, 32.00, 91.00, 80.00,112.00,175.00,224.00,214.00,  0.00,  0.00,186.00, 83.00,163.00,174.00,  0.00,  0.00,  0.00,
24.500,  0.00,173.00,219.00,202.00,210.00,193.00,208.00, 38.00,126.00, 62.00, 96.00, 33.00,  0.00,195.00,208.00,191.00,190.00,216.00,161.00,137.00,185.00,  0.00, 36.00,  0.00,208.00,201.00,209.00,188.00,  7.00,192.00,151.00,185.00,153.00, 95.00, 72.00, 40.00,210.00,  0.00,  0.00,  0.00,  0.00,  0.00, 27.00,142.00,140.00,  0.00, 87.00, 43.00, 96.00, 26.00,198.00,213.00,  0.00,  0.00, 18.00,  0.00,  0.00,154.00,102.00, 82.00,195.00,  0.00,  0.00,  0.00,197.00,  2.00,125.00,198.00,193.00, 65.00,  0.00, 96.00, 59.00,  0.00,210.00,  0.00,204.00,200.00,  0.00, 31.00, 32.00, 91.00, 80.00,112.00,175.00,224.00,214.00,  0.00,  0.00,187.00, 83.00,163.00,174.00,  0.00,  0.00,  0.00,
24.750,  0.00,174.00,219.00,204.00,210.00,193.00,208.00, 38.00,126.00, 62.00, 96.00, 33.00,  0.00,195.00,209.00,191.00,192.00,216.00,161.00,137.00,185.00,  0.00, 36.00,  0.00,209.00,201.00,209.00,188.00,  7.00,192.00,151.00,185.00,155.00, 95.00, 72.00, 40.00,210.00,  0.00,  0.00,  0.00,  0.00,  0.00, 27.00,143.00,140.00,  0.00, 87.00, 43.00,103.00, 26.00,201.00,213.00,  0.00,  0.00, 18.00,  0.00,  0.00,158.00,102.00, 82.00,199.00,  0.00,  0.00,  0.00,197.00,  2.00,131.00,198.00,193.00, 65.00,  0.00, 96.00, 64.00,  0.00,210.00,  0.00,204.00,200.00,  0.00, 31.00, 32.00, 92.00, 80.00,112.00,177.00,224.00,214.00,  0.00,  0.00,187.00, 83.00,163.00,174.00,  0.00,  0.00,  0.00,
25.000,  0.00,174.00,219.00,204.00,210.00,193.00,208.00, 38.00,126.00, 62.00, 96.00, 33.00,  0.00,195.00,209.00,191.00,192.00,216.00,161.00,137.00,185.00,  0.00, 36.00,  0.00,209.00,201.00,209.00,188.00,  7.00,192.00,152.00,185.00,155.00, 95.00, 72.00, 40.00,210.00,  0.00,  0.00,  0.00,  0.00,  0.00, 27.00,145.00,140.00,  0.00, 87.00, 43.00,103.00, 26.00,201.00,214.00,  0.00,  0.00, 18.00,  0.00,  0.00,158.00,102.00, 82.00,199.00,  0.00,  0.00,  0.00,197.00,  2.00,132.00,198.00,193.00, 65.00,  0.00, 96.00, 64.00,  0.00,210.00,  0.00,204.00,200.00,  0.00, 31.00, 32.00, 92.00, 80.00,112.00,177.00,224.00,214.00,  0.00,  0.00,187.00, 83.00,163.00,174.00,  0.00,  0.00,  0.00,
25.250,  0.00,176.00,221.00,204.00,210.00,193.00,208.00, 38.00,126.00, 62.00, 96.00, 33.00,  0.00,195.00,211.00,191.00,193.00,216.00,161.00,137.00,185.00,  0.00, 36.00,  0.00,209.00,201.00,209.00,188.00,  7.00,193.00,153.00,185.00,155.00, 95.00, 72.00, 40.00,210.00,  0.00,  0.00,  0.00,  0.00,  0.00, 27.00,145.00,140.00,  0.00, 87.00, 43.00,103.00, 26.00,202.00,214.00,  0.00,  0.00, 18.00,  0.00,  0.00,158.00,102.00, 82.00,199.00,  0.00,  0.00,  0.00,197.00,  2.00,132.00,200.00,193.00, 65.00,  0.00, 96.00, 64.00,  0.00,210.00,  0.00,204.00,200.00,  0.00, 31.00, 32.00, 92.00, 80.00,112.00,177.00,224.00,214.00,  0.00,  0.00,187.00, 83.00,163.00,174.00,  0.00,  0.00,  0.00,
25.500,  0.00,176.00,221.00,204.00,210.00,193.00,208.00, 38.00,126.00, 62.00, 96.00, 33.00,  0.00,196.00,211.00,192.00,193.00,216.00,161.00,137.00,185.00,  0.00, 36.00,  0.00,209.00,201.00,209.00,188.00,  7.00,194.00,160.00,187.00,155.00, 95.00, 72.00, 40.00,212.00,  0.00,  0.00,  0.00,  0.00,  0.00, 27.00,145.00,141.00,  0.00, 87.00, 43.00,103.00, 26.00,202.00,214.00,  0.00,  0.00, 18.00,  0.00,  0.00,158.00,102.00, 82.00,199.00,  0.00,  0.00,  0.00,203.00,  2.00,132.00,200.00,193.00, 65.00,  0.00, 96.00, 64.00,  0.00,211.00,  0.00,206.00,204.00,  0.00, 31.00, 32.00, 92.00, 80.00,112.00,177.00,225.00,216.00,  0.00,  0.00,188.00, 83.00,163.00,174.00,  0.00,  0.00,  0.00,
25.750,  0.00,176.00,221.00,206.00,210.00,193.00,208.00, 38.00,126.00, 62.00, 96.00, 33.00,  0.00,196.00,211.00,192.00,194.00,216.00,161.00,137.00,185.00,  0.00, 36.00,  0.00,209.00,201.00,209.00,188.00,  7.00,195.00,163.00,187.00,155.00, 95.00, 72.00, 40.00,213.00,  0.00,  0.00,  0.00,  0.00,  0.00, 27.00,147.00,142.00,  0.00, 87.00, 43.00,103.00, 26.00,202.00,214.00,  0.00,  0.00, 18.00,  0.00,  0.00,158.00,102.00, 82.00,199.00,  0.00,  0.00,  0.00,203.00,  2.00,132.00,201.00,193.00, 65.00,  0.00, 96.00, 64.00,  0.00,211.00,  0.00,206.00,204.00,  0.00, 31.00, 32.00, 92.00, 80.00,112.00,177.00,225.00,216.00,  0.00,  0.00,189.00, 83.00,163.00,174.00,  0.00,  0.00,  0.00,
26.000,  0.00,176.00,222.00,208.00,210.00,194.00,208.00, 38.00,126.00, 62.00, 96.00, 33.00,  0.00,196.00,211.00,195.00,196.00,216.00,161.00,137.00,185.00,  0.00, 36.00,  0.00,209.00,201.00,209.00,188.00,  7.00,196.00,163.00,187.00,155.00, 95.00, 72.00, 40.00,213.00,  0.00,  0.00,  0.00,  0.00,  0.00, 27.00,147.00,142.00,  0.00, 87.00, 43.00,105.00, 26.00,203.00,214.00,  0.00,  0.00, 18.00,  0.00,  0.00,158.00,102.00, 82.00,201.00,  0.00,  0.00,  0.00,203.00,  2.00,136.00,202.00,193.00, 65.00,  0.00, 96.00, 64.00,  0.00,211.00,  0.00,206.00,204.00,  0.00, 31.00, 32.00, 92.00, 80.00,112.00,177.00,226.00,216.00,  0.00,  0.00,189.00, 83.00,163.00,174.00,  0.00,  0.00,  0.00,
26.250,  0.00,177.00,222.00,208.00,210.00,196.00,208.00, 38.00,126.00, 62.00, 96.00, 33.00,  0.00,199.00,211.00,195.00,196.00,216.00,161.00,138.00,185.00,  0.00, 36.00,  0.00,209.00,202.00,210.00,188.00,  7.00,198.00,170.00,189.00,155.00, 95.00, 72.00, 40.00,215.00,  0.00,  0.00,  0.00,  0.00,  0.00, 27.00,147.00,142.00,  0.00, 87.00, 43.00,105.00, 26.00,203.00,214.00,  0.00,  0.00, 18.00,  0.00,  0.00,158.00,102.00, 82.00,201.00,  0.00,  0.00,  0.00,208.00,  2.00,136.00,203.00,193.00, 65.00,  0.00, 96.00, 64.00,  0.00,212.00,  0.00,207.00,205.00,  0.00, 31.00, 32.00, 92.00, 80.00,112.00,177.00,226.00,216.00,  0.00,  0.00,189.00, 83.00,163.00,174.00,  0.00,  0.00,  0.00,
26.500,  0.00,177.00,222.00,208.00,210.00,196.00,208.00, 38.00,126.00, 62.00, 96.00, 33.00,  0.00,199.00,211.00,195.00,196.00,216.00,161.00,138.00,185.00,  0.00, 36.00,  0.00,209.00,202.00,210.00,188.00,  7.00,198.00,170.00,189.00,155.00, 95.00, 72.00, 40.00,215.00,  0.00,  0.00,  0.00,  0.00,  0.00, 27.00,148.00,142.00,  0.00, 87.00, 43.00,105.00, 26.00,203.00,214.00,  0.00,  0.00, 18.00,  0.00,  0.00,158.00,102.00, 82.00,201.00,  0.00,  0.00,  0.00,208.00,  2.00,136.00,203.00,193.00, 65.00,  0.00, 96.00, 64.00,  0.00,212.00,  0.00,207.00,206.00,  0.00, 31.00, 32.00, 92.00, 80.00,112.00,177.00,226.00,218.00,  0.00,  0.00,189.00, 83.00,163.00,174.00,  0.00,  0.00,  0.00,
26.750,  0.00,177.00,222.00,208.00,210.00,196.00,208.00, 38.00,126.00, 62.00, 96.00, 33.00,  0.00,199.00,211.00,195.00,199.00,216.00,161.00,138.00,185.00,  0.00, 36.00,  0.00,209.00,202.00,210.00,188.00,  7.00,198.00,170.00,189.00,155.00, 95.00, 72.00, 40.00,215.00,  0.00,  0.00,  0.00,  0.00,  0.00, 30.00,151.00,144.00,  0.00, 87.00, 43.00,106.00, 26.00,204.00,214.00,  0.00,  0.00, 18.00,  0.00,  0.00,158.00,102.00, 82.00,202.00,  0.00,  0.00,  0.00,211.00,  2.00,139.00,204.00,193.00, 65.00,  0.00, 96.00, 64.00,  0.00,212.00,  0.00,207.00,207.00,  0.00, 31.00, 32.00, 92.00, 80.00,112.00,177.00,226.00,219.00,  0.00,  0.00,189.00, 83.00,163.00,174.00,  0.00,  0.00,  0.00,
27.000,  0.00,182.00,225.00,212.00,209.00,198.00,207.00, 41.00,125.00, 61.00, 95.00, 32.00,  0.00,198.00,216.00,198.00,200.00,215.00,169.00,143.00,184.00,  0.00, 35.00,  0.00,211.00,203.00,209.00,187.00, 15.00,199.00,169.00,188.00,154.00, 94.00, 71.00, 39.00,214.00,  0.00,  0.00,  0.00,  0.00,  0.00, 57.00,154.00,143.00,  0.00, 86.00, 42.00,130.00, 30.00,205.00,218.00,  4.00,  0.00, 38.00, 11.00,  0.00,177.00,101.00, 81.00,209.00,  0.00,  0.00,  0.00,210.00,  3.00,152.00,204.00,192.00, 64.00,  0.00, 95.00, 81.00,  0.00,211.00,  0.00,206.00,206.00,  0.00, 30.00, 31.00,110.00, 79.00,111.00,176.00,233.00,218.00,  0.00,  0.00,189.00, 82.00,162.00,173.00,  0.00,  0.00,  0.00,
27.250,  0.00,182.00,225.00,212.00,209.00,198.00,207.00, 41.00,125.00, 61.00, 95.00, 32.00,  0.00,200.00,216.00,198.00,200.00,216.00,169.00,143.00,184.00,  0.00, 35.00,  0.00,211.00,203.00,209.00,188.00, 15.00,200.00,175.00,192.00,154.00, 94.00, 71.00, 39.00,219.00,  0.00,  0.00,  0.00,  0.00,  0.00, 57.00,154.00,144.00,  0.00, 86.00, 42.00,130.00, 30.00,205.00,218.00,  4.00,  0.00, 38.00, 11.00,  0.00,177.00,101.00, 81.00,209.00,  0.00,  0.00,  0.00,216.00,  3.00,152.00,207.00,192.00, 64.00,  0.00, 95.00, 81.00,  0.00,214.00,  0.00,213.00,209.00,  0.00, 30.00, 31.00,110.00, 79.00,111.00,176.00,233.00,224.00,  0.00,  0.00,189.00, 82.00,162.00,173.00,  0.00,  0.00,  0.00,
27.500,  0.00,182.00,225.00,212.00,209.00,199.00,207.00, 41.00,125.00, 61.00, 95.00, 32.00,  0.00,200.00,216.00,198.00,200.00,216.00,169.00,143.00,184.00,  0.00, 35.00,  0.00,211.00,203.00,209.00,188.00, 15.00,200.00,175.00,192.00,154.00, 94.00, 71.00, 39.00,219.00,  0.00,  0.00,  0.00,  0.00,  0.00, 57.00,154.00,144.00,  0.00, 86.00, 42.00,130.00, 30.00,206.00,218.00,  4.00,  0.00, 38.00, 11.00,  0.00,177.00,101.00, 81.00,209.00,  0.00,  0.00,  0.00,216.00,  3.00,152.00,207.00,192.00, 64.00,  0.00, 95.00, 81.00,  0.00,214.00,  0.00,213.00,209.00,  0.00, 30.00, 31.00,110.00, 79.00,111.00,176.00,233.00,224.00,  0.00,  0.00,189.00, 82.00,162.00,173.00,  0.00,  0.00,  0.00,
27.750,  0.00,182.00,226.00,212.00,210.00,204.00,207.00, 41.00,125.00, 61.00, 95.00, 32.00,  0.00,204.00,216.00,202.00,200.00,217.00,169.00,143.00,184.00,  0.00, 35.00,  0.00,211.00,203.00,212.00,190.00, 15.00,204.00,184.00,192.00,154.00, 94.00, 71.00, 39.00,219.00,  0.00,  0.00,  0.00,  0.00,  0.00, 57.00,154.00,144.00,  0.00, 86.00, 42.00,130.00, 30.00,206.00,218.00,  4.00,  0.00, 38.00, 11.00,  0.00,177.00,101.00, 81.00,209.00,  0.00,  0.00,  0.00,222.00,  3.00,152.00,208.00,192.00, 64.00,  0.00, 95.00, 81.00,  0.00,215.00,  0.00,218.00,212.00,  0.00, 30.00, 31.00,110.00, 79.00,111.00,176.00,233.00,227.00,  0.00,  0.00,189.00, 82.00,162.00,173.00,  0.00,  0.00,  0.00,
28.000,  0.00,182.00,226.00,212.00,210.00,205.00,207.00, 41.00,125.00, 61.00, 95.00, 32.00,  0.00,204.00,216.00,203.00,200.00,218.00,169.00,143.00,184.00,  0.00, 35.00,  0.00,211.00,204.00,214.00,190.00, 15.00,205.00,184.00,192.00,154.00, 94.00, 71.00, 39.00,219.00,  0.00,  0.00,  0.00,  0.00,  0.00, 57.00,154.00,144.00,  0.00, 86.00, 42.00,130.00, 30.00,206.00,218.00,  4.00,  0.00, 38.00, 11.00,  0.00,177.00,101.00, 81.00,209.00,  0.00,  0.00,  0.00,223.00,  3.00,152.00,210.00,192.00, 64.00,  0.00, 95.00, 81.00,  0.00,217.00,  0.00,218.00,214.00,  0.00, 30.00, 31.00,110.00, 79.00,111.00,176.00,233.00,230.00,  0.00,  0.00,189.00, 82.00,162.00,173.00,  0.00,  0.00,  0.00,
28.250,  0.00,182.00,226.00,212.00,210.00,205.00,207.00, 41.00,125.00, 61.00, 95.00, 32.00,  0.00,204.00,216.00,203.00,201.00,218.00,169.00,143.00,184.00,  0.00, 35.00,  0.00,211.00,204.00,214.00,190.00, 15.00,205.00,184.00,192.00,154.00, 94.00, 71.00, 39.00,219.00,  0.00,  0.00,  0.00,  0.00,  0.00, 57.00,154.00,144.00,  0.00, 86.00, 42.00,130.00, 30.00,206.00,218.00,  4.00,  0.00, 38.00, 11.00,  0.00,177.00,101.00, 81.00,210.00,  0.00,  0.00,  0.00,223.00,  3.00,152.00,210.00,192.00, 64.00,  0.00, 95.00, 81.00,  0.00,217.00,  0.00,218.00,214.00,  0.00, 30.00, 31.00,110.00, 79.00,111.00,176.00,233.00,230.00,  0.00,  0.00,189.00, 82.00,162.00,173.00,  0.00,  0.00,  0.00,
28.500,  0.00,182.00,226.00,212.00,210.00,205.00,207.00, 41.00,125.00, 61.00, 95.00, 32.00,  0.00,204.00,216.00,203.00,201.00,218.00,169.00,143.00,184.00,  0.00, 35.00,  0.00,211.00,204.00,214.00,190.00, 15.00,205.00,184.00,192.00,154.00, 94.00, 71.00, 39.00,219.00,  0.00,  0.00,  0.00,  0.00,  0.00, 57.00,154.00,144.00,  0.00, 86.00, 42.00,130.00, 30.00,206.00,218.00,  4.00,  0.00, 38.00, 11.00,  0.00,177.00,101.00, 81.00,210.00,  0.00,  0.00,  0.00,223.00,  3.00,152.00,210.00,192.00, 64.00,  0.00, 95.00, 81.00,  0.00,217.00,  0.00,218.00,214.00,  0.00, 30.00, 31.00,110.00, 79.00,111.00,176.00,233.00,230.00,  0.00,  0.00,189.00, 82.00,162.00,173.00,  0.00,  0.00,  0.00,
28.750,  0.00,184.00,227.00,213.00,210.00,208.00,207.00, 41.00,125.00, 61.00, 95.00, 32.00,  0.00,206.00,216.00,205.00,201.00,219.00,169.00,143.00,184.00,  0.00, 35.00,  0.00,211.00,205.00,214.00,190.00, 15.00,208.00,186.00,192.00,154.00, 94.00, 71.00, 39.00,222.00,  0.00,  0.00,  0.00,  0.00,  0.00, 57.00,154.00,144.00,  0.00, 86.00, 42.00,130.00, 30.00,206.00,218.00,  4.00,  0.00, 38.00, 11.00,  0.00,177.00,101.00, 81.00,210.00,  0.00,  0.00,  0.00,225.00,  3.00,152.00,213.00,192.00, 64.00,  0.00, 95.00, 81.00,  0.00,218.00,  0.00,218.00,214.00,  0.00, 30.00, 31.00,110.00, 79.00,111.00,176.00,233.00,230.00,  0.00,  0.00,189.00, 82.00,162.00,173.00,  0.00,  0.00,  0.00,
29.000,  0.00,184.00,227.00,213.00,210.00,208.00,207.00, 41.00,125.00, 61.00, 95.00, 32.00,  0.00,206.00,216.00,205.00,201.00,219.00,169.00,143.00,184.00,  0.00, 35.00,  0.00,211.00,205.00,214.00,191.00, 15.00,208.00,186.00,192.00,154.00, 94.00, 71.00, 39.00,222.00,  0.00,  0.00,  0.00,  0.00,  0.00, 57.00,154.00,144.00,  0.00, 86.00, 42.00,130.00, 30.00,206.00,218.00,  4.00,  0.00, 38.00, 11.00,  0.00,177.00,101.00, 81.00,210.00,  0.00,  0.00,  0.00,225.00,  3.00,152.00,215.00,192.00, 64.00,  0.00, 95.00, 81.00,  0.00,218.00,  0.00,219.00,214.00,  0.00, 30.00, 31.00,110.00, 79.00,111.00,176.00,233.00,230.00,  0.00,  0.00,189.00, 82.00,162.00,173.00,  0.00,  0.00,  0.00,
29.250,  0.00,184.00,227.00,215.00,210.00,208.00,207.00, 41.00,125.00, 61.00, 95.00, 32.00,  0.00,206.00,216.00,205.00,201.00,219.00,169.00,143.00,184.00,  0.00, 35.00,  0.00,211.00,205.00,214.00,191.00, 15.00,208.00,186.00,192.00,154.00, 94.00, 71.00, 39.00,222.00,  0.00,  0.00,  0.00,  0.00,  0.00, 57.00,154.00,144.00,  0.00, 86.00, 42.00,130.00, 30.00,206.00,218.00,  4.00,  0.00, 38.00, 11.00,  0.00,177.00,101.00, 81.00,210.00,  0.00,  0.00,  0.00,226.00,  3.00,152.00,215.00,192.00, 64.00,  0.00, 95.00, 81.00,  0.00,220.00,  0.00,219.00,214.00,  0.00, 30.00, 31.00,110.00, 79.00,111.00,176.00,233.00,230.00,  0.00,  0.00,189.00, 82.00,162.00,173.00,  0.00,  0.00,  0.00,
29.500,  0.00,184.00,227.00,215.00,210.00,208.00,207.00, 41.00,125.00, 61.00, 95.00, 32.00,  0.00,206.00,216.00,205.00,203.00,219.00,169.00,143.00,184.00,  0.00, 35.00,  0.00,211.00,205.00,214.00,191.00, 15.00,208.00,186.00,192.00,154.00, 94.00, 71.00, 39.00,222.00,  0.00,  0.00,  0.00,  0.00,  0.00, 57.00,154.00,144.00,  0.00, 86.00, 42.00,130.00, 30.00,206.00,218.00,  4.00,  0.00, 38.00, 11.00,  0.00,177.00,101.00, 81.00,210.00,  0.00,  0.00,  0.00,226.00,  3.00,152.00,217.00,192.00, 64.00,  0.00, 95.00, 81.00,  0.00,220.00,  0.00,219.00,214.00,  0.00, 30.00, 31.00,110.00, 79.00,111.00,176.00,233.00,230.00,  0.00,  0.00,189.00, 82.00,162.00,173.00,  0.00,  0.00,  0.00,
29.750,  0.00,185.00,227.00,215.00,210.00,208.00,207.00, 41.00,125.00, 61.00, 95.00, 32.00,  0.00,206.00,216.00,205.00,204.00,219.00,169.00,143.00,184.00,  0.00, 35.00,  0.00,211.00,205.00,214.00,191.00, 15.00,208.00,186.00,192.00,154.00, 94.00, 71.00, 39.00,222.00,  0.00,  0.00,  0.00,  0.00,  0.00, 57.00,154.00,144.00,  0.00, 86.00, 42.00,130.00, 30.00,207.00,218.00,  4.00,  0.00, 38.00, 12.00,  0.00,177.00,101.00, 81.00,212.00,  0.00,  0.00,  0.00,228.00,  3.00,152.00,219.00,192.00, 64.00,  0.00, 95.00, 81.00,  0.00,220.00,  0.00,219.00,214.00,  0.00, 30.00, 31.00,110.00, 79.00,111.00,176.00,233.00,230.00,  0.00,  0.00,189.00, 82.00,162.00,173.00,  0.00,  0.00,  0.00,
30.000,  0.00,187.00,228.00,215.00,210.00,208.00,207.00, 41.00,125.00, 61.00, 95.00, 32.00,  0.00,207.00,216.00,206.00,204.00,219.00,169.00,143.00,184.00,  0.00, 35.00,  0.00,211.00,206.00,215.00,194.00, 15.00,210.00,193.00,193.00,154.00, 94.00, 71.00, 39.00,224.00,  0.00,  0.00,  0.00,  0.00,  0.00, 57.00,154.00,144.00,  0.00, 86.00, 42.00,130.00, 30.00,207.00,218.00,  4.00,  0.00, 38.00, 12.00,  0.00,177.00,101.00, 81.00,212.00,  0.00,  0.00,  0.00,228.00,  3.00,152.00,219.00,192.00, 64.00,  0.00, 95.00, 81.00,  0.00,221.00,  0.00,226.00,217.00,  0.00, 30.00, 31.00,110.00, 79.00,111.00,176.00,233.00,230.00,  0.00,  0.00,189.00, 82.00,162.00,173.00,  0.00,  0.00,  0.00,
30.250,  0.00,187.00,229.00,216.00,210.00,209.00,207.00, 41.00,125.00, 61.00, 95.00, 32.00,  0.00,208.00,216.00,206.00,204.00,219.00,169.00,143.00,184.00,  0.00, 35.00,  0.00,211.00,207.00,215.00,194.00, 15.00,210.00,193.00,193.00,154.00, 94.00, 71.00, 39.00,224.00,  0.00,  0.00,  0.00,  0.00,  0.00, 57.00,154.00,144.00,  0.00, 86.00, 42.00,130.00, 30.00,207.00,218.00,  4.00,  0.00, 38.00, 12.00,  0.00,177.00,101.00, 81.00,212.00,  0.00,  0.00,  0.00,228.00,  3.00,152.00,219.00,192.00, 64.00,  0.00, 95.00, 81.00,  0.00,221.00,  0.00,226.00,217.00,  0.00, 30.00, 31.00,110.00, 79.00,111.00,176.00,233.00,230.00,  0.00,  0.00,189.00, 82.00,162.00,173.00,  0.00,  0.00,  0.00,
30.500,  0.00,190.00,230.00,218.00,210.00,210.00,207.00, 41.00,125.00, 61.00, 95.00, 32.00,  0.00,208.00,217.00,206.00,205.00,219.00,169.00,143.00,184.00,  0.00, 35.00,  0.00,211.00,207.00,215.00,194.00, 15.00,210.00,193.00,193.00,154.00, 94.00, 71.00, 39.00,224.00,  0.00,  0.00,  0.00,  0.00,  0.00, 57.00,154.00,144.00,  0.00, 86.00, 42.00,130.00, 30.00,207.00,218.00,  4.00,  0.00, 38.00, 15.00,  0.00,177.00,101.00, 81.00,214.00,  0.00,  0.00,  0.00,228.00,  3.00,154.00,219.00,192.00, 64.00,  0.00, 95.00, 81.00,  0.00,221.00,  0.00,226.00,217.00,  0.00, 30.00, 31.00,110.00, 79.00,111.00,176.00,233.00,230.00,  0.00,  0.00,189.00, 82.00,162.00,173.00,  0.00,  0.00,  0.00,
30.750,  0.00,190.00,230.00,218.00,210.00,213.00,207.00, 41.00,125.00, 61.00, 95.00, 32.00,  0.00,208.00,217.00,208.00,205.00,220.00,169.00,143.00,184.00,  0.00, 35.00,  0.00,211.00,207.00,215.00,194.00, 15.00,212.00,193.00,193.00,154.00, 94.00, 71.00, 39.00,224.00,  0.00,  0.00,  0.00,  0.00,  0.00, 57.00,154.00,144.00,  0.00, 86.00, 42.00,130.00, 30.00,207.00,218.00,  4.00,  0.00, 38.00, 15.00,  0.00,177.00,101.00, 81.00,214.00,  0.00,  0.00,  0.00,232.00,  3.00,154.00,219.00,192.00, 64.00,  0.00, 95.00, 81.00,  0.00,223.00,  0.00,226.00,217.00,  0.00, 30.00, 31.00,110.00, 79.00,111.00,176.00,233.00,230.00,  0.00,  0.00,189.00, 82.00,162.00,173.00,  0.00,  0.00,  0.00,
31.000,  0.00,190.00,230.00,218.00,210.00,213.00,207.00, 41.00,125.00, 61.00, 95.00, 32.00,  0.00,208.00,217.00,208.00,205.00,220.00,169.00,143.00,184.00,  0.00, 35.00,  0.00,211.00,207.00,215.00,194.00, 15.00,212.00,193.00,193.00,154.00, 94.00, 71.00, 39.00,224.00,  0.00,  0.00,  0.00,  0.00,  0.00, 57.00,154.00,144.00,  0.00, 86.00, 42.00,130.00, 30.00,207.00,218.00,  4.00,  0.00, 38.00, 15.00,  0.00,177.00,101.00, 81.00,214.00,  0.00,  0.00,  0.00,232.00,  3.00,154.00,219.00,192.00, 64.00,  0.00, 95.00, 81.00,  0.00,223.00,  0.00,226.00,217.00,  0.00, 30.00, 31.00,110.00, 79.00,111.00,176.00,233.00,230.00,  0.00,  0.00,189.00, 82.00,162.00,173.00,  0.00,  0.00,  0.00,
31.250,  0.00,190.00,230.00,218.00,210.00,213.00,207.00, 41.00,125.00, 61.00, 95.00, 32.00,  0.00,208.00,217.00,208.00,205.00,220.00,169.00,143.00,184.00,  0.00, 35.00,  0.00,211.00,207.00,215.00,194.00, 15.00,212.00,193.00,193.00,154.00, 94.00, 71.00, 39.00,224.00,  0.00,  0.00,  0.00,  0.00,  0.00, 57.00,154.00,144.00,  0.00, 86.00, 42.00,130.00, 30.00,208.00,218.00,  4.00,  0.00, 38.00, 15.00,  0.00,177.00,101.00, 81.00,215.00,  0.00,  0.00,  0.00,232.00,  3.00,154.00,219.00,192.00, 64.00,  0.00, 95.00, 81.00,  0.00,223.00,  0.00,226.00,217.00,  0.00, 30.00, 31.00,110.00, 79.00,111.00,176.00,233.00,230.00,  0.00,  0.00,189.00, 82.00,162.00,173.00,  0.00,  0.00,  0.00,
31.500,  0.00,190.00,230.00,218.00,210.00,213.00,207.00, 41.00,125.00, 61.00, 95.00, 32.00,  0.00,208.00,217.00,208.00,207.00,220.00,169.00,143.00,184.00,  0.00, 35.00,  0.00,211.00,207.00,215.00,194.00, 15.00,212.00,193.00,193.00,154.00, 94.00, 71.00, 39.00,224.00,  0.00,  0.00,  0.00,  0.00,  0.00, 57.00,154.00,144.00,  0.00, 86.00, 42.00,130.00, 30.00,208.00,218.00,  4.00,  0.00, 38.00, 16.00,  0.00,177.00,101.00, 81.00,215.00,  0.00,  0.00,  0.00,232.00,  3.00,154.00,219.00,192.00, 64.00,  0.00, 95.00, 81.00,  0.00,223.00,  0.00,226.00,217.00,  0.00, 30.00, 31.00,110.00, 79.00,111.00,176.00,233.00,230.00,  0.00,  0.00,189.00, 82.00,162.00,173.00,  0.00,  0.00,  0.00,


