Data File    , C:\Program Files\Biolog\OL_DC_23\PMX\Data_2013\06\PMX_443_130618_A_40.OKA
Set up Time  ,Jun 18 2013 11:10 AM
Position     ,20-B
Plate Type   ,PM 1-
Strain Type  ,---
Sample Number,
Strain Name  ,E coli O157:H7
Strain Number,
Other        ,PM1 8a-ECI-2602

Hour,  A01,  A02,  A03,  A04,  A05,  A06,  A07,  A08,  A09,  A10,  A11,  A12,  B01,  B02,  B03,  B04,  B05,  B06,  B07,  B08,  B09,  B10,  B11,  B12,  C01,  C02,  C03,  C04,  C05,  C06,  C07,  C08,  C09,  C10,  C11,  C12,  D01,  D02,  D03,  D04,  D05,  D06,  D07,  D08,  D09,  D10,  D11,  D12,  E01,  E02,  E03,  E04,  E05,  E06,  E07,  E08,  E09,  E10,  E11,  E12,  F01,  F02,  F03,  F04,  F05,  F06,  F07,  F08,  F09,  F10,  F11,  F12,  G01,  G02,  G03,  G04,  G05,  G06,  G07,  G08,  G09,  G10,  G11,  G12,  H01,  H02,  H03,  H04,  H05,  H06,  H07,  H08,  H09,  H10,  H11,  H12,
 0.000,  0.00, 12.00,  0.00,  0.00,  0.00,  0.00,  0.00,  0.00,  0.00,  0.00,  0.00,  0.00,  0.00,  0.00,  0.00,  0.00,  0.00,  0.00,  0.00,  0.00,  0.00,  0.00,  0.00,  0.00,  0.00,  0.00,  0.00,  0.00,  0.00,  0.00,  0.00,  0.00,  0.00,  0.00,  0.00,  0.00,  0.00,  0.00,  0.00,  0.00,  0.00,  0.00,  0.00,  0.00,  0.00,  0.00,  0.00,  0.00,  0.00,  0.00,  0.00,  0.00,  0.00,  0.00,  0.00,  0.00,  0.00,  0.00,  0.00,  0.00,  0.00,  0.00,  0.00,  0.00,  0.00,  0.00,  0.00,  0.00,  0.00,  0.00,  0.00,  0.00,  0.00,  0.00,  0.00,  0.00,  0.00,  0.00,  0.00,  0.00,  0.00,  0.00,  0.00,  0.00,  0.00,  0.00,  0.00,  0.00,  0.00,  0.00,  0.00,  0.00,  0.00,  0.00,  0.00,  0.00,
 0.250,  0.00, 11.00,  0.00,  0.00,  0.00,  0.00,  0.00,  0.00,  0.00,  0.00,  0.00,  0.00,  0.00,  0.00,  0.00,  0.00,  0.00,  0.00,  0.00,  0.00,  0.00,  0.00,  0.00,  0.00,  0.00,  0.00,  0.00,  0.00,  0.00,  0.00,  0.00,  0.00,  0.00,  0.00,  0.00,  0.00,  0.00,  0.00,  0.00,  0.00,  0.00,  0.00,  0.00,  0.00,  0.00,  0.00,  0.00,  0.00,  0.00,  0.00,  0.00,  0.00,  0.00,  0.00,  0.00,  0.00,  0.00,  0.00,  0.00,  0.00,  0.00,  0.00,  0.00,  0.00,  0.00,  0.00,  0.00,  0.00,  0.00,  0.00,  0.00,  0.00,  0.00,  0.00,  0.00,  0.00,  0.00,  0.00,  0.00,  0.00,  0.00,  0.00,  0.00,  0.00,  0.00,  0.00,  0.00,  0.00,  0.00,  0.00,  0.00,  0.00,  0.00,  0.00,  0.00,  0.00,
 0.500,  0.00, 12.00,  0.00,  0.00,  0.00,  0.00,  0.00,  0.00,  0.00,  0.00,  0.00,  0.00,  0.00,  0.00,  0.00,  0.00,  0.00,  0.00,  0.00,  0.00,  0.00,  0.00,  0.00,  0.00,  0.00,  0.00,  0.00,  0.00,  0.00,  0.00,  0.00,  0.00,  0.00,  0.00,  0.00,  0.00,  0.00,  0.00,  0.00,  0.00,  0.00,  0.00,  0.00,  0.00,  0.00,  0.00,  0.00,  0.00,  0.00,  0.00,  0.00,  0.00,  0.00,  0.00,  0.00,  0.00,  0.00,  0.00,  0.00,  0.00,  0.00,  0.00,  0.00,  0.00,  0.00,  0.00,  0.00,  0.00,  0.00,  0.00,  0.00,  0.00,  0.00,  0.00,  0.00,  0.00,  0.00,  0.00,  0.00,  0.00,  0.00,  0.00,  0.00,  0.00,  0.00,  0.00,  0.00,  0.00,  0.00,  0.00,  0.00,  0.00,  0.00,  0.00,  0.00,  0.00,
 0.750,  0.00, 13.00,  0.00,  0.00,  0.00,  0.00,  0.00,  0.00,  0.00,  0.00,  0.00,  0.00,  0.00,  0.00,  0.00,  0.00,  0.00,  0.00,  0.00,  0.00,  0.00,  0.00,  0.00,  0.00,  0.00,  0.00,  0.00,  0.00,  0.00,  0.00,  0.00,  0.00,  0.00,  0.00,  0.00,  0.00,  0.00,  0.00,  0.00,  0.00,  0.00,  0.00,  0.00,  0.00,  0.00,  0.00,  0.00,  0.00,  0.00,  0.00,  0.00,  0.00,  0.00,  0.00,  0.00,  0.00,  0.00,  0.00,  0.00,  0.00,  0.00,  0.00,  0.00,  0.00,  0.00,  0.00,  0.00,  0.00,  0.00,  0.00,  0.00,  0.00,  0.00,  0.00,  0.00,  0.00,  0.00,  0.00,  0.00,  0.00,  0.00,  0.00,  0.00,  0.00,  0.00,  0.00,  0.00,  0.00,  0.00,  0.00,  0.00,  0.00,  0.00,  0.00,  0.00,  0.00,
 1.000,  0.00, 10.00,  0.00,  0.00,  0.00,  0.00,  0.00,  0.00,  0.00,  0.00,  0.00,  0.00,  0.00,  0.00,  0.00,  0.00,  0.00,  0.00,  0.00,  0.00,  0.00,  0.00,  0.00,  0.00,  0.00,  0.00,  0.00,  0.00,  0.00,  0.00,  0.00,  0.00,  0.00,  0.00,  0.00,  0.00,  0.00,  0.00,  0.00,  0.00,  0.00,  0.00,  0.00,  0.00,  0.00,  0.00,  0.00,  0.00,  0.00,  0.00,  0.00,  0.00,  0.00,  0.00,  0.00,  0.00,  0.00,  0.00,  0.00,  0.00,  0.00,  0.00,  0.00,  0.00,  0.00,  0.00,  0.00,  0.00,  0.00,  0.00,  0.00,  0.00,  0.00,  0.00,  0.00,  0.00,  0.00,  0.00,  0.00,  0.00,  0.00,  0.00,  0.00,  0.00,  0.00,  0.00,  0.00,  0.00,  0.00,  0.00,  0.00,  0.00,  0.00,  0.00,  0.00,  0.00,
 1.250,  0.00,  6.00,  0.00,  0.00,  0.00,  0.00,  0.00,  0.00,  0.00,  0.00,  0.00,  0.00,  0.00,  0.00,  0.00,  0.00,  0.00,  0.00,  0.00,  0.00,  0.00,  0.00,  0.00,  0.00,  0.00,  0.00,  0.00,  0.00,  0.00,  0.00,  0.00,  0.00,  0.00,  0.00,  0.00,  0.00,  0.00,  0.00,  0.00,  0.00,  0.00,  0.00,  0.00,  0.00,  0.00,  0.00,  0.00,  0.00,  0.00,  0.00,  0.00,  0.00,  0.00,  0.00,  0.00,  0.00,  0.00,  0.00,  0.00,  0.00,  0.00,  0.00,  0.00,  0.00,  0.00,  0.00,  0.00,  0.00,  0.00,  0.00,  0.00,  0.00,  0.00,  0.00,  0.00,  0.00,  0.00,  0.00,  0.00,  0.00,  0.00,  0.00,  0.00,  0.00,  0.00,  0.00,  0.00,  0.00,  0.00,  0.00,  0.00,  0.00,  0.00,  0.00,  0.00,  0.00,
 1.500,  0.00,  0.00,  0.00,  0.00,  0.00,  0.00,  0.00,  0.00,  0.00,  0.00,  0.00,  0.00,  0.00,  0.00,  0.00,  0.00,  0.00,  0.00,  0.00,  0.00,  0.00,  0.00,  0.00,  0.00,  0.00,  0.00,  0.00,  0.00,  0.00,  0.00,  0.00,  0.00,  0.00,  0.00,  0.00,  0.00,  0.00,  0.00,  0.00,  0.00,  0.00,  0.00,  0.00,  0.00,  0.00,  0.00,  0.00,  0.00,  0.00,  0.00,  0.00,  0.00,  0.00,  0.00,  0.00,  0.00,  0.00,  0.00,  0.00,  0.00,  0.00,  0.00,  0.00,  0.00,  0.00,  0.00,  0.00,  0.00,  0.00,  0.00,  0.00,  0.00,  0.00,  0.00,  0.00,  0.00,  0.00,  0.00,  0.00,  0.00,  0.00,  0.00,  0.00,  0.00,  0.00,  0.00,  0.00,  0.00,  0.00,  0.00,  0.00,  0.00,  0.00,  0.00,  0.00,  0.00,
 1.750,  0.00,  0.00,  0.00,  0.00,  0.00,  0.00,  0.00,  0.00,  0.00,  0.00,  0.00,  0.00,  0.00,  0.00,  0.00,  0.00,  0.00,  0.00,  0.00,  0.00,  3.00,  0.00,  0.00,  0.00,  0.00,  0.00,  0.00,  0.00,  0.00,  0.00,  0.00,  0.00,  0.00,  0.00,  0.00,  0.00,  0.00,  0.00,  0.00,  0.00,  0.00,  0.00,  0.00,  0.00,  0.00,  0.00,  0.00,  0.00,  0.00,  0.00,  0.00,  0.00,  0.00,  0.00,  0.00,  0.00,  0.00,  0.00,  0.00,  0.00,  0.00,  0.00,  0.00,  0.00,  0.00,  0.00,  0.00,  0.00,  0.00,  0.00,  0.00,  0.00,  0.00,  0.00,  0.00,  0.00,  0.00,  0.00,  0.00,  0.00,  0.00,  0.00,  0.00,  0.00,  0.00,  0.00,  0.00,  0.00,  0.00,  0.00,  0.00,  0.00,  0.00,  0.00,  0.00,  0.00,
 2.000,  0.00,  0.00,  0.00,  0.00,  0.00,  8.00,  0.00,  7.00,  0.00,  1.00,  0.00,  0.00,  0.00,  4.00,  6.00,  0.00,  0.00,  0.00,  4.00,  0.00, 11.00,  0.00,  0.00,  0.00,  0.00,  0.00,  0.00,  0.00,  0.00,  0.00,  0.00,  0.00,  0.00,  0.00,  0.00,  0.00,  0.00,  0.00,  0.00,  0.00,  0.00,  0.00,  0.00,  0.00,  0.00,  0.00,  0.00,  0.00,  0.00,  0.00,  0.00,  0.00,  0.00,  0.00,  0.00,  0.00,  0.00,  0.00,  0.00,  0.00,  1.00,  0.00,  0.00,  0.00,  0.00,  0.00,  0.00,  0.00,  0.00,  0.00,  0.00,  0.00,  0.00,  0.00,  0.00,  0.00,  0.00,  0.00,  0.00,  3.00,  0.00,  0.00,  0.00,  0.00,  0.00,  6.00,  6.00,  0.00,  0.00,  0.00,  0.00,  0.00,  0.00,  0.00,  0.00,  0.00,
 2.250,  0.00,  0.00,  0.00,  0.00,  1.00, 12.00,  0.00,  4.00,  0.00,  0.00,  0.00,  0.00,  0.00, 11.00, 10.00,  0.00,  0.00,  0.00, 13.00,  0.00, 15.00,  0.00,  0.00,  0.00,  0.00,  0.00,  1.00,  0.00,  0.00,  0.00,  0.00,  0.00,  0.00,  0.00,  0.00,  0.00,  1.00,  0.00,  0.00,  0.00,  0.00,  0.00,  0.00,  0.00,  0.00,  0.00,  0.00,  0.00,  0.00,  0.00,  0.00,  0.00,  0.00,  0.00,  0.00,  0.00,  0.00,  0.00,  0.00,  0.00,  4.00,  0.00,  0.00,  0.00,  0.00,  0.00,  0.00,  0.00,  0.00,  0.00,  0.00,  0.00,  0.00,  0.00,  0.00,  0.00,  0.00,  0.00,  0.00,  6.00,  0.00,  0.00,  0.00,  0.00,  0.00,  9.00,  8.00,  0.00,  0.00,  0.00,  0.00,  0.00,  0.00,  0.00,  0.00,  0.00,
 2.500,  0.00,  2.00,  0.00,  0.00,  6.00, 16.00,  0.00,  5.00,  0.00,  0.00,  0.00,  0.00,  0.00, 12.00, 13.00,  0.00,  0.00,  0.00, 18.00,  0.00, 22.00,  1.00,  0.00,  0.00,  0.00,  0.00,  3.00,  0.00,  0.00,  0.00,  0.00,  0.00,  0.00,  0.00,  0.00,  0.00,  1.00,  0.00,  0.00,  0.00,  0.00,  0.00,  0.00,  0.00,  0.00,  0.00,  0.00,  0.00,  0.00,  0.00,  0.00,  0.00,  0.00,  0.00,  0.00,  0.00,  0.00,  0.00,  0.00,  0.00,  3.00,  0.00,  0.00,  0.00,  0.00,  0.00,  0.00,  0.00,  0.00,  0.00,  0.00,  3.00,  0.00,  0.00,  0.00,  0.00,  0.00,  0.00,  0.00,  7.00,  0.00,  0.00,  0.00,  0.00,  0.00,  8.00, 10.00,  0.00,  0.00,  0.00,  0.00,  0.00,  0.00,  0.00,  0.00,  0.00,
 2.750,  0.00,  4.00,  0.00,  0.00, 10.00, 22.00,  2.00,  8.00,  4.00,  5.00,  0.00,  0.00,  0.00, 13.00, 21.00,  0.00,  0.00,  0.00, 27.00,  0.00, 31.00,  1.00,  0.00,  0.00,  0.00,  0.00, 10.00,  0.00,  0.00,  0.00,  0.00,  0.00,  0.00,  0.00,  0.00,  0.00,  5.00,  0.00,  0.00,  0.00,  0.00,  0.00,  0.00,  0.00,  0.00,  0.00,  0.00,  6.00,  0.00,  0.00,  0.00,  0.00,  0.00,  0.00,  0.00,  0.00,  0.00,  0.00,  0.00, 12.00,  9.00,  0.00,  0.00,  0.00,  0.00,  0.00,  0.00,  0.00,  0.00,  0.00,  0.00, 14.00,  2.00,  0.00,  2.00,  0.00,  0.00,  0.00,  0.00, 13.00,  0.00,  0.00,  6.00,  0.00,  7.00, 15.00, 22.00,  0.00,  0.00,  0.00,  0.00,  0.00,  0.00,  0.00,  0.00,  0.00,
 3.000,  0.00,  7.00,  0.00,  0.00, 13.00, 22.00,  1.00,  5.00,  1.00,  2.00,  0.00,  0.00,  0.00, 18.00, 23.00,  0.00,  0.00,  0.00, 30.00,  0.00, 33.00,  0.00,  0.00,  0.00,  0.00,  0.00, 11.00,  0.00,  0.00,  0.00,  0.00,  0.00,  0.00,  0.00,  0.00,  0.00, 10.00,  0.00,  0.00,  0.00,  0.00,  0.00,  0.00,  0.00,  0.00,  0.00,  0.00,  5.00,  0.00,  0.00,  0.00,  0.00,  0.00,  0.00,  0.00,  0.00,  0.00,  0.00,  0.00, 15.00, 10.00,  0.00,  0.00,  0.00,  0.00,  0.00,  0.00,  0.00,  0.00,  0.00,  0.00, 20.00,  4.00,  0.00,  0.00,  0.00,  0.00,  0.00,  0.00, 10.00,  0.00,  0.00,  3.00,  0.00,  8.00, 19.00, 26.00,  0.00,  0.00,  0.00,  0.00,  0.00,  0.00,  0.00,  0.00,  0.00,
 3.250,  0.00,  8.00,  0.00,  0.00, 19.00, 28.00,  8.00, 12.00,  9.00,  3.00,  0.00,  0.00,  0.00, 20.00, 27.00,  0.00,  0.00,  0.00, 41.00,  0.00, 42.00,  0.00,  0.00,  0.00,  0.00,  0.00, 18.00,  6.00,  0.00,  1.00,  0.00,  0.00,  0.00,  6.00,  0.00,  0.00, 10.00,  0.00,  0.00,  0.00,  0.00,  0.00,  0.00,  0.00,  0.00,  0.00,  1.00,  7.00,  0.00,  0.00,  0.00,  0.00,  0.00,  0.00,  2.00,  0.00,  0.00,  0.00,  4.00, 25.00, 16.00,  0.00,  0.00,  0.00,  0.00,  0.00,  0.00,  0.00,  0.00,  0.00,  0.00, 34.00, 10.00,  0.00,  1.00,  0.00,  0.00,  0.00,  0.00, 17.00,  0.00,  0.00, 12.00,  4.00, 11.00, 22.00, 32.00,  0.00,  0.00,  0.00,  0.00,  9.00,  0.00,  0.00,  0.00,  0.00,
 3.500,  0.00, 11.00,  0.00,  0.00, 25.00, 33.00, 10.00, 12.00, 11.00,  8.00,  0.00,  0.00,  0.00, 23.00, 31.00,  0.00,  0.00,  0.00, 48.00,  0.00, 49.00,  0.00,  0.00,  0.00,  0.00,  0.00, 19.00, 11.00,  0.00,  4.00,  0.00,  0.00,  0.00, 10.00,  0.00,  2.00, 14.00,  0.00,  0.00,  0.00,  0.00,  0.00,  0.00,  3.00,  0.00,  0.00,  1.00,  7.00,  0.00,  0.00,  0.00,  0.00,  0.00,  0.00,  7.00,  0.00,  0.00,  2.00,  5.00, 26.00, 16.00,  0.00,  0.00,  0.00,  1.00,  0.00,  0.00,  0.00,  0.00,  0.00,  0.00, 34.00, 13.00,  0.00, 10.00,  0.00,  1.00,  0.00,  0.00, 17.00,  2.00,  0.00, 15.00,  6.00, 15.00, 28.00, 34.00,  0.00,  0.00,  0.00,  0.00, 14.00,  0.00,  0.00,  0.00,  0.00,
 3.750,  0.00, 16.00,  0.00,  0.00, 30.00, 33.00, 18.00, 12.00, 14.00, 14.00,  0.00,  0.00,  0.00, 26.00, 35.00,  0.00,  0.00,  0.00, 58.00,  0.00, 55.00,  0.00,  0.00,  0.00,  2.00,  0.00, 24.00, 16.00,  0.00,  9.00,  0.00,  1.00,  0.00, 10.00,  1.00,  7.00, 19.00,  0.00,  0.00,  0.00,  0.00,  0.00,  0.00,  3.00,  0.00,  0.00,  1.00,  8.00,  0.00,  0.00,  0.00,  0.00,  0.00,  0.00,  9.00,  0.00,  0.00,  3.00,  8.00, 29.00, 24.00,  0.00,  0.00,  0.00,  4.00,  0.00,  0.00,  1.00,  0.00,  0.00,  0.00, 39.00, 18.00,  0.00, 12.00,  0.00,  9.00,  5.00,  0.00, 17.00,  6.00,  0.00, 15.00,  9.00, 22.00, 34.00, 37.00,  0.00,  0.00,  0.00,  0.00, 15.00,  0.00,  0.00,  0.00,  0.00,
 4.000,  0.00, 22.00,  0.00,  0.00, 35.00, 32.00, 23.00, 10.00, 19.00, 16.00,  0.00,  0.00,  0.00, 33.00, 42.00,  0.00,  0.00,  0.00, 65.00,  0.00, 61.00,  0.00,  0.00,  0.00, 19.00,  0.00, 27.00, 14.00,  0.00, 14.00,  0.00,  1.00,  0.00, 15.00,  0.00, 13.00, 25.00,  0.00,  0.00,  0.00,  0.00,  0.00,  0.00,  9.00,  0.00,  0.00,  3.00, 15.00,  1.00,  0.00,  0.00,  0.00,  0.00,  0.00,  8.00,  0.00,  0.00,  4.00, 12.00, 32.00, 26.00,  0.00,  0.00,  0.00,  8.00,  0.00,  0.00,  6.00,  0.00,  0.00,  0.00, 48.00, 26.00,  0.00, 20.00,  0.00, 15.00,  6.00,  0.00, 13.00, 10.00,  0.00, 15.00, 15.00, 29.00, 44.00, 40.00,  0.00,  0.00,  0.00,  0.00, 21.00,  5.00,  0.00,  0.00,  0.00,
 4.250,  0.00, 27.00,  3.00,  0.00, 39.00, 32.00, 26.00, 10.00, 28.00, 16.00,  3.00,  0.00,  0.00, 35.00, 54.00,  6.00,  0.00,  0.00, 70.00,  0.00, 67.00,  0.00,  0.00,  0.00, 50.00,  0.00, 30.00, 14.00,  0.00, 20.00,  0.00,  2.00,  0.00, 18.00,  1.00, 13.00, 27.00,  0.00,  0.00,  0.00,  0.00,  0.00,  0.00, 11.00,  5.00,  0.00,  4.00, 15.00,  1.00,  0.00,  0.00,  0.00,  0.00,  0.00,  8.00,  0.00,  0.00,  6.00, 12.00, 32.00, 26.00,  0.00,  0.00,  0.00, 11.00,  0.00,  0.00,  8.00,  2.00,  0.00,  0.00, 48.00, 26.00,  0.00, 23.00,  0.00, 21.00,  6.00,  0.00, 13.00, 13.00,  0.00, 15.00, 15.00, 31.00, 44.00, 41.00,  0.00,  0.00,  0.00,  0.00, 23.00,  5.00,  0.00,  0.00,  0.00,
 4.500,  0.00, 29.00, 13.00,  0.00, 42.00, 37.00, 34.00, 22.00, 42.00, 16.00, 18.00,  0.00,  0.00, 35.00, 64.00, 14.00,  0.00,  0.00, 84.00,  0.00, 72.00,  0.00,  0.00,  0.00, 94.00,  0.00, 37.00, 25.00,  0.00, 28.00,  0.00,  8.00,  0.00, 23.00, 12.00, 19.00, 30.00,  0.00,  0.00,  0.00,  0.00,  0.00,  0.00, 19.00,  5.00,  0.00, 22.00, 32.00,  1.00,  0.00,  0.00,  0.00,  0.00,  0.00, 10.00,  0.00,  0.00, 12.00, 24.00, 44.00, 29.00,  0.00,  0.00,  0.00, 14.00,  0.00,  0.00, 13.00,  6.00,  0.00,  0.00, 51.00, 27.00,  0.00, 26.00,  0.00, 25.00, 13.00,  0.00, 32.00, 18.00,  0.00, 26.00, 17.00, 35.00, 44.00, 44.00,  0.00,  0.00,  0.00,  0.00, 32.00, 11.00,  0.00,  0.00,  0.00,
 4.750,  0.00, 33.00, 15.00,  0.00, 44.00, 42.00, 37.00, 21.00, 45.00, 15.00, 19.00,  0.00,  0.00, 38.00, 68.00, 18.00,  0.00,  0.00, 87.00,  3.00, 74.00,  0.00,  0.00,  0.00,116.00,  3.00, 36.00, 31.00,  0.00, 30.00,  0.00,  7.00,  0.00, 27.00, 11.00, 18.00, 31.00,  0.00,  0.00,  0.00,  0.00,  0.00,  0.00, 20.00,  4.00,  0.00, 21.00, 31.00,  0.00,  0.00,  0.00, 19.00,  0.00,  0.00, 10.00,  0.00,  0.00, 14.00, 23.00, 44.00, 28.00,  0.00,  0.00,  0.00, 16.00,  0.00,  0.00, 14.00,  7.00,  0.00,  0.00, 52.00, 26.00,  0.00, 30.00,  0.00, 27.00, 13.00,  0.00, 31.00, 17.00,  0.00, 25.00, 16.00, 41.00, 43.00, 43.00,  0.00,  0.00,  0.00,  0.00, 32.00, 10.00,  0.00,  0.00,  0.00,
 5.000,  0.00, 39.00, 18.00,  0.00, 49.00, 47.00, 43.00, 21.00, 46.00, 18.00, 19.00,  0.00,  0.00, 48.00, 74.00, 18.00,  0.00,  4.00, 92.00,  9.00, 76.00,  0.00,  0.00,  0.00,132.00,  5.00, 41.00, 39.00,  0.00, 37.00,  0.00,  8.00,  0.00, 29.00, 11.00, 18.00, 40.00,  0.00,  0.00,  0.00,  0.00,  0.00,  0.00, 26.00,  4.00,  0.00, 21.00, 31.00,  1.00,  3.00,  0.00, 50.00,  0.00,  0.00, 10.00,  0.00,  0.00, 17.00, 23.00, 44.00, 34.00,  0.00,  0.00,  0.00, 18.00,  0.00,  0.00, 20.00, 10.00,  0.00,  0.00, 54.00, 32.00,  0.00, 37.00,  0.00, 28.00, 16.00,  0.00, 31.00, 17.00,  0.00, 26.00, 17.00, 54.00, 45.00, 46.00,  0.00,  0.00,  0.00,  0.00, 36.00, 13.00,  0.00,  0.00,  0.00,
 5.250,  0.00, 41.00, 20.00,  0.00, 49.00, 49.00, 47.00, 19.00, 46.00, 21.00, 18.00,  0.00,  0.00, 52.00, 76.00, 18.00,  0.00, 12.00, 96.00, 10.00, 78.00,  0.00,  0.00,  0.00,142.00,  8.00, 43.00, 43.00,  0.00, 42.00,  0.00, 10.00,  0.00, 32.00,  9.00, 21.00, 43.00,  0.00,  0.00,  0.00,  0.00,  0.00,  0.00, 27.00,  3.00,  0.00, 19.00, 29.00,  0.00,  5.00,  0.00, 76.00,  0.00,  0.00,  9.00,  0.00,  0.00, 26.00, 25.00, 47.00, 34.00,  0.00,  0.00,  0.00, 22.00,  0.00,  0.00, 23.00, 15.00,  0.00,  0.00, 58.00, 31.00,  0.00, 44.00,  0.00, 31.00, 18.00,  0.00, 29.00, 17.00,  0.00, 26.00, 19.00, 56.00, 48.00, 45.00,  0.00,  0.00,  0.00,  0.00, 40.00, 15.00,  0.00,  0.00,  0.00,
 5.500,  0.00, 38.00, 22.00,  0.00, 48.00, 53.00, 49.00, 18.00, 46.00, 21.00, 21.00,  0.00,  0.00, 49.00, 77.00, 22.00,  0.00, 13.00,101.00,  8.00, 79.00,  0.00,  0.00,  0.00,148.00,  7.00, 43.00, 40.00,  0.00, 38.00,  0.00,  8.00,  0.00, 33.00,  9.00, 20.00, 40.00,  0.00,  0.00,  0.00,  0.00,  0.00,  0.00, 28.00,  0.00,  0.00, 26.00, 35.00,  0.00,  1.00,  0.00, 93.00,  0.00,  0.00,  7.00,  0.00,  0.00, 22.00, 34.00, 49.00, 30.00,  0.00,  0.00,  0.00, 20.00,  0.00,  0.00, 20.00, 12.00,  2.00,  0.00, 56.00, 27.00,  0.00, 45.00,  0.00, 31.00, 18.00,  0.00, 25.00, 17.00,  0.00, 30.00, 16.00, 52.00, 44.00, 44.00,  0.00,  0.00,  0.00,  0.00, 43.00, 16.00,  0.00,  0.00,  0.00,
 5.750,  0.00, 45.00, 24.00,  0.00, 55.00, 56.00, 57.00, 18.00, 53.00, 25.00, 21.00,  0.00,  0.00, 59.00, 83.00, 22.00,  0.00, 41.00,106.00, 13.00, 82.00,  0.00,  0.00,  0.00,154.00, 12.00, 47.00, 46.00,  0.00, 48.00,  0.00, 13.00,  0.00, 36.00,  9.00, 26.00, 48.00,  0.00,  0.00,  0.00,  0.00,  0.00,  0.00, 28.00,  3.00,  0.00, 26.00, 35.00,  0.00,  6.00,  0.00,112.00,  0.00,  0.00,  7.00,  0.00,  0.00, 25.00, 34.00, 52.00, 36.00,  0.00,  0.00,  0.00, 26.00,  0.00,  0.00, 29.00, 21.00,  2.00,  0.00, 65.00, 32.00,  0.00, 51.00,  0.00, 33.00, 21.00,  0.00, 25.00, 17.00,  0.00, 30.00, 27.00, 62.00, 54.00, 47.00,  0.00,  0.00,  0.00,  0.00, 51.00, 20.00,  0.00,  0.00,  0.00,
 6.000,  0.00, 52.00, 28.00,  0.00, 63.00, 64.00, 59.00, 18.00, 56.00, 30.00, 21.00,  0.00,  0.00, 65.00, 87.00, 30.00,  0.00, 63.00,108.00, 20.00, 88.00,  0.00,  0.00,  0.00,161.00, 19.00, 49.00, 51.00,  0.00, 48.00,  4.00, 13.00,  0.00, 41.00,  9.00, 26.00, 53.00,  0.00,  0.00,  0.00,  0.00,  0.00,  0.00, 28.00,  3.00,  0.00, 26.00, 35.00,  0.00,  7.00,  0.00,126.00,  0.00,  0.00,  8.00,  0.00,  0.00, 25.00, 34.00, 55.00, 36.00,  0.00,  0.00,  0.00, 31.00,  0.00,  0.00, 32.00, 22.00,  3.00,  0.00, 65.00, 34.00,  0.00, 55.00,  0.00, 36.00, 24.00,  0.00, 25.00, 18.00,  0.00, 30.00, 27.00, 62.00, 58.00, 51.00,  0.00,  0.00,  0.00,  0.00, 57.00, 23.00,  0.00,  0.00,  0.00,
 6.250,  0.00, 50.00, 29.00,  0.00, 59.00, 65.00, 57.00, 15.00, 60.00, 30.00, 24.00,  0.00,  0.00, 62.00, 86.00, 30.00,  0.00, 75.00,109.00, 16.00, 84.00,  0.00,  0.00,  0.00,166.00, 18.00, 49.00, 49.00,  0.00, 48.00,  2.00, 11.00,  0.00, 39.00, 12.00, 26.00, 53.00,  0.00,  0.00,  0.00,  0.00,  0.00,  0.00, 30.00,  3.00,  0.00, 28.00, 34.00,  0.00,  3.00,  0.00,133.00,  0.00,  0.00,  4.00,  0.00,  0.00, 24.00, 35.00, 54.00, 32.00,  0.00,  0.00,  0.00, 27.00,  0.00,  0.00, 29.00, 21.00,  6.00,  0.00, 65.00, 30.00,  0.00, 57.00,  0.00, 35.00, 23.00,  0.00, 21.00, 14.00,  0.00, 30.00, 23.00, 58.00, 54.00, 47.00,  0.00,  0.00,  0.00,  0.00, 66.00, 22.00,  0.00,  0.00,  0.00,
 6.500,  0.00, 57.00, 33.00,  0.00, 66.00, 70.00, 63.00, 16.00, 62.00, 33.00, 24.00,  0.00,  0.00, 67.00, 91.00, 35.00,  0.00, 91.00,113.00, 23.00, 90.00,  0.00,  0.00,  0.00,170.00, 22.00, 52.00, 56.00,  0.00, 53.00,  8.00, 16.00,  0.00, 43.00, 12.00, 26.00, 60.00,  0.00,  0.00,  0.00,  0.00,  0.00,  0.00, 41.00,  8.00,  0.00, 28.00, 34.00,  0.00,  7.00,  0.00,144.00,  0.00,  0.00,  6.00,  0.00,  0.00, 25.00, 39.00, 58.00, 34.00,  0.00,  0.00,  0.00, 32.00,  0.00,  0.00, 36.00, 24.00,  8.00,  0.00, 65.00, 30.00,  0.00, 64.00,  0.00, 41.00, 27.00,  0.00, 21.00, 15.00,  0.00, 35.00, 23.00, 62.00, 58.00, 52.00,  0.00,  0.00,  0.00,  0.00, 79.00, 26.00,  0.00,  0.00,  0.00,
 6.750,  0.00, 59.00, 33.00,  0.00, 69.00, 74.00, 67.00, 16.00, 63.00, 35.00, 24.00,  0.00,  0.00, 69.00, 94.00, 35.00,  0.00,103.00,119.00, 24.00, 95.00,  0.00,  0.00,  0.00,172.00, 27.00, 55.00, 60.00,  0.00, 58.00,  8.00, 21.00,  0.00, 46.00, 12.00, 26.00, 64.00,  0.00,  0.00,  0.00,  0.00,  0.00,  0.00, 43.00, 11.00,  0.00, 28.00, 34.00,  0.00,  8.00,  0.00,151.00,  0.00,  0.00,  6.00,  0.00,  0.00, 26.00, 39.00, 59.00, 36.00,  0.00,  0.00,  0.00, 36.00,  0.00,  0.00, 40.00, 30.00,  8.00,  0.00, 66.00, 32.00,  0.00, 64.00,  0.00, 41.00, 30.00,  0.00, 21.00, 15.00,  0.00, 36.00, 29.00, 66.00, 67.00, 56.00,  0.00,  0.00,  0.00,  0.00, 88.00, 28.00,  0.00,  0.00,  0.00,
 7.000,  0.00, 61.00, 36.00,  0.00, 70.00, 76.00, 71.00, 23.00, 76.00, 40.00, 31.00,  0.00,  0.00, 72.00, 98.00, 38.00,  0.00,112.00,125.00, 26.00, 95.00,  0.00,  3.00,  0.00,174.00, 30.00, 60.00, 64.00,  0.00, 63.00,  8.00, 22.00,  0.00, 49.00, 21.00, 33.00, 67.00,  0.00,  0.00,  0.00,  0.00,  0.00,  0.00, 49.00, 15.00,  0.00, 39.00, 42.00,  0.00,  8.00,  0.00,154.00,  0.00,  0.00,  6.00,  0.00,  0.00, 36.00, 48.00, 64.00, 39.00,  0.00,  0.00,  0.00, 39.00,  0.00,  0.00, 46.00, 33.00, 15.00,  0.00, 77.00, 32.00,  0.00, 69.00,  0.00, 48.00, 30.00,  0.00, 21.00, 16.00,  0.00, 41.00, 29.00, 67.00, 67.00, 61.00,  0.00,  0.00,  0.00,  0.00, 99.00, 34.00,  0.00,  0.00,  0.00,
 7.250,  0.00, 72.00, 36.00,  0.00, 86.00, 81.00, 80.00, 23.00, 76.00, 43.00, 31.00,  0.00,  0.00, 85.00,105.00, 38.00,  2.00,125.00,130.00, 34.00,103.00,  0.00,  3.00,  0.00,177.00, 39.00, 64.00, 73.00,  0.00, 73.00, 13.00, 31.00,  0.00, 51.00, 21.00, 33.00, 77.00,  0.00,  0.00,  0.00,  0.00,  0.00,  0.00, 49.00, 19.00,  0.00, 39.00, 42.00,  0.00, 16.00,  0.00,161.00,  0.00,  0.00,  6.00,  0.00,  0.00, 36.00, 48.00, 69.00, 46.00,  0.00,  0.00,  0.00, 51.00,  0.00,  0.00, 55.00, 46.00, 15.00,  0.00, 77.00, 40.00,  0.00, 74.00,  0.00, 52.00, 38.00,  0.00, 21.00, 16.00,  0.00, 45.00, 46.00, 79.00, 85.00, 75.00,  0.00,  0.00,  0.00,  1.00,112.00, 38.00,  0.00,  0.00,  0.00,
 7.500,  0.00, 72.00, 38.00,  0.00, 86.00, 85.00, 80.00, 24.00, 76.00, 44.00, 33.00,  0.00,  0.00, 85.00,105.00, 44.00,  2.00,125.00,132.00, 34.00,105.00,  0.00,  5.00,  0.00,179.00, 39.00, 64.00, 73.00,  0.00, 73.00, 13.00, 31.00,  0.00, 55.00, 25.00, 35.00, 77.00,  0.00,  0.00,  0.00,  0.00,  0.00,  0.00, 49.00, 22.00,  0.00, 40.00, 42.00,  0.00, 16.00,  0.00,165.00,  0.00,  0.00,  6.00,  0.00,  0.00, 41.00, 49.00, 69.00, 46.00,  0.00,  0.00,  0.00, 51.00,  0.00,  0.00, 55.00, 46.00, 16.00,  0.00, 80.00, 40.00,  0.00, 74.00,  0.00, 52.00, 38.00,  0.00, 21.00, 16.00,  0.00, 46.00, 46.00, 79.00, 85.00, 75.00,  0.00,  0.00,  0.00,  3.00,114.00, 40.00,  0.00,  0.00,  0.00,
 7.750,  0.00, 79.00, 38.00,  0.00, 95.00, 92.00, 89.00, 24.00, 76.00, 49.00, 34.00,  0.00,  0.00, 93.00,112.00, 44.00,  8.00,141.00,137.00, 42.00,112.00,  0.00,  7.00,  0.00,180.00, 48.00, 74.00, 83.00,  0.00, 73.00, 17.00, 40.00,  3.00, 57.00, 25.00, 35.00, 84.00,  0.00,  0.00,  0.00,  0.00,  0.00,  0.00, 51.00, 24.00,  0.00, 40.00, 42.00,  0.00, 20.00,  0.00,169.00,  0.00,  0.00,  7.00,  0.00,  0.00, 41.00, 49.00, 77.00, 54.00,  0.00,  0.00,  0.00, 60.00,  0.00,  0.00, 68.00, 57.00, 18.00,  0.00, 84.00, 45.00,  0.00, 82.00,  0.00, 57.00, 46.00,  0.00, 21.00, 16.00,  0.00, 53.00, 56.00, 85.00, 99.00, 88.00,  0.00,  0.00,  8.00, 12.00,127.00, 49.00,  0.00,  0.00,  0.00,
 8.000,  0.00, 79.00, 44.00,  0.00, 95.00, 92.00, 89.00, 26.00, 81.00, 51.00, 37.00,  0.00,  0.00, 93.00,112.00, 52.00,  8.00,141.00,138.00, 42.00,112.00,  0.00, 11.00,  0.00,183.00, 48.00, 74.00, 83.00,  0.00, 73.00, 17.00, 40.00,  3.00, 60.00, 30.00, 35.00, 84.00,  0.00,  0.00,  0.00,  0.00,  0.00,  0.00, 58.00, 26.00,  0.00, 49.00, 42.00,  0.00, 20.00,  0.00,172.00,  0.00,  0.00,  8.00,  0.00,  0.00, 42.00, 58.00, 77.00, 54.00,  0.00,  0.00,  0.00, 60.00,  0.00,  0.00, 68.00, 57.00, 22.00,  0.00, 84.00, 45.00,  0.00, 82.00,  0.00, 57.00, 46.00,  0.00, 21.00, 16.00,  0.00, 53.00, 56.00, 85.00, 99.00, 88.00,  0.00,  0.00,  8.00, 12.00,127.00, 49.00,  0.00,  0.00,  0.00,
 8.250,  0.00, 79.00, 47.00,  2.00, 95.00, 96.00, 89.00, 29.00, 87.00, 54.00, 42.00,  0.00,  0.00, 93.00,114.00, 55.00, 10.00,144.00,139.00, 42.00,116.00,  0.00, 11.00,  0.00,185.00, 49.00, 77.00, 85.00,  0.00, 73.00, 20.00, 40.00,  4.00, 63.00, 36.00, 40.00, 86.00,  0.00,  0.00,  0.00,  0.00,  0.00,  0.00, 62.00, 29.00,  0.00, 53.00, 47.00,  0.00, 20.00,  0.00,175.00,  0.00,  0.00,  8.00,  0.00,  0.00, 48.00, 61.00, 77.00, 54.00,  0.00,  0.00,  0.00, 60.00,  0.00,  0.00, 68.00, 57.00, 26.00,  0.00, 87.00, 45.00,  0.00, 85.00,  0.00, 59.00, 46.00,  0.00, 21.00, 18.00,  0.00, 55.00, 56.00, 85.00, 99.00, 88.00,  0.00,  0.00, 10.00, 16.00,128.00, 53.00,  0.00,  0.00,  0.00,
 8.500,  0.00, 82.00, 47.00,  6.00, 97.00,101.00, 92.00, 29.00, 88.00, 54.00, 43.00,  0.00,  0.00, 93.00,117.00, 56.00, 14.00,150.00,141.00, 42.00,120.00,  0.00, 12.00,  0.00,186.00, 53.00, 80.00, 89.00,  0.00, 73.00, 20.00, 43.00,  4.00, 65.00, 36.00, 41.00, 88.00,  0.00,  0.00,  0.00,  0.00,  0.00,  0.00, 64.00, 32.00,  0.00, 53.00, 47.00,  0.00, 20.00,  0.00,176.00,  0.00,  0.00,  8.00,  0.00,  0.00, 50.00, 63.00, 79.00, 54.00,  0.00,  0.00,  0.00, 60.00,  0.00,  0.00, 74.00, 61.00, 26.00,  0.00, 91.00, 45.00,  0.00, 89.00,  0.00, 60.00, 46.00,  0.00, 21.00, 18.00,  0.00, 58.00, 56.00, 85.00, 99.00, 88.00,  0.00,  0.00, 14.00, 18.00,136.00, 57.00,  0.00,  0.00,  0.00,
 8.750,  0.00, 81.00, 47.00, 13.00, 98.00,103.00, 96.00, 27.00, 87.00, 56.00, 47.00,  0.00,  0.00, 90.00,119.00, 59.00, 17.00,152.00,143.00, 44.00,123.00,  0.00, 15.00,  0.00,185.00, 56.00, 83.00, 92.00,  0.00, 73.00, 21.00, 42.00,  5.00, 68.00, 38.00, 42.00, 91.00,  0.00,  0.00,  0.00,  0.00,  0.00,  1.00, 67.00, 34.00,  0.00, 57.00, 48.00,  0.00, 17.00,  0.00,176.00,  0.00,  0.00, 10.00,  0.00,  0.00, 49.00, 69.00, 80.00, 51.00,  0.00,  0.00,  0.00, 58.00,  0.00,  2.00, 75.00, 60.00, 28.00,  0.00, 88.00, 42.00,  0.00, 91.00,  0.00, 62.00, 43.00,  0.00, 18.00, 20.00,  0.00, 57.00, 53.00, 82.00, 96.00, 85.00,  0.00,  0.00, 16.00, 25.00,138.00, 60.00,  0.00,  0.00,  0.00,
 9.000,  0.00, 86.00, 48.00, 15.00,103.00,105.00, 97.00, 26.00, 88.00, 56.00, 49.00,  0.00,  0.00, 92.00,120.00, 61.00, 22.00,155.00,142.00, 45.00,125.00,  0.00, 14.00,  0.00,185.00, 58.00, 85.00, 94.00,  0.00, 76.00, 22.00, 45.00,  5.00, 69.00, 39.00, 42.00, 93.00,  0.00,  0.00,  0.00,  0.00,  0.00,  0.00, 70.00, 35.00,  0.00, 56.00, 47.00,  0.00, 16.00,  0.00,178.00,  0.00,  0.00,  9.00,  0.00,  0.00, 52.00, 70.00, 81.00, 52.00,  0.00,  0.00,  0.00, 62.00,  0.00,  1.00, 80.00, 63.00, 28.00,  0.00, 91.00, 41.00,  0.00, 94.00,  0.00, 61.00, 42.00,  0.00, 17.00, 19.00,  0.00, 56.00, 52.00, 81.00, 95.00, 90.00,  0.00,  0.00, 16.00, 25.00,140.00, 65.00,  0.00,  0.00,  0.00,
 9.250,  0.00, 91.00, 48.00, 22.00,115.00,108.00,107.00, 26.00, 88.00, 56.00, 49.00,  0.00,  0.00,104.00,126.00, 61.00, 27.00,162.00,144.00, 51.00,130.00,  0.00, 15.00,  0.00,185.00, 65.00, 89.00, 99.00,  0.00, 78.00, 24.00, 55.00,  6.00, 71.00, 39.00, 42.00, 99.00,  0.00,  0.00,  0.00,  0.00,  0.00,  0.00, 70.00, 35.00,  0.00, 56.00, 47.00,  0.00, 21.00,  0.00,182.00,  0.00,  0.00,  9.00,  0.00,  0.00, 54.00, 70.00, 87.00, 61.00,  0.00,  0.00,  0.00, 77.00,  0.00,  4.00, 91.00, 81.00, 28.00,  0.00, 93.00, 41.00,  0.00, 98.00,  0.00, 64.00, 54.00,  0.00, 17.00, 19.00,  0.00, 66.00, 66.00, 84.00,119.00,109.00,  0.00,  0.00, 22.00, 30.00,151.00, 76.00,  0.00,  0.00,  0.00,
 9.500,  0.00, 96.00, 49.00, 29.00,121.00,112.00,112.00, 26.00, 88.00, 59.00, 54.00,  0.00,  0.00,107.00,128.00, 61.00, 34.00,166.00,148.00, 56.00,134.00,  0.00, 17.00,  0.00,185.00, 70.00, 94.00,103.00,  0.00, 83.00, 26.00, 61.00,  8.00, 75.00, 40.00, 42.00,102.00,  0.00,  0.00,  0.00,  0.00,  0.00,  1.00, 75.00, 36.00,  0.00, 56.00, 47.00,  0.00, 24.00,  0.00,182.00,  0.00,  0.00,  9.00,  0.00,  0.00, 58.00, 70.00, 90.00, 67.00,  0.00,  0.00,  0.00, 82.00,  0.00,  8.00, 96.00, 89.00, 28.00,  0.00,100.00, 42.00,  0.00,104.00,  0.00, 68.00, 57.00,  0.00, 17.00, 19.00,  0.00, 71.00, 71.00, 86.00,127.00,118.00,  0.00,  0.00, 27.00, 34.00,156.00, 87.00,  0.00,  0.00,  0.00,
 9.750,  0.00, 96.00, 54.00, 31.00,121.00,114.00,112.00, 26.00, 88.00, 59.00, 55.00,  0.00,  0.00,107.00,128.00, 65.00, 34.00,166.00,148.00, 56.00,134.00,  0.00, 17.00,  0.00,187.00, 72.00, 95.00,103.00,  0.00, 86.00, 27.00, 61.00,  9.00, 75.00, 42.00, 42.00,102.00,  0.00,  0.00,  0.00,  0.00,  0.00,  1.00, 78.00, 40.00,  0.00, 59.00, 47.00,  0.00, 24.00,  0.00,184.00,  0.00,  0.00,  9.00,  0.00,  0.00, 62.00, 72.00, 90.00, 67.00,  0.00,  0.00,  0.00, 82.00,  0.00,  8.00, 96.00, 89.00, 29.00,  0.00,100.00, 42.00,  0.00,104.00,  0.00, 68.00, 57.00,  0.00, 17.00, 19.00,  0.00, 71.00, 71.00, 86.00,127.00,118.00,  0.00,  0.00, 27.00, 34.00,156.00, 90.00,  0.00,  0.00,  0.00,
10.000,  0.00, 93.00, 52.00, 33.00,117.00,113.00,108.00, 28.00, 95.00, 57.00, 56.00,  0.00,  0.00,103.00,124.00, 63.00, 37.00,163.00,145.00, 52.00,132.00,  0.00, 13.00,  0.00,186.00, 70.00, 93.00, 99.00,  0.00, 86.00, 23.00, 57.00,  5.00, 74.00, 44.00, 46.00,100.00,  0.00,  0.00,  0.00,  0.00,  0.00,  0.00, 80.00, 37.00,  0.00, 65.00, 49.00,  0.00, 20.00,  0.00,180.00,  0.00,  0.00,  5.00,  0.00,  0.00, 69.00, 78.00, 88.00, 63.00,  0.00,  0.00,  0.00, 78.00,  0.00,  4.00, 92.00, 85.00, 32.00,  0.00,102.00, 38.00,  0.00,102.00,  0.00, 67.00, 53.00,  0.00, 13.00, 15.00,  0.00, 67.00, 67.00, 82.00,123.00,114.00,  0.00,  0.00, 24.00, 33.00,153.00, 88.00,  0.00,  0.00,  0.00,
10.250,  0.00, 95.00, 53.00, 39.00,118.00,114.00,109.00, 28.00, 95.00, 57.00, 56.00,  0.00,  0.00,103.00,128.00, 67.00, 40.00,164.00,146.00, 54.00,134.00,  0.00, 14.00,  0.00,186.00, 83.00, 97.00,104.00,  0.00, 89.00, 25.00, 61.00,  6.00, 76.00, 44.00, 46.00,101.00,  0.00,  0.00,  0.00,  0.00,  0.00,  0.00, 81.00, 39.00,  0.00, 66.00, 49.00,  0.00, 20.00,  0.00,181.00,  0.00,  0.00,  7.00,  0.00,  0.00, 75.00, 78.00, 88.00, 63.00,  0.00,  0.00,  0.00, 78.00,  0.00,  7.00, 96.00, 85.00, 32.00,  0.00,102.00, 38.00,  0.00,106.00,  0.00, 72.00, 53.00,  0.00, 13.00, 15.00,  0.00, 67.00, 67.00, 82.00,123.00,114.00,  0.00,  0.00, 28.00, 37.00,156.00, 93.00,  0.00,  0.00,  0.00,
10.500,  0.00,100.00, 59.00, 42.00,120.00,116.00,113.00, 28.00, 95.00, 57.00, 61.00,  0.00,  0.00,103.00,132.00, 67.00, 46.00,168.00,146.00, 57.00,136.00,  0.00, 15.00,  0.00,186.00, 95.00,101.00,107.00,  0.00, 93.00, 25.00, 67.00,  7.00, 79.00, 44.00, 46.00,104.00,  0.00,  0.00,  0.00,  0.00,  0.00,  0.00, 84.00, 40.00,  0.00, 67.00, 49.00,  0.00, 20.00,  0.00,183.00,  0.00,  0.00,  7.00,  0.00,  0.00, 84.00, 80.00, 92.00, 69.00,  0.00,  0.00,  0.00, 80.00,  0.00,  9.00, 99.00, 92.00, 32.00,  0.00,104.00, 38.00,  0.00,110.00,  0.00, 74.00, 53.00,  0.00, 13.00, 15.00,  0.00, 70.00, 67.00, 82.00,123.00,115.00,  0.00,  0.00, 32.00, 41.00,163.00,101.00,  0.00,  0.00,  0.00,
10.750,  0.00,103.00, 67.00, 50.00,126.00,122.00,117.00, 28.00, 95.00, 58.00, 66.00,  0.00,  0.00,105.00,132.00, 73.00, 49.00,169.00,147.00, 58.00,141.00,  0.00, 19.00,  0.00,187.00,104.00,103.00,110.00,  0.00, 96.00, 27.00, 70.00, 10.00, 81.00, 48.00, 46.00,107.00,  0.00,  0.00,  0.00,  0.00,  0.00,  2.00, 88.00, 43.00,  0.00, 72.00, 49.00,  0.00, 20.00,  0.00,185.00,  0.00,  0.00,  8.00,  0.00,  0.00, 88.00, 84.00, 92.00, 69.00,  0.00,  0.00,  0.00, 80.00,  0.00, 10.00,102.00, 93.00, 32.00,  0.00,104.00, 38.00,  0.00,113.00,  0.00, 76.00, 54.00,  0.00, 13.00, 15.00,  0.00, 70.00, 67.00, 82.00,123.00,115.00,  0.00,  0.00, 33.00, 42.00,163.00,104.00,  0.00,  0.00,  0.00,
11.000,  0.00,106.00, 76.00, 55.00,131.00,123.00,119.00, 30.00, 97.00, 58.00, 67.00,  0.00,  0.00,108.00,134.00, 73.00, 55.00,174.00,149.00, 61.00,144.00,  0.00, 19.00,  0.00,187.00,112.00,108.00,115.00,  0.00, 99.00, 29.00, 72.00, 11.00, 86.00, 49.00, 47.00,108.00,  0.00,  0.00,  0.00,  0.00,  0.00,  3.00, 91.00, 44.00,  0.00, 74.00, 50.00,  0.00, 20.00,  0.00,185.00,  0.00,  0.00,  9.00,  0.00,  0.00, 97.00, 86.00, 94.00, 73.00,  0.00,  0.00,  0.00, 84.00,  0.00, 12.00,107.00,100.00, 34.00,  0.00,109.00, 38.00,  0.00,117.00,  0.00, 76.00, 57.00,  0.00, 13.00, 15.00,  0.00, 73.00, 67.00, 82.00,123.00,120.00,  0.00,  0.00, 37.00, 45.00,166.00,111.00,  0.00,  0.00,  0.00,
11.250,  0.00,108.00, 81.00, 56.00,137.00,124.00,125.00, 30.00, 97.00, 58.00, 67.00,  0.00,  0.00,112.00,136.00, 73.00, 56.00,174.00,149.00, 64.00,146.00,  0.00, 20.00,  0.00,187.00,120.00,111.00,117.00,  0.00, 99.00, 30.00, 77.00, 12.00, 86.00, 49.00, 47.00,111.00,  0.00,  0.00,  0.00,  0.00,  0.00,  3.00, 91.00, 45.00,  0.00, 74.00, 50.00,  0.00, 20.00,  1.00,186.00,  0.00,  0.00,  9.00,  0.00,  0.00, 98.00, 86.00, 94.00, 77.00,  0.00,  0.00,  0.00, 89.00,  0.00, 12.00,110.00,107.00, 34.00,  0.00,109.00, 38.00,  0.00,120.00,  0.00, 76.00, 61.00,  0.00, 13.00, 15.00,  0.00, 75.00, 67.00, 82.00,131.00,124.00,  0.00,  0.00, 39.00, 45.00,167.00,114.00,  0.00,  0.00,  0.00,
11.500,  0.00,114.00, 90.00, 61.00,146.00,129.00,131.00, 30.00, 97.00, 58.00, 72.00,  0.00,  0.00,122.00,140.00, 75.00, 62.00,179.00,149.00, 68.00,149.00,  0.00, 25.00,  0.00,187.00,129.00,116.00,122.00,  0.00,101.00, 30.00, 83.00, 13.00, 89.00, 49.00, 47.00,117.00,  0.00,  0.00,  0.00,  0.00,  0.00,  5.00, 92.00, 45.00,  0.00, 74.00, 50.00,  4.00, 20.00,  6.00,187.00,  0.00,  0.00,  9.00,  0.00,  0.00,102.00, 86.00, 98.00, 83.00,  0.00,  0.00,  0.00,101.00,  0.00, 12.00,116.00,117.00, 34.00,  0.00,109.00, 38.00,  0.00,126.00,  0.00, 77.00, 74.00,  0.00, 13.00, 15.00,  0.00, 85.00, 67.00, 82.00,146.00,133.00,  0.00,  0.00, 44.00, 45.00,168.00,124.00,  0.00,  0.00,  0.00,
11.750,  0.00,116.00,100.00, 67.00,148.00,132.00,134.00, 30.00, 97.00, 61.00, 75.00,  0.00,  0.00,122.00,142.00, 78.00, 69.00,181.00,152.00, 70.00,152.00,  0.00, 27.00,  0.00,187.00,134.00,120.00,128.00,  0.00,106.00, 35.00, 88.00, 16.00, 92.00, 51.00, 47.00,120.00,  0.00,  0.00,  0.00,  0.00,  0.00,  7.00, 97.00, 49.00,  0.00, 74.00, 50.00,  8.00, 25.00, 17.00,189.00,  0.00,  0.00,  9.00,  0.00,  0.00,111.00, 90.00, 99.00, 90.00,  0.00,  0.00,  0.00,104.00,  0.00, 16.00,122.00,124.00, 34.00,  0.00,115.00, 38.00,  0.00,132.00,  0.00, 83.00, 78.00,  0.00, 13.00, 15.00,  0.00, 90.00, 69.00, 85.00,151.00,138.00,  0.00,  0.00, 49.00, 45.00,172.00,127.00,  0.00,  0.00,  0.00,
12.000,  0.00,118.00,108.00, 70.00,148.00,132.00,134.00, 30.00, 97.00, 61.00, 77.00,  2.00,  0.00,122.00,142.00, 80.00, 70.00,181.00,152.00, 70.00,152.00,  0.00, 27.00,  0.00,187.00,134.00,120.00,128.00,  0.00,106.00, 35.00, 88.00, 16.00, 92.00, 51.00, 47.00,120.00,  0.00,  0.00,  0.00,  0.00,  0.00,  7.00, 98.00, 49.00,  0.00, 74.00, 50.00,  8.00, 25.00, 19.00,189.00,  0.00,  0.00,  9.00,  0.00,  0.00,111.00, 91.00, 99.00, 90.00,  0.00,  0.00,  0.00,104.00,  0.00, 16.00,122.00,124.00, 34.00,  0.00,115.00, 38.00,  0.00,132.00,  0.00, 83.00, 78.00,  0.00, 13.00, 15.00,  0.00, 90.00, 69.00, 85.00,151.00,138.00,  0.00,  0.00, 49.00, 45.00,172.00,127.00,  0.00,  0.00,  0.00,
12.250,  0.00,120.00,119.00, 77.00,147.00,133.00,135.00, 28.00, 96.00, 61.00, 80.00, 12.00,  0.00,120.00,141.00, 87.00, 74.00,181.00,151.00, 71.00,154.00,  0.00, 26.00,  0.00,187.00,136.00,121.00,128.00,  0.00,109.00, 34.00, 89.00, 15.00, 91.00, 53.00, 45.00,120.00,  0.00,  0.00,  0.00,  0.00,  0.00,  7.00,102.00, 48.00,  0.00, 78.00, 48.00, 11.00, 23.00, 29.00,188.00,  0.00,  0.00,  7.00,  0.00,  0.00,118.00, 96.00, 99.00, 90.00,  0.00,  0.00,  0.00,102.00,  0.00, 17.00,120.00,122.00, 35.00,  0.00,113.00, 36.00,  0.00,134.00,  0.00, 86.00, 76.00,  0.00, 11.00, 14.00, 10.00, 88.00, 67.00, 83.00,149.00,136.00,  0.00,  0.00, 54.00, 48.00,172.00,125.00,  0.00,  0.00,  0.00,
12.500,  0.00,120.00,124.00, 82.00,147.00,137.00,135.00, 31.00,101.00, 62.00, 82.00, 24.00,  0.00,121.00,144.00, 89.00, 77.00,181.00,151.00, 71.00,154.00,  0.00, 26.00,  0.00,188.00,138.00,123.00,129.00,  0.00,110.00, 34.00, 89.00, 15.00, 91.00, 56.00, 50.00,121.00,  0.00,  0.00,  0.00,  0.00,  0.00,  9.00,103.00, 48.00,  0.00, 80.00, 56.00, 13.00, 23.00, 38.00,188.00,  0.00,  0.00,  8.00,  0.00,  0.00,125.00, 97.00,100.00, 92.00,  0.00,  0.00,  0.00,102.00,  0.00, 21.00,123.00,126.00, 39.00,  0.00,117.00, 36.00,  0.00,136.00,  0.00, 89.00, 76.00,  0.00, 11.00, 14.00, 19.00, 90.00, 67.00, 83.00,149.00,136.00,  0.00,  0.00, 58.00, 51.00,175.00,125.00,  0.00,  0.00,  0.00,
12.750,  0.00,122.00,131.00, 85.00,149.00,138.00,136.00, 31.00,101.00, 63.00, 84.00, 24.00,  0.00,124.00,145.00, 97.00, 80.00,182.00,151.00, 72.00,155.00,  0.00, 29.00,  0.00,188.00,140.00,126.00,132.00,  0.00,112.00, 36.00, 93.00, 16.00, 92.00, 56.00, 50.00,124.00,  0.00,  0.00,  0.00,  0.00,  0.00, 10.00,106.00, 50.00,  0.00, 80.00, 56.00, 20.00, 23.00, 45.00,188.00,  0.00,  0.00,  9.00,  0.00,  0.00,125.00,101.00,100.00, 96.00,  0.00,  0.00,  0.00,102.00,  0.00, 21.00,124.00,128.00, 39.00,  0.00,117.00, 36.00,  0.00,139.00,  0.00, 89.00, 77.00,  0.00, 13.00, 14.00, 27.00, 90.00, 67.00, 83.00,149.00,136.00,  0.00,  0.00, 61.00, 51.00,175.00,127.00,  0.00,  0.00,  0.00,
13.000,  0.00,126.00,133.00, 87.00,158.00,139.00,141.00, 31.00,101.00, 63.00, 86.00, 24.00,  0.00,130.00,147.00, 97.00, 86.00,183.00,151.00, 74.00,155.00,  0.00, 30.00,  0.00,188.00,146.00,130.00,136.00,  0.00,119.00, 36.00,100.00, 16.00, 94.00, 56.00, 50.00,126.00,  0.00,  0.00,  0.00,  0.00,  0.00, 10.00,106.00, 50.00,  0.00, 80.00, 56.00, 25.00, 23.00, 50.00,190.00,  0.00,  0.00,  9.00,  0.00,  0.00,129.00,102.00,100.00,100.00,  0.00,  0.00,  0.00,108.00,  0.00, 22.00,132.00,136.00, 39.00,  0.00,117.00, 36.00,  0.00,144.00,  0.00, 91.00, 86.00,  0.00, 13.00, 14.00, 32.00, 96.00, 67.00, 83.00,156.00,146.00,  0.00,  0.00, 64.00, 51.00,175.00,135.00,  0.00,  0.00,  0.00,
13.250,  0.00,127.00,138.00, 91.00,160.00,140.00,145.00, 31.00,104.00, 63.00, 89.00, 27.00,  0.00,132.00,152.00,100.00, 89.00,186.00,151.00, 77.00,157.00,  0.00, 30.00,  0.00,188.00,149.00,135.00,138.00,  0.00,121.00, 39.00,104.00, 17.00, 94.00, 56.00, 50.00,126.00,  0.00,  0.00,  0.00,  0.00,  0.00, 14.00,108.00, 50.00,  0.00, 80.00, 56.00, 31.00, 27.00, 64.00,190.00,  0.00,  0.00,  9.00,  0.00,  0.00,136.00,105.00,100.00,108.00,  0.00,  0.00,  0.00,114.00,  1.00, 28.00,135.00,143.00, 43.00,  0.00,118.00, 36.00,  0.00,147.00,  0.00, 99.00, 87.00,  0.00, 13.00, 14.00, 40.00,104.00, 67.00, 87.00,160.00,152.00,  0.00,  0.00, 71.00, 51.00,177.00,135.00,  0.00,  0.00,  0.00,
13.500,  0.00,127.00,145.00, 95.00,160.00,141.00,145.00, 31.00,104.00, 63.00, 89.00, 31.00,  0.00,132.00,152.00,106.00, 92.00,187.00,152.00, 77.00,157.00,  0.00, 30.00,  0.00,188.00,150.00,135.00,138.00,  0.00,123.00, 39.00,104.00, 17.00, 94.00, 56.00, 50.00,130.00,  0.00,  0.00,  0.00,  0.00,  0.00, 14.00,110.00, 51.00,  0.00, 80.00, 56.00, 31.00, 27.00, 66.00,191.00,  0.00,  0.00,  9.00,  0.00,  0.00,136.00,107.00,100.00,108.00,  0.00,  0.00,  0.00,114.00,  1.00, 28.00,135.00,143.00, 43.00,  0.00,118.00, 36.00,  0.00,148.00,  0.00, 99.00, 88.00,  0.00, 13.00, 14.00, 45.00,104.00, 67.00, 87.00,160.00,152.00,  0.00,  0.00, 71.00, 51.00,177.00,136.00,  0.00,  0.00,  0.00,
13.750,  0.00,129.00,146.00, 95.00,163.00,142.00,149.00, 31.00,104.00, 63.00, 89.00, 31.00,  0.00,135.00,152.00,109.00, 92.00,187.00,152.00, 77.00,157.00,  0.00, 30.00,  0.00,188.00,151.00,135.00,141.00,  0.00,125.00, 39.00,108.00, 17.00, 94.00, 56.00, 50.00,132.00,  0.00,  0.00,  0.00,  0.00,  0.00, 14.00,110.00, 51.00,  0.00, 80.00, 56.00, 33.00, 27.00, 67.00,191.00,  0.00,  0.00,  9.00,  0.00,  0.00,136.00,107.00,100.00,108.00,  0.00,  0.00,  0.00,119.00,  1.00, 28.00,138.00,147.00, 43.00,  0.00,118.00, 36.00,  0.00,152.00,  0.00, 99.00, 95.00,  0.00, 13.00, 14.00, 45.00,106.00, 67.00, 87.00,164.00,155.00,  0.00,  0.00, 72.00, 51.00,177.00,140.00,  0.00,  0.00,  0.00,
14.000,  0.00,131.00,151.00,102.00,162.00,146.00,148.00, 30.00,103.00, 62.00, 96.00, 33.00,  0.00,134.00,151.00,115.00, 95.00,186.00,151.00, 79.00,161.00,  0.00, 33.00,  0.00,188.00,150.00,137.00,140.00,  0.00,129.00, 41.00,107.00, 18.00, 95.00, 55.00, 49.00,133.00,  0.00,  0.00,  0.00,  0.00,  0.00, 13.00,112.00, 50.00,  0.00, 79.00, 55.00, 32.00, 26.00, 78.00,190.00,  0.00,  0.00, 11.00,  0.00,  0.00,136.00,112.00, 99.00,108.00,  0.00,  0.00,  0.00,118.00,  0.00, 30.00,137.00,146.00, 42.00,  0.00,117.00, 35.00,  0.00,151.00,  0.00, 99.00, 94.00,  0.00, 20.00, 13.00, 55.00,105.00, 66.00, 86.00,163.00,154.00,  0.00,  0.00, 75.00, 54.00,176.00,139.00,  0.00,  0.00,  0.00,
14.250,  0.00,131.00,155.00,106.00,162.00,146.00,148.00, 30.00,103.00, 62.00, 96.00, 33.00,  0.00,134.00,153.00,119.00, 99.00,186.00,151.00, 79.00,161.00,  0.00, 33.00,  0.00,188.00,152.00,138.00,141.00,  0.00,132.00, 41.00,109.00, 18.00, 95.00, 55.00, 49.00,135.00,  0.00,  0.00,  0.00,  0.00,  0.00, 14.00,113.00, 50.00,  0.00, 79.00, 55.00, 34.00, 26.00, 85.00,191.00,  0.00,  0.00, 11.00,  0.00,  0.00,140.00,113.00, 99.00,112.00,  0.00,  0.00,  0.00,118.00,  0.00, 32.00,137.00,146.00, 42.00,  0.00,117.00, 35.00,  0.00,152.00,  0.00,101.00, 94.00,  0.00, 20.00, 13.00, 57.00,105.00, 66.00, 86.00,163.00,154.00,  0.00,  0.00, 80.00, 54.00,176.00,139.00,  0.00,  0.00,  0.00,
14.500,  0.00,132.00,155.00,106.00,169.00,146.00,154.00, 30.00,105.00, 62.00, 96.00, 33.00,  0.00,140.00,156.00,119.00,103.00,189.00,151.00, 84.00,161.00,  0.00, 33.00,  0.00,188.00,157.00,142.00,144.00,  0.00,136.00, 42.00,116.00, 18.00, 97.00, 55.00, 49.00,136.00,  0.00,  0.00,  0.00,  0.00,  0.00, 17.00,114.00, 50.00,  0.00, 79.00, 55.00, 37.00, 27.00, 90.00,191.00,  0.00,  0.00, 11.00,  0.00,  0.00,141.00,114.00, 99.00,117.00,  0.00,  0.00,  0.00,121.00,  0.00, 33.00,142.00,151.00, 43.00,  0.00,117.00, 35.00,  0.00,156.00,  0.00,104.00, 98.00,  0.00, 20.00, 13.00, 61.00,107.00, 66.00, 86.00,163.00,154.00,  0.00,  0.00, 84.00, 54.00,176.00,142.00,  0.00,  0.00,  0.00,
14.750,  0.00,135.00,158.00,109.00,173.00,151.00,158.00, 30.00,109.00, 62.00, 96.00, 33.00,  0.00,143.00,157.00,122.00,108.00,189.00,152.00, 87.00,163.00,  0.00, 33.00,  0.00,188.00,158.00,147.00,148.00,  0.00,138.00, 43.00,122.00, 18.00, 98.00, 55.00, 49.00,138.00,  0.00,  0.00,  0.00,  0.00,  0.00, 17.00,116.00, 52.00,  0.00, 79.00, 55.00, 40.00, 29.00, 99.00,192.00,  0.00,  0.00, 11.00,  0.00,  0.00,143.00,114.00, 99.00,122.00,  0.00,  0.00,  0.00,125.00,  0.00, 36.00,148.00,156.00, 43.00,  0.00,117.00, 35.00,  0.00,159.00,  0.00,107.00,103.00,  0.00, 20.00, 13.00, 61.00,109.00, 66.00, 87.00,165.00,158.00,  0.00,  0.00, 88.00, 54.00,176.00,147.00,  0.00,  0.00,  0.00,
15.000,  0.00,136.00,162.00,112.00,173.00,151.00,158.00, 30.00,109.00, 62.00, 98.00, 33.00,  0.00,143.00,157.00,128.00,109.00,189.00,153.00, 87.00,163.00,  0.00, 33.00,  0.00,188.00,158.00,147.00,148.00,  0.00,143.00, 44.00,122.00, 18.00, 98.00, 59.00, 49.00,142.00,  0.00,  0.00,  0.00,  0.00,  0.00, 17.00,117.00, 53.00,  0.00, 79.00, 55.00, 40.00, 29.00,100.00,192.00,  0.00,  0.00, 11.00,  0.00,  0.00,149.00,118.00, 99.00,122.00,  0.00,  0.00,  0.00,128.00,  0.00, 39.00,150.00,159.00, 48.00,  0.00,117.00, 35.00,  0.00,161.00,  0.00,110.00,105.00,  0.00, 20.00, 13.00, 65.00,114.00, 66.00, 87.00,168.00,158.00,  0.00,  0.00, 90.00, 54.00,176.00,149.00,  0.00,  0.00,  0.00,
15.250,  0.00,137.00,164.00,114.00,176.00,151.00,160.00, 30.00,111.00, 62.00, 98.00, 33.00,  0.00,143.00,158.00,129.00,113.00,189.00,153.00, 88.00,163.00,  0.00, 33.00,  0.00,188.00,160.00,149.00,148.00,  0.00,145.00, 44.00,125.00, 20.00, 99.00, 59.00, 49.00,145.00,  0.00,  0.00,  0.00,  0.00,  0.00, 17.00,118.00, 54.00,  0.00, 79.00, 55.00, 40.00, 29.00,107.00,193.00,  0.00,  0.00, 11.00,  0.00,  0.00,149.00,118.00, 99.00,124.00,  0.00,  0.00,  0.00,128.00,  0.00, 39.00,150.00,159.00, 48.00,  0.00,117.00, 35.00,  0.00,163.00,  0.00,111.00,106.00,  0.00, 20.00, 13.00, 66.00,114.00, 66.00, 87.00,168.00,158.00,  0.00,  0.00, 94.00, 54.00,176.00,149.00,  0.00,  0.00,  0.00,
15.500,  0.00,143.00,166.00,117.00,181.00,156.00,168.00, 30.00,119.00, 63.00, 98.00, 33.00,  0.00,151.00,161.00,134.00,117.00,192.00,154.00, 93.00,163.00,  0.00, 37.00,  0.00,188.00,164.00,155.00,154.00,  0.00,148.00, 48.00,131.00, 23.00,101.00, 59.00, 49.00,149.00,  0.00,  0.00,  0.00,  0.00,  0.00, 21.00,120.00, 55.00,  0.00, 79.00, 55.00, 44.00, 32.00,112.00,195.00,  0.00,  0.00, 11.00,  0.00,  0.00,150.00,118.00, 99.00,127.00,  0.00,  0.00,  0.00,140.00,  0.00, 42.00,160.00,166.00, 48.00,  0.00,117.00, 35.00,  0.00,166.00,  0.00,119.00,114.00,  0.00, 20.00, 13.00, 67.00,118.00, 66.00, 87.00,178.00,169.00,  0.00,  0.00, 97.00, 54.00,176.00,154.00,  0.00,  0.00,  0.00,
15.750,  0.00,142.00,168.00,122.00,180.00,155.00,167.00, 29.00,118.00, 63.00,106.00, 32.00,  0.00,150.00,160.00,136.00,116.00,191.00,153.00, 92.00,162.00,  0.00, 39.00,  0.00,189.00,163.00,154.00,153.00,  0.00,147.00, 47.00,130.00, 22.00,103.00, 58.00, 48.00,148.00,  0.00,  0.00,  0.00,  0.00,  0.00, 20.00,121.00, 54.00,  0.00, 80.00, 54.00, 43.00, 31.00,116.00,194.00,  0.00,  0.00, 11.00,  0.00,  0.00,151.00,120.00, 98.00,127.00,  0.00,  0.00,  0.00,139.00,  0.00, 42.00,159.00,165.00, 52.00,  0.00,116.00, 34.00,  0.00,165.00,  0.00,118.00,113.00,  0.00, 25.00, 13.00, 72.00,117.00, 65.00, 87.00,177.00,168.00,  0.00,  0.00, 99.00, 56.00,175.00,153.00,  0.00,  0.00,  0.00,
16.000,  0.00,142.00,169.00,123.00,180.00,155.00,167.00, 29.00,119.00, 63.00,106.00, 32.00,  0.00,150.00,163.00,136.00,120.00,191.00,153.00, 92.00,162.00,  0.00, 39.00,  0.00,189.00,164.00,154.00,153.00,  0.00,149.00, 48.00,132.00, 25.00,103.00, 58.00, 48.00,149.00,  0.00,  0.00,  0.00,  0.00,  0.00, 21.00,121.00, 57.00,  0.00, 80.00, 54.00, 43.00, 31.00,121.00,194.00,  0.00,  0.00, 11.00,  0.00,  0.00,154.00,120.00, 98.00,129.00,  0.00,  0.00,  0.00,139.00,  0.00, 45.00,162.00,168.00, 54.00,  0.00,116.00, 34.00,  0.00,166.00,  0.00,122.00,113.00,  0.00, 25.00, 13.00, 74.00,117.00, 65.00, 87.00,177.00,168.00,  0.00,  0.00,103.00, 56.00,175.00,153.00,  0.00,  0.00,  0.00,
16.250,  0.00,143.00,171.00,128.00,180.00,157.00,167.00, 29.00,119.00, 63.00,108.00, 32.00,  0.00,150.00,163.00,140.00,121.00,191.00,153.00, 92.00,162.00,  0.00, 39.00,  0.00,190.00,164.00,154.00,153.00,  0.00,150.00, 48.00,132.00, 31.00,104.00, 58.00, 48.00,150.00,  0.00,  0.00,  0.00,  0.00,  0.00, 21.00,124.00, 57.00,  0.00, 81.00, 54.00, 43.00, 31.00,126.00,194.00,  0.00,  0.00, 12.00,  0.00,  0.00,154.00,121.00, 98.00,132.00,  0.00,  0.00,  0.00,139.00,  0.00, 46.00,162.00,168.00, 59.00,  0.00,116.00, 34.00,  0.00,166.00,  0.00,122.00,113.00,  0.00, 25.00, 16.00, 77.00,117.00, 65.00, 87.00,177.00,168.00,  0.00,  0.00,105.00, 56.00,175.00,153.00,  0.00,  0.00,  0.00,
16.500,  0.00,143.00,173.00,129.00,180.00,157.00,167.00, 29.00,119.00, 63.00,109.00, 32.00,  0.00,150.00,163.00,141.00,124.00,191.00,155.00, 92.00,162.00,  0.00, 40.00,  0.00,190.00,164.00,154.00,153.00,  0.00,153.00, 51.00,132.00, 40.00,104.00, 60.00, 48.00,151.00,  0.00,  0.00,  0.00,  0.00,  0.00, 22.00,125.00, 58.00,  0.00, 81.00, 54.00, 43.00, 31.00,129.00,194.00,  0.00,  0.00, 12.00,  0.00,  0.00,154.00,121.00, 98.00,132.00,  0.00,  0.00,  0.00,139.00,  0.00, 49.00,162.00,168.00, 60.00,  0.00,116.00, 34.00,  0.00,166.00,  0.00,123.00,113.00,  0.00, 25.00, 16.00, 78.00,117.00, 65.00, 88.00,177.00,168.00,  0.00,  0.00,107.00, 56.00,175.00,153.00,  0.00,  0.00,  0.00,
16.750,  0.00,143.00,174.00,129.00,180.00,157.00,167.00, 29.00,122.00, 63.00,109.00, 32.00,  0.00,150.00,163.00,141.00,128.00,193.00,155.00, 94.00,162.00,  0.00, 40.00,  0.00,190.00,166.00,157.00,153.00,  0.00,155.00, 53.00,136.00, 50.00,104.00, 60.00, 48.00,153.00,  0.00,  0.00,  0.00,  0.00,  0.00, 23.00,125.00, 62.00,  0.00, 81.00, 54.00, 43.00, 31.00,135.00,195.00,  0.00,  0.00, 12.00,  0.00,  0.00,158.00,121.00, 98.00,133.00,  0.00,  0.00,  0.00,139.00,  0.00, 49.00,167.00,168.00, 60.00,  0.00,116.00, 34.00,  0.00,168.00,  0.00,128.00,113.00,  0.00, 25.00, 16.00, 82.00,117.00, 65.00, 88.00,177.00,168.00,  0.00,  0.00,111.00, 56.00,175.00,153.00,  0.00,  0.00,  0.00,
17.000,  0.00,147.00,177.00,134.00,180.00,158.00,167.00, 29.00,124.00, 66.00,109.00, 32.00,  0.00,150.00,165.00,143.00,130.00,193.00,155.00, 94.00,162.00,  0.00, 40.00,  0.00,190.00,167.00,158.00,154.00,  0.00,156.00, 53.00,139.00, 57.00,104.00, 63.00, 48.00,156.00,  0.00,  0.00,  0.00,  0.00,  0.00, 23.00,126.00, 62.00,  0.00, 81.00, 54.00, 43.00, 31.00,137.00,196.00,  0.00,  0.00, 12.00,  0.00,  0.00,161.00,121.00, 98.00,134.00,  0.00,  0.00,  0.00,139.00,  0.00, 52.00,172.00,170.00, 65.00,  0.00,116.00, 34.00,  0.00,169.00,  0.00,131.00,117.00,  0.00, 25.00, 16.00, 83.00,117.00, 65.00, 88.00,177.00,168.00,  0.00,  0.00,117.00, 56.00,175.00,153.00,  0.00,  0.00,  0.00,
17.250,  0.00,148.00,178.00,135.00,182.00,160.00,171.00, 29.00,124.00, 66.00,109.00, 32.00,  0.00,151.00,165.00,146.00,132.00,193.00,156.00, 97.00,162.00,  0.00, 40.00,  0.00,190.00,169.00,161.00,156.00,  0.00,158.00, 55.00,140.00, 68.00,104.00, 63.00, 48.00,158.00,  0.00,  0.00,  0.00,  0.00,  0.00, 23.00,128.00, 66.00,  0.00, 81.00, 54.00, 43.00, 31.00,139.00,196.00,  0.00,  0.00, 12.00,  0.00,  0.00,161.00,121.00, 98.00,135.00,  0.00,  0.00,  0.00,140.00,  0.00, 52.00,172.00,170.00, 65.00,  0.00,116.00, 34.00,  0.00,170.00,  0.00,131.00,118.00,  0.00, 25.00, 16.00, 85.00,117.00, 65.00, 88.00,177.00,168.00,  0.00,  0.00,117.00, 56.00,175.00,153.00,  0.00,  0.00,  0.00,
17.500,  0.00,150.00,178.00,136.00,186.00,163.00,173.00, 29.00,125.00, 66.00,109.00, 32.00,  0.00,154.00,165.00,148.00,135.00,194.00,156.00, 98.00,162.00,  0.00, 40.00,  0.00,190.00,171.00,161.00,156.00,  0.00,159.00, 55.00,142.00, 79.00,106.00, 63.00, 48.00,158.00,  0.00,  0.00,  0.00,  0.00,  0.00, 25.00,128.00, 66.00,  0.00, 81.00, 54.00, 43.00, 31.00,143.00,196.00,  0.00,  0.00, 12.00,  0.00,  0.00,161.00,121.00, 98.00,135.00,  0.00,  0.00,  0.00,140.00,  0.00, 52.00,172.00,171.00, 65.00,  0.00,116.00, 34.00,  0.00,171.00,  0.00,133.00,120.00,  0.00, 25.00, 16.00, 86.00,117.00, 65.00, 88.00,177.00,168.00,  0.00,  0.00,118.00, 56.00,175.00,153.00,  0.00,  0.00,  0.00,
17.750,  0.00,150.00,179.00,140.00,186.00,163.00,174.00, 29.00,128.00, 66.00,109.00, 32.00,  0.00,154.00,167.00,148.00,137.00,194.00,156.00, 98.00,162.00,  0.00, 40.00,  0.00,190.00,171.00,162.00,156.00,  0.00,160.00, 57.00,145.00, 87.00,106.00, 63.00, 48.00,158.00,  0.00,  0.00,  0.00,  0.00,  0.00, 26.00,128.00, 73.00,  0.00, 81.00, 54.00, 43.00, 31.00,148.00,196.00,  0.00,  0.00, 12.00,  0.00,  0.00,161.00,121.00, 98.00,142.00,  0.00,  0.00,  0.00,141.00,  0.00, 56.00,175.00,171.00, 65.00,  0.00,116.00, 34.00,  0.00,171.00,  0.00,133.00,120.00,  0.00, 25.00, 16.00, 87.00,117.00, 65.00, 88.00,177.00,168.00,  0.00,  0.00,123.00, 56.00,175.00,153.00,  0.00,  0.00,  0.00,
18.000,  0.00,146.00,179.00,142.00,182.00,159.00,170.00, 30.00,124.00, 62.00,110.00, 28.00,  0.00,150.00,163.00,147.00,135.00,190.00,154.00, 94.00,158.00,  0.00, 36.00,  0.00,187.00,167.00,158.00,152.00,  0.00,157.00, 54.00,141.00, 85.00,102.00, 59.00, 44.00,156.00,  0.00,  0.00,  0.00,  0.00,  0.00, 25.00,126.00, 71.00,  0.00, 77.00, 50.00, 39.00, 27.00,145.00,192.00,  0.00,  0.00,  9.00,  0.00,  0.00,161.00,117.00, 94.00,138.00,  0.00,  0.00,  0.00,137.00,  0.00, 55.00,171.00,167.00, 68.00,  0.00,112.00, 30.00,  0.00,168.00,  0.00,130.00,116.00,  0.00, 21.00, 12.00, 91.00,113.00, 61.00, 84.00,173.00,164.00,  0.00,  0.00,119.00, 52.00,171.00,149.00,  0.00,  0.00,  0.00,
18.250,  0.00,150.00,179.00,144.00,182.00,162.00,170.00, 30.00,124.00, 62.00,110.00, 28.00,  0.00,150.00,164.00,150.00,136.00,191.00,155.00, 97.00,158.00,  0.00, 40.00,  0.00,188.00,167.00,159.00,152.00,  0.00,160.00, 57.00,141.00, 97.00,108.00, 59.00, 44.00,159.00,  0.00,  0.00,  0.00,  0.00,  0.00, 26.00,129.00, 77.00,  0.00, 77.00, 50.00, 39.00, 27.00,147.00,192.00,  0.00,  0.00, 12.00,  0.00,  0.00,161.00,117.00, 94.00,138.00,  0.00,  0.00,  0.00,137.00,  0.00, 56.00,171.00,167.00, 68.00,  0.00,112.00, 30.00,  0.00,169.00,  0.00,132.00,117.00,  0.00, 21.00, 12.00, 93.00,113.00, 61.00, 84.00,173.00,164.00,  0.00,  0.00,122.00, 52.00,171.00,149.00,  0.00,  0.00,  0.00,
18.500,  0.00,150.00,181.00,149.00,182.00,162.00,170.00, 31.00,125.00, 62.00,112.00, 28.00,  0.00,150.00,167.00,150.00,140.00,191.00,155.00, 97.00,158.00,  0.00, 40.00,  0.00,188.00,167.00,159.00,152.00,  0.00,160.00, 57.00,144.00, 97.00,108.00, 62.00, 44.00,159.00,  0.00,  0.00,  0.00,  0.00,  0.00, 30.00,129.00, 78.00,  0.00, 77.00, 50.00, 39.00, 27.00,151.00,192.00,  0.00,  0.00, 12.00,  0.00,  0.00,166.00,117.00, 94.00,140.00,  0.00,  0.00,  0.00,137.00,  0.00, 59.00,172.00,167.00, 74.00,  0.00,112.00, 30.00,  0.00,169.00,  0.00,134.00,117.00,  0.00, 21.00, 13.00,100.00,113.00, 61.00, 84.00,173.00,164.00,  0.00,  0.00,127.00, 52.00,171.00,149.00,  0.00,  0.00,  0.00,
18.750,  0.00,150.00,181.00,149.00,182.00,163.00,173.00, 31.00,129.00, 62.00,112.00, 28.00,  0.00,152.00,167.00,153.00,142.00,191.00,156.00, 98.00,158.00,  0.00, 40.00,  0.00,188.00,168.00,160.00,152.00,  0.00,162.00, 58.00,146.00,106.00,108.00, 62.00, 44.00,162.00,  0.00,  0.00,  0.00,  0.00,  0.00, 30.00,129.00, 87.00,  0.00, 77.00, 50.00, 39.00, 27.00,153.00,192.00,  0.00,  0.00, 13.00,  0.00,  0.00,166.00,117.00, 94.00,140.00,  0.00,  0.00,  0.00,138.00,  0.00, 59.00,174.00,170.00, 74.00,  0.00,112.00, 30.00,  0.00,171.00,  0.00,135.00,121.00,  0.00, 21.00, 13.00,100.00,113.00, 61.00, 84.00,173.00,164.00,  0.00,  0.00,128.00, 52.00,171.00,149.00,  0.00,  0.00,  0.00,
19.000,  0.00,151.00,181.00,150.00,187.00,163.00,182.00, 31.00,146.00, 62.00,112.00, 28.00,  0.00,160.00,168.00,153.00,145.00,192.00,156.00, 99.00,163.00,  0.00, 40.00,  0.00,188.00,173.00,166.00,161.00,  0.00,163.00, 61.00,156.00,114.00,108.00, 62.00, 44.00,164.00,  0.00,  0.00,  0.00,  0.00,  0.00, 30.00,129.00, 91.00,  0.00, 77.00, 50.00, 40.00, 29.00,159.00,194.00,  0.00,  0.00, 13.00,  0.00,  0.00,166.00,117.00, 94.00,142.00,  0.00,  0.00,  0.00,153.00,  0.00, 60.00,184.00,180.00, 74.00,  0.00,112.00, 30.00,  0.00,176.00,  0.00,148.00,135.00,  0.00, 21.00, 13.00,100.00,115.00, 61.00, 84.00,197.00,174.00,  0.00,  0.00,139.00, 52.00,171.00,150.00,  0.00,  0.00,  0.00,
19.250,  0.00,151.00,183.00,154.00,187.00,163.00,182.00, 31.00,146.00, 62.00,112.00, 28.00,  0.00,160.00,168.00,153.00,146.00,193.00,156.00, 99.00,163.00,  0.00, 40.00,  0.00,188.00,173.00,166.00,161.00,  0.00,164.00, 62.00,156.00,114.00,108.00, 62.00, 44.00,165.00,  0.00,  0.00,  0.00,  0.00,  0.00, 30.00,130.00, 97.00,  0.00, 77.00, 50.00, 40.00, 29.00,159.00,194.00,  0.00,  0.00, 13.00,  0.00,  0.00,168.00,117.00, 94.00,142.00,  0.00,  0.00,  0.00,153.00,  0.00, 62.00,184.00,180.00, 74.00,  0.00,112.00, 30.00,  0.00,176.00,  0.00,148.00,135.00,  0.00, 21.00, 13.00,100.00,115.00, 61.00, 84.00,197.00,174.00,  0.00,  0.00,140.00, 52.00,171.00,150.00,  0.00,  0.00,  0.00,
19.500,  0.00,151.00,185.00,155.00,187.00,166.00,182.00, 31.00,146.00, 62.00,112.00, 28.00,  0.00,160.00,168.00,155.00,148.00,193.00,156.00,101.00,163.00,  0.00, 40.00,  0.00,188.00,174.00,166.00,161.00,  0.00,167.00, 65.00,156.00,119.00,108.00, 62.00, 44.00,167.00,  0.00,  0.00,  0.00,  0.00,  0.00, 31.00,132.00,100.00,  0.00, 77.00, 50.00, 40.00, 29.00,159.00,194.00,  0.00,  0.00, 13.00,  0.00,  0.00,168.00,117.00, 94.00,142.00,  0.00,  0.00,  0.00,153.00,  0.00, 62.00,184.00,180.00, 74.00,  0.00,112.00, 30.00,  0.00,176.00,  0.00,148.00,135.00,  0.00, 21.00, 13.00,100.00,115.00, 61.00, 84.00,197.00,174.00,  0.00,  0.00,140.00, 52.00,171.00,150.00,  0.00,  0.00,  0.00,
19.750,  0.00,153.00,186.00,160.00,187.00,167.00,182.00, 31.00,146.00, 62.00,112.00, 28.00,  0.00,160.00,169.00,156.00,150.00,193.00,156.00,101.00,163.00,  0.00, 40.00,  0.00,188.00,174.00,166.00,161.00,  0.00,167.00, 70.00,156.00,120.00,108.00, 62.00, 44.00,167.00,  0.00,  0.00,  0.00,  0.00,  0.00, 34.00,132.00,103.00,  0.00, 77.00, 50.00, 40.00, 29.00,162.00,194.00,  0.00,  0.00, 13.00,  0.00,  0.00,170.00,117.00, 94.00,147.00,  0.00,  0.00,  0.00,153.00,  0.00, 65.00,184.00,180.00, 74.00,  0.00,112.00, 30.00,  0.00,176.00,  0.00,148.00,135.00,  0.00, 21.00, 13.00,109.00,115.00, 61.00, 84.00,197.00,174.00,  0.00,  0.00,140.00, 52.00,171.00,150.00,  0.00,  0.00,  0.00,
20.000,  0.00,155.00,186.00,162.00,187.00,169.00,182.00, 31.00,146.00, 62.00,112.00, 28.00,  0.00,160.00,169.00,158.00,152.00,193.00,159.00,102.00,163.00,  0.00, 40.00,  0.00,188.00,174.00,167.00,161.00,  0.00,167.00, 79.00,156.00,125.00,110.00, 62.00, 44.00,169.00,  0.00,  0.00,  0.00,  0.00,  0.00, 34.00,134.00,108.00,  0.00, 77.00, 50.00, 40.00, 29.00,163.00,194.00,  0.00,  0.00, 15.00,  0.00,  0.00,170.00,117.00, 94.00,147.00,  0.00,  0.00,  0.00,153.00,  0.00, 65.00,184.00,180.00, 75.00,  0.00,112.00, 30.00,  0.00,176.00,  0.00,148.00,135.00,  0.00, 21.00, 13.00,109.00,115.00, 61.00, 84.00,197.00,174.00,  0.00,  0.00,140.00, 52.00,171.00,150.00,  0.00,  0.00,  0.00,
20.250,  0.00,155.00,186.00,164.00,187.00,169.00,182.00, 31.00,146.00, 62.00,112.00, 28.00,  0.00,160.00,171.00,158.00,154.00,193.00,159.00,102.00,163.00,  0.00, 40.00,  0.00,188.00,174.00,167.00,161.00,  0.00,168.00, 85.00,156.00,126.00,110.00, 62.00, 44.00,169.00,  0.00,  0.00,  0.00,  0.00,  0.00, 35.00,135.00,113.00,  0.00, 77.00, 50.00, 40.00, 29.00,166.00,194.00,  0.00,  0.00, 15.00,  0.00,  0.00,171.00,117.00, 94.00,151.00,  0.00,  0.00,  0.00,153.00,  0.00, 69.00,184.00,180.00, 77.00,  0.00,112.00, 32.00,  0.00,176.00,  0.00,148.00,135.00,  0.00, 21.00, 13.00,112.00,115.00, 61.00, 84.00,197.00,174.00,  0.00,  0.00,142.00, 52.00,171.00,150.00,  0.00,  0.00,  0.00,
20.500,  0.00,155.00,189.00,166.00,187.00,169.00,182.00, 31.00,146.00, 62.00,112.00, 28.00,  0.00,160.00,171.00,159.00,157.00,193.00,160.00,102.00,163.00,  0.00, 40.00,  0.00,188.00,174.00,167.00,161.00,  0.00,169.00, 93.00,156.00,130.00,111.00, 62.00, 44.00,170.00,  0.00,  0.00,  0.00,  0.00,  0.00, 40.00,136.00,118.00,  0.00, 77.00, 50.00, 40.00, 29.00,169.00,194.00,  0.00,  0.00, 16.00,  0.00,  0.00,173.00,117.00, 94.00,153.00,  0.00,  0.00,  0.00,153.00,  0.00, 72.00,184.00,180.00, 79.00,  0.00,112.00, 35.00,  0.00,176.00,  0.00,148.00,135.00,  0.00, 21.00, 16.00,116.00,115.00, 61.00, 85.00,197.00,174.00,  0.00,  0.00,144.00, 52.00,171.00,150.00,  0.00,  0.00,  0.00,
20.750,  0.00,159.00,190.00,166.00,188.00,170.00,184.00, 31.00,146.00, 62.00,112.00, 28.00,  0.00,162.00,172.00,162.00,157.00,193.00,160.00,103.00,164.00,  0.00, 40.00,  0.00,188.00,177.00,171.00,161.00,  0.00,173.00,101.00,161.00,135.00,111.00, 62.00, 44.00,176.00,  0.00,  0.00,  0.00,  0.00,  0.00, 40.00,136.00,121.00,  0.00, 77.00, 50.00, 40.00, 29.00,169.00,194.00,  0.00,  0.00, 16.00,  0.00,  0.00,173.00,117.00, 94.00,153.00,  0.00,  0.00,  0.00,158.00,  0.00, 72.00,187.00,183.00, 79.00,  0.00,112.00, 35.00,  0.00,178.00,  0.00,160.00,143.00,  0.00, 21.00, 16.00,116.00,115.00, 61.00, 85.00,203.00,174.00,  0.00,  0.00,156.00, 52.00,171.00,150.00,  0.00,  0.00,  0.00,
21.000,  0.00,159.00,190.00,168.00,189.00,174.00,184.00, 31.00,146.00, 62.00,112.00, 28.00,  0.00,163.00,172.00,162.00,157.00,195.00,160.00,105.00,165.00,  0.00, 40.00,  0.00,188.00,177.00,171.00,161.00,  0.00,175.00,106.00,162.00,137.00,111.00, 62.00, 44.00,176.00,  0.00,  0.00,  0.00,  0.00,  0.00, 40.00,136.00,126.00,  0.00, 77.00, 50.00, 40.00, 29.00,170.00,196.00,  0.00,  0.00, 16.00,  0.00,  0.00,173.00,117.00, 94.00,153.00,  0.00,  0.00,  0.00,158.00,  0.00, 72.00,187.00,183.00, 79.00,  0.00,112.00, 35.00,  0.00,179.00,  0.00,160.00,143.00,  0.00, 21.00, 16.00,116.00,115.00, 61.00, 85.00,203.00,174.00,  0.00,  0.00,156.00, 52.00,171.00,150.00,  0.00,  0.00,  0.00,
21.250,  0.00,159.00,190.00,170.00,191.00,174.00,187.00, 31.00,151.00, 62.00,112.00, 28.00,  0.00,166.00,175.00,163.00,160.00,196.00,160.00,107.00,167.00,  0.00, 40.00,  0.00,188.00,178.00,172.00,163.00,  0.00,175.00,114.00,165.00,142.00,111.00, 62.00, 44.00,176.00,  0.00,  0.00,  0.00,  0.00,  0.00, 40.00,137.00,128.00,  0.00, 77.00, 50.00, 40.00, 29.00,173.00,196.00,  0.00,  0.00, 16.00,  0.00,  0.00,173.00,117.00, 94.00,154.00,  0.00,  0.00,  0.00,159.00,  0.00, 72.00,187.00,183.00, 79.00,  0.00,112.00, 35.00,  0.00,179.00,  0.00,160.00,143.00,  0.00, 21.00, 16.00,116.00,115.00, 61.00, 85.00,203.00,174.00,  0.00,  0.00,157.00, 52.00,171.00,150.00,  0.00,  0.00,  0.00,
21.500,  0.00,160.00,190.00,171.00,191.00,174.00,187.00, 31.00,151.00, 62.00,112.00, 28.00,  0.00,166.00,175.00,163.00,161.00,196.00,160.00,107.00,167.00,  0.00, 40.00,  0.00,188.00,178.00,172.00,163.00,  0.00,175.00,116.00,165.00,142.00,111.00, 62.00, 44.00,178.00,  0.00,  0.00,  0.00,  0.00,  0.00, 40.00,137.00,131.00,  0.00, 77.00, 50.00, 40.00, 29.00,173.00,196.00,  0.00,  0.00, 16.00,  0.00,  0.00,175.00,117.00, 94.00,154.00,  0.00,  0.00,  0.00,160.00,  0.00, 72.00,187.00,183.00, 79.00,  0.00,112.00, 35.00,  0.00,180.00,  0.00,160.00,145.00,  0.00, 21.00, 16.00,116.00,115.00, 61.00, 85.00,204.00,174.00,  0.00,  0.00,160.00, 52.00,171.00,150.00,  0.00,  0.00,  0.00,
21.750,  0.00,160.00,192.00,173.00,191.00,174.00,187.00, 31.00,151.00, 62.00,112.00, 28.00,  0.00,166.00,176.00,164.00,161.00,196.00,160.00,107.00,167.00,  0.00, 40.00,  0.00,188.00,178.00,172.00,163.00,  0.00,175.00,123.00,166.00,142.00,111.00, 62.00, 44.00,178.00,  0.00,  0.00,  0.00,  0.00,  0.00, 40.00,137.00,135.00,  0.00, 77.00, 50.00, 40.00, 29.00,173.00,196.00,  0.00,  0.00, 16.00,  0.00,  0.00,176.00,117.00, 94.00,155.00,  0.00,  0.00,  0.00,162.00,  0.00, 78.00,187.00,185.00, 79.00,  0.00,112.00, 35.00,  0.00,182.00,  0.00,163.00,145.00,  0.00, 21.00, 16.00,119.00,115.00, 61.00, 85.00,204.00,174.00,  0.00,  0.00,161.00, 52.00,171.00,150.00,  0.00,  0.00,  0.00,
22.000,  0.00,159.00,192.00,175.00,190.00,173.00,186.00, 30.00,150.00, 61.00,111.00, 27.00,  0.00,165.00,175.00,164.00,163.00,195.00,162.00,106.00,166.00,  0.00, 39.00,  0.00,187.00,177.00,171.00,162.00,  0.00,174.00,122.00,165.00,141.00,114.00, 61.00, 43.00,177.00,  0.00,  0.00,  0.00,  0.00,  0.00, 44.00,140.00,135.00,  0.00, 76.00, 49.00, 39.00, 28.00,173.00,195.00,  0.00,  0.00, 16.00,  0.00,  0.00,178.00,116.00, 93.00,160.00,  0.00,  0.00,  0.00,161.00,  0.00, 82.00,186.00,184.00, 81.00,  0.00,111.00, 34.00,  0.00,181.00,  0.00,162.00,144.00,  0.00, 20.00, 15.00,128.00,114.00, 60.00, 84.00,203.00,173.00,  0.00,  0.00,160.00, 51.00,170.00,149.00,  0.00,  0.00,  0.00,
22.250,  0.00,159.00,193.00,177.00,190.00,175.00,186.00, 30.00,150.00, 61.00,111.00, 27.00,  0.00,165.00,175.00,167.00,164.00,195.00,162.00,106.00,168.00,  0.00, 39.00,  0.00,188.00,177.00,171.00,162.00,  0.00,177.00,126.00,165.00,144.00,114.00, 61.00, 43.00,179.00,  0.00,  0.00,  0.00,  0.00,  0.00, 44.00,141.00,138.00,  0.00, 76.00, 49.00, 39.00, 28.00,173.00,195.00,  0.00,  0.00, 16.00,  0.00,  0.00,178.00,116.00, 93.00,160.00,  0.00,  0.00,  0.00,161.00,  0.00, 82.00,186.00,184.00, 81.00,  0.00,111.00, 34.00,  0.00,181.00,  0.00,162.00,148.00,  0.00, 20.00, 15.00,128.00,114.00, 60.00, 84.00,204.00,173.00,  0.00,  0.00,160.00, 51.00,170.00,149.00,  0.00,  0.00,  0.00,
22.500,  0.00,159.00,193.00,179.00,190.00,175.00,186.00, 30.00,150.00, 65.00,111.00, 27.00,  0.00,165.00,175.00,168.00,165.00,195.00,162.00,106.00,169.00,  0.00, 39.00,  0.00,188.00,177.00,171.00,162.00,  0.00,177.00,128.00,165.00,144.00,117.00, 61.00, 43.00,179.00,  0.00,  0.00,  0.00,  0.00,  0.00, 46.00,142.00,141.00,  0.00, 76.00, 49.00, 39.00, 28.00,175.00,195.00,  0.00,  0.00, 20.00,  0.00,  0.00,180.00,116.00, 93.00,163.00,  0.00,  0.00,  0.00,161.00,  0.00, 84.00,186.00,184.00, 81.00,  0.00,111.00, 34.00,  0.00,181.00,  0.00,162.00,148.00,  0.00, 20.00, 15.00,130.00,114.00, 60.00, 84.00,204.00,173.00,  0.00,  0.00,160.00, 51.00,170.00,149.00,  0.00,  0.00,  0.00,
22.750,  0.00,161.00,194.00,179.00,190.00,177.00,186.00, 30.00,154.00, 65.00,111.00, 27.00,  0.00,166.00,175.00,168.00,166.00,195.00,162.00,106.00,169.00,  0.00, 39.00,  0.00,188.00,180.00,172.00,162.00,  0.00,178.00,134.00,167.00,148.00,117.00, 61.00, 43.00,182.00,  0.00,  0.00,  0.00,  0.00,  0.00, 46.00,142.00,143.00,  0.00, 76.00, 49.00, 39.00, 28.00,175.00,195.00,  0.00,  0.00, 20.00,  0.00,  0.00,180.00,116.00, 93.00,163.00,  0.00,  0.00,  0.00,169.00,  0.00, 84.00,189.00,188.00, 81.00,  0.00,111.00, 34.00,  0.00,182.00,  0.00,168.00,156.00,  0.00, 20.00, 15.00,130.00,114.00, 60.00, 84.00,207.00,173.00,  0.00,  0.00,164.00, 51.00,170.00,149.00,  0.00,  0.00,  0.00,
23.000,  0.00,162.00,196.00,180.00,193.00,177.00,191.00, 30.00,166.00, 67.00,111.00, 27.00,  0.00,172.00,176.00,169.00,166.00,197.00,162.00,106.00,169.00,  0.00, 39.00,  0.00,188.00,182.00,175.00,167.00,  0.00,178.00,138.00,173.00,149.00,117.00, 61.00, 43.00,183.00,  0.00,  0.00,  0.00,  0.00,  0.00, 46.00,142.00,145.00,  0.00, 76.00, 49.00, 48.00, 28.00,180.00,198.00,  0.00,  0.00, 20.00,  0.00,  0.00,180.00,116.00, 93.00,163.00,  0.00,  0.00,  0.00,174.00,  0.00, 85.00,195.00,194.00, 81.00,  0.00,111.00, 34.00,  0.00,186.00,  0.00,179.00,165.00,  0.00, 20.00, 15.00,130.00,114.00, 60.00, 84.00,207.00,178.00,  0.00,  0.00,176.00, 51.00,170.00,149.00,  0.00,  0.00,  0.00,
23.250,  0.00,163.00,196.00,180.00,193.00,177.00,191.00, 30.00,166.00, 67.00,111.00, 27.00,  0.00,172.00,177.00,169.00,168.00,197.00,162.00,106.00,169.00,  0.00, 39.00,  0.00,188.00,182.00,175.00,167.00,  0.00,179.00,140.00,173.00,152.00,117.00, 61.00, 43.00,183.00,  0.00,  0.00,  0.00,  0.00,  0.00, 46.00,142.00,146.00,  0.00, 76.00, 49.00, 48.00, 28.00,180.00,198.00,  0.00,  0.00, 20.00,  0.00,  0.00,180.00,116.00, 93.00,163.00,  0.00,  0.00,  0.00,177.00,  0.00, 85.00,195.00,194.00, 81.00,  0.00,111.00, 34.00,  0.00,186.00,  0.00,179.00,166.00,  0.00, 20.00, 15.00,130.00,114.00, 60.00, 84.00,207.00,178.00,  0.00,  0.00,176.00, 51.00,170.00,149.00,  0.00,  0.00,  0.00,
23.500,  0.00,164.00,198.00,183.00,193.00,181.00,191.00, 30.00,166.00, 75.00,111.00, 27.00,  0.00,172.00,177.00,172.00,170.00,197.00,162.00,110.00,172.00,  0.00, 39.00,  0.00,188.00,182.00,175.00,167.00,  0.00,180.00,141.00,173.00,152.00,117.00, 61.00, 43.00,186.00,  0.00,  0.00,  0.00,  0.00,  0.00, 46.00,143.00,147.00,  0.00, 76.00, 49.00, 49.00, 28.00,180.00,198.00,  0.00,  0.00, 20.00,  0.00,  0.00,180.00,116.00, 93.00,163.00,  0.00,  0.00,  0.00,177.00,  0.00, 86.00,195.00,194.00, 81.00,  0.00,111.00, 34.00,  0.00,186.00,  0.00,179.00,166.00,  0.00, 20.00, 15.00,130.00,114.00, 60.00, 84.00,207.00,178.00,  0.00,  0.00,176.00, 51.00,170.00,149.00,  0.00,  0.00,  0.00,
23.750,  0.00,164.00,198.00,185.00,193.00,181.00,191.00, 30.00,166.00, 85.00,111.00, 27.00,  0.00,172.00,177.00,172.00,171.00,197.00,163.00,110.00,174.00,  0.00, 39.00,  0.00,188.00,182.00,175.00,167.00,  0.00,180.00,141.00,173.00,152.00,118.00, 61.00, 43.00,186.00,  0.00,  0.00,  0.00,  0.00,  0.00, 51.00,143.00,150.00,  7.00, 76.00, 49.00, 58.00, 28.00,180.00,198.00,  0.00,  0.00, 20.00,  0.00,  0.00,185.00,116.00, 93.00,166.00,  0.00,  0.00,  0.00,177.00,  0.00, 91.00,195.00,194.00, 85.00,  0.00,111.00, 34.00,  0.00,186.00,  0.00,179.00,166.00,  0.00, 20.00, 15.00,135.00,114.00, 60.00, 84.00,207.00,178.00,  0.00,  0.00,176.00, 51.00,170.00,149.00,  0.00,  0.00,  0.00,
24.000,  0.00,163.00,196.00,184.00,191.00,180.00,189.00, 28.00,164.00, 88.00,109.00, 25.00,  0.00,170.00,175.00,172.00,172.00,195.00,163.00,108.00,172.00,  0.00, 37.00,  0.00,187.00,180.00,173.00,165.00,  0.00,179.00,142.00,171.00,150.00,118.00, 59.00, 41.00,184.00,  0.00,  0.00,  0.00,  0.00,  0.00, 49.00,143.00,152.00,  9.00, 74.00, 47.00, 59.00, 26.00,178.00,196.00,  0.00,  0.00, 19.00,  0.00,  0.00,184.00,114.00, 91.00,164.00,  0.00,  0.00,  0.00,175.00,  0.00, 92.00,193.00,192.00, 83.00,  0.00,109.00, 32.00,  0.00,184.00,  0.00,177.00,164.00,  0.00, 18.00, 13.00,133.00,112.00, 58.00, 82.00,206.00,176.00,  0.00,  0.00,174.00, 49.00,168.00,147.00,  0.00,  0.00,  0.00,
24.250,  0.00,163.00,196.00,184.00,191.00,180.00,189.00, 28.00,164.00, 90.00,109.00, 25.00,  0.00,170.00,176.00,172.00,172.00,195.00,163.00,108.00,172.00,  0.00, 37.00,  0.00,187.00,180.00,173.00,165.00,  0.00,179.00,142.00,171.00,150.00,118.00, 63.00, 41.00,184.00,  0.00,  0.00,  0.00,  0.00,  0.00, 54.00,143.00,152.00, 16.00, 74.00, 47.00, 66.00, 26.00,180.00,196.00,  0.00,  0.00, 19.00,  0.00,  0.00,186.00,114.00, 91.00,169.00,  0.00,  0.00,  0.00,175.00,  0.00, 97.00,193.00,192.00, 89.00,  0.00,109.00, 32.00,  0.00,184.00,  0.00,177.00,164.00,  0.00, 18.00, 13.00,140.00,112.00, 58.00, 85.00,206.00,176.00,  0.00,  0.00,174.00, 49.00,168.00,147.00,  0.00,  0.00,  0.00,
24.500,  0.00,163.00,196.00,184.00,191.00,180.00,189.00, 28.00,164.00, 90.00,109.00, 25.00,  0.00,170.00,176.00,172.00,172.00,195.00,163.00,108.00,172.00,  0.00, 37.00,  0.00,187.00,180.00,173.00,165.00,  0.00,180.00,146.00,174.00,153.00,118.00, 63.00, 41.00,184.00,  0.00,  0.00,  0.00,  0.00,  0.00, 54.00,143.00,152.00, 16.00, 74.00, 47.00, 66.00, 26.00,180.00,196.00,  0.00,  0.00, 19.00,  0.00,  0.00,186.00,114.00, 91.00,169.00,  0.00,  0.00,  0.00,180.00,  0.00, 97.00,193.00,192.00, 89.00,  0.00,109.00, 32.00,  0.00,184.00,  0.00,177.00,169.00,  0.00, 18.00, 13.00,140.00,112.00, 58.00, 85.00,206.00,176.00,  0.00,  0.00,174.00, 49.00,168.00,147.00,  0.00,  0.00,  0.00,
24.750,  0.00,163.00,198.00,187.00,191.00,184.00,189.00, 28.00,164.00, 94.00,109.00, 25.00,  0.00,170.00,176.00,173.00,175.00,195.00,163.00,110.00,174.00,  0.00, 37.00,  0.00,187.00,180.00,173.00,165.00,  0.00,182.00,147.00,174.00,155.00,120.00, 63.00, 41.00,186.00,  0.00,  0.00,  0.00,  0.00,  0.00, 54.00,145.00,157.00, 21.00, 74.00, 47.00, 71.00, 26.00,180.00,196.00,  0.00,  0.00, 19.00,  0.00,  0.00,186.00,114.00, 91.00,170.00,  0.00,  0.00,  0.00,180.00,  0.00, 98.00,193.00,192.00, 89.00,  0.00,109.00, 32.00,  0.00,184.00,  0.00,177.00,169.00,  0.00, 18.00, 13.00,140.00,112.00, 58.00, 88.00,206.00,176.00,  0.00,  0.00,174.00, 49.00,168.00,147.00,  0.00,  0.00,  0.00,
25.000,  0.00,163.00,198.00,187.00,191.00,184.00,189.00, 28.00,164.00, 98.00,109.00, 25.00,  0.00,170.00,176.00,173.00,175.00,195.00,163.00,110.00,174.00,  0.00, 37.00,  0.00,187.00,180.00,173.00,165.00,  0.00,182.00,147.00,174.00,155.00,120.00, 63.00, 41.00,186.00,  0.00,  0.00,  0.00,  0.00,  0.00, 56.00,146.00,157.00, 27.00, 74.00, 47.00, 77.00, 26.00,180.00,196.00,  0.00,  0.00, 21.00,  0.00,  0.00,188.00,114.00, 91.00,172.00,  0.00,  0.00,  0.00,180.00,  0.00,105.00,193.00,192.00, 91.00,  0.00,109.00, 32.00,  0.00,184.00,  0.00,177.00,169.00,  0.00, 22.00, 13.00,141.00,112.00, 58.00, 98.00,206.00,176.00,  0.00,  0.00,174.00, 49.00,168.00,147.00,  0.00,  0.00,  0.00,
25.250,  0.00,163.00,199.00,189.00,191.00,184.00,189.00, 28.00,164.00,103.00,109.00, 25.00,  0.00,170.00,177.00,174.00,175.00,195.00,164.00,110.00,174.00,  0.00, 37.00,  0.00,187.00,180.00,173.00,165.00,  0.00,182.00,149.00,174.00,155.00,120.00, 63.00, 41.00,187.00,  0.00,  0.00,  0.00,  0.00,  0.00, 57.00,146.00,157.00, 32.00, 74.00, 47.00, 79.00, 26.00,180.00,196.00,  0.00,  0.00, 21.00,  2.00,  0.00,189.00,114.00, 91.00,172.00,  0.00,  0.00,  0.00,181.00,  0.00,105.00,193.00,192.00, 93.00,  0.00,109.00, 32.00,  0.00,184.00,  0.00,177.00,169.00,  0.00, 22.00, 13.00,141.00,112.00, 58.00, 98.00,206.00,176.00,  0.00,  0.00,174.00, 49.00,168.00,147.00,  0.00,  0.00,  0.00,
25.500,  0.00,164.00,199.00,189.00,191.00,184.00,189.00, 28.00,164.00,103.00,109.00, 25.00,  0.00,170.00,177.00,174.00,175.00,197.00,165.00,110.00,174.00,  0.00, 37.00,  0.00,187.00,180.00,173.00,165.00,  0.00,182.00,149.00,174.00,155.00,120.00, 63.00, 41.00,189.00,  0.00,  0.00,  0.00,  0.00,  0.00, 57.00,146.00,158.00, 35.00, 74.00, 47.00, 82.00, 26.00,183.00,196.00,  0.00,  0.00, 21.00,  2.00,  0.00,189.00,114.00, 91.00,172.00,  0.00,  0.00,  0.00,182.00,  0.00,106.00,193.00,192.00, 93.00,  0.00,109.00, 32.00,  0.00,184.00,  0.00,178.00,170.00,  0.00, 22.00, 13.00,141.00,112.00, 58.00, 98.00,206.00,176.00,  0.00,  0.00,174.00, 49.00,168.00,147.00,  0.00,  0.00,  0.00,
25.750,  0.00,164.00,199.00,190.00,191.00,184.00,189.00, 28.00,164.00,106.00,109.00, 25.00,  0.00,170.00,178.00,175.00,177.00,198.00,165.00,110.00,174.00,  0.00, 37.00,  0.00,187.00,180.00,173.00,165.00,  0.00,182.00,150.00,174.00,155.00,120.00, 63.00, 41.00,189.00,  0.00,  0.00,  0.00,  0.00,  0.00, 59.00,146.00,160.00, 38.00, 74.00, 47.00, 85.00, 26.00,183.00,196.00,  0.00,  0.00, 21.00,  6.00,  0.00,190.00,114.00, 91.00,174.00,  0.00,  0.00,  0.00,184.00,  0.00,109.00,193.00,192.00, 95.00,  0.00,109.00, 32.00,  0.00,184.00,  0.00,180.00,173.00,  0.00, 22.00, 13.00,142.00,112.00, 58.00, 98.00,206.00,176.00,  0.00,  0.00,174.00, 49.00,168.00,147.00,  0.00,  0.00,  0.00,
26.000,  0.00,164.00,201.00,191.00,191.00,186.00,189.00, 28.00,164.00,106.00,109.00, 25.00,  0.00,170.00,179.00,175.00,179.00,198.00,165.00,112.00,174.00,  0.00, 37.00,  0.00,187.00,181.00,175.00,165.00,  0.00,183.00,151.00,176.00,157.00,120.00, 63.00, 41.00,191.00,  0.00,  0.00,  0.00,  0.00,  0.00, 60.00,147.00,161.00, 39.00, 74.00, 47.00, 88.00, 26.00,183.00,196.00,  0.00,  0.00, 21.00,  7.00,  0.00,190.00,114.00, 91.00,177.00,  0.00,  0.00,  0.00,186.00,  0.00,110.00,193.00,192.00, 95.00,  0.00,109.00, 32.00,  0.00,184.00,  0.00,182.00,174.00,  0.00, 22.00, 13.00,142.00,112.00, 58.00,105.00,206.00,176.00,  0.00,  0.00,174.00, 49.00,168.00,147.00,  0.00,  0.00,  0.00,
26.250,  0.00,163.00,200.00,192.00,190.00,185.00,188.00, 27.00,163.00,109.00,108.00, 24.00,  0.00,169.00,178.00,175.00,178.00,197.00,164.00,111.00,173.00,  0.00, 36.00,  0.00,186.00,180.00,174.00,164.00,  0.00,182.00,151.00,175.00,156.00,119.00, 62.00, 40.00,190.00,  0.00,  0.00,  0.00,  0.00,  0.00, 61.00,146.00,162.00, 43.00, 73.00, 46.00, 91.00, 25.00,182.00,195.00,  0.00,  0.00, 20.00, 11.00,  0.00,189.00,113.00, 90.00,176.00,  0.00,  0.00,  0.00,185.00,  0.00,112.00,192.00,191.00, 98.00,  0.00,108.00, 31.00,  0.00,183.00,  0.00,181.00,173.00,  0.00, 21.00, 12.00,143.00,111.00, 57.00,104.00,205.00,175.00,  0.00,  0.00,173.00, 48.00,167.00,146.00,  0.00,  0.00,  0.00,
26.500,  0.00,164.00,199.00,191.00,189.00,185.00,187.00, 26.00,162.00,108.00,107.00, 23.00,  0.00,168.00,177.00,176.00,177.00,196.00,164.00,110.00,172.00,  0.00, 35.00,  0.00,186.00,179.00,173.00,163.00,  0.00,183.00,151.00,174.00,156.00,119.00, 61.00, 39.00,190.00,  0.00,  0.00,  0.00,  0.00,  0.00, 61.00,146.00,162.00, 46.00, 72.00, 45.00, 90.00, 24.00,182.00,194.00,  0.00,  0.00, 20.00, 11.00,  0.00,188.00,112.00, 89.00,175.00,  0.00,  0.00,  0.00,185.00,  0.00,112.00,191.00,190.00, 97.00,  0.00,107.00, 30.00,  0.00,182.00,  0.00,182.00,176.00,  0.00, 20.00, 11.00,142.00,110.00, 56.00,103.00,204.00,174.00,  0.00,  0.00,172.00, 47.00,166.00,145.00,  0.00,  0.00,  0.00,
26.750,  0.00,164.00,199.00,191.00,189.00,185.00,187.00, 26.00,162.00,108.00,107.00, 23.00,  0.00,168.00,177.00,176.00,177.00,196.00,164.00,110.00,172.00,  0.00, 35.00,  0.00,186.00,179.00,173.00,163.00,  0.00,183.00,152.00,174.00,156.00,119.00, 61.00, 39.00,190.00,  0.00,  0.00,  0.00,  0.00,  0.00, 64.00,146.00,164.00, 48.00, 72.00, 45.00, 93.00, 24.00,182.00,194.00,  0.00,  0.00, 20.00, 15.00,  0.00,188.00,112.00, 89.00,175.00,  0.00,  0.00,  0.00,185.00,  0.00,116.00,191.00,190.00, 97.00,  0.00,107.00, 30.00,  0.00,182.00,  0.00,184.00,176.00,  0.00, 20.00, 11.00,143.00,110.00, 56.00,107.00,204.00,174.00,  0.00,  0.00,172.00, 47.00,166.00,145.00,  0.00,  0.00,  0.00,
27.000,  0.00,166.00,200.00,192.00,193.00,185.00,188.00, 26.00,162.00,108.00,107.00, 23.00,  0.00,175.00,179.00,178.00,178.00,198.00,164.00,113.00,172.00,  0.00, 35.00,  0.00,186.00,183.00,176.00,165.00,  0.00,185.00,157.00,181.00,159.00,119.00, 61.00, 39.00,193.00,  0.00,  0.00,  0.00,  0.00,  0.00, 64.00,146.00,165.00, 48.00, 72.00, 45.00, 93.00, 24.00,185.00,194.00,  0.00,  0.00, 20.00, 15.00,  0.00,188.00,112.00, 89.00,175.00,  0.00,  0.00,  0.00,194.00,  0.00,116.00,194.00,197.00, 97.00,  0.00,107.00, 30.00,  0.00,190.00,  0.00,192.00,183.00,  0.00, 20.00, 11.00,143.00,110.00, 56.00,107.00,204.00,174.00,  0.00,  0.00,172.00, 47.00,166.00,145.00,  0.00,  0.00,  0.00,
27.250,  0.00,165.00,200.00,192.00,192.00,184.00,187.00, 25.00,161.00,107.00,106.00, 22.00,  0.00,174.00,179.00,177.00,179.00,197.00,163.00,112.00,171.00,  0.00, 34.00,  0.00,185.00,182.00,175.00,164.00,  0.00,184.00,156.00,180.00,158.00,118.00, 60.00, 38.00,192.00,  0.00,  0.00,  0.00,  0.00,  0.00, 63.00,147.00,168.00, 54.00, 71.00, 44.00, 95.00, 23.00,184.00,194.00,  0.00,  0.00, 19.00, 18.00,  0.00,187.00,111.00, 88.00,174.00,  0.00,  0.00,  0.00,193.00,  0.00,117.00,193.00,196.00, 96.00,  0.00,106.00, 29.00,  0.00,189.00,  0.00,191.00,182.00,  0.00, 19.00, 10.00,142.00,109.00, 55.00,106.00,203.00,173.00,  0.00,  0.00,171.00, 46.00,165.00,144.00,  0.00,  0.00,  0.00,
27.500,  0.00,167.00,201.00,193.00,193.00,186.00,187.00, 25.00,161.00,107.00,106.00, 22.00,  0.00,174.00,179.00,179.00,180.00,197.00,163.00,115.00,171.00,  0.00, 34.00,  0.00,185.00,183.00,175.00,164.00,  0.00,185.00,156.00,181.00,162.00,118.00, 60.00, 38.00,195.00,  0.00,  0.00,  0.00,  0.00,  0.00, 63.00,147.00,168.00, 54.00, 71.00, 44.00, 95.00, 23.00,185.00,194.00,  0.00,  0.00, 19.00, 18.00,  0.00,187.00,111.00, 88.00,174.00,  0.00,  0.00,  0.00,193.00,  0.00,117.00,193.00,196.00, 96.00,  0.00,106.00, 29.00,  0.00,189.00,  0.00,191.00,185.00,  0.00, 19.00, 10.00,142.00,109.00, 55.00,106.00,203.00,173.00,  0.00,  0.00,171.00, 46.00,165.00,144.00,  0.00,  0.00,  0.00,
27.750,  0.00,167.00,201.00,193.00,193.00,186.00,187.00, 25.00,161.00,107.00,106.00, 22.00,  0.00,174.00,179.00,179.00,180.00,197.00,163.00,115.00,171.00,  0.00, 34.00,  0.00,185.00,183.00,175.00,164.00,  0.00,185.00,156.00,181.00,162.00,118.00, 60.00, 38.00,195.00,  0.00,  0.00,  0.00,  0.00,  0.00, 63.00,147.00,168.00, 54.00, 71.00, 44.00, 95.00, 23.00,185.00,194.00,  0.00,  0.00, 19.00, 18.00,  0.00,187.00,111.00, 88.00,174.00,  0.00,  0.00,  0.00,193.00,  0.00,117.00,193.00,196.00, 96.00,  0.00,106.00, 29.00,  0.00,189.00,  0.00,191.00,185.00,  0.00, 19.00, 10.00,142.00,109.00, 55.00,106.00,203.00,173.00,  0.00,  0.00,171.00, 46.00,165.00,144.00,  0.00,  0.00,  0.00,
28.000,  0.00,168.00,201.00,193.00,193.00,187.00,187.00, 25.00,161.00,107.00,106.00, 22.00,  0.00,176.00,179.00,179.00,180.00,197.00,163.00,117.00,171.00,  0.00, 34.00,  0.00,185.00,183.00,175.00,164.00,  0.00,186.00,156.00,181.00,162.00,118.00, 60.00, 38.00,195.00,  0.00,  0.00,  0.00,  0.00,  0.00, 63.00,147.00,168.00, 54.00, 71.00, 44.00, 95.00, 23.00,185.00,194.00,  0.00,  0.00, 19.00, 18.00,  0.00,187.00,111.00, 88.00,174.00,  0.00,  0.00,  0.00,193.00,  0.00,117.00,193.00,196.00, 96.00,  0.00,106.00, 29.00,  0.00,189.00,  0.00,191.00,185.00,  0.00, 19.00, 10.00,142.00,109.00, 55.00,106.00,203.00,173.00,  0.00,  0.00,171.00, 46.00,165.00,144.00,  0.00,  0.00,  0.00,
28.250,  0.00,168.00,201.00,193.00,193.00,188.00,187.00, 25.00,161.00,107.00,106.00, 22.00,  0.00,176.00,179.00,179.00,180.00,197.00,163.00,117.00,171.00,  0.00, 34.00,  0.00,185.00,183.00,175.00,164.00,  0.00,186.00,156.00,181.00,163.00,118.00, 60.00, 38.00,195.00,  0.00,  0.00,  0.00,  0.00,  0.00, 63.00,147.00,168.00, 54.00, 71.00, 44.00, 95.00, 23.00,185.00,194.00,  0.00,  0.00, 19.00, 18.00,  0.00,187.00,111.00, 88.00,174.00,  0.00,  0.00,  0.00,193.00,  0.00,117.00,193.00,196.00, 96.00,  0.00,106.00, 29.00,  0.00,189.00,  0.00,191.00,185.00,  0.00, 19.00, 10.00,142.00,109.00, 55.00,106.00,203.00,173.00,  0.00,  0.00,171.00, 46.00,165.00,144.00,  0.00,  0.00,  0.00,
28.500,  0.00,168.00,201.00,193.00,193.00,188.00,187.00, 25.00,161.00,107.00,106.00, 22.00,  0.00,176.00,179.00,179.00,180.00,197.00,163.00,118.00,171.00,  0.00, 34.00,  0.00,185.00,183.00,175.00,164.00,  0.00,186.00,157.00,181.00,163.00,118.00, 60.00, 38.00,195.00,  0.00,  0.00,  0.00,  0.00,  0.00, 63.00,147.00,168.00, 54.00, 71.00, 44.00, 95.00, 23.00,185.00,194.00,  0.00,  0.00, 19.00, 18.00,  0.00,187.00,111.00, 88.00,174.00,  0.00,  0.00,  0.00,193.00,  0.00,117.00,194.00,196.00, 96.00,  0.00,106.00, 29.00,  0.00,189.00,  0.00,192.00,185.00,  0.00, 19.00, 10.00,142.00,109.00, 55.00,106.00,203.00,173.00,  0.00,  0.00,171.00, 46.00,165.00,144.00,  0.00,  0.00,  0.00,
28.750,  0.00,171.00,202.00,195.00,193.00,190.00,187.00, 25.00,161.00,107.00,106.00, 22.00,  0.00,178.00,181.00,181.00,184.00,198.00,163.00,121.00,171.00,  0.00, 34.00,  0.00,185.00,187.00,177.00,164.00,  0.00,188.00,161.00,184.00,163.00,118.00, 60.00, 38.00,198.00,  0.00,  0.00,  0.00,  0.00,  0.00, 63.00,147.00,171.00, 55.00, 71.00, 44.00, 95.00, 23.00,185.00,194.00,  0.00,  0.00, 19.00, 18.00,  0.00,187.00,111.00, 88.00,174.00,  0.00,  0.00,  0.00,197.00,  0.00,117.00,198.00,196.00, 96.00,  0.00,106.00, 29.00,  0.00,189.00,  0.00,195.00,186.00,  0.00, 19.00, 10.00,142.00,109.00, 55.00,106.00,203.00,173.00,  0.00,  0.00,171.00, 46.00,165.00,144.00,  0.00,  0.00,  0.00,
29.000,  0.00,171.00,204.00,197.00,193.00,190.00,187.00, 25.00,161.00,107.00,106.00, 22.00,  0.00,178.00,181.00,181.00,184.00,198.00,163.00,124.00,171.00,  0.00, 34.00,  0.00,185.00,187.00,177.00,164.00,  0.00,189.00,161.00,184.00,163.00,118.00, 60.00, 38.00,198.00,  0.00,  0.00,  0.00,  0.00,  0.00, 65.00,150.00,174.00, 60.00, 71.00, 44.00, 95.00, 23.00,186.00,194.00,  0.00,  0.00, 19.00, 24.00,  0.00,187.00,111.00, 88.00,174.00,  0.00,  0.00,  0.00,197.00,  0.00,126.00,198.00,196.00, 96.00,  0.00,106.00, 29.00,  0.00,189.00,  0.00,195.00,187.00,  0.00, 19.00, 10.00,142.00,109.00, 55.00,106.00,203.00,173.00,  0.00,  0.00,171.00, 46.00,165.00,144.00,  0.00,  0.00,  0.00,
29.250,  0.00,171.00,204.00,197.00,193.00,190.00,187.00, 26.00,161.00,107.00,106.00, 22.00,  0.00,178.00,181.00,181.00,184.00,198.00,163.00,124.00,171.00,  0.00, 34.00,  0.00,185.00,187.00,177.00,164.00,  0.00,189.00,161.00,184.00,163.00,118.00, 60.00, 38.00,198.00,  0.00,  0.00,  0.00,  0.00,  0.00, 69.00,150.00,175.00, 65.00, 71.00, 44.00, 96.00, 23.00,186.00,194.00,  0.00,  0.00, 19.00, 27.00,  0.00,187.00,111.00, 88.00,174.00,  0.00,  0.00,  0.00,197.00,  0.00,129.00,198.00,196.00, 96.00,  0.00,106.00, 29.00,  0.00,189.00,  0.00,195.00,187.00,  0.00, 19.00, 10.00,142.00,109.00, 55.00,106.00,203.00,173.00,  0.00,  0.00,171.00, 46.00,165.00,144.00,  0.00,  0.00,  0.00,
29.500,  0.00,171.00,205.00,197.00,193.00,193.00,187.00, 27.00,161.00,107.00,106.00, 22.00,  0.00,178.00,182.00,184.00,186.00,199.00,163.00,134.00,171.00,  0.00, 34.00,  0.00,185.00,187.00,177.00,164.00,  0.00,189.00,162.00,185.00,166.00,118.00, 60.00, 38.00,198.00,  0.00,  0.00,  0.00,  0.00,  0.00, 69.00,151.00,177.00, 65.00, 71.00, 44.00,100.00, 23.00,186.00,194.00,  0.00,  0.00, 23.00, 32.00,  0.00,187.00,111.00, 88.00,176.00,  0.00,  0.00,  0.00,197.00,  0.00,131.00,198.00,196.00, 96.00,  0.00,106.00, 29.00,  0.00,189.00,  0.00,195.00,187.00,  0.00, 19.00, 10.00,142.00,109.00, 55.00,110.00,203.00,173.00,  0.00,  0.00,171.00, 46.00,165.00,144.00,  0.00,  0.00,  0.00,
29.750,  0.00,171.00,205.00,197.00,194.00,195.00,190.00, 27.00,161.00,107.00,106.00, 22.00,  0.00,180.00,182.00,184.00,186.00,199.00,163.00,134.00,171.00,  0.00, 34.00,  0.00,185.00,187.00,177.00,165.00,  0.00,189.00,162.00,185.00,166.00,118.00, 60.00, 38.00,198.00,  0.00,  0.00,  0.00,  0.00,  0.00, 69.00,151.00,177.00, 65.00, 71.00, 44.00,100.00, 23.00,186.00,194.00,  0.00,  0.00, 23.00, 32.00,  0.00,187.00,111.00, 88.00,176.00,  0.00,  0.00,  0.00,199.00,  0.00,131.00,198.00,196.00, 96.00,  0.00,106.00, 29.00,  0.00,189.00,  0.00,195.00,187.00,  0.00, 19.00, 10.00,142.00,109.00, 55.00,110.00,203.00,173.00,  0.00,  0.00,171.00, 46.00,165.00,144.00,  0.00,  0.00,  0.00,
30.000,  0.00,171.00,205.00,197.00,194.00,195.00,190.00, 27.00,161.00,107.00,106.00, 22.00,  0.00,181.00,182.00,184.00,186.00,199.00,163.00,134.00,171.00,  0.00, 34.00,  0.00,185.00,187.00,177.00,166.00,  0.00,189.00,162.00,186.00,166.00,118.00, 60.00, 38.00,198.00,  0.00,  0.00,  0.00,  0.00,  0.00, 69.00,151.00,177.00, 65.00, 71.00, 44.00,100.00, 23.00,187.00,194.00,  0.00,  0.00, 23.00, 32.00,  0.00,187.00,111.00, 88.00,176.00,  0.00,  0.00,  0.00,199.00,  0.00,131.00,199.00,196.00, 96.00,  0.00,106.00, 29.00,  0.00,192.00,  0.00,195.00,187.00,  0.00, 19.00, 10.00,142.00,109.00, 55.00,110.00,203.00,173.00,  0.00,  0.00,171.00, 46.00,165.00,144.00,  0.00,  0.00,  0.00,
30.250,  0.00,171.00,205.00,197.00,194.00,195.00,190.00, 27.00,161.00,107.00,106.00, 22.00,  0.00,181.00,182.00,184.00,186.00,199.00,163.00,137.00,171.00,  0.00, 34.00,  0.00,185.00,187.00,179.00,167.00,  0.00,189.00,163.00,186.00,166.00,118.00, 60.00, 38.00,198.00,  0.00,  0.00,  0.00,  0.00,  0.00, 69.00,151.00,177.00, 65.00, 71.00, 44.00,100.00, 23.00,187.00,194.00,  0.00,  0.00, 23.00, 32.00,  0.00,187.00,111.00, 88.00,176.00,  0.00,  0.00,  0.00,200.00,  0.00,131.00,199.00,196.00, 96.00,  0.00,106.00, 29.00,  0.00,192.00,  0.00,196.00,187.00,  0.00, 19.00, 10.00,142.00,109.00, 55.00,110.00,203.00,173.00,  0.00,  0.00,171.00, 46.00,165.00,144.00,  0.00,  0.00,  0.00,
30.500,  0.00,171.00,205.00,199.00,194.00,195.00,190.00, 27.00,161.00,107.00,106.00, 22.00,  0.00,181.00,182.00,184.00,186.00,199.00,163.00,143.00,171.00,  0.00, 34.00,  0.00,185.00,187.00,179.00,167.00,  0.00,189.00,163.00,186.00,166.00,118.00, 60.00, 38.00,198.00,  0.00,  0.00,  0.00,  0.00,  0.00, 69.00,151.00,177.00, 65.00, 71.00, 44.00,102.00, 23.00,187.00,194.00,  0.00,  0.00, 23.00, 36.00,  0.00,187.00,111.00, 88.00,178.00,  0.00,  0.00,  0.00,200.00,  0.00,135.00,199.00,196.00, 96.00,  0.00,106.00, 29.00,  0.00,192.00,  0.00,196.00,187.00,  0.00, 19.00, 10.00,142.00,109.00, 55.00,110.00,203.00,173.00,  0.00,  0.00,171.00, 46.00,165.00,144.00,  0.00,  0.00,  0.00,
30.750,  0.00,173.00,206.00,200.00,194.00,195.00,190.00, 36.00,161.00,107.00,106.00, 22.00,  0.00,181.00,184.00,186.00,187.00,200.00,164.00,144.00,171.00,  0.00, 34.00,  0.00,185.00,187.00,179.00,167.00,  0.00,191.00,164.00,188.00,166.00,118.00, 60.00, 38.00,200.00,  0.00,  0.00,  0.00,  0.00,  0.00, 70.00,153.00,179.00, 71.00, 71.00, 44.00,102.00, 23.00,187.00,194.00,  0.00,  0.00, 23.00, 37.00,  0.00,187.00,111.00, 88.00,178.00,  0.00,  0.00,  0.00,200.00,  0.00,136.00,199.00,196.00, 96.00,  0.00,106.00, 29.00,  0.00,192.00,  0.00,196.00,187.00,  0.00, 19.00, 10.00,142.00,109.00, 55.00,110.00,203.00,173.00,  0.00,  0.00,171.00, 46.00,165.00,144.00,  0.00,  0.00,  0.00,
31.000,  0.00,173.00,206.00,201.00,194.00,195.00,190.00, 38.00,161.00,107.00,106.00, 22.00,  0.00,181.00,184.00,186.00,187.00,200.00,164.00,146.00,171.00,  0.00, 34.00,  0.00,185.00,187.00,179.00,167.00,  0.00,191.00,164.00,188.00,166.00,118.00, 60.00, 38.00,200.00,  0.00,  0.00,  0.00,  0.00,  0.00, 73.00,153.00,179.00, 72.00, 71.00, 44.00,104.00, 23.00,189.00,194.00,  0.00,  0.00, 23.00, 41.00,  0.00,187.00,111.00, 88.00,178.00,  0.00,  0.00,  0.00,200.00,  0.00,141.00,200.00,196.00, 96.00,  0.00,106.00, 29.00,  0.00,192.00,  0.00,196.00,187.00,  0.00, 19.00, 10.00,142.00,109.00, 55.00,110.00,203.00,173.00,  0.00,  0.00,171.00, 46.00,165.00,144.00,  0.00,  0.00,  0.00,
31.250,  0.00,173.00,206.00,201.00,194.00,195.00,190.00, 38.00,161.00,107.00,106.00, 22.00,  0.00,181.00,184.00,186.00,187.00,200.00,164.00,146.00,171.00,  0.00, 34.00,  0.00,185.00,187.00,179.00,167.00,  0.00,191.00,165.00,190.00,166.00,118.00, 60.00, 38.00,200.00,  0.00,  0.00,  0.00,  0.00,  0.00, 73.00,154.00,179.00, 73.00, 71.00, 44.00,104.00, 23.00,191.00,194.00,  0.00,  0.00, 23.00, 41.00,  0.00,187.00,111.00, 88.00,178.00,  0.00,  0.00,  0.00,201.00,  0.00,142.00,201.00,196.00, 96.00,  0.00,106.00, 29.00,  0.00,192.00,  0.00,196.00,188.00,  0.00, 19.00, 10.00,142.00,109.00, 55.00,110.00,203.00,173.00,  0.00,  0.00,171.00, 46.00,165.00,144.00,  0.00,  0.00,  0.00,
31.500,  0.00,173.00,206.00,201.00,194.00,196.00,190.00, 38.00,161.00,107.00,106.00, 22.00,  0.00,181.00,184.00,186.00,187.00,200.00,164.00,149.00,171.00,  0.00, 34.00,  0.00,185.00,187.00,179.00,167.00,  0.00,192.00,165.00,190.00,166.00,118.00, 60.00, 38.00,201.00,  0.00,  0.00,  0.00,  0.00,  0.00, 73.00,154.00,180.00, 73.00, 71.00, 44.00,104.00, 23.00,191.00,194.00,  0.00,  0.00, 23.00, 41.00,  0.00,187.00,111.00, 88.00,178.00,  0.00,  0.00,  0.00,202.00,  0.00,142.00,202.00,196.00, 96.00,  0.00,106.00, 29.00,  0.00,193.00,  0.00,196.00,188.00,  0.00, 19.00, 10.00,142.00,109.00, 55.00,110.00,203.00,173.00,  0.00,  0.00,171.00, 46.00,165.00,144.00,  0.00,  0.00,  0.00,


