Data File    , C:\Program Files\Biolog\OL_DC_23\PMX\Data_2012\10\PMX_443_121011_C_28.OKA,,,,,,,,,,,,,,,,,,,,,,,,,,,,,,,,,,,,,,,,,,,,,,,,,,,,,,,,,,,,,,,,,,,,,,,,,,,,,,,,,,,,,,,,,,,,,,,
Set up Time  ,Oct 11 2012 2:57 PM,,,,,,,,,,,,,,,,,,,,,,,,,,,,,,,,,,,,,,,,,,,,,,,,,,,,,,,,,,,,,,,,,,,,,,,,,,,,,,,,,,,,,,,,,,,,,,,
Position     ,14-B,,,,,,,,,,,,,,,,,,,,,,,,,,,,,,,,,,,,,,,,,,,,,,,,,,,,,,,,,,,,,,,,,,,,,,,,,,,,,,,,,,,,,,,,,,,,,,,
Plate Type   ,PM19-,,,,,,,,,,,,,,,,,,,,,,,,,,,,,,,,,,,,,,,,,,,,,,,,,,,,,,,,,,,,,,,,,,,,,,,,,,,,,,,,,,,,,,,,,,,,,,,
Strain Type  ,---,,,,,,,,,,,,,,,,,,,,,,,,,,,,,,,,,,,,,,,,,,,,,,,,,,,,,,,,,,,,,,,,,,,,,,,,,,,,,,,,,,,,,,,,,,,,,,,
Sample Number,,,,,,,,,,,,,,,,,,,,,,,,,,,,,,,,,,,,,,,,,,,,,,,,,,,,,,,,,,,,,,,,,,,,,,,,,,,,,,,,,,,,,,,,,,,,,,,,
Strain Name  ,E.coli,,,,,,,,,,,,,,,,,,,,,,,,,,,,,,,,,,,,,,,,,,,,,,,,,,,,,,,,,,,,,,,,,,,,,,,,,,,,,,,,,,,,,,,,,,,,,,,
Strain Number,ECI-2634,,,,,,,,,,,,,,,,,,,,,,,,,,,,,,,,,,,,,,,,,,,,,,,,,,,,,,,,,,,,,,,,,,,,,,,,,,,,,,,,,,,,,,,,,,,,,,,
Other        ,PM19 Replicate 1,,,,,,,,,,,,,,,,,,,,,,,,,,,,,,,,,,,,,,,,,,,,,,,,,,,,,,,,,,,,,,,,,,,,,,,,,,,,,,,,,,,,,,,,,,,,,,,

Hour,  A01,  A02,  A03,  A04,  A05,  A06,  A07,  A08,  A09,  A10,  A11,  A12,  B01,  B02,  B03,  B04,  B05,  B06,  B07,  B08,  B09,  B10,  B11,  B12,  C01,  C02,  C03,  C04,  C05,  C06,  C07,  C08,  C09,  C10,  C11,  C12,  D01,  D02,  D03,  D04,  D05,  D06,  D07,  D08,  D09,  D10,  D11,  D12,  E01,  E02,  E03,  E04,  E05,  E06,  E07,  E08,  E09,  E10,  E11,  E12,  F01,  F02,  F03,  F04,  F05,  F06,  F07,  F08,  F09,  F10,  F11,  F12,  G01,  G02,  G03,  G04,  G05,  G06,  G07,  G08,  G09,  G10,  G11,  G12,  H01,  H02,  H03,  H04,  H05,  H06,  H07,  H08,  H09,  H10,  H11,  H12
0,21,21,11,20,11,11,11,63,13,15,26,60,14,11,11,11,11,11,11,11,20,41,61,91,12,11,11,11,11,11,11,11,11,11,11,15,12,11,11,11,11,11,11,11,11,11,11,16,11,11,11,11,11,11,11,11,37,95,128,133,11,11,11,11,11,11,11,11,11,11,18,37,11,11,11,11,11,11,11,11,11,11,11,13,11,11,11,17,11,11,11,11,11,11,11,15
0.25,24,25,13,25,13,14,15,63,17,19,32,60,17,11,11,11,11,11,11,11,26,46,64,95,12,12,11,11,11,11,14,11,14,11,11,19,13,12,11,11,11,11,13,12,11,11,11,19,13,11,11,11,18,11,11,11,38,99,142,151,14,11,11,11,11,11,11,11,11,11,22,37,11,11,11,11,11,11,11,11,11,11,11,16,13,11,11,23,11,11,11,11,11,11,14,16
0.5,24,25,13,25,13,14,15,63,17,19,32,60,17,12,11,11,11,11,11,11,26,46,64,95,12,12,11,11,11,11,14,11,14,11,11,19,13,12,11,11,11,11,15,19,11,11,12,19,13,11,11,11,25,11,11,11,38,99,147,157,14,11,11,11,11,11,11,11,11,11,22,37,11,11,11,11,11,11,11,11,11,11,11,16,13,12,11,23,11,11,11,11,11,11,16,16
0.75,24,25,13,26,15,14,15,63,17,19,33,60,19,13,11,11,11,11,11,11,26,46,64,100,13,12,11,11,11,11,14,11,14,11,12,21,14,12,11,11,11,11,30,35,11,11,14,23,13,12,11,11,25,17,12,12,39,99,152,168,14,11,11,11,11,11,11,11,11,11,25,37,11,11,11,11,11,11,11,11,11,11,11,19,13,15,11,29,11,11,11,11,11,11,17,22
1,24,25,13,26,15,14,15,63,17,19,33,60,19,13,11,11,11,11,11,11,26,46,64,100,13,12,11,11,11,11,14,11,14,11,12,21,14,12,11,11,11,11,35,40,11,11,14,23,13,13,11,11,25,17,12,12,39,99,152,169,14,11,11,11,11,11,11,11,11,11,25,37,11,11,11,11,11,11,11,11,11,11,11,19,13,15,11,29,11,11,11,11,11,11,17,22
1.25,24,25,13,26,15,14,15,63,17,19,33,60,19,13,11,11,11,11,11,13,26,46,64,100,13,12,11,11,11,11,14,11,14,11,12,21,14,12,11,11,11,11,39,49,11,11,14,23,13,13,11,11,25,17,12,12,39,99,152,172,14,11,11,11,11,11,11,11,11,11,25,37,11,11,11,11,11,11,11,11,11,11,11,19,13,15,11,29,11,11,11,11,11,11,17,22
1.5,24,25,13,26,15,14,15,63,17,19,34,60,19,13,11,11,11,11,11,13,26,46,64,100,13,12,11,11,11,11,14,11,14,11,12,21,14,12,11,11,11,13,52,63,11,11,14,23,13,13,11,11,25,17,12,12,39,99,152,177,14,11,11,11,11,11,11,11,11,11,25,37,11,11,11,11,11,11,11,11,11,11,11,19,13,15,11,29,11,11,11,11,11,11,17,22
1.75,24,25,13,28,15,15,15,63,17,19,35,60,19,13,11,11,11,11,11,15,26,46,64,100,13,12,11,11,11,11,14,11,14,11,12,21,14,12,11,11,11,14,60,72,11,11,15,23,13,13,11,11,28,17,12,12,39,99,152,178,14,11,11,11,11,11,11,11,11,11,25,37,11,11,11,11,11,11,11,11,11,11,11,19,13,15,11,29,11,11,11,11,11,11,17,22
2,24,25,13,30,20,20,15,63,17,19,39,60,19,13,11,11,11,11,11,15,27,46,64,100,13,12,11,11,11,11,14,11,14,11,12,22,14,12,11,11,11,17,68,85,11,11,15,25,13,13,11,11,29,18,14,12,39,99,152,182,15,11,11,11,11,11,11,11,11,11,25,37,11,11,11,11,11,11,11,11,11,11,11,19,16,15,11,29,11,11,11,11,11,11,17,22
2.25,25,28,14,30,24,27,20,63,19,19,41,60,23,15,11,11,11,11,11,15,30,46,64,100,14,12,14,11,11,11,14,11,14,13,13,24,14,13,11,11,11,22,79,96,11,11,15,30,13,13,11,15,32,18,16,14,40,99,154,187,16,11,11,11,11,11,11,11,11,11,25,37,11,11,11,11,11,11,11,11,11,11,11,19,16,15,11,29,11,11,11,11,11,11,18,22
2.5,25,28,14,30,24,27,20,63,19,19,41,60,23,15,11,11,11,11,11,15,30,46,64,100,14,12,14,11,11,11,14,11,14,13,13,24,14,13,11,11,11,22,80,99,11,11,15,32,13,13,11,22,32,18,16,14,40,99,154,187,16,11,11,11,11,11,11,11,11,11,25,37,11,11,11,11,11,11,11,11,11,11,11,19,16,15,11,29,11,11,11,11,11,11,18,22
2.75,25,28,14,30,25,29,20,63,19,19,41,60,23,15,11,11,11,11,11,15,30,46,64,100,14,12,14,11,11,11,14,11,14,13,13,24,14,13,11,11,11,22,90,113,11,11,15,32,13,13,11,22,32,18,16,14,40,99,154,188,16,11,11,11,11,11,11,11,11,11,25,37,11,11,11,11,11,11,11,11,11,11,11,19,16,15,11,29,11,11,11,11,11,11,18,22
3,25,28,14,30,25,31,20,63,19,19,41,60,23,15,11,11,11,11,11,15,30,46,64,100,14,12,14,11,11,11,14,11,14,13,13,24,14,13,11,11,11,22,93,116,11,11,15,32,13,13,11,22,32,18,16,14,40,99,154,188,16,11,11,11,11,11,11,11,11,11,25,37,11,11,11,11,11,11,11,11,11,11,11,19,16,15,11,29,11,11,11,11,11,11,18,22
3.25,25,28,14,30,31,37,20,63,22,22,43,60,23,15,11,11,11,11,11,15,31,46,65,100,15,12,14,11,11,11,14,11,14,16,15,25,14,13,11,11,11,25,103,131,11,11,16,38,16,13,11,22,32,18,16,15,41,99,154,190,16,11,11,11,11,11,11,11,11,11,25,39,11,11,11,11,11,11,11,11,11,11,11,19,16,15,11,29,11,11,11,11,11,11,19,22
3.5,25,28,14,30,31,37,20,63,22,22,43,60,23,15,11,11,11,11,11,15,31,46,65,100,15,12,14,11,11,11,14,11,14,16,15,25,14,13,11,11,11,25,103,131,11,11,16,38,16,13,11,22,32,18,16,15,41,99,154,190,16,11,11,11,11,11,11,11,11,11,25,39,11,11,11,11,11,11,11,11,11,11,11,19,16,15,11,29,11,11,11,11,11,11,19,22
3.75,29,28,15,30,31,42,23,63,23,22,43,60,25,15,11,11,11,11,11,15,33,46,65,100,19,14,14,11,11,11,14,11,14,16,15,26,14,14,11,11,12,28,111,141,12,11,16,38,16,13,11,25,32,18,16,15,41,99,154,192,19,11,11,11,11,11,11,11,11,11,25,39,15,11,11,11,11,11,11,11,11,11,11,19,16,15,11,29,11,11,11,11,11,11,19,22
4,34,28,17,30,32,43,23,63,24,24,43,60,25,15,11,11,12,11,11,15,33,46,65,100,20,14,14,11,11,11,14,11,14,16,15,26,14,14,11,11,16,31,114,145,13,11,16,38,18,13,11,27,32,18,16,15,41,99,154,192,20,11,11,11,11,11,11,11,11,11,25,39,17,11,11,11,11,11,11,11,11,11,11,19,16,15,11,29,11,11,11,11,11,11,19,22
4.25,38,32,17,30,33,43,23,63,25,29,46,60,29,15,11,11,14,11,11,15,33,46,65,100,24,14,14,11,11,11,14,11,17,18,15,26,14,14,11,11,26,37,123,152,14,11,19,38,23,22,12,27,32,23,16,15,41,99,154,193,24,13,11,11,11,11,11,11,11,11,25,39,28,18,11,11,11,11,11,11,12,11,11,19,22,15,11,29,11,11,11,11,11,11,19,22
4.5,39,33,18,30,33,44,23,63,27,29,47,60,31,15,11,11,15,12,11,15,33,46,65,100,24,15,14,11,12,12,14,11,19,18,19,26,14,14,11,11,36,51,125,157,14,11,19,38,27,31,22,32,32,25,19,15,50,99,154,193,26,13,11,11,11,12,11,11,13,11,25,39,37,23,11,11,11,11,11,11,12,11,11,19,25,15,11,29,11,11,11,11,11,11,19,22
4.75,41,34,21,30,38,50,27,63,34,35,49,60,33,22,11,11,22,18,11,15,40,49,65,100,29,20,14,11,18,16,16,11,24,22,23,28,14,14,11,11,56,71,131,161,24,18,23,38,36,47,34,46,33,28,21,15,88,99,154,196,28,16,11,11,11,15,11,11,16,12,25,39,49,27,13,11,12,11,13,11,17,13,11,19,25,15,11,29,12,11,11,11,11,11,19,22
5,51,43,24,30,41,52,27,63,38,38,53,60,39,22,11,11,24,18,11,15,40,49,65,100,35,21,17,11,19,20,16,11,27,25,23,32,14,14,12,11,71,91,137,170,24,21,28,38,41,54,46,51,38,34,26,15,140,108,154,198,36,22,11,11,20,19,11,11,19,17,25,41,59,38,23,11,15,12,18,11,22,18,11,19,32,22,11,29,19,16,11,11,11,11,19,22
5.25,54,49,28,30,45,57,32,63,44,44,60,60,44,25,12,11,30,23,11,18,46,52,66,100,40,27,17,11,26,22,20,14,33,27,25,35,17,14,15,11,100,113,144,175,31,26,33,38,47,65,55,58,41,40,31,15,193,155,154,199,42,26,11,11,25,24,11,11,25,21,25,42,71,49,27,11,23,19,23,11,28,24,11,19,35,24,11,29,26,22,11,11,11,11,19,22
5.5,60,52,30,30,47,59,33,63,47,47,61,60,46,26,12,11,32,25,11,18,53,55,66,100,44,27,20,11,27,26,22,15,35,31,29,35,20,14,17,11,117,140,151,179,37,28,39,38,53,69,59,68,44,41,32,16,230,220,154,199,45,27,11,11,27,28,11,11,27,24,25,45,80,55,34,11,23,20,23,11,31,27,11,19,37,24,11,29,26,24,11,11,12,11,19,22
5.75,66,60,35,30,53,64,35,63,53,57,67,60,51,31,12,11,35,29,11,18,58,61,66,100,50,31,22,11,30,26,25,17,45,39,37,37,23,14,19,11,138,169,157,189,40,36,48,48,60,76,68,72,47,48,39,22,256,270,154,201,51,34,11,11,34,32,11,11,34,31,25,52,93,69,44,11,29,25,32,11,41,35,11,19,43,26,11,29,32,28,11,11,19,11,19,22
6,77,74,39,30,57,70,41,63,66,66,72,60,57,32,12,11,45,38,11,18,73,78,66,100,61,40,23,11,35,29,28,21,61,45,44,38,28,15,24,11,156,190,162,191,54,51,56,48,73,86,75,75,52,51,40,23,276,285,155,201,59,40,11,11,42,38,11,11,37,41,25,52,105,81,57,12,39,29,35,11,44,41,11,19,50,33,15,29,36,32,11,11,23,11,19,22
6.25,92,87,46,30,67,78,45,63,82,82,83,60,71,35,12,11,56,45,11,18,87,106,66,100,77,49,28,11,41,32,33,27,86,73,51,42,32,15,29,11,173,212,170,195,71,70,73,53,88,99,86,85,54,53,42,23,287,289,183,205,68,49,11,11,57,47,11,11,46,45,25,52,119,96,73,18,52,38,39,11,54,51,11,19,56,37,21,29,41,37,11,11,27,11,19,22
6.5,109,107,57,30,78,90,51,63,99,102,93,60,85,41,13,11,73,57,11,19,101,128,67,101,92,64,37,11,51,37,37,30,109,96,63,44,38,15,33,11,187,228,178,202,92,89,91,59,107,111,97,97,62,56,48,30,296,294,246,217,84,56,11,11,73,63,18,11,56,58,25,52,136,109,89,20,65,52,49,11,68,68,11,19,60,40,21,29,47,44,11,11,33,11,19,22
6.75,127,125,73,30,94,103,55,63,117,120,105,62,100,46,14,11,89,72,11,19,118,148,67,102,108,77,45,11,61,41,42,36,132,116,78,47,44,15,37,11,204,247,187,208,111,111,107,70,117,124,109,104,66,62,48,33,297,296,292,235,97,67,11,11,93,82,21,11,66,67,25,54,151,123,101,26,86,62,57,12,85,85,11,19,67,47,26,29,56,51,11,11,38,11,21,23
7,143,142,87,30,108,117,58,63,133,134,115,62,111,50,14,11,107,87,11,19,137,161,67,102,123,91,53,11,75,44,46,38,153,134,97,47,48,15,40,11,218,258,194,208,128,127,124,70,132,137,119,111,69,62,48,33,297,296,310,247,111,78,11,11,111,97,21,11,75,77,25,54,165,136,115,27,100,73,60,12,98,101,11,19,74,51,26,29,61,56,11,11,39,11,21,23
7.25,162,159,106,30,123,129,62,63,151,156,129,62,127,59,15,11,126,107,11,22,156,175,71,102,141,107,63,11,92,53,57,47,179,152,115,52,53,17,48,11,235,272,212,214,147,143,143,79,146,149,130,122,78,64,53,33,298,299,314,263,130,93,11,11,131,122,25,11,88,90,25,55,182,147,128,33,123,93,75,12,118,125,11,19,86,55,31,29,75,67,11,11,50,11,24,23
7.5,182,178,123,30,138,139,71,63,168,171,141,62,146,69,17,12,141,124,11,23,173,187,72,102,161,126,79,11,107,58,66,55,199,169,130,52,66,20,49,11,249,284,225,218,164,161,159,85,164,163,146,132,88,69,56,35,301,299,315,274,154,114,14,11,152,142,29,11,102,104,25,55,196,165,142,41,142,106,85,13,135,143,12,19,104,69,37,30,88,77,11,11,59,11,24,23
7.75,197,190,133,30,151,149,74,63,182,185,151,62,161,78,17,12,156,140,13,23,184,197,72,103,174,139,91,11,120,63,73,67,211,184,142,56,77,22,54,11,259,294,238,220,178,173,174,95,177,171,153,140,93,69,59,40,301,301,317,281,170,131,14,11,170,161,35,11,115,113,25,58,209,172,153,45,158,122,94,13,150,160,12,19,116,71,38,30,99,89,11,11,68,11,24,23
8,211,202,148,30,164,160,84,63,194,198,165,64,178,89,21,16,170,156,17,27,198,210,75,106,190,157,108,11,135,75,83,79,225,199,153,60,92,26,61,15,270,303,254,222,194,187,188,100,193,183,163,151,103,75,59,41,303,302,317,288,190,151,14,11,187,180,43,11,132,128,25,60,224,184,162,52,177,138,108,17,167,178,18,19,135,79,43,32,116,104,12,11,84,11,27,26
8.25,223,215,154,30,176,168,88,63,205,210,173,65,190,101,21,16,185,171,17,27,208,217,76,106,204,169,120,11,150,83,90,87,239,209,163,60,103,28,65,15,279,309,265,226,204,196,200,106,204,192,172,158,109,78,62,43,304,303,317,293,205,171,14,11,199,194,47,13,150,139,25,61,237,190,171,55,190,154,120,17,181,192,20,19,153,88,50,33,127,116,12,11,96,13,27,26
8.5,235,226,162,30,186,178,96,63,218,220,186,65,202,110,21,16,197,181,18,27,220,225,82,106,215,182,134,11,164,93,96,96,244,218,172,60,116,30,69,15,285,314,276,229,213,206,209,114,218,202,181,162,116,81,63,43,304,305,318,296,217,185,14,11,211,207,54,13,165,153,25,61,246,197,178,58,203,167,132,17,192,202,24,21,168,98,54,34,140,130,12,11,110,13,27,27
8.75,248,235,173,30,198,188,106,63,226,231,195,71,216,127,24,16,208,197,21,29,229,232,86,109,225,194,153,13,178,104,102,107,254,229,183,63,130,35,77,16,292,321,287,236,225,217,222,122,230,213,190,171,124,84,66,48,307,306,318,302,229,201,14,11,224,221,66,14,182,164,28,63,255,206,187,69,217,183,146,20,206,214,29,24,186,114,61,41,158,147,16,14,129,15,27,27
9,254,242,178,30,206,196,114,63,234,238,205,71,223,136,24,16,219,206,21,29,237,238,90,109,233,203,164,13,187,115,107,110,262,235,190,64,142,37,78,16,297,324,296,236,231,225,230,130,238,220,193,177,131,86,66,48,308,308,319,304,241,211,14,11,233,231,76,14,196,177,30,63,264,210,192,70,226,193,157,20,217,225,33,24,199,123,62,41,167,159,17,15,145,17,33,32
9.25,260,247,186,30,214,203,126,63,240,242,210,71,233,148,24,16,225,214,21,31,243,244,94,109,240,212,177,13,199,123,110,117,264,240,195,64,158,38,84,17,302,328,301,236,237,228,234,133,247,225,202,180,138,89,68,48,309,308,321,304,247,221,14,11,239,238,84,14,207,187,30,63,271,215,197,74,234,201,167,20,223,232,33,24,211,141,70,43,182,168,19,15,156,17,33,32
9.5,267,255,189,30,222,209,135,63,246,250,221,71,241,157,24,16,233,226,23,31,253,250,101,109,249,218,190,13,208,134,118,121,267,245,203,64,175,46,89,20,306,330,309,237,245,235,242,136,253,234,207,185,145,96,70,48,309,308,321,307,256,231,17,11,248,248,99,14,220,197,32,63,278,222,205,80,243,213,176,20,230,237,40,24,227,157,72,49,193,182,22,15,170,17,33,32
9.75,272,260,191,32,231,219,147,63,251,255,225,71,245,169,24,17,240,234,26,31,258,255,113,109,253,224,199,13,216,147,120,125,273,251,210,64,189,52,94,21,309,332,317,242,249,240,247,147,260,237,211,190,150,98,72,52,313,311,321,310,261,236,17,15,254,254,113,14,232,207,37,63,284,227,210,87,250,223,189,20,240,244,44,24,237,170,79,50,201,193,28,15,183,17,33,32
10,275,266,194,32,237,222,155,63,254,260,232,71,249,178,24,17,246,240,27,31,261,260,122,110,258,231,208,13,222,154,121,126,275,254,216,65,202,54,99,24,312,334,321,243,254,244,250,155,264,242,215,193,159,100,73,52,313,311,322,311,265,241,17,15,258,260,123,14,239,216,42,65,287,229,210,87,256,229,196,20,245,251,47,24,248,182,83,51,210,200,29,15,192,17,33,32
10.25,278,268,197,32,243,229,165,63,259,262,237,71,253,188,24,17,250,243,30,31,264,265,134,110,261,235,217,13,228,164,123,128,277,258,220,65,216,57,101,24,313,335,323,244,255,250,256,160,267,244,218,197,161,103,76,52,313,312,322,311,270,245,17,15,263,263,133,16,247,223,46,65,290,233,216,92,260,236,202,20,248,253,52,24,256,196,88,51,218,210,29,15,202,17,33,32
10.5,282,272,198,32,248,235,173,63,262,263,241,71,257,197,24,17,254,250,31,31,268,266,140,110,264,238,222,13,233,174,127,128,277,260,226,65,228,64,107,24,316,337,328,246,260,250,258,163,269,249,221,197,169,108,76,52,313,313,322,311,274,249,17,15,267,266,145,16,255,231,47,65,294,237,220,97,264,240,209,20,252,255,59,24,261,210,93,54,227,216,32,15,211,17,33,32
10.75,288,277,202,33,254,241,183,63,264,268,245,71,262,205,27,18,260,255,37,31,272,271,150,110,267,245,230,15,240,183,134,131,281,260,229,65,240,77,116,25,318,338,331,248,262,254,262,174,276,254,225,201,177,115,79,56,316,315,323,313,281,255,21,15,271,273,158,16,261,239,57,65,299,242,227,105,271,246,218,23,258,262,70,24,271,222,104,63,235,226,38,15,221,17,33,32
11,290,278,203,36,260,250,194,63,269,273,251,72,267,212,27,18,264,260,45,31,276,275,158,111,273,246,237,15,247,192,136,134,284,265,234,69,250,84,120,25,321,339,334,251,266,257,266,183,279,255,229,206,182,117,83,59,317,318,324,314,284,260,21,15,275,275,170,16,267,245,64,66,303,247,230,110,275,252,227,23,264,265,86,24,276,231,111,63,242,234,39,15,228,18,33,32
11.25,292,282,204,36,264,252,201,63,271,274,254,72,267,219,27,18,265,263,45,31,277,275,165,111,273,250,241,15,249,199,138,134,285,266,236,69,257,94,123,25,321,340,334,252,268,258,269,187,279,258,230,206,185,122,84,59,317,318,324,314,284,260,21,15,277,279,176,17,269,250,71,66,305,248,231,110,276,256,230,23,264,267,100,24,281,241,117,63,246,238,39,15,233,18,33,32
11.5,294,283,206,38,267,259,210,63,274,277,259,78,270,225,27,18,269,266,49,31,279,279,170,115,277,254,245,16,253,205,142,135,287,267,240,70,263,106,129,26,324,342,336,258,271,259,271,195,283,260,233,209,193,127,87,63,317,319,324,315,287,265,22,15,279,281,187,18,274,254,77,71,305,253,237,119,280,260,237,28,269,270,119,27,287,247,127,67,252,245,43,18,240,19,33,32
11.75,299,283,207,38,267,262,218,63,276,277,259,78,271,231,27,19,271,272,55,37,281,284,175,115,279,256,248,16,254,211,143,135,287,269,244,70,268,113,135,26,324,342,337,258,271,262,274,200,285,263,233,209,195,128,88,63,317,319,327,315,289,268,22,15,281,284,194,18,280,258,86,71,308,253,237,119,282,262,241,28,273,274,132,27,291,255,138,67,254,248,43,18,244,19,33,32
12,299,287,207,39,272,263,226,63,276,280,262,78,272,237,27,19,273,273,59,37,285,284,181,115,280,256,251,16,259,217,148,137,288,270,246,70,272,123,141,28,325,343,338,258,272,263,277,209,287,265,235,210,201,136,91,63,318,319,327,315,291,268,22,15,283,287,201,18,282,260,89,71,309,256,239,121,284,266,245,28,274,276,149,27,293,260,147,69,258,252,45,18,248,19,33,32
12.25,299,287,208,39,274,268,231,63,278,281,265,78,274,238,27,19,274,275,68,37,285,284,182,115,281,257,253,16,260,221,148,137,290,270,246,70,274,128,144,28,325,343,340,258,275,263,277,214,287,265,236,211,202,136,91,63,318,319,327,316,291,268,22,15,285,287,207,18,285,263,95,71,310,257,240,122,286,267,248,28,276,276,164,27,294,264,155,72,261,255,45,18,252,19,33,32
12.5,302,290,210,40,278,273,238,63,280,283,266,78,278,243,27,19,278,279,80,37,287,288,189,115,283,261,256,16,266,226,154,137,292,275,250,70,280,144,153,29,326,345,342,259,277,267,281,222,289,268,239,214,211,144,93,64,319,321,327,316,297,272,22,15,288,290,215,18,289,268,104,71,314,261,243,126,290,272,254,28,280,280,179,28,300,271,167,75,267,263,47,19,257,21,36,34
12.75,303,291,210,41,278,275,242,63,281,283,267,78,278,246,27,19,278,280,84,37,288,290,193,115,284,261,257,16,266,230,154,137,292,275,251,70,283,154,157,29,326,345,342,259,277,267,282,223,290,268,240,214,213,149,95,64,319,321,327,316,297,275,22,15,288,290,219,18,289,270,104,71,314,262,243,128,290,273,254,28,280,281,184,28,301,277,173,78,267,263,47,19,258,21,36,34
13,304,291,212,42,280,276,247,63,281,283,269,78,278,248,27,19,281,282,90,37,288,291,197,115,286,262,258,16,267,234,157,139,292,275,252,70,286,163,161,29,327,345,342,259,279,268,283,229,291,270,240,216,216,153,97,64,319,321,328,317,297,275,22,15,289,291,225,18,292,272,111,71,315,263,243,128,291,275,256,28,283,282,197,28,304,280,183,78,272,266,47,19,261,21,36,34
13.25,305,293,214,50,284,279,251,63,283,286,271,78,281,253,30,21,283,284,98,37,290,291,201,115,287,264,263,16,270,237,162,139,293,275,254,70,289,177,170,29,328,346,344,261,280,269,283,233,292,272,245,217,223,157,103,67,319,321,328,318,300,278,22,15,291,293,232,18,293,275,115,71,315,267,248,133,294,277,258,29,284,284,208,28,306,285,193,81,274,270,52,19,266,21,36,34
13.5,306,294,217,50,286,283,256,63,285,287,273,78,282,255,30,21,284,285,103,37,291,294,206,115,289,265,264,16,273,243,166,140,293,276,257,70,291,186,179,30,328,347,345,263,281,272,287,239,296,274,246,219,226,164,106,69,319,321,330,318,303,280,22,17,293,295,236,18,295,278,122,71,316,270,250,137,295,280,260,30,285,285,217,28,308,288,201,83,277,272,54,19,269,21,36,34
13.75,306,295,217,50,287,283,258,63,287,287,273,78,282,256,30,21,284,286,106,37,292,294,208,115,289,265,264,16,274,245,168,140,295,277,257,70,293,195,183,31,328,347,345,263,282,272,287,241,296,274,246,219,230,168,106,69,319,321,330,318,303,280,22,17,293,296,241,18,298,278,126,71,318,270,250,137,295,280,261,30,287,288,220,28,309,290,209,87,278,273,54,19,270,21,36,34
14,306,295,217,54,288,287,260,63,287,287,274,78,282,259,30,21,284,286,114,37,292,294,209,115,289,266,265,16,274,246,170,140,295,277,258,70,294,203,188,31,329,347,345,263,282,272,287,244,296,276,246,221,232,171,107,69,319,321,330,318,303,280,22,17,295,296,243,18,298,279,127,71,318,270,251,137,296,280,263,30,287,288,227,28,312,294,215,90,281,274,54,19,271,21,36,34
14.25,309,297,222,58,291,292,265,63,288,287,276,78,287,262,30,21,288,292,119,37,294,298,216,115,292,269,270,18,277,251,173,142,295,280,260,70,298,214,198,33,330,347,345,263,283,274,291,249,298,279,250,224,238,181,112,71,320,321,330,319,305,284,23,18,296,300,250,18,302,286,138,71,319,275,254,141,300,286,267,30,291,289,234,28,313,299,226,95,285,279,56,19,275,21,36,34
14.5,309,297,222,58,291,292,267,63,288,288,277,78,287,262,30,21,288,292,119,37,294,298,216,115,292,269,270,18,277,251,174,142,296,280,261,70,298,220,199,33,330,347,345,263,283,274,291,253,298,279,250,224,238,181,112,71,320,321,330,319,305,284,23,18,296,300,251,18,302,286,141,71,319,275,254,141,300,286,267,30,291,289,238,28,313,299,229,95,285,280,56,19,275,21,36,34
14.75,309,297,222,58,291,292,269,63,288,288,277,78,287,264,30,21,288,292,120,37,294,298,216,115,292,269,270,18,277,253,175,142,296,280,261,70,298,224,204,33,330,347,346,263,283,274,291,254,298,279,250,224,241,185,113,71,320,321,330,319,305,284,23,18,296,300,252,18,302,286,144,71,319,275,254,141,300,286,267,30,291,289,241,28,313,299,235,95,285,280,56,19,275,21,36,34
15,310,297,222,60,294,295,270,63,288,289,279,78,287,265,30,21,288,292,124,37,294,298,217,115,292,269,270,18,278,254,176,142,296,280,261,70,298,232,207,33,330,348,348,263,284,275,291,260,298,279,250,224,242,189,116,72,320,321,330,319,305,284,23,18,296,300,254,18,302,286,151,71,319,275,254,141,300,287,271,33,291,289,247,28,313,301,240,95,287,281,58,19,277,21,36,34
15.25,310,297,224,64,294,298,273,63,290,289,279,78,287,267,30,21,289,292,129,37,294,299,222,115,292,271,272,18,280,258,179,142,296,281,261,70,299,238,216,33,331,349,348,264,285,275,291,260,298,281,252,226,249,195,118,72,320,321,330,319,305,284,23,18,297,300,260,18,303,289,154,71,319,275,255,144,301,287,272,33,293,292,248,28,316,304,247,102,288,283,59,19,279,21,36,34
15.5,310,297,226,68,294,298,277,63,290,289,279,78,287,267,30,21,289,293,135,37,294,299,225,115,292,271,272,18,281,258,182,142,297,281,261,70,302,242,221,33,331,349,348,265,285,275,291,263,298,282,252,226,252,201,121,75,320,321,330,319,305,285,23,18,298,300,262,18,305,289,156,71,319,275,258,146,302,288,273,34,293,292,249,28,317,305,250,103,290,283,63,19,280,21,36,34
15.75,311,297,226,68,295,299,278,63,290,291,281,78,287,267,30,21,290,293,135,37,296,301,226,115,292,271,272,18,281,258,182,143,297,281,263,70,302,244,222,33,331,349,348,265,286,275,291,269,299,282,252,226,252,202,121,76,320,321,330,319,306,285,23,18,298,301,263,18,305,289,167,71,319,275,258,146,302,290,275,37,295,292,259,30,317,305,255,103,291,287,67,25,283,25,45,42
16,312,298,226,70,296,302,281,63,290,291,281,78,288,269,30,21,290,293,141,37,296,301,228,115,293,271,273,18,283,261,184,143,297,282,263,70,305,252,229,33,331,349,349,265,286,275,291,269,299,283,254,228,255,208,124,76,320,321,330,319,306,285,23,18,299,301,265,18,305,290,167,71,319,277,259,149,304,291,275,37,295,292,259,30,317,307,259,112,293,287,67,25,283,25,45,42
16.25,312,298,227,70,296,302,284,63,290,292,282,78,288,270,30,21,291,294,146,37,296,301,230,115,293,271,273,18,283,262,187,144,299,283,265,70,305,256,232,33,331,349,349,266,287,276,291,271,299,283,254,229,259,212,125,78,320,321,330,319,307,285,23,18,299,304,267,18,305,292,170,71,320,277,259,149,304,293,278,45,298,292,260,30,317,307,262,112,293,290,70,25,285,25,45,42
16.5,313,298,230,82,299,305,285,63,290,293,286,78,289,273,30,22,293,295,154,37,298,301,232,117,295,272,276,18,286,266,192,146,299,285,265,71,305,260,239,33,331,350,350,268,287,278,294,275,299,283,256,232,263,221,130,84,320,321,330,319,307,286,23,18,300,304,270,20,308,292,173,71,320,277,260,153,306,293,281,51,298,293,263,30,317,310,268,118,296,291,74,25,287,25,45,42
16.75,314,299,230,82,299,307,287,63,290,295,286,78,289,273,30,22,293,295,156,37,298,301,236,117,295,273,276,18,286,266,193,148,299,285,265,71,306,262,241,33,332,350,350,268,288,278,294,277,301,285,256,233,266,223,134,84,320,322,330,319,309,286,23,18,301,305,271,20,308,295,175,71,320,277,260,153,306,295,281,51,298,295,265,30,318,312,271,120,297,292,76,25,288,25,45,42
17,314,299,233,93,301,308,290,63,293,295,286,78,290,276,30,22,294,297,160,37,298,302,237,117,295,273,276,18,287,269,195,148,299,285,267,71,308,264,247,34,332,350,351,269,289,278,294,277,301,287,258,233,269,231,135,85,321,322,330,319,309,287,23,18,302,305,274,20,308,295,178,71,321,280,262,157,306,295,281,51,298,295,265,30,319,313,276,127,297,292,79,25,288,25,45,42
17.25,314,299,233,98,301,309,292,63,293,295,286,78,290,276,30,22,294,297,162,37,299,304,238,117,295,273,277,18,287,270,197,148,300,285,267,71,309,266,247,34,333,350,351,269,289,278,294,277,301,287,258,233,271,234,136,85,321,322,330,319,311,288,23,18,302,305,275,20,309,297,178,71,321,280,263,158,306,297,281,51,299,296,266,30,320,313,277,131,298,293,83,25,289,25,45,42
17.5,314,299,234,102,301,309,292,63,293,295,286,78,290,277,30,22,294,297,165,37,299,304,239,117,295,273,278,18,288,270,198,148,300,285,267,71,309,268,251,34,333,350,351,269,289,278,294,277,301,287,258,234,273,238,138,85,321,322,330,319,311,288,23,18,302,305,275,20,309,297,181,71,322,280,264,158,306,297,281,51,299,296,268,30,320,313,280,135,299,293,86,25,289,25,45,42
17.75,314,299,234,107,301,311,293,63,293,295,286,78,290,277,30,22,294,297,168,37,299,304,241,117,295,273,278,18,288,271,199,148,300,285,267,71,309,268,252,34,333,350,351,269,289,278,294,279,301,287,258,234,274,241,140,86,321,322,330,319,311,288,23,18,302,305,275,20,309,297,181,71,322,280,264,158,306,297,281,51,299,296,268,30,320,315,281,138,299,293,89,25,289,25,45,42
18,314,301,237,119,303,312,298,63,294,296,289,78,291,278,31,22,295,298,175,37,299,304,243,117,295,273,278,18,290,272,202,151,300,285,268,71,309,272,256,34,333,350,351,273,290,279,295,282,301,287,260,236,279,247,145,92,321,322,330,319,311,288,23,18,302,305,277,21,309,297,186,73,322,280,265,163,306,297,284,56,299,297,270,30,320,315,286,144,302,296,94,25,292,25,45,42
18.25,314,301,239,122,303,314,299,63,294,296,289,78,291,279,31,22,295,298,176,37,299,304,243,117,296,274,280,18,290,273,202,151,300,286,268,71,310,274,259,35,334,350,351,273,290,279,295,282,302,289,260,236,280,252,145,92,321,322,330,319,311,288,23,18,304,307,280,21,309,299,190,73,322,281,266,163,306,297,285,56,299,297,271,30,320,316,288,150,302,296,97,25,292,25,45,42
18.5,314,301,239,131,303,314,300,63,294,296,289,78,291,279,31,22,295,299,183,37,301,304,245,117,296,274,280,18,290,274,205,151,300,286,268,71,310,274,260,35,334,350,351,273,290,279,295,284,302,289,260,236,282,255,149,94,321,322,330,319,311,288,25,18,304,307,282,21,310,299,190,74,322,281,266,165,308,297,286,59,300,297,272,30,320,317,288,150,302,296,103,25,292,25,45,42
18.75,314,301,239,131,303,315,301,63,294,296,289,78,291,279,31,22,295,299,184,37,301,304,247,117,296,274,280,18,290,274,206,151,300,286,268,71,310,276,260,35,334,350,351,273,290,279,295,284,302,289,261,236,282,259,149,94,321,322,330,319,311,289,25,18,304,307,282,21,310,299,191,74,322,281,266,165,308,298,286,59,300,297,272,30,320,317,291,156,302,297,106,25,292,25,45,42
19,315,303,241,131,305,316,304,63,294,296,289,78,291,279,31,22,295,300,186,37,301,304,250,117,296,275,281,18,291,277,206,152,300,286,268,71,311,278,262,39,334,350,351,273,290,279,295,284,302,291,262,238,285,263,151,94,321,322,330,319,313,289,25,18,304,307,283,21,310,301,194,74,322,282,266,168,308,299,286,59,301,298,275,30,321,319,292,161,304,298,109,25,293,25,45,42
19.25,315,303,243,139,305,318,306,63,294,296,289,78,291,279,31,22,296,300,191,37,301,304,250,117,296,275,281,18,291,277,208,153,300,286,269,71,311,279,264,39,334,351,351,273,290,279,295,285,302,291,263,238,286,266,154,98,321,322,330,319,313,289,25,18,304,307,283,21,312,301,196,74,322,282,269,169,309,299,286,59,301,298,275,30,321,319,294,164,304,298,117,25,293,25,45,42
19.5,315,303,245,142,305,319,309,63,294,296,289,78,291,281,31,22,296,301,195,37,301,304,252,117,296,275,282,18,291,278,209,155,301,286,269,71,311,280,267,41,334,351,351,273,290,279,297,287,303,291,263,238,287,268,156,98,321,322,330,319,313,290,25,18,305,308,285,21,312,301,196,74,322,282,269,170,309,300,288,59,302,298,276,32,321,319,297,168,304,300,120,25,293,25,45,42
19.75,316,303,245,145,305,320,311,63,294,296,289,78,291,281,31,22,296,301,198,37,301,306,252,117,296,275,282,18,292,279,211,155,301,286,270,71,311,280,267,43,334,351,351,273,290,279,297,287,303,291,263,240,290,273,158,98,321,322,330,319,313,290,25,18,305,309,285,21,312,301,199,74,322,282,269,170,310,300,288,59,302,299,276,36,321,319,298,171,304,300,122,25,293,25,45,42
20,316,303,248,146,307,322,311,63,294,296,291,78,291,282,31,23,296,303,204,38,302,306,254,117,296,277,282,18,292,280,212,158,302,286,271,72,311,281,268,52,334,352,353,274,292,280,297,289,303,293,265,241,293,273,161,103,321,322,331,319,313,290,25,18,305,309,285,21,313,301,200,74,323,283,269,170,311,301,290,80,304,299,279,43,321,319,299,176,306,301,129,25,294,25,45,42
20.25,316,303,250,149,307,322,313,63,294,296,291,78,291,282,33,23,296,303,204,38,302,306,255,117,296,277,283,19,293,281,215,158,302,286,271,72,313,282,270,52,334,352,353,274,292,281,297,290,303,293,265,241,294,278,164,105,321,322,331,319,314,290,25,18,306,309,286,21,313,301,204,74,323,284,271,174,311,301,290,80,304,299,279,45,321,319,302,180,307,301,134,25,295,25,45,42
20.5,317,303,252,151,308,323,315,63,296,296,291,78,291,282,33,23,298,303,209,38,302,307,257,117,298,277,285,21,294,281,219,160,302,288,271,72,313,284,271,57,335,352,353,274,292,281,297,292,303,295,265,242,296,281,164,105,321,322,331,319,314,291,26,18,307,310,286,21,314,302,207,74,324,284,271,177,311,303,290,80,304,301,280,50,321,322,303,186,307,301,140,25,296,25,45,42
20.75,317,303,252,151,308,323,317,63,296,296,291,78,291,282,33,23,298,303,209,38,302,307,258,117,298,277,285,21,294,283,219,160,302,288,271,72,313,284,272,59,335,352,353,274,292,281,297,292,305,295,265,242,296,282,165,105,321,322,331,319,314,291,26,18,307,310,288,21,314,303,208,74,324,284,271,177,311,303,290,80,304,301,280,52,321,322,303,186,307,301,141,25,296,25,45,42
21,317,303,253,152,309,325,319,63,296,298,291,78,291,284,33,23,298,303,213,38,302,307,258,117,298,277,285,21,296,283,220,160,302,288,271,72,314,286,274,64,335,353,353,275,292,281,297,292,305,295,266,243,296,285,170,109,321,322,331,319,314,291,26,18,307,310,288,21,314,303,208,74,324,284,271,177,311,303,291,83,304,301,281,59,321,322,305,190,308,302,145,25,297,25,45,42
21.25,317,303,254,152,309,325,319,63,296,298,291,78,291,284,33,23,298,303,213,38,302,307,258,117,298,277,285,21,296,283,220,161,302,288,272,72,314,286,274,67,335,353,353,275,292,281,297,292,305,295,266,243,298,288,170,109,321,322,331,319,314,291,26,18,307,310,288,21,314,303,208,74,324,284,271,177,311,303,291,84,304,301,281,63,321,322,306,194,308,302,149,25,297,25,45,42
21.5,317,303,254,152,309,327,320,63,296,298,291,78,291,284,33,23,298,303,217,38,302,307,261,117,298,277,285,21,296,283,220,163,302,288,272,72,314,286,275,71,335,353,353,275,292,282,297,292,305,295,266,243,300,289,170,109,321,322,331,319,314,291,26,18,307,310,288,21,314,304,211,74,324,284,271,177,311,303,291,87,304,301,281,69,321,322,309,196,308,302,152,25,298,25,45,42
21.75,317,303,256,152,309,327,322,63,296,298,291,78,291,284,33,23,298,303,217,38,302,307,261,117,298,277,285,21,296,283,221,163,303,288,272,72,314,286,275,74,335,353,353,275,292,282,297,292,305,295,267,243,300,290,172,109,321,322,331,319,314,291,26,18,307,310,288,21,314,304,212,74,324,284,271,177,311,303,292,89,304,301,281,76,321,322,310,199,308,302,156,25,298,25,45,42
22,317,303,256,152,309,327,324,63,296,298,291,78,291,284,33,23,298,303,219,38,302,307,262,117,298,277,285,21,296,284,222,164,303,288,272,72,314,286,275,78,335,353,353,275,292,282,297,292,305,295,267,245,301,294,173,109,321,322,331,319,314,291,26,18,307,310,288,21,314,304,214,74,324,284,271,177,311,303,293,89,304,301,281,89,321,323,310,204,308,302,161,25,298,25,45,42
22.25,317,303,260,152,310,328,324,63,296,298,291,78,291,284,33,24,298,303,224,53,303,307,265,117,298,277,285,21,296,285,225,169,303,288,272,72,314,286,275,82,335,353,353,275,293,283,297,293,305,295,267,248,303,294,179,113,322,323,331,320,314,291,26,18,307,310,289,21,314,304,222,74,324,284,271,178,311,305,294,114,305,301,285,109,321,323,310,204,308,305,174,34,300,26,45,42
22.5,317,303,260,152,310,328,327,63,296,298,291,78,291,284,33,24,298,303,224,53,303,307,265,117,298,277,285,21,296,285,226,169,303,288,272,72,314,286,275,86,335,353,353,275,293,283,297,293,305,295,267,248,303,296,179,113,322,323,331,320,314,291,26,18,307,311,289,21,314,304,222,74,324,284,271,178,311,305,294,114,305,301,285,117,321,323,310,208,308,305,174,34,300,26,45,42
22.75,317,303,262,152,312,329,328,63,296,298,291,78,291,284,33,24,298,303,228,53,303,307,266,117,298,279,285,21,296,286,227,169,303,288,272,72,314,288,280,92,336,353,353,275,293,283,297,293,305,295,269,248,304,299,182,116,322,323,331,320,314,291,26,18,307,311,290,21,314,304,222,74,324,284,271,182,312,305,294,114,305,301,285,133,321,323,312,215,309,305,176,34,300,26,45,42
23,317,303,262,152,312,329,329,63,296,298,291,78,291,284,33,24,298,303,231,53,303,307,266,117,298,279,286,21,296,286,228,169,303,288,272,72,314,288,280,97,336,353,354,275,293,283,297,295,305,295,270,248,306,299,183,116,322,323,331,320,314,291,26,18,307,311,291,21,314,304,224,74,324,284,271,182,312,305,295,133,306,301,287,155,321,323,312,215,309,305,185,34,300,27,47,42
23.25,317,303,264,152,313,331,331,63,296,298,291,78,291,286,33,24,298,304,233,53,303,308,266,117,298,280,286,21,296,289,231,169,303,289,273,72,314,288,280,101,336,353,354,275,293,283,297,295,306,297,271,248,306,301,187,118,322,323,331,320,314,292,26,20,308,311,291,21,315,304,224,74,324,284,271,185,312,305,295,133,306,303,287,175,321,324,314,219,309,305,185,34,300,27,47,42
23.5,317,303,266,152,313,331,331,63,296,298,291,78,291,286,33,24,298,304,233,53,303,308,267,117,298,280,286,21,296,289,231,169,303,289,273,72,314,288,280,103,336,353,354,275,293,283,297,295,306,297,271,248,306,303,187,118,322,323,331,320,314,292,26,20,308,311,291,21,315,304,224,74,324,284,271,185,312,305,295,133,306,303,287,190,321,324,315,222,309,305,185,34,300,27,47,42
23.75,317,303,266,152,313,332,334,63,296,298,291,78,291,286,33,24,298,304,235,53,303,308,269,117,298,280,286,21,296,289,233,169,303,289,273,72,314,289,283,108,336,353,354,275,293,283,297,295,306,297,271,248,309,304,188,118,322,323,331,320,314,292,26,20,308,311,291,21,315,304,226,74,324,284,271,185,312,305,295,133,306,303,287,207,321,324,316,225,309,305,191,34,300,27,47,42
24,317,303,266,152,313,332,334,63,296,298,291,78,291,286,33,24,298,304,236,53,303,308,269,117,298,280,286,21,296,289,233,172,303,289,273,72,314,289,283,108,336,353,354,275,293,283,297,295,306,297,271,248,309,304,189,120,322,323,331,320,314,292,26,20,308,311,291,21,315,304,227,74,324,284,271,185,312,305,295,136,306,303,287,222,321,324,316,225,309,305,196,34,300,27,47,42
24.25,317,303,266,152,313,332,334,63,296,298,292,78,291,286,33,24,298,304,240,53,303,308,269,117,298,280,286,21,296,289,234,172,303,289,273,72,314,289,283,116,336,353,354,275,293,283,297,296,306,297,271,249,310,304,191,123,322,323,331,320,314,292,26,20,308,311,291,21,315,304,229,74,324,284,271,185,312,305,296,146,306,303,287,233,321,324,316,228,310,305,200,34,300,27,47,42
24.5,317,303,268,152,313,332,335,63,296,298,292,78,292,286,33,24,298,304,242,53,303,308,269,117,298,280,286,21,296,289,235,172,303,289,273,72,314,289,283,119,336,353,354,275,293,283,297,296,306,297,272,249,310,307,191,123,322,323,331,320,314,292,26,20,308,311,291,21,315,304,229,74,324,284,271,187,312,305,296,146,306,303,287,241,321,324,316,233,310,305,200,34,300,27,47,42
24.75,317,303,269,152,313,334,339,63,297,298,293,78,292,286,33,24,298,305,243,53,303,308,273,117,298,280,287,21,296,289,240,174,303,289,273,72,314,289,283,127,336,353,354,275,293,283,297,296,307,298,272,249,310,309,196,123,322,323,331,320,314,292,26,20,308,311,292,21,315,304,232,74,324,286,271,187,313,306,297,146,307,303,287,253,321,324,317,235,310,305,205,34,301,27,47,42
25,317,303,271,152,313,335,340,63,297,298,293,78,294,286,33,24,299,305,245,53,304,308,273,117,298,280,288,21,296,290,240,174,303,290,273,72,315,291,284,133,336,353,354,275,293,283,297,296,307,298,273,250,311,310,199,124,322,323,331,320,314,292,26,20,309,311,292,21,315,304,232,74,324,286,271,190,314,306,297,146,307,304,287,260,321,324,317,238,311,305,209,34,301,27,47,42
25.25,318,305,274,156,315,336,342,63,297,299,293,78,294,287,34,25,299,305,250,53,304,308,273,120,298,280,288,21,297,291,240,174,304,291,274,76,316,291,285,139,337,355,354,278,294,283,298,299,307,300,274,252,311,312,203,131,322,323,331,320,315,292,28,20,309,312,292,21,316,305,234,74,324,286,273,192,314,307,298,146,307,304,287,265,322,324,318,242,311,305,213,34,301,27,47,42
25.5,318,305,274,156,315,336,342,63,297,299,293,78,294,287,34,25,299,305,250,53,304,309,273,120,298,280,288,21,297,291,240,178,304,291,274,76,316,291,285,146,337,355,354,278,294,283,298,299,307,300,274,252,311,312,203,131,322,323,331,320,315,292,28,20,309,312,292,21,316,305,235,74,324,286,273,192,314,307,298,146,307,304,287,272,322,325,318,244,311,306,216,34,301,27,47,42
25.75,318,305,274,156,316,336,344,63,297,299,293,78,294,287,34,25,299,305,251,53,304,309,273,120,298,280,288,21,297,291,242,178,304,291,274,76,316,292,285,154,337,355,354,278,294,283,298,299,308,300,275,252,311,312,205,131,322,323,331,320,315,292,28,20,309,312,292,21,316,306,236,74,324,287,273,193,314,308,298,146,307,304,287,276,322,326,319,247,311,306,219,34,301,27,47,42
26,318,305,274,156,316,338,345,63,297,299,293,78,294,287,34,25,299,306,253,53,304,309,274,120,299,280,288,21,297,291,244,178,304,291,274,76,316,292,285,158,337,355,354,278,294,283,298,299,308,301,275,253,312,312,206,131,322,323,331,320,315,292,28,20,310,314,292,21,316,306,238,74,324,287,273,193,314,308,298,146,307,304,287,281,322,326,319,250,312,306,222,34,301,27,47,42
26.25,318,305,276,156,316,338,346,63,297,299,293,78,294,287,34,25,300,306,253,53,304,309,274,120,299,280,288,21,297,291,244,178,304,291,274,76,316,293,285,164,337,355,354,278,294,283,298,299,308,301,276,253,312,314,207,131,322,323,331,320,315,292,28,20,310,314,292,21,316,306,238,74,324,287,273,193,314,308,298,146,307,304,287,284,324,326,319,251,312,306,223,34,301,27,47,42
26.5,318,305,276,156,316,338,346,63,297,299,293,78,294,287,34,25,300,306,255,53,304,309,274,120,299,280,288,21,297,292,244,178,305,291,274,76,316,293,285,169,337,355,354,278,294,284,298,299,308,301,276,253,312,314,210,132,322,323,331,320,315,292,28,20,310,314,293,21,317,306,238,74,324,287,273,195,314,308,300,155,307,305,287,288,324,326,319,252,312,306,227,34,301,27,47,42
26.75,318,305,276,156,317,338,346,63,297,299,293,78,294,287,34,25,300,306,255,53,304,309,274,120,299,280,288,21,297,292,244,179,305,291,274,76,316,293,285,172,337,355,355,278,294,284,298,299,308,301,276,253,313,314,211,132,322,323,331,320,315,292,28,20,310,314,293,21,317,306,239,74,324,287,273,195,314,308,300,166,307,305,287,288,324,326,319,253,312,306,230,34,301,27,47,42
27,318,305,277,156,317,339,348,63,297,299,293,78,294,287,34,25,300,306,255,53,304,309,276,120,299,280,288,21,297,292,246,180,305,291,274,76,316,293,286,177,337,355,355,278,294,284,298,299,308,301,276,253,313,314,211,132,322,323,331,320,315,292,28,20,310,314,293,21,317,306,240,74,324,287,273,195,314,308,300,166,307,305,287,292,324,326,319,256,312,306,232,34,301,27,47,42
27.25,318,305,278,156,317,340,349,63,297,299,293,78,294,288,36,25,300,306,259,53,304,309,276,120,299,280,288,21,297,292,248,180,305,291,274,76,316,293,286,185,339,355,355,278,294,284,298,299,308,301,278,253,313,316,216,134,322,323,331,320,315,292,28,20,310,314,293,21,317,306,242,74,324,287,273,196,314,308,300,166,307,305,287,293,324,328,320,257,312,306,236,34,301,27,47,42
27.5,318,305,278,156,317,340,349,63,297,299,293,78,294,288,36,25,300,306,259,53,304,310,276,120,299,280,289,21,298,292,248,183,305,291,274,76,316,293,286,191,339,355,355,278,294,284,298,299,308,301,278,256,314,316,217,134,322,323,331,320,315,292,28,20,310,314,293,21,317,306,242,74,324,287,273,196,314,308,300,166,308,305,287,295,324,328,321,259,312,306,237,34,302,27,47,42
27.75,318,305,278,156,319,342,349,63,297,299,293,78,294,288,36,25,300,306,260,53,304,310,276,120,299,280,289,21,298,292,250,183,306,291,274,76,316,293,286,195,339,355,355,278,295,284,298,299,308,301,278,256,314,316,220,135,323,323,331,320,315,292,28,20,310,314,293,21,317,306,244,74,324,287,273,201,315,308,300,166,308,305,287,295,324,328,321,261,312,307,240,34,302,27,47,42
28,318,305,278,156,319,342,349,63,297,299,293,78,294,288,36,25,300,306,260,53,304,310,276,120,299,280,289,21,298,292,250,183,306,291,274,76,316,293,286,198,339,355,355,278,295,284,298,299,308,301,278,256,314,316,220,135,323,323,331,320,315,292,28,20,310,314,293,21,317,306,244,74,324,287,273,201,315,308,300,166,308,305,287,298,324,328,321,262,312,307,240,34,302,27,47,42
28.25,318,305,278,156,319,342,349,63,297,299,293,78,294,288,36,25,300,306,260,53,304,310,276,120,299,280,289,21,298,292,250,183,306,291,274,76,316,293,287,202,339,355,355,278,295,284,298,299,308,301,278,256,314,316,222,135,323,323,331,320,315,292,28,20,310,314,293,21,317,306,244,74,324,287,273,201,315,308,300,166,308,305,287,300,324,328,321,263,312,307,242,34,302,27,47,42
28.5,318,305,278,156,319,342,351,63,297,299,293,78,294,288,36,25,300,306,261,53,304,310,277,120,299,280,289,21,298,292,251,184,306,291,274,76,316,293,287,205,339,355,355,278,295,284,298,299,308,301,278,256,314,316,225,135,323,323,331,320,315,292,28,20,310,314,293,21,317,306,244,74,324,287,273,201,315,308,300,166,308,305,288,300,324,328,321,266,312,307,244,34,302,27,47,42
28.75,318,305,279,156,319,343,351,63,297,299,293,78,294,288,36,25,300,306,264,53,304,310,277,120,299,280,289,21,299,295,251,184,306,291,274,76,316,293,288,211,339,355,355,278,295,284,298,299,308,302,281,256,314,316,225,136,323,323,331,320,315,292,28,20,311,314,293,21,317,306,246,74,324,287,273,202,315,308,300,166,308,306,288,302,324,328,322,268,313,307,248,34,302,27,47,42
29,318,305,280,156,319,343,351,63,297,299,293,78,294,288,36,25,300,306,264,53,304,310,277,120,299,280,289,21,299,295,252,184,306,291,274,76,316,293,288,216,339,355,355,278,295,284,298,299,308,302,281,256,314,316,227,137,323,323,331,320,315,292,28,20,311,314,293,21,317,306,246,74,324,287,273,202,315,308,300,166,308,306,288,302,324,328,323,269,313,307,248,34,302,27,47,42
29.25,318,305,280,156,319,343,352,63,297,299,293,78,294,288,36,25,300,306,264,53,304,310,277,120,299,280,289,21,299,295,253,184,306,292,274,76,316,294,288,220,339,355,355,278,295,284,298,299,308,302,281,256,314,316,229,137,323,323,331,320,315,292,28,20,311,314,293,21,317,306,246,74,324,287,273,202,315,308,300,166,308,306,288,303,324,328,323,271,313,307,249,34,302,27,47,42
29.5,318,305,280,156,319,344,352,63,297,299,293,78,294,288,36,25,300,306,265,53,304,310,279,120,299,280,289,21,299,295,255,185,306,292,274,76,316,294,288,223,339,355,355,278,295,284,298,299,308,304,281,256,314,316,231,138,323,323,331,320,315,292,28,20,311,314,293,21,317,306,246,74,324,287,273,203,315,308,300,169,308,306,288,304,324,328,323,271,313,307,250,34,302,27,47,42
29.75,318,305,280,156,320,345,353,63,297,299,293,78,294,288,36,25,300,307,268,53,304,310,279,120,299,280,289,21,299,295,255,185,306,292,274,76,316,294,288,228,339,355,355,278,296,284,298,300,308,304,281,256,314,316,233,140,323,323,331,320,315,292,28,20,311,314,293,21,317,306,248,74,324,287,273,203,315,308,303,191,308,306,290,304,324,328,323,273,313,308,255,34,303,27,47,42
30,318,305,280,156,320,345,353,63,297,299,293,78,294,288,36,25,300,307,268,53,304,310,279,120,299,281,289,21,299,295,255,185,306,292,274,76,316,294,288,231,339,355,355,278,296,284,298,300,308,304,281,256,314,316,236,140,323,323,331,320,315,292,28,20,311,314,293,21,317,306,248,74,324,287,273,206,315,309,303,191,308,306,290,306,324,328,323,275,313,308,256,34,303,27,47,42
30.25,318,305,282,156,320,345,353,63,297,299,293,78,294,288,36,25,300,307,268,53,304,310,279,120,299,281,290,21,299,295,256,185,306,292,274,76,316,294,290,236,339,355,355,278,296,284,298,300,308,304,283,256,314,316,237,141,323,323,331,320,315,293,28,20,312,314,293,21,317,306,248,74,324,287,273,208,315,309,303,191,309,306,290,306,324,328,323,276,313,308,256,34,303,27,47,42
30.5,318,305,282,156,321,345,353,63,297,299,294,78,294,288,36,25,300,307,269,53,304,310,279,120,299,281,290,21,299,295,256,186,306,292,274,76,316,294,290,237,339,355,355,278,296,284,298,300,308,304,283,256,314,316,238,142,323,323,331,320,315,293,28,20,312,314,293,21,317,306,250,74,324,287,273,208,315,309,303,191,309,306,290,308,324,328,325,278,313,308,259,34,303,27,47,42
30.75,318,305,284,156,321,347,353,63,298,299,294,78,294,288,36,25,300,307,271,53,304,310,281,121,299,281,290,21,299,295,258,196,307,292,275,76,316,294,290,240,339,355,355,278,296,285,298,300,308,304,283,258,314,316,243,143,323,325,331,321,315,293,28,20,312,314,296,22,317,306,257,74,324,287,273,209,315,311,305,199,311,306,292,308,324,328,325,279,313,311,268,46,306,35,56,50
31,318,305,284,156,321,347,354,63,299,299,294,78,294,288,36,25,300,307,271,53,304,310,281,121,299,281,290,21,299,295,259,196,307,292,276,76,316,294,290,244,339,355,355,278,296,285,298,300,308,304,283,258,314,316,243,143,323,325,331,321,315,293,28,20,312,314,296,22,317,306,257,74,324,287,273,209,315,311,305,199,311,306,292,309,324,328,325,281,313,311,268,46,306,35,56,50
31.25,318,305,284,156,321,347,355,63,299,299,294,78,294,288,36,25,300,307,272,53,304,310,281,121,299,281,290,21,299,295,259,196,307,292,276,76,316,295,290,247,339,355,355,278,296,285,298,300,308,304,283,258,314,316,245,143,323,325,331,321,315,293,28,20,312,314,296,22,317,306,257,74,324,287,273,210,315,311,305,199,311,306,292,309,324,328,326,282,313,311,268,46,306,35,56,50
31.5,318,305,284,156,321,348,355,63,299,300,294,78,294,288,36,25,300,307,272,53,305,310,281,121,299,281,290,21,299,295,259,196,307,293,276,76,316,295,290,250,339,355,355,278,296,285,298,300,308,304,284,258,314,316,246,143,323,325,331,321,315,293,28,20,312,314,296,22,317,307,257,74,324,287,273,211,315,311,305,199,311,306,292,309,324,328,326,285,313,311,268,46,306,35,56,50
31.75,318,305,284,156,323,348,355,63,299,300,294,78,294,288,36,25,300,307,273,53,305,310,281,121,299,281,290,21,299,296,259,196,307,293,276,76,316,295,290,253,339,355,355,278,296,285,299,300,308,304,284,258,314,316,248,145,323,325,331,321,315,293,30,20,312,314,296,22,318,307,257,74,324,287,273,212,315,311,305,199,311,306,292,311,324,329,326,285,313,311,268,46,306,35,56,50
32,318,305,284,156,323,348,356,63,299,300,294,78,294,288,36,25,301,307,273,53,305,310,281,121,299,281,290,21,299,296,261,196,307,293,276,76,316,295,290,256,339,355,355,278,296,285,299,300,308,304,284,258,314,317,250,145,323,325,331,321,315,293,31,20,312,314,296,22,318,307,257,74,324,287,273,214,316,311,305,199,311,306,292,311,324,330,327,288,313,311,268,46,306,35,56,50
32.25,318,305,284,156,324,348,356,63,299,300,294,78,294,288,36,25,301,307,273,53,305,310,281,121,299,281,290,21,299,296,261,196,307,293,276,76,316,295,291,256,339,355,355,278,296,285,299,300,308,304,285,258,314,317,251,145,323,325,331,321,315,293,31,20,312,314,296,22,318,307,257,74,324,287,273,214,316,311,305,199,311,306,292,311,324,330,327,288,313,311,268,46,306,35,56,50
32.5,318,305,284,156,324,348,356,63,299,300,294,78,294,288,36,25,301,307,274,53,305,310,281,121,299,281,290,21,299,296,261,196,307,293,276,77,316,295,291,259,339,355,355,278,296,285,299,301,308,304,285,258,314,317,253,146,323,325,331,321,315,293,31,20,312,314,296,22,318,307,257,74,324,287,273,214,316,311,305,199,311,306,292,311,324,330,327,289,313,311,268,46,306,35,56,50
32.75,318,305,284,156,324,349,356,63,299,300,294,78,294,288,36,25,301,307,274,53,305,310,281,121,299,283,290,21,299,296,261,196,307,293,276,77,317,296,292,262,339,355,355,278,296,285,299,301,308,305,288,258,314,317,254,146,323,325,331,321,315,293,37,20,312,314,296,22,318,307,257,74,324,288,273,218,316,311,305,199,311,306,292,311,324,330,327,292,313,311,269,46,306,35,56,50
33,318,305,284,156,324,349,357,63,299,300,294,78,294,288,36,25,301,307,277,53,305,311,281,121,299,283,290,21,299,296,263,196,307,293,276,82,317,296,292,263,339,355,355,278,296,285,299,301,308,305,288,258,314,317,255,146,323,325,331,321,315,293,37,20,312,314,296,23,318,307,257,74,324,288,273,218,316,311,305,209,311,307,292,311,324,330,327,292,314,311,272,46,306,35,56,50
33.25,318,305,285,156,324,350,357,63,299,300,294,78,294,289,36,25,301,307,277,57,305,311,283,124,299,283,290,21,300,296,263,201,307,293,276,83,317,296,292,264,339,355,356,280,298,287,299,301,308,305,288,261,314,317,258,149,323,325,331,321,315,293,37,20,312,314,296,24,318,307,259,74,324,288,273,220,316,311,306,215,312,307,293,311,324,330,327,292,314,313,277,53,307,36,62,54
33.5,318,305,285,156,324,350,357,63,299,300,294,78,294,289,36,25,301,307,277,57,305,311,283,124,299,283,290,21,300,296,263,201,307,293,276,83,317,296,292,264,339,355,356,280,298,287,299,301,308,305,288,261,314,317,258,149,323,325,331,321,315,293,37,20,312,314,296,24,318,307,259,74,324,288,273,220,316,311,306,215,312,307,293,311,324,330,327,293,314,313,277,53,307,36,62,54
33.75,318,305,285,156,324,350,357,63,299,300,294,78,294,289,36,25,301,309,277,57,305,311,283,124,299,283,291,21,300,296,263,201,307,293,276,84,317,296,292,267,341,355,356,280,298,287,299,301,308,305,289,261,314,317,260,149,323,325,331,321,315,293,37,20,312,314,296,24,318,307,259,74,324,288,273,220,316,312,306,215,312,307,293,311,324,330,327,294,314,313,277,53,307,36,62,54
34,318,305,285,156,324,350,357,63,299,300,294,78,294,289,36,25,301,309,277,57,305,311,283,124,299,283,291,21,300,296,264,201,307,293,276,84,317,296,292,268,341,355,356,280,298,287,299,301,308,305,289,261,314,317,261,149,323,325,331,321,315,293,37,20,312,314,296,24,318,307,259,74,324,288,273,220,316,312,306,215,312,307,293,311,324,330,327,296,314,313,277,53,307,36,62,54
34.25,318,305,285,156,325,350,357,63,299,300,295,78,294,289,36,25,301,309,278,57,305,311,283,124,299,283,292,21,300,296,264,201,307,293,276,90,317,296,293,271,341,356,356,280,298,287,299,302,308,305,289,261,314,317,263,149,323,325,331,321,315,293,39,20,312,314,296,25,318,307,259,74,324,288,273,222,316,312,306,222,312,307,293,311,324,330,327,296,314,313,277,53,307,36,62,54
34.5,318,305,285,159,327,351,357,63,301,302,295,78,294,289,36,25,301,309,279,57,306,312,283,124,299,284,294,21,300,298,266,201,307,293,276,90,317,296,293,271,341,356,356,280,298,287,300,303,308,306,289,261,314,317,266,152,323,325,331,321,315,293,41,20,312,314,296,25,318,307,259,74,324,288,273,225,316,312,306,222,312,307,293,312,324,330,328,299,314,313,277,53,307,36,62,54
34.75,318,305,285,159,327,351,357,63,301,302,295,78,294,289,36,25,301,309,279,57,306,312,283,124,299,284,294,21,300,298,266,201,307,293,276,90,317,296,293,271,341,356,356,280,298,287,300,303,308,306,289,261,314,317,266,152,323,325,331,321,315,294,41,20,312,315,296,25,318,307,259,74,324,288,273,225,316,312,306,222,312,307,293,312,324,330,328,299,314,313,277,53,307,36,62,54
35,318,305,285,159,327,351,357,63,301,302,295,78,294,289,36,25,301,309,279,57,306,312,283,124,299,284,294,21,300,298,266,202,307,293,276,90,317,296,293,272,341,356,356,280,298,287,300,303,308,306,289,261,314,317,267,152,323,325,331,321,315,294,41,20,312,315,296,25,318,307,259,74,324,288,273,225,316,312,306,222,312,307,293,313,324,330,328,299,314,313,278,53,307,36,62,54
35.25,318,305,285,159,327,352,358,63,301,302,295,78,294,289,36,25,301,309,279,57,306,312,283,124,299,284,294,21,300,298,266,202,307,293,276,90,317,296,293,274,341,356,356,280,298,287,300,303,308,306,289,261,314,317,269,152,323,325,331,321,315,294,41,20,312,315,296,25,318,307,259,74,324,288,273,226,316,312,306,222,312,307,293,313,324,330,328,299,314,313,278,53,307,36,62,54
35.5,318,305,285,159,327,352,358,63,301,302,295,78,294,289,36,25,301,309,279,57,306,312,283,124,299,284,294,21,300,298,266,202,307,293,276,91,317,297,293,276,341,356,356,280,298,287,300,303,308,306,289,261,314,317,270,152,323,325,331,321,315,294,47,20,313,315,296,25,318,307,259,74,324,288,273,228,316,312,306,222,312,307,293,313,324,331,329,301,314,313,278,53,307,36,62,54
35.75,318,305,285,159,328,353,358,63,301,302,295,78,294,289,36,25,303,309,279,57,306,312,283,124,299,284,294,21,301,298,267,202,307,293,276,98,317,297,293,278,341,356,356,280,298,287,300,303,308,306,290,261,314,317,272,152,323,325,331,321,315,294,47,20,313,315,296,25,318,307,259,74,324,288,273,228,316,312,307,225,312,307,293,313,324,331,329,301,314,313,280,53,307,36,62,54
36,318,305,285,159,328,353,358,63,301,302,295,78,294,289,36,25,303,309,279,57,306,312,283,124,299,284,294,21,301,298,267,202,307,293,276,100,317,297,293,278,341,356,356,280,298,287,300,303,308,306,290,261,314,317,273,152,323,325,331,321,315,294,47,20,313,315,296,25,318,307,259,74,324,288,273,228,316,312,307,225,312,307,293,313,324,331,329,303,314,313,280,53,307,36,62,54
36.25,318,305,286,159,328,353,358,63,301,302,295,78,294,289,36,25,303,309,279,57,306,312,283,124,299,284,294,21,301,298,267,202,307,293,276,100,317,297,294,278,341,356,356,280,298,287,300,303,308,306,290,261,314,317,273,152,323,325,331,321,315,294,47,20,313,315,296,25,318,307,259,74,324,288,273,228,316,312,307,225,312,307,293,313,324,331,330,304,314,313,280,53,307,36,62,54
36.5,318,305,286,159,328,353,358,63,301,302,295,78,294,289,36,25,303,309,279,57,306,312,283,124,299,284,294,21,301,298,267,202,307,293,276,100,317,297,294,279,341,356,356,280,298,287,300,303,308,306,290,261,314,317,276,152,323,325,331,321,315,294,47,20,313,315,296,25,318,307,259,74,324,288,273,228,316,312,307,226,313,307,293,313,324,331,330,304,314,313,280,53,307,36,62,54
36.75,318,305,286,159,328,353,358,63,301,302,295,78,294,289,36,25,303,309,279,57,306,312,283,124,299,284,294,21,301,298,268,202,307,293,276,100,317,297,294,280,341,356,356,280,298,287,300,303,308,306,291,261,314,317,278,152,323,325,331,321,315,294,47,20,313,315,296,25,318,307,259,74,324,288,273,229,316,312,307,226,313,307,293,313,324,331,330,305,314,313,280,53,307,36,62,54
37,318,305,286,159,328,353,358,63,301,302,295,78,294,289,36,25,303,309,280,57,306,312,283,124,299,284,294,21,301,300,268,202,307,293,276,106,317,297,294,282,341,356,356,280,298,287,300,303,308,306,292,261,314,317,280,153,323,325,331,321,315,294,55,20,314,315,296,25,318,307,259,74,324,288,273,231,316,312,307,237,313,307,293,313,324,331,330,305,314,313,281,53,307,36,62,54
37.25,318,305,286,159,328,353,358,63,301,302,295,78,295,289,36,25,303,310,281,57,306,312,283,124,299,284,294,21,302,300,268,202,307,293,276,106,317,297,294,282,341,356,356,280,298,287,300,303,308,306,293,261,314,317,280,153,323,325,331,321,315,294,58,20,314,315,296,25,318,307,259,74,324,288,273,234,317,312,307,237,313,308,293,313,324,331,330,306,314,313,281,53,307,36,62,54
37.5,318,305,286,159,328,353,358,63,301,302,295,78,295,289,36,25,303,310,281,57,306,312,284,124,300,284,294,21,302,300,268,202,307,293,276,106,317,297,294,283,342,356,356,280,298,287,300,303,308,306,293,261,314,317,281,153,323,325,331,321,315,294,60,20,314,315,296,25,318,307,259,74,324,288,273,234,317,312,307,237,313,308,293,313,324,331,330,309,314,313,281,53,307,36,62,54
37.75,318,305,286,159,328,354,358,63,301,302,295,78,295,289,36,25,303,310,281,57,306,312,285,124,300,284,294,21,302,300,270,202,307,293,276,107,317,297,294,283,342,356,356,280,298,287,300,303,308,307,293,261,314,317,283,153,323,325,331,321,315,294,60,20,314,315,296,25,319,307,259,74,324,288,273,234,317,313,307,237,313,308,293,314,324,331,331,309,314,313,281,53,307,36,62,54
38,318,305,286,159,329,354,358,63,301,302,295,78,295,289,36,25,303,310,281,57,306,312,285,124,300,284,294,21,302,300,270,202,307,293,276,109,317,297,294,283,342,356,356,280,298,287,300,303,308,307,293,261,314,317,284,154,323,325,331,321,315,294,69,20,314,315,296,25,319,307,259,74,324,288,273,237,317,313,307,237,313,308,293,314,324,331,331,309,314,313,281,53,307,36,62,54
38.25,318,305,286,159,329,354,358,63,301,302,295,78,295,289,36,25,303,310,281,57,306,312,285,124,300,284,294,21,302,300,270,202,307,293,276,109,317,297,294,284,342,356,356,280,298,287,300,303,308,307,294,261,314,317,285,154,323,325,331,321,315,294,69,20,314,315,296,25,319,307,259,74,324,288,273,237,317,313,307,237,313,308,293,314,324,331,331,309,314,313,282,53,307,36,62,54
38.5,318,305,286,159,329,354,358,63,301,302,295,78,295,289,36,25,303,310,281,57,306,312,285,124,300,284,294,21,302,300,270,202,307,293,276,109,317,297,294,284,342,356,356,280,298,287,300,303,308,307,294,261,314,317,285,154,323,325,331,321,315,294,69,20,314,316,296,25,319,307,259,74,324,288,273,237,317,313,307,237,313,308,293,314,324,331,331,309,314,313,282,53,307,36,62,54
38.75,318,306,286,159,329,354,358,63,301,302,295,78,295,289,36,25,303,310,281,57,306,312,285,124,300,284,294,21,302,300,271,205,307,293,276,109,317,297,294,286,342,356,356,280,298,287,300,303,308,307,294,261,314,317,285,154,323,325,331,321,315,294,69,20,314,316,296,25,319,307,259,74,324,288,273,237,317,314,307,237,313,308,293,314,324,331,331,310,314,313,282,53,307,36,62,54
39,318,306,287,159,331,354,358,63,301,302,295,78,295,289,36,25,303,310,282,57,306,312,285,124,300,285,294,21,302,300,271,205,307,293,276,112,317,298,295,286,342,356,356,280,298,287,300,303,308,307,294,261,314,317,287,154,323,325,331,321,315,294,81,20,314,316,296,25,319,307,259,74,324,288,273,238,317,314,307,237,313,308,293,314,324,331,332,312,314,313,282,53,307,36,62,54
39.25,318,306,287,159,331,354,358,63,301,302,295,78,295,289,36,25,303,310,282,57,306,312,285,124,300,285,295,21,302,300,272,205,307,293,276,113,317,298,295,286,342,356,356,280,298,287,300,303,308,307,294,261,314,317,287,154,323,325,331,321,315,294,81,20,314,316,297,25,319,307,259,74,324,288,273,239,317,314,307,237,313,308,293,314,324,331,332,312,314,313,282,53,307,36,62,54
39.5,318,306,287,159,331,354,358,63,302,302,295,78,295,289,36,25,303,310,283,57,308,313,288,124,300,285,295,21,302,300,272,210,308,293,277,124,317,298,295,286,342,356,357,280,299,288,300,303,308,307,294,261,314,317,290,155,323,325,331,321,315,294,81,20,314,316,297,25,319,307,262,74,324,288,273,239,317,314,310,249,316,309,293,314,324,331,332,312,314,313,289,53,310,36,62,54
39.75,318,306,287,159,331,355,358,63,302,302,295,78,295,289,36,25,303,310,283,57,308,313,288,124,300,285,295,21,302,300,272,210,308,293,277,124,317,298,295,286,342,356,357,280,299,288,300,304,308,307,296,261,314,317,290,155,323,325,331,321,315,294,83,20,314,316,297,25,319,307,262,74,324,288,273,239,317,314,310,249,316,309,293,314,324,331,332,312,314,313,289,53,310,36,62,54
40,318,306,287,162,331,355,358,63,302,302,295,78,295,289,36,25,303,310,285,57,308,313,288,124,300,285,295,21,302,300,272,210,308,293,277,125,317,298,295,288,342,356,357,282,299,288,300,304,308,307,296,261,314,317,290,158,323,325,331,321,315,294,88,20,314,316,297,25,319,307,262,74,324,288,273,241,317,314,310,249,316,309,293,314,324,331,332,312,314,313,289,53,310,36,62,54
40.25,318,306,287,162,332,355,358,63,302,302,296,78,295,289,36,25,303,310,285,57,308,313,288,124,300,285,295,21,302,300,272,210,308,293,277,125,317,298,295,288,342,356,357,282,299,288,300,304,308,307,297,261,314,317,290,158,323,325,331,321,315,294,88,20,314,316,297,25,319,307,262,74,324,288,273,242,317,314,310,249,316,309,293,314,324,331,332,313,314,313,289,53,310,36,62,54
40.5,318,306,287,162,332,355,358,63,302,302,296,78,295,289,36,25,303,310,285,57,308,313,288,124,300,285,295,21,302,300,272,210,308,293,277,125,317,298,295,288,342,356,357,282,299,288,300,304,308,307,297,261,314,317,290,158,323,325,331,321,315,294,88,20,314,316,297,25,319,307,262,74,324,288,273,242,317,315,310,249,316,309,293,314,324,331,332,313,314,313,289,53,310,36,62,54
40.75,318,306,287,162,332,355,358,63,302,302,296,78,295,289,36,25,303,310,285,57,308,313,288,124,300,285,295,21,302,300,272,210,308,293,277,125,317,298,296,289,342,356,357,282,299,288,300,304,308,307,297,261,314,317,291,158,323,325,331,321,315,294,91,20,314,316,297,25,319,307,262,74,324,288,273,242,317,315,310,249,316,309,293,314,324,331,332,314,314,313,289,53,310,36,62,54
41,318,306,287,162,332,355,359,63,302,302,296,78,295,289,36,25,303,310,285,57,308,313,288,124,300,285,296,21,302,300,272,210,308,293,277,125,317,298,296,289,342,356,357,282,299,288,300,304,308,307,297,261,314,317,291,158,323,325,331,321,316,294,91,20,314,316,297,25,319,307,262,74,324,288,273,242,317,315,310,249,316,309,293,314,324,332,333,315,314,313,289,53,310,36,62,54
41.25,318,306,287,162,332,355,359,63,302,302,296,78,295,289,36,25,303,310,285,57,308,313,288,124,300,285,296,21,302,300,272,210,308,293,277,126,317,299,296,289,342,356,357,282,299,288,300,304,308,307,297,261,314,317,292,158,323,325,331,321,316,294,91,20,315,316,298,25,319,307,262,74,324,288,273,242,318,315,310,249,316,310,293,314,324,332,333,315,314,313,289,53,310,36,62,54
41.5,318,307,287,162,332,356,359,63,302,302,296,78,295,289,36,25,303,310,285,57,308,313,288,124,300,286,296,21,303,300,273,210,308,293,277,130,317,299,296,290,342,356,357,282,299,288,300,304,308,307,298,261,314,317,294,158,323,325,331,321,316,294,98,20,315,316,298,25,319,307,262,74,324,288,273,244,318,315,310,249,316,310,293,314,324,332,333,316,314,313,289,53,310,36,62,54
41.75,318,307,287,162,332,356,359,63,302,302,296,78,295,289,36,25,303,311,285,57,308,313,288,124,301,286,297,21,303,300,273,210,308,293,277,130,317,299,296,290,342,356,357,282,299,288,300,304,308,308,298,261,315,317,294,158,323,325,331,321,316,294,98,20,315,317,298,25,319,307,262,74,324,288,273,244,318,315,310,249,316,310,293,314,324,332,333,316,314,313,289,53,310,36,62,54
42,318,307,287,162,332,356,359,63,302,302,296,78,295,289,36,25,303,311,285,57,308,313,288,124,301,286,297,21,303,300,273,211,308,293,277,131,317,299,296,291,342,356,357,282,299,288,300,304,308,308,298,261,315,317,294,158,323,325,331,321,316,294,98,20,315,317,298,25,319,307,262,74,324,288,273,246,318,315,310,249,316,310,293,314,324,332,333,316,314,313,289,53,310,36,62,54
42.25,318,307,288,162,332,356,359,63,302,302,296,78,295,289,36,25,303,311,286,57,308,313,288,124,301,286,297,21,304,302,273,211,308,293,277,136,317,299,296,291,342,356,357,282,299,288,300,305,308,308,298,261,315,317,294,158,323,325,331,321,316,294,98,20,315,317,298,25,319,307,262,74,324,288,273,246,318,315,310,254,316,310,293,314,324,332,333,316,315,313,289,53,310,36,62,54
42.5,318,307,288,162,332,356,359,63,302,302,296,78,295,289,36,25,303,311,286,57,308,313,288,124,301,286,297,21,304,302,273,211,308,293,277,136,317,299,296,291,342,356,357,282,299,288,301,305,308,308,298,261,315,317,294,158,323,325,331,321,316,294,104,20,315,317,298,25,319,307,262,74,324,288,273,246,318,315,310,254,316,310,293,314,324,332,333,316,315,313,289,53,310,36,62,54
42.75,318,307,288,162,332,356,359,63,302,302,296,78,295,289,36,25,303,311,286,57,308,313,288,124,301,286,297,21,304,302,273,211,308,293,277,136,317,299,296,291,342,356,357,282,299,288,301,305,308,308,298,261,315,317,294,158,323,325,331,321,316,294,104,20,315,317,298,25,319,307,262,74,324,288,273,246,318,315,310,254,316,310,293,314,324,332,333,316,315,313,289,53,310,36,62,54
43,318,307,288,162,332,356,359,63,302,302,296,78,295,289,36,25,303,311,286,57,308,313,288,124,301,286,297,21,304,302,275,211,308,293,277,140,317,299,296,291,342,356,357,282,299,288,301,305,308,308,298,261,315,317,294,158,323,325,331,321,316,294,104,20,315,317,298,25,319,307,262,74,324,288,273,246,318,315,310,254,316,310,293,314,324,332,333,316,315,313,289,53,310,36,62,54
43.25,318,307,288,162,332,356,359,63,302,302,296,78,295,289,36,25,304,311,286,57,308,313,288,124,301,286,297,21,304,302,275,211,308,293,277,144,317,299,296,291,342,356,357,282,299,288,301,306,308,309,299,261,315,317,294,158,323,325,331,321,316,294,112,20,316,317,298,25,319,307,262,74,324,288,273,247,319,315,310,254,316,310,293,314,324,332,334,317,315,313,289,53,310,36,62,54
43.5,318,307,288,162,332,356,359,63,302,302,296,78,295,289,36,25,304,311,286,57,308,313,288,124,301,286,297,21,304,302,275,213,308,293,277,144,317,299,296,291,342,356,357,282,299,288,301,306,308,309,299,262,315,317,294,158,323,325,331,321,316,294,112,20,316,317,298,25,319,307,262,74,324,288,273,247,319,315,310,254,316,310,293,314,324,332,334,317,315,313,289,53,310,36,62,54
43.75,318,307,288,162,332,356,359,63,302,302,296,78,295,289,36,25,304,311,286,57,308,313,288,124,301,286,297,21,304,302,275,213,308,293,277,145,317,299,296,292,342,356,357,282,299,288,301,306,308,309,299,262,315,317,294,158,323,325,331,321,316,294,112,20,316,317,298,25,319,307,262,74,324,288,273,247,319,316,310,254,316,310,293,314,324,332,334,317,315,313,289,53,310,36,62,54
44,318,307,290,162,334,356,359,63,302,302,296,78,295,289,36,26,304,311,287,57,308,314,288,124,301,286,298,21,304,303,275,213,308,294,277,148,317,299,296,293,342,356,357,282,300,288,301,306,308,309,300,262,315,317,294,158,323,325,331,321,316,294,118,20,316,317,298,25,319,307,262,74,324,288,273,249,319,317,310,254,316,311,293,314,324,332,334,317,315,313,289,56,311,36,62,54
44.25,318,307,291,162,334,356,359,63,302,302,296,78,296,292,36,27,304,311,291,57,309,314,292,124,301,286,298,21,304,303,276,225,308,294,277,159,317,299,296,293,342,356,357,287,301,291,301,306,308,309,300,263,317,317,296,163,323,326,331,321,316,294,118,20,316,317,300,25,319,307,270,74,324,288,273,252,319,319,312,254,318,311,293,314,324,332,334,317,315,317,296,78,314,39,62,54
44.5,319,307,291,162,334,357,359,63,302,302,296,78,296,292,36,27,304,311,291,57,309,314,292,124,301,287,298,21,304,303,276,225,308,294,277,159,317,299,296,293,342,356,357,287,301,291,301,306,308,310,301,263,317,317,296,163,323,326,331,321,316,294,118,20,316,317,300,25,319,307,270,74,324,288,273,252,319,319,312,258,318,311,293,314,324,332,334,317,316,317,296,78,314,39,62,54
44.75,319,307,291,162,334,357,359,63,302,302,296,78,296,292,36,27,304,311,291,57,309,314,292,124,301,287,298,21,304,303,276,225,308,294,277,159,317,299,297,293,342,356,357,287,301,291,301,306,308,310,301,263,317,317,296,163,323,326,331,321,316,294,120,20,316,318,300,25,319,307,270,74,324,288,273,252,319,319,312,258,318,311,293,314,324,332,334,317,316,317,296,78,314,39,62,54
45,319,307,291,162,334,357,359,63,302,302,296,78,296,292,36,27,304,311,291,57,309,314,292,124,301,287,298,21,304,303,276,225,308,294,277,159,317,299,297,293,342,356,357,287,301,291,301,306,308,310,301,263,317,317,296,163,323,326,331,321,316,294,120,20,316,318,300,25,319,307,270,74,324,288,273,252,319,319,312,258,318,311,293,314,324,332,334,317,316,317,296,78,314,39,62,54
45.25,319,307,291,162,335,357,359,63,303,302,296,78,296,292,36,27,304,311,291,57,309,314,292,124,301,288,298,21,304,303,276,225,308,294,277,159,318,299,298,294,342,356,357,287,301,291,301,306,308,310,302,263,317,317,296,163,323,326,331,321,316,294,133,20,316,318,300,25,319,307,270,74,324,288,273,252,319,319,312,260,318,311,293,314,324,332,334,318,316,317,296,78,314,39,62,54
45.5,319,307,291,162,335,357,359,63,303,302,296,78,296,292,36,27,304,311,291,57,309,314,292,124,301,288,298,21,304,303,276,225,308,294,277,159,318,299,298,294,342,356,357,287,301,291,301,306,308,310,302,263,317,317,296,163,323,326,331,321,316,294,133,20,316,318,300,25,319,307,270,74,324,288,273,252,319,319,312,260,318,311,293,314,324,332,334,318,316,317,296,78,314,39,62,54
45.75,319,307,291,162,335,357,359,63,303,302,296,78,297,292,36,27,304,311,291,57,309,314,292,124,301,289,299,21,304,303,277,225,308,294,277,161,318,299,298,294,342,356,357,287,301,291,301,306,308,310,303,263,317,317,296,163,323,326,331,321,316,295,134,20,316,318,300,25,319,307,270,74,324,288,273,252,319,319,312,260,318,311,293,314,324,332,334,318,316,317,296,78,314,39,62,54
46,319,307,291,162,336,357,359,63,303,302,296,78,297,292,36,27,304,311,291,57,309,314,292,124,301,289,299,21,304,303,277,225,308,294,277,164,318,299,298,294,342,356,357,287,301,291,301,306,308,310,303,263,317,317,296,163,323,326,331,321,316,295,134,20,316,319,300,25,319,307,270,74,324,288,273,252,319,319,312,260,318,311,293,314,324,333,334,318,316,317,296,78,314,39,62,54
46.25,319,307,291,162,336,357,359,63,303,302,296,78,297,292,36,27,304,311,291,57,309,314,292,124,301,289,299,21,304,303,277,225,308,294,277,164,318,299,298,294,343,356,357,287,301,291,302,306,308,310,303,263,317,317,296,163,323,326,331,321,316,295,134,20,316,319,300,25,319,307,270,74,324,288,273,252,319,319,312,260,318,311,293,314,324,333,334,318,316,317,296,78,314,39,62,54
46.5,319,307,291,162,336,357,359,63,303,302,296,78,297,292,36,27,304,311,291,57,309,314,292,124,301,289,299,21,304,303,277,225,308,294,277,164,318,299,298,294,343,356,357,287,301,291,302,306,308,310,303,263,317,317,296,163,323,326,331,321,316,295,134,20,316,319,300,25,319,307,270,74,324,288,273,252,319,319,312,262,318,311,293,314,324,333,334,318,316,317,296,78,314,39,62,54
46.75,319,307,291,162,336,357,359,63,303,302,296,78,297,292,36,27,305,312,291,57,309,315,292,124,302,290,299,21,304,304,277,225,308,294,277,167,318,299,298,294,343,356,357,287,301,291,302,306,308,310,303,263,317,317,296,163,323,326,331,321,316,295,137,20,316,319,300,25,319,307,270,74,324,288,273,252,319,319,312,264,318,311,293,314,324,333,334,319,316,317,296,78,314,39,62,54
47,319,307,291,162,336,357,359,63,303,302,296,78,297,292,36,27,305,312,291,57,309,316,292,124,302,290,299,21,304,304,278,225,308,294,277,169,318,299,298,294,343,356,357,287,301,291,302,306,308,310,303,263,317,317,296,163,323,326,331,321,316,295,137,20,316,319,300,25,319,307,270,74,324,288,273,252,319,319,312,264,318,311,293,314,324,333,334,319,316,317,296,78,314,39,62,54
47.25,319,308,291,162,336,357,359,63,303,302,297,78,297,292,36,27,305,312,291,57,309,316,292,124,302,290,299,21,304,304,278,225,308,294,277,174,318,300,299,295,343,356,357,288,301,291,302,306,308,310,303,263,317,317,296,163,323,326,331,321,316,295,143,20,316,319,300,25,319,307,270,74,324,288,273,252,319,319,313,264,318,311,293,314,324,333,335,320,316,317,296,80,314,39,62,54
47.5,319,308,291,162,337,357,359,63,303,302,297,78,297,292,36,27,305,312,291,57,309,316,292,124,302,290,300,21,305,304,278,225,308,294,278,174,318,300,299,295,343,356,357,288,302,291,302,306,308,311,303,263,317,317,296,163,323,326,331,321,316,295,143,20,316,319,300,25,319,307,270,74,324,288,273,252,319,319,313,264,318,312,293,314,324,333,335,320,317,317,296,83,314,39,62,54
47.75,319,308,291,162,337,357,359,63,303,302,297,78,297,292,36,27,305,312,291,57,309,316,292,124,302,290,300,21,305,304,278,225,308,294,278,174,318,300,299,295,343,357,357,288,302,291,302,306,308,311,303,263,317,317,296,163,323,326,331,321,316,295,143,20,317,319,300,25,319,307,270,74,324,288,273,252,319,319,313,264,318,313,293,314,324,333,335,320,317,317,296,84,314,39,62,54
